
  EPA STORM WATER MANAGEMENT MODEL - VERSION 5.2 (Build 5.2.4)
  ------------------------------------------------------------

  Scenario Run :  BASE 
  WARNING 04: minimum elevation drop used for Conduit 106A-173/106A-166
  WARNING 04: minimum elevation drop used for Conduit 118A-002_CM_WETWELL
  WARNING 04: minimum elevation drop used for Conduit 134A-001_EP_WETWELL
  WARNING 04: minimum elevation drop used for Conduit 177A-015/177A-003
  WARNING 04: minimum elevation drop used for Conduit 330A-101/330A-147
  WARNING 04: minimum elevation drop used for Conduit 331A-100/331A-099
  WARNING 04: minimum elevation drop used for Conduit 334A-062/334A-061
  WARNING 04: minimum elevation drop used for Conduit 339A-002C_339A-002G
  WARNING 04: minimum elevation drop used for Conduit 339A-002F_339A-002H
  WARNING 04: minimum elevation drop used for Conduit 339A-002_OFALL_LA
  WARNING 04: minimum elevation drop used for Conduit 351A-001/172A-179
  WARNING 04: minimum elevation drop used for Conduit 351A-136/351A-112
  WARNING 04: minimum elevation drop used for Conduit 356A-032/356A-031
  WARNING 04: minimum elevation drop used for Conduit 366A-001/366A-343
  WARNING 04: minimum elevation drop used for Conduit 366A-291/366A-284
  WARNING 04: minimum elevation drop used for Conduit 369A-212/369A-211
  WARNING 04: minimum elevation drop used for Conduit 370A-001/370A-205
  WARNING 04: minimum elevation drop used for Conduit 371A-230B_371A-230D
  WARNING 04: minimum elevation drop used for Conduit 371A-230C_371A-230E
  WARNING 04: minimum elevation drop used for Conduit 371A-358B_371A-358E
  WARNING 04: minimum elevation drop used for Conduit 371A-358C_371A-358F
  WARNING 04: minimum elevation drop used for Conduit 371A-358D_371A-358G
  WARNING 04: minimum elevation drop used for Conduit 396A-020/396A-019
  WARNING 04: minimum elevation drop used for Conduit 398A-004/398A-003
  WARNING 04: minimum elevation drop used for Conduit BS_WETWELL_BS_OVERFLOWSTRUCT
  WARNING 04: minimum elevation drop used for Conduit PERRY-01_PERRY-04
  WARNING 04: minimum elevation drop used for Conduit PERRY-02_PERRY-05
  WARNING 04: minimum elevation drop used for Conduit PERRY-03_PERRY-06
  WARNING 02: maximum depth increased for Node 266A-VP12
  
  ****************
  Analysis Options
  ****************
  Flow Units ............... MGD
  Process Models:
    Rainfall/Runoff ........ YES
    RDII ................... YES
    Snowmelt ............... NO
    Groundwater ............ NO
    Flow Routing ........... YES
    Ponding Allowed ........ NO
    Water Quality .......... NO
  Infiltration Method ...... HORTON
  Flow Routing Method ...... DYNWAVE
  Surcharge Method ......... EXTRAN
  Starting Date ............ 01/01/2007 00:00:00
  Ending Date .............. 01/04/2007 23:00:00
  Antecedent Dry Days ...... 5.0
  Report Time Step ......... 00:05:00
  Wet Time Step ............ 00:05:00
  Dry Time Step ............ 00:05:00
  Routing Time Step ........ 30.00 sec
  Variable Time Step ....... YES
  Maximum Trials ........... 8
  Number of Threads ........ 1
  Head Tolerance ........... 0.001000 ft
  
  
  **********************           Volume        Volume
  Rainfall Dependent I/I        acre-feet      10^6 gal
  **********************        ---------     ---------
  Sewershed Rainfall ......      8505.317      2771.585
  RDII Produced ...........       105.938        34.521
  RDII Ratio ..............         0.012
  
  
  **************************        Volume         Depth
  Runoff Quantity Continuity     acre-feet        inches
  **************************     ---------       -------
  Total Precipitation ......      8565.093         5.764
  Evaporation Loss .........         0.000         0.000
  Infiltration Loss ........      8135.907         5.475
  Surface Runoff ...........       430.009         0.289
  Final Storage ............         0.009         0.000
  Continuity Error (%) .....        -0.010
  
  
  **************************        Volume        Volume
  Flow Routing Continuity        acre-feet      10^6 gal
  **************************     ---------     ---------
  Dry Weather Inflow .......        88.415        28.811
  Wet Weather Inflow .......       429.800       140.057
  Groundwater Inflow .......         0.000         0.000
  RDII Inflow ..............       105.937        34.521
  External Inflow ..........       247.312        80.590
  External Outflow .........       645.228       210.257
  Flooding Loss ............       287.845        93.799
  Evaporation Loss .........         0.000         0.000
  Exfiltration Loss ........         0.000         0.000
  Initial Stored Volume ....         2.873         0.936
  Final Stored Volume ......        23.553         7.675
  Continuity Error (%) .....        -9.412
  
  
  *************************
  Highest Continuity Errors
  *************************
  Node 163A-242 (42.19%)
  Node KS_WETWELL (-41.35%)
  Node 356A-047 (11.77%)
  Node WTL-001 (10.73%)
  Node 106A-001 (-9.88%)
  
  
  ***************************
  Time-Step Critical Elements
  ***************************
  Link 151A-004/151A-003 (6.39%)
  Link 356A-039/356A-037 (2.78%)
  Link 106A-027/106A-026 (1.93%)
  Link 206A-051/206A-048 (1.59%)
  Link 106A-026/106A-023 (1.55%)
  
  
  ********************************
  Highest Flow Instability Indexes
  ********************************
  Link 356A-SB17/356A-003 (109)
  Link 371A-230B_371A-230D (81)
  Link 371A-358D_371A-358G (75)
  Link 371A-230C_371A-230E (75)
  Link 371A-358B_371A-358E (64)
  
  
  *********************************
  Most Frequent Nonconverging Nodes
  *********************************
  Node BS_OVERFLOWSTRUCT (99.36%)
  Node OFALL-HANNA (99.36%)
  Node OFALL-LA (99.36%)
  Node OVERFLOW_KS1 (99.36%)
  Node OVERFLOW_KS2 (99.36%)
  
  
  *************************
  Routing Time Step Summary
  *************************
  Minimum Time Step           :     0.58 sec
  Average Time Step           :     7.69 sec
  Maximum Time Step           :    30.00 sec
  % of Time in Steady State   :     0.00
  Average Iterations per Step :     7.98
  % of Steps Not Converging   :    99.36
  Time Step Frequencies       :
     30.000 -  3.817 sec      :    63.40 %
      3.817 -  0.486 sec      :    36.60 %
      0.486 -  0.062 sec      :     0.00 %
      0.062 -  0.008 sec      :     0.00 %
      0.008 -  0.001 sec      :     0.00 %
  
  
  ***************************
  Subcatchment Runoff Summary
  ***************************
  
  ------------------------------------------------------------------------------------------------------------------------------
                            Total      Total      Total      Total     Imperv       Perv      Total       Total     Peak  Runoff
                           Precip      Runon       Evap      Infil     Runoff     Runoff     Runoff      Runoff   Runoff   Coeff
  Subcatchment                 in         in         in         in         in         in         in    10^6 gal      MGD
  ------------------------------------------------------------------------------------------------------------------------------
  SUB-100E-AC                5.76       0.00       0.00       5.48       0.29       0.00       0.29        0.32     4.68   0.050
  SUB-100E-AD                5.76       0.00       0.00       5.48       0.29       0.00       0.29        0.30     4.31   0.050
  SUB-100E-AE                5.76       0.00       0.00       5.48       0.29       0.00       0.29        0.24     4.14   0.050
  SUB-100E-AF                5.76       0.00       0.00       5.48       0.29       0.00       0.29        0.40     7.17   0.050
  SUB-100E-AG                5.76       0.00       0.00       5.48       0.29       0.00       0.29        0.14     2.66   0.050
  SUB-100E-AH                5.76       0.00       0.00       5.48       0.29       0.00       0.29        0.23     3.47   0.050
  SUB-100E-AI                5.76       0.00       0.00       5.21       0.29       0.27       0.56        0.48     6.88   0.096
  SUB-100E-AJ                5.76       0.00       0.00       5.48       0.29       0.00       0.29        0.07     1.25   0.050
  SUB-100E-AK                5.76       0.00       0.00       5.48       0.29       0.00       0.29        0.06     0.89   0.050
  SUB-100E-AL                5.76       0.00       0.00       5.48       0.29       0.00       0.29        0.19     3.68   0.050
  SUB-100E-AM                5.76       0.00       0.00       5.48       0.29       0.00       0.29        0.61     9.98   0.050
  SUB-100E-AN                5.76       0.00       0.00       5.47       0.29       0.00       0.29        0.09     1.92   0.050
  SUB-100E-AO                5.76       0.00       0.00       5.48       0.29       0.00       0.29        0.34     6.88   0.050
  SUB-100E-B                 5.76       0.00       0.00       5.48       0.29       0.00       0.29        0.15     2.82   0.050
  SUB-100E-C                 5.76       0.00       0.00       5.48       0.29       0.00       0.29        0.18     3.50   0.050
  SUB-100E-D                 5.76       0.00       0.00       5.48       0.29       0.00       0.29        0.24     4.57   0.050
  SUB-100E-E                 5.76       0.00       0.00       5.48       0.29       0.00       0.29        0.45     6.56   0.050
  SUB-100E-F                 5.76       0.00       0.00       5.48       0.29       0.00       0.29        0.34     4.83   0.050
  SUB-100E-G                 5.76       0.00       0.00       5.48       0.29       0.00       0.29        0.98    15.30   0.050
  SUB-100E-H                 5.76       0.00       0.00       5.48       0.29       0.00       0.29        0.29     3.82   0.050
  SUB-100E-I                 5.76       0.00       0.00       5.48       0.29       0.00       0.29        0.71     9.91   0.050
  SUB-100E-J                 5.76       0.00       0.00       5.48       0.29       0.00       0.29        0.73    10.48   0.050
  SUB-100E-K                 5.76       0.00       0.00       5.48       0.29       0.00       0.29        0.52     8.82   0.050
  SUB-100E-L                 5.76       0.00       0.00       5.48       0.29       0.00       0.29        0.55     7.67   0.050
  SUB-100E-M                 5.76       0.00       0.00       5.48       0.29       0.00       0.29        0.07     1.26   0.050
  SUB-100E-N                 5.76       0.00       0.00       5.48       0.29       0.00       0.29        0.26     5.01   0.050
  SUB-100E-O                 5.76       0.00       0.00       5.48       0.29       0.00       0.29        0.06     1.09   0.050
  SUB-100E-P                 5.76       0.00       0.00       5.48       0.29       0.00       0.29        0.40     5.50   0.050
  SUB-100E-Q                 5.76       0.00       0.00       5.48       0.29       0.00       0.29        0.74    10.21   0.050
  SUB-100E-R                 5.76       0.00       0.00       5.48       0.29       0.00       0.29        0.12     2.39   0.050
  SUB-100E-S                 5.76       0.00       0.00       5.48       0.29       0.00       0.29        0.07     1.21   0.050
  SUB-100E-T                 5.76       0.00       0.00       5.48       0.29       0.00       0.29        0.07     1.31   0.050
  SUB-100E-U                 5.76       0.00       0.00       5.48       0.29       0.00       0.29        0.08     1.61   0.050
  SUB-100E-V                 5.76       0.00       0.00       5.48       0.29       0.00       0.29        0.21     3.29   0.050
  SUB-100E-W                 5.76       0.00       0.00       5.48       0.29       0.00       0.29        0.06     1.06   0.050
  SUB-100E-X                 5.76       0.00       0.00       5.48       0.29       0.00       0.29        0.25     4.74   0.050
  SUB-100E-Y                 5.76       0.00       0.00       5.48       0.29       0.00       0.29        0.34     5.30   0.050
  SUB-100E-Z                 5.76       0.00       0.00       5.48       0.29       0.00       0.29        0.32     4.02   0.050
  SUB-100W-A                 5.76       0.00       0.00       5.48       0.29       0.00       0.29        0.71    11.38   0.050
  SUB-100W-AA                5.76       0.00       0.00       5.48       0.29       0.00       0.29        0.51     7.24   0.050
  SUB-100W-AB                5.76       0.00       0.00       5.48       0.29       0.00       0.29        0.40     6.91   0.050
  SUB-100W-AC                5.76       0.00       0.00       5.48       0.29       0.00       0.29        0.39     4.43   0.050
  SUB-100W-AD                5.76       0.00       0.00       5.48       0.29       0.00       0.29        0.56     9.57   0.050
  SUB-100W-AE                5.76       0.00       0.00       5.48       0.29       0.00       0.29        0.83    11.82   0.050
  SUB-100W-AF                5.76       0.00       0.00       5.48       0.29       0.00       0.29        0.78    12.12   0.050
  SUB-100W-AG                5.76       0.00       0.00       5.48       0.29       0.00       0.29        0.83    11.98   0.050
  SUB-100W-AH                5.76       0.00       0.00       5.48       0.29       0.00       0.29        0.31     5.41   0.050
  SUB-100W-AI                5.76       0.00       0.00       5.48       0.29       0.00       0.29        1.08    14.48   0.050
  SUB-100W-AJ                5.76       0.00       0.00       5.48       0.29       0.00       0.29        0.63     9.16   0.050
  SUB-100W-AK                5.76       0.00       0.00       5.48       0.29       0.00       0.29        0.95    17.98   0.050
  SUB-100W-AL                5.76       0.00       0.00       5.48       0.29       0.00       0.29        0.73    12.15   0.050
  SUB-100W-AM                5.76       0.00       0.00       5.48       0.29       0.00       0.29        0.72    12.18   0.050
  SUB-100W-AN                5.76       0.00       0.00       5.48       0.29       0.00       0.29        0.86    11.64   0.050
  SUB-100W-AO                5.76       0.00       0.00       5.48       0.29       0.00       0.29        0.97    16.44   0.050
  SUB-100W-AP                5.76       0.00       0.00       5.48       0.29       0.00       0.29        0.42     6.71   0.050
  SUB-100W-AQ                5.76       0.00       0.00       5.48       0.29       0.00       0.29        0.65    10.83   0.050
  SUB-100W-AR                5.76       0.00       0.00       5.48       0.29       0.00       0.29        0.11     2.21   0.050
  SUB-100W-AS                5.76       0.00       0.00       5.48       0.29       0.00       0.29        0.38     7.27   0.050
  SUB-100W-AT                5.76       0.00       0.00       5.48       0.29       0.00       0.29        0.76    11.61   0.050
  SUB-100W-AU                5.76       0.00       0.00       5.48       0.29       0.00       0.29        0.26     4.26   0.050
  SUB-100W-AV                5.76       0.00       0.00       5.48       0.29       0.00       0.29        0.61     9.35   0.050
  SUB-100W-AW                5.76       0.00       0.00       5.48       0.29       0.00       0.29        0.47     7.60   0.050
  SUB-100W-AX                5.76       0.00       0.00       5.48       0.29       0.00       0.29        0.59     8.32   0.050
  SUB-100W-AY                5.76       0.00       0.00       5.48       0.29       0.00       0.29        0.72    10.83   0.050
  SUB-100W-AZ                5.76       0.00       0.00       5.48       0.29       0.00       0.29        0.33     5.28   0.050
  SUB-100W-B                 5.76       0.00       0.00       5.48       0.29       0.00       0.29        0.44     7.01   0.050
  SUB-100W-BA                5.76       0.00       0.00       5.47       0.29       0.00       0.29        0.09     1.91   0.050
  SUB-100W-BB                5.76       0.00       0.00       5.48       0.29       0.00       0.29        0.64    11.26   0.050
  SUB-100W-BC                5.76       0.00       0.00       5.48       0.29       0.00       0.29        0.24     1.98   0.050
  SUB-100W-BD                5.76       0.00       0.00       5.48       0.29       0.00       0.29        0.33     6.00   0.050
  SUB-100W-BE                5.76       0.00       0.00       5.48       0.29       0.00       0.29        0.24     3.72   0.050
  SUB-100W-BF                5.76       0.00       0.00       5.48       0.29       0.00       0.29        0.21     3.37   0.050
  SUB-100W-BG                5.76       0.00       0.00       5.48       0.29       0.00       0.29        0.40     5.88   0.050
  SUB-100W-C                 5.76       0.00       0.00       5.48       0.29       0.00       0.29        0.54    10.26   0.050
  SUB-100W-D                 5.76       0.00       0.00       5.48       0.29       0.00       0.29        0.27     2.62   0.050
  SUB-100W-E                 5.76       0.00       0.00       5.48       0.29       0.00       0.29        0.36     1.84   0.050
  SUB-100W-F                 5.76       0.00       0.00       5.48       0.29       0.00       0.29        0.12     1.61   0.050
  SUB-100W-G                 5.76       0.00       0.00       5.48       0.29       0.00       0.29        0.31     1.98   0.050
  SUB-100W-H                 5.76       0.00       0.00       5.48       0.29       0.00       0.29        0.63    11.06   0.050
  SUB-100W-I                 5.76       0.00       0.00       5.48       0.29       0.00       0.29        0.35     5.32   0.050
  SUB-100W-J                 5.76       0.00       0.00       5.48       0.29       0.00       0.29        0.46     3.29   0.050
  SUB-100W-K                 5.76       0.00       0.00       5.48       0.29       0.00       0.29        0.55     4.31   0.050
  SUB-100W-L                 5.76       0.00       0.00       5.48       0.29       0.00       0.29        0.51     5.62   0.050
  SUB-100W-M                 5.76       0.00       0.00       5.48       0.29       0.00       0.29        0.75     8.51   0.050
  SUB-100W-N                 5.76       0.00       0.00       5.48       0.29       0.00       0.29        0.75     9.67   0.050
  SUB-100W-O                 5.76       0.00       0.00       5.48       0.29       0.00       0.29        0.26     2.15   0.050
  SUB-100W-P                 5.76       0.00       0.00       5.48       0.29       0.00       0.29        0.66     5.85   0.050
  SUB-100W-Q                 5.76       0.00       0.00       5.48       0.29       0.00       0.29        0.62     9.71   0.050
  SUB-100W-R                 5.76       0.00       0.00       5.48       0.29       0.00       0.29        1.04    10.29   0.050
  SUB-100W-S                 5.76       0.00       0.00       5.48       0.29       0.00       0.29        0.43     3.29   0.050
  SUB-100W-T                 5.76       0.00       0.00       5.48       0.29       0.00       0.29        0.66     6.52   0.050
  SUB-100W-U                 5.76       0.00       0.00       5.48       0.29       0.00       0.29        0.81    11.45   0.050
  SUB-100W-V                 5.76       0.00       0.00       5.48       0.29       0.00       0.29        0.24     3.79   0.050
  SUB-100W-W                 5.76       0.00       0.00       5.48       0.29       0.00       0.29        0.56     9.15   0.050
  SUB-100W-X                 5.76       0.00       0.00       5.48       0.29       0.00       0.29        0.20     3.07   0.050
  SUB-100W-Y                 5.76       0.00       0.00       5.48       0.29       0.00       0.29        0.39     6.52   0.050
  SUB-100W-Z                 5.76       0.00       0.00       5.48       0.29       0.00       0.29        0.84    14.44   0.050
  SUB-10A                    5.76       0.00       0.00       5.48       0.29       0.00       0.29        0.08     1.53   0.050
  SUB-10B                    5.76       0.00       0.00       5.48       0.29       0.00       0.29        0.24     2.81   0.050
  SUB-10C                    5.76       0.00       0.00       5.48       0.29       0.00       0.29        0.76     8.73   0.050
  SUB-10D                    5.76       0.00       0.00       5.48       0.29       0.00       0.29        0.36     4.03   0.050
  SUB-12                     5.76       0.00       0.00       5.48       0.29       0.00       0.29        0.67    11.41   0.050
  SUB-14                     5.76       0.00       0.00       5.48       0.29       0.00       0.29        0.80    13.73   0.050
  SUB-16                     5.76       0.00       0.00       5.48       0.29       0.00       0.29        0.64    11.05   0.050
  SUB-24A                    5.76       0.00       0.00       5.48       0.29       0.00       0.29        1.03    14.49   0.050
  SUB-24B                    5.76       0.00       0.00       5.48       0.29       0.00       0.29        0.54     3.36   0.050
  SUB-24C                    5.76       0.00       0.00       5.48       0.29       0.00       0.29        0.35     2.24   0.050
  SUB-24D                    5.76       0.00       0.00       5.48       0.29       0.00       0.29        0.52     5.45   0.050
  SUB-24E                    5.76       0.00       0.00       5.48       0.29       0.00       0.29        0.13     0.73   0.050
  SUB-26                     5.76       0.00       0.00       5.48       0.29       0.00       0.29        1.17    20.08   0.050
  SUB-28                     5.76       0.00       0.00       5.48       0.29       0.00       0.29        0.63     9.72   0.050
  SUB-30                     5.76       0.00       0.00       5.48       0.29       0.00       0.29        0.56    10.35   0.050
  SUB-32A                    5.76       0.00       0.00       5.48       0.29       0.00       0.29        0.12     1.98   0.050
  SUB-32B                    5.76       0.00       0.00       5.48       0.29       0.00       0.29        0.09     1.80   0.050
  SUB-32C                    5.76       0.00       0.00       5.48       0.29       0.00       0.29        0.98    13.20   0.050
  SUB-34                     5.76       0.00       0.00       5.48       0.29       0.00       0.29        0.19     3.92   0.050
  SUB-36                     5.76       0.00       0.00       5.48       0.29       0.00       0.29        0.51     8.95   0.050
  SUB-38                     5.76       0.00       0.00       5.48       0.29       0.00       0.29        0.44     8.27   0.050
  SUB-40A                    5.76       0.00       0.00       5.48       0.29       0.00       0.29        0.66    12.21   0.050
  SUB-40B                    5.76       0.00       0.00       5.48       0.29       0.00       0.29        0.19     3.49   0.050
  SUB-40C                    5.76       0.00       0.00       5.48       0.29       0.00       0.29        0.45     7.72   0.050
  SUB-40D                    5.76       0.00       0.00       5.48       0.29       0.00       0.29        0.56     8.76   0.050
  SUB-40E                    5.76       0.00       0.00       5.48       0.29       0.00       0.29        0.30     5.38   0.050
  SUB-40F                    5.76       0.00       0.00       5.48       0.29       0.00       0.29        0.43     8.12   0.050
  SUB-40G                    5.76       0.00       0.00       5.48       0.29       0.00       0.29        0.46     9.06   0.050
  SUB-42                     5.76       0.00       0.00       5.48       0.29       0.00       0.29        0.04     0.70   0.050
  SUB-44A                    5.76       0.00       0.00       5.48       0.29       0.00       0.29        0.09     0.73   0.050
  SUB-44B                    5.76       0.00       0.00       5.48       0.29       0.00       0.29        0.56     4.49   0.050
  SUB-44C                    5.76       0.00       0.00       5.48       0.29       0.00       0.29        0.15     1.78   0.050
  SUB-44D                    5.76       0.00       0.00       5.48       0.29       0.00       0.29        0.82     9.88   0.050
  SUB-44E                    5.76       0.00       0.00       5.48       0.29       0.00       0.29        0.83    12.70   0.050
  SUB-46                     5.76       0.00       0.00       5.48       0.29       0.00       0.29        0.25     4.81   0.050
  SUB-48                     5.76       0.00       0.00       5.47       0.29       0.00       0.29        0.07     1.47   0.050
  SUB-50                     5.76       0.00       0.00       5.48       0.29       0.00       0.29        0.48     9.75   0.050
  SUB-52A                    5.76       0.00       0.00       5.48       0.29       0.00       0.29        0.84    11.36   0.050
  SUB-52B                    5.76       0.00       0.00       5.48       0.29       0.00       0.29        0.29     5.50   0.050
  SUB-52C                    5.76       0.00       0.00       5.48       0.29       0.00       0.29        0.83    16.08   0.050
  SUB-52D                    5.76       0.00       0.00       5.48       0.29       0.00       0.29        0.48     9.49   0.050
  SUB-52E                    5.76       0.00       0.00       5.48       0.29       0.00       0.29        0.37     7.44   0.050
  SUB-52F                    5.76       0.00       0.00       5.48       0.29       0.00       0.29        0.97    16.12   0.050
  SUB-52G                    5.76       0.00       0.00       5.47       0.29       0.00       0.29        0.12     2.57   0.050
  SUB-52H                    5.76       0.00       0.00       5.48       0.29       0.00       0.29        0.67    12.73   0.050
  SUB-52I                    5.76       0.00       0.00       5.48       0.29       0.00       0.29        0.48     8.42   0.050
  SUB-52J                    5.76       0.00       0.00       5.48       0.29       0.00       0.29        0.77    14.37   0.050
  SUB-54                     5.76       0.00       0.00       5.48       0.29       0.00       0.29        0.18     3.72   0.050
  SUB-56A                    5.76       0.00       0.00       5.48       0.29       0.00       0.29        0.51     9.32   0.050
  SUB-56B                    5.76       0.00       0.00       5.48       0.29       0.00       0.29        0.41     7.68   0.050
  SUB-56C                    5.76       0.00       0.00       5.48       0.29       0.00       0.29        0.95    16.36   0.050
  SUB-58                     5.76       0.00       0.00       5.48       0.29       0.00       0.29        0.98    16.51   0.050
  SUB-60A                    5.76       0.00       0.00       5.48       0.29       0.00       0.29        0.60     9.23   0.050
  SUB-60B                    5.76       0.00       0.00       5.48       0.29       0.00       0.29        0.52     8.62   0.050
  SUB-60C                    5.76       0.00       0.00       5.48       0.29       0.00       0.29        0.50     7.95   0.050
  SUB-62                     5.76       0.00       0.00       5.48       0.29       0.00       0.29        0.61    11.40   0.050
  SUB-64                     5.76       0.00       0.00       5.48       0.29       0.00       0.29        0.33     6.48   0.050
  SUB-66                     5.76       0.00       0.00       5.48       0.29       0.00       0.29        0.13     2.44   0.050
  SUB-68                     5.76       0.00       0.00       5.48       0.29       0.00       0.29        0.14     2.17   0.050
  SUB-70                     5.76       0.00       0.00       5.48       0.29       0.00       0.29        0.74    11.66   0.050
  SUB-72                     5.76       0.00       0.00       5.48       0.29       0.00       0.29        0.57    11.26   0.050
  SUB-74                     5.76       0.00       0.00       5.48       0.29       0.00       0.29        0.32     6.21   0.050
  SUB-76                     5.76       0.00       0.00       5.48       0.29       0.00       0.29        0.07     1.48   0.050
  SUB-78                     5.76       0.00       0.00       5.48       0.29       0.00       0.29        0.99    14.58   0.050
  SUB-80                     5.76       0.00       0.00       5.48       0.29       0.00       0.29        0.57    11.06   0.050
  SUB-82                     5.76       0.00       0.00       5.48       0.29       0.00       0.29        0.28     4.53   0.050
  SUB-84A                    5.76       0.00       0.00       5.48       0.29       0.00       0.29        0.25     2.79   0.050
  SUB-84B                    5.76       0.00       0.00       5.48       0.29       0.00       0.29        0.72    11.97   0.050
  SUB-84C                    5.76       0.00       0.00       5.48       0.29       0.00       0.29        0.84    11.59   0.050
  SUB-84D                    5.76       0.00       0.00       5.48       0.29       0.00       0.29        0.71    10.66   0.050
  SUB-84E                    5.76       0.00       0.00       5.48       0.29       0.00       0.29        0.83    15.11   0.050
  SUB-84F                    5.76       0.00       0.00       5.48       0.29       0.00       0.29        0.24     4.19   0.050
  SUB-84G                    5.76       0.00       0.00       5.48       0.29       0.00       0.29        0.93     8.53   0.050
  SUB-84H                    5.76       0.00       0.00       5.48       0.29       0.00       0.29        0.12     1.09   0.050
  SUB-84I                    5.76       0.00       0.00       5.48       0.29       0.00       0.29        0.30     2.96   0.050
  SUB-84J                    5.76       0.00       0.00       5.48       0.29       0.00       0.29        0.24     2.32   0.050
  SUB-84K                    5.76       0.00       0.00       5.48       0.29       0.00       0.29        0.26     2.47   0.050
  SUB-84L                    5.76       0.00       0.00       5.48       0.29       0.00       0.29        0.46     8.71   0.050
  SUB-84M                    5.76       0.00       0.00       5.48       0.29       0.00       0.29        0.93    10.89   0.050
  SUB-84N                    5.76       0.00       0.00       5.48       0.29       0.00       0.29        0.32     3.35   0.050
  SUB-84O                    5.76       0.00       0.00       5.48       0.29       0.00       0.29        0.30     2.88   0.050
  SUB-84P                    5.76       0.00       0.00       5.48       0.29       0.00       0.29        0.34     6.55   0.050
  SUB-84Q                    5.76       0.00       0.00       5.48       0.29       0.00       0.29        0.96     8.21   0.050
  SUB-84R                    5.76       0.00       0.00       5.48       0.29       0.00       0.29        0.35     3.31   0.050
  SUB-84S                    5.76       0.00       0.00       5.48       0.29       0.00       0.29        0.41     7.43   0.050
  SUB-86                     5.76       0.00       0.00       5.48       0.29       0.00       0.29        0.79    10.39   0.050
  SUB-88                     5.76       0.00       0.00       5.48       0.29       0.00       0.29        0.17     2.79   0.050
  SUB-90                     5.76       0.00       0.00       5.48       0.29       0.00       0.29        0.18     3.45   0.050
  SUB-92A                    5.76       0.00       0.00       5.48       0.29       0.00       0.29        0.56     9.18   0.050
  SUB-92B                    5.76       0.00       0.00       5.48       0.29       0.00       0.29        0.98    18.82   0.050
  SUB-92C                    5.76       0.00       0.00       5.48       0.29       0.00       0.29        0.66    12.15   0.050
  SUB-92D                    5.76       0.00       0.00       5.48       0.29       0.00       0.29        0.35     6.84   0.050
  SUB-92E                    5.76       0.00       0.00       5.48       0.29       0.00       0.29        0.22     4.34   0.050
  SUB-92F                    5.76       0.00       0.00       5.48       0.29       0.00       0.29        0.15     2.99   0.050
  SUB-92G                    5.76       0.00       0.00       5.48       0.29       0.00       0.29        0.66    12.16   0.050
  SUB-92H                    5.76       0.00       0.00       5.48       0.29       0.00       0.29        0.78    12.17   0.050
  SUB-92I                    5.76       0.00       0.00       5.48       0.29       0.00       0.29        0.47     8.47   0.050
  SUB-92J                    5.76       0.00       0.00       5.48       0.29       0.00       0.29        0.23     4.37   0.050
  SUB-92K                    5.76       0.00       0.00       5.48       0.29       0.00       0.29        0.21     4.00   0.050
  SUB-92L                    5.76       0.00       0.00       5.48       0.29       0.00       0.29        0.55     9.16   0.050
  SUB-92M                    5.76       0.00       0.00       5.48       0.29       0.00       0.29        0.41     7.67   0.050
  SUB-92N                    5.76       0.00       0.00       5.48       0.29       0.00       0.29        0.69    13.34   0.050
  SUB-92O                    5.76       0.00       0.00       5.48       0.29       0.00       0.29        0.76    13.90   0.050
  SUB-92P                    5.76       0.00       0.00       5.48       0.29       0.00       0.29        0.36     5.98   0.050
  SUB-94                     5.76       0.00       0.00       5.48       0.29       0.00       0.29        0.03     0.72   0.050
  SUB-96A                    5.76       0.00       0.00       5.48       0.29       0.00       0.29        0.40     7.55   0.050
  SUB-96AA                   5.76       0.00       0.00       5.48       0.29       0.00       0.29        1.03    18.48   0.050
  SUB-96AB                   5.76       0.00       0.00       5.48       0.29       0.00       0.29        0.52     9.47   0.050
  SUB-96AC                   5.76       0.00       0.00       5.48       0.29       0.00       0.29        0.68    12.73   0.050
  SUB-96AD                   5.76       0.00       0.00       5.48       0.29       0.00       0.29        0.36     7.02   0.050
  SUB-96AE                   5.76       0.00       0.00       5.48       0.29       0.00       0.29        0.20     3.78   0.050
  SUB-96AF                   5.76       0.00       0.00       5.48       0.29       0.00       0.29        0.61    10.40   0.050
  SUB-96AG                   5.76       0.00       0.00       5.48       0.29       0.00       0.29        0.75    14.67   0.050
  SUB-96AH                   5.76       0.00       0.00       5.48       0.29       0.00       0.29        0.65    12.03   0.050
  SUB-96AI                   5.76       0.00       0.00       5.48       0.29       0.00       0.29        0.18     3.68   0.050
  SUB-96AJ                   5.76       0.00       0.00       5.48       0.29       0.00       0.29        0.55    10.78   0.050
  SUB-96B                    5.76       0.00       0.00       5.48       0.29       0.00       0.29        0.62    10.67   0.050
  SUB-96C                    5.76       0.00       0.00       5.48       0.29       0.00       0.29        0.80    14.94   0.050
  SUB-96D                    5.76       0.00       0.00       5.48       0.29       0.00       0.29        1.31    23.01   0.050
  SUB-96E                    5.76       0.00       0.00       5.48       0.29       0.00       0.29        0.69    12.42   0.050
  SUB-96F                    5.76       0.00       0.00       5.48       0.29       0.00       0.29        0.98    17.00   0.050
  SUB-96G                    5.76       0.00       0.00       5.48       0.29       0.00       0.29        0.66    12.51   0.050
  SUB-96H                    5.76       0.00       0.00       5.48       0.29       0.00       0.29        0.13     2.57   0.050
  SUB-96I                    5.76       0.00       0.00       5.48       0.29       0.00       0.29        0.72    12.53   0.050
  SUB-96J                    5.76       0.00       0.00       5.48       0.29       0.00       0.29        1.08    20.34   0.050
  SUB-96K                    5.76       0.00       0.00       5.48       0.29       0.00       0.29        0.92    15.57   0.050
  SUB-96L                    5.76       0.00       0.00       5.48       0.29       0.00       0.29        0.30     5.75   0.050
  SUB-96M                    5.76       0.00       0.00       5.48       0.29       0.00       0.29        0.71    12.65   0.050
  SUB-96N                    5.76       0.00       0.00       5.48       0.29       0.00       0.29        0.73    14.25   0.050
  SUB-96O                    5.76       0.00       0.00       5.48       0.29       0.00       0.29        0.46     8.35   0.050
  SUB-96P                    5.76       0.00       0.00       5.48       0.29       0.00       0.29        0.63    12.46   0.050
  SUB-96Q                    5.76       0.00       0.00       5.48       0.29       0.00       0.29        0.73    11.98   0.050
  SUB-96R                    5.76       0.00       0.00       5.48       0.29       0.00       0.29        0.29     4.97   0.050
  SUB-96S                    5.76       0.00       0.00       5.48       0.29       0.00       0.29        1.37    24.47   0.050
  SUB-96T                    5.76       0.00       0.00       5.48       0.29       0.00       0.29        0.73    14.27   0.050
  SUB-96U                    5.76       0.00       0.00       5.48       0.29       0.00       0.29        0.60    11.74   0.050
  SUB-96V                    5.76       0.00       0.00       5.48       0.29       0.00       0.29        0.57    11.13   0.050
  SUB-96W                    5.76       0.00       0.00       5.48       0.29       0.00       0.29        0.52    10.15   0.050
  SUB-96X                    5.76       0.00       0.00       5.48       0.29       0.00       0.29        1.03    18.99   0.050
  SUB-96Y                    5.76       0.00       0.00       5.48       0.29       0.00       0.29        0.76    13.98   0.050
  SUB-96Z                    5.76       0.00       0.00       5.48       0.29       0.00       0.29        0.36     6.67   0.050
  SUB-98E-A                  5.76       0.00       0.00       5.48       0.29       0.00       0.29        0.79    13.89   0.050
  SUB-98E-AA                 5.76       0.00       0.00       5.48       0.29       0.00       0.29        0.87    15.63   0.050
  SUB-98E-AB                 5.76       0.00       0.00       5.48       0.29       0.00       0.29        0.83    12.80   0.050
  SUB-98E-AC                 5.76       0.00       0.00       5.48       0.29       0.00       0.29        0.56     9.90   0.050
  SUB-98E-B                  5.76       0.00       0.00       5.48       0.29       0.00       0.29        0.40     6.87   0.050
  SUB-98E-C                  5.76       0.00       0.00       5.48       0.29       0.00       0.29        0.69    11.19   0.050
  SUB-98E-D                  5.76       0.00       0.00       5.48       0.29       0.00       0.29        1.07    18.70   0.050
  SUB-98E-E                  5.76       0.00       0.00       5.48       0.29       0.00       0.29        0.61     8.45   0.050
  SUB-98E-F                  5.76       0.00       0.00       5.48       0.29       0.00       0.29        1.02    13.65   0.050
  SUB-98E-G                  5.76       0.00       0.00       5.48       0.29       0.00       0.29        1.01    14.58   0.050
  SUB-98E-H                  5.76       0.00       0.00       5.48       0.29       0.00       0.29        0.55     8.63   0.050
  SUB-98E-I                  5.76       0.00       0.00       5.48       0.29       0.00       0.29        0.68    10.63   0.050
  SUB-98E-J                  5.76       0.00       0.00       5.48       0.29       0.00       0.29        0.80    13.39   0.050
  SUB-98E-K                  5.76       0.00       0.00       5.48       0.29       0.00       0.29        0.56     8.88   0.050
  SUB-98E-L                  5.76       0.00       0.00       5.48       0.29       0.00       0.29        0.45     8.51   0.050
  SUB-98E-M                  5.76       0.00       0.00       5.48       0.29       0.00       0.29        0.23     4.48   0.050
  SUB-98E-N                  5.76       0.00       0.00       5.48       0.29       0.00       0.29        0.58     9.67   0.050
  SUB-98E-O                  5.76       0.00       0.00       5.48       0.29       0.00       0.29        0.62    11.67   0.050
  SUB-98E-P                  5.76       0.00       0.00       5.48       0.29       0.00       0.29        0.23     4.27   0.050
  SUB-98E-Q                  5.76       0.00       0.00       5.48       0.29       0.00       0.29        0.99    16.99   0.050
  SUB-98E-R                  5.76       0.00       0.00       5.48       0.29       0.00       0.29        0.40     7.16   0.050
  SUB-98E-S                  5.76       0.00       0.00       5.48       0.29       0.00       0.29        0.08     1.60   0.050
  SUB-98E-T                  5.76       0.00       0.00       5.48       0.29       0.00       0.29        0.10     2.05   0.050
  SUB-98E-U                  5.76       0.00       0.00       5.48       0.29       0.00       0.29        0.22     4.17   0.050
  SUB-98E-V                  5.76       0.00       0.00       5.48       0.29       0.00       0.29        0.37     7.21   0.050
  SUB-98E-W                  5.76       0.00       0.00       5.48       0.29       0.00       0.29        0.25     4.69   0.050
  SUB-98E-X                  5.76       0.00       0.00       5.47       0.29       0.00       0.29        0.09     1.84   0.050
  SUB-98E-Y                  5.76       0.00       0.00       5.48       0.29       0.00       0.29        0.45     9.32   0.050
  SUB-98E-Z                  5.76       0.00       0.00       5.48       0.29       0.00       0.29        0.33     5.85   0.050
  SUB-98W-A                  5.76       0.00       0.00       5.48       0.29       0.00       0.29        0.74    12.34   0.050
  SUB-98W-B                  5.76       0.00       0.00       5.48       0.29       0.00       0.29        0.06     1.11   0.050
  SUB-98W-C                  5.76       0.00       0.00       5.48       0.29       0.00       0.29        0.69    11.08   0.050
  SUB-98W-D                  5.76       0.00       0.00       5.48       0.29       0.00       0.29        0.50     7.27   0.050
  SUB-98W-E                  5.76       0.00       0.00       5.48       0.29       0.00       0.29        0.43     7.14   0.050
  SUB-98W-F                  5.76       0.00       0.00       5.48       0.29       0.00       0.29        0.22     3.84   0.050
  SUB-98W-G                  5.76       0.00       0.00       5.48       0.29       0.00       0.29        0.53     8.14   0.050
  SUB-98W-I                  5.76       0.00       0.00       5.48       0.29       0.00       0.29        0.75    14.69   0.050
  SUB-98W-J                  5.76       0.00       0.00       5.48       0.29       0.00       0.29        0.52     9.00   0.050
  SUB-98W-K                  5.76       0.00       0.00       5.48       0.29       0.00       0.29        0.67    12.91   0.050
  SUB-98W-L                  5.76       0.00       0.00       5.48       0.29       0.00       0.29        0.67     9.34   0.050
  SUB-98W-M                  5.76       0.00       0.00       5.48       0.29       0.00       0.29        0.62    10.57   0.050
  
  
  ******************
  Node Depth Summary
  ******************
  
  ---------------------------------------------------------------------------------
                                 Average  Maximum  Maximum  Time of Max    Reported
                                   Depth    Depth      HGL   Occurrence   Max Depth
  Node                 Type         Feet     Feet     Feet  days hr:min        Feet
  ---------------------------------------------------------------------------------
  106A-001             JUNCTION    40.89   204.07   204.82     1  11:39      100.25
  106A-001ALT          JUNCTION    40.08   507.10   506.50     1  20:49      219.39
  106A-022             JUNCTION     1.75     9.62     0.34     1  13:48        9.61
  106A-023             JUNCTION     2.54    10.30     1.31     1  13:44       10.29
  106A-026             JUNCTION     3.22    11.03     2.21     1  13:41       11.02
  106A-027             JUNCTION     3.89    11.73     3.00     1  13:45       11.73
  106A-028             JUNCTION     4.25    12.17     3.90     1  12:24       12.17
  106A-029             JUNCTION     4.51    12.61     4.53     1  12:23       12.60
  106A-047             JUNCTION     5.03    13.28     5.48     1  12:22       13.26
  106A-048             JUNCTION     5.26    13.45     5.79     1  12:21       13.44
  106A-056             JUNCTION     5.46    13.60     6.11     1  12:19       13.60
  106A-057             JUNCTION     5.48    13.55     6.43     1  12:19       13.54
  106A-062             JUNCTION     5.77    13.56     6.87     1  12:17       13.54
  106A-068             JUNCTION     5.86    13.38     6.90     1  12:16       13.36
  106A-075             JUNCTION     5.99    13.25     6.93     1  12:16       13.24
  106A-082             JUNCTION     6.11    13.09     6.97     1  12:15       13.08
  106A-089             JUNCTION     6.23    12.88     7.00     1  12:05       12.88
  106A-090             JUNCTION     0.53     3.00    10.50     1  12:31        3.00
  106A-091             JUNCTION     3.59     5.68    14.00     1  12:01        5.68
  106A-093             JUNCTION     3.19     4.53    15.00     1  04:50        4.53
  106A-094             JUNCTION     3.02     4.33    15.82     1  16:17        4.33
  106A-096             JUNCTION     2.92     4.22    16.50     1  05:39        4.22
  106A-109             JUNCTION     6.27    12.73     7.27     1  12:21       12.72
  106A-117             JUNCTION     6.18    12.30     7.06     1  12:05       12.29
  106A-122             JUNCTION     6.13    11.85     6.83     1  12:05       11.82
  106A-130             JUNCTION     6.05    11.41     6.62     1  12:05       11.37
  106A-160             JUNCTION     5.99    11.03     6.43     1  12:05       10.98
  106A-163             JUNCTION     5.96    10.75     6.28     1  12:05       10.71
  106A-164             JUNCTION     5.77    10.15     6.04     1  12:03       10.13
  106A-166             JUNCTION     4.63     8.93     6.43     1  12:05        8.92
  106A-182             JUNCTION     4.75     8.70     6.50     1  11:43        8.70
  106A-190             JUNCTION     4.79     9.00     7.00     1  12:01        9.00
  106A-236             JUNCTION     4.05     7.58     6.90     1  10:56        7.58
  106A-238             JUNCTION     3.70     7.15     7.00     1  10:55        7.15
  106A-239             JUNCTION     3.45     7.12     7.39     1  12:07        7.10
  106A-240             JUNCTION     3.34     7.19     7.69     1  12:07        7.14
  106A-251             JUNCTION     2.74     6.71     8.19     1  12:06        6.67
  106A-252             JUNCTION     2.45     6.07     8.00     1  12:00        6.07
  106A-253             JUNCTION     2.27     5.80     8.00     1  11:59        5.80
  106A-254             JUNCTION     1.79     5.28     8.01     1  12:25        5.27
  106A-256             JUNCTION     1.48     4.82     8.01     1  12:38        4.81
  106A-301             JUNCTION     5.63     9.90     6.00     1  11:59        9.90
  106A-303             JUNCTION     4.33     8.21     7.00     1  11:41        8.21
  111A-001             JUNCTION    14.68    21.37    29.51     1  12:08       21.33
  111A-008             JUNCTION     3.46     8.26     7.00     1  12:04        8.25
  111A-066             JUNCTION     3.35     8.82     8.11     1  12:05        8.77
  111A-067             JUNCTION     3.28     8.47     8.03     1  12:05        8.37
  111A-068             JUNCTION     3.24     8.36     8.01     1  12:05        8.25
  111A-069             JUNCTION     3.21     8.23     7.99     1  12:05        8.09
  111A-070             JUNCTION     3.20     8.21     7.99     1  12:05        8.06
  111A-071             JUNCTION     3.17     8.05     7.95     1  12:05        7.88
  111A-075             JUNCTION     3.06     7.21     7.44     1  12:05        7.09
  111A-076             JUNCTION     3.00     6.54     6.97     1  12:05        6.49
  111A-077             JUNCTION     2.97     6.22     6.75     1  12:05        6.19
  111A-083             JUNCTION     2.93     5.85     6.50     1  03:42        5.85
  111A-086             JUNCTION     2.90     6.03     6.84     1  12:19        6.03
  111A-087             JUNCTION     2.76     5.96     7.00     1  12:01        5.96
  111A-097             JUNCTION     2.93     7.96     9.53     1  12:04        7.95
  111A-098             JUNCTION     2.92     7.57     9.25     1  12:04        7.56
  111A-099             JUNCTION     0.00     0.00     9.32     0  00:00        0.00
  111A-100             JUNCTION     0.00     0.00    12.89     0  00:00        0.00
  111A-101             JUNCTION     0.00     0.00    14.68     0  00:00        0.00
  111A-102             JUNCTION     0.00     0.00    16.06     0  00:00        0.00
  111A-150             JUNCTION     2.86     7.05     8.92     1  12:04        7.04
  111A-151             JUNCTION     2.81     6.53     8.59     1  12:08        6.52
  111A-153             JUNCTION     2.66     5.66     8.19     1  11:10        5.66
  111A-176             JUNCTION     2.59     5.52     8.42     1  11:36        5.51
  111A-182             JUNCTION     2.42     5.22     8.83     1  12:09        5.22
  111A-183             JUNCTION     2.26     4.97     9.37     1  15:37        4.97
  111A-184             JUNCTION     2.25     4.94     9.72     1  13:18        4.93
  111A-185             JUNCTION     2.22     4.89     9.90     1  10:06        4.89
  111A-186             JUNCTION     1.79     5.51    11.80     1  11:47        5.51
  111A-192             JUNCTION     0.21     0.60    34.05     1  12:12        0.60
  111A-199             JUNCTION     0.64     4.45    38.75     1  12:06        4.44
  111A-200             JUNCTION     0.77     7.47    42.56     1  12:06        7.45
  111A-204             JUNCTION     2.01     4.49     9.90     1  06:39        4.49
  111A-205             JUNCTION     1.95     4.29    10.04     1  14:56        4.29
  111A-206             JUNCTION     1.99     4.27    10.29     1  16:33        4.27
  111A-207             JUNCTION     1.93     4.11    10.49     1  07:44        4.11
  111A-247             JUNCTION     2.07     5.04    12.94     1  11:59        5.04
  111A-298             JUNCTION     0.92    10.27    46.10     1  12:06       10.27
  111A-299             JUNCTION     1.08    13.21    49.80     1  12:06       13.21
  111A-546             JUNCTION     3.47     7.34     5.80     1  12:04        7.32
  111A-547             JUNCTION     3.61     6.99     4.99     1  12:07        6.98
  111A-548             JUNCTION     3.57     6.95     5.00     1  12:08        6.94
  111A-550             JUNCTION     3.50     6.79     5.06     1  03:37        6.79
  111A-551             JUNCTION     3.48     7.11     5.48     1  12:04        7.09
  111A-559             JUNCTION     2.52     5.39     8.60     1  16:17        5.39
  111A-560             JUNCTION     2.88     6.85     8.00     1  12:04        6.84
  111A-573             JUNCTION     3.57     7.19     4.92     1  12:09        7.18
  111A-J66             JUNCTION     1.98     4.14    10.64     1  08:25        4.13
  112A-001             JUNCTION    15.66   213.15   240.35     1  04:05       65.03
  114A-001             JUNCTION    20.47    27.94    47.11     1  12:00       27.94
  116A-001             JUNCTION    10.33    22.38    33.84     1  16:28       22.37
  116A-013             JUNCTION     1.54    10.34    16.30     1  12:08       10.29
  116A-020             JUNCTION     1.57    10.53    16.50     1  12:08       10.49
  116A-023             JUNCTION     1.59    11.84    18.25     1  12:08       11.81
  117A-001             JUNCTION    19.39    25.17    30.41     1  05:50       25.17
  118A-001             JUNCTION    17.09    83.93    86.26     3  05:21       23.68
  118A-002             JUNCTION     5.59    10.41     9.91     1  19:42       10.40
  118A-004             JUNCTION     5.33    10.11    10.11     1  22:19       10.10
  118A-005             JUNCTION     4.73     9.20    10.21     1  16:34        9.20
  118A-009             JUNCTION     4.54     8.91    10.27     1  16:17        8.90
  118A-012             JUNCTION     4.12     8.20    10.54     1  21:37        8.20
  118A-013             JUNCTION     3.84     7.73    10.73     1  16:17        7.72
  118A-014             JUNCTION     1.40     3.32    11.27     1  16:17        3.31
  121A-001             JUNCTION     5.22    26.97    32.47     1  12:07       26.94
  123A-001             JUNCTION     4.30    12.39    22.88     1  12:34       12.38
  128A-001             JUNCTION    30.52   210.69   227.65     1  03:42       66.62
  131A-001             JUNCTION    59.82    96.32   135.12     1  12:08       96.23
  131A-J38             JUNCTION    51.26    84.03   125.03     1  12:08       83.70
  134A-001             JUNCTION     4.26    10.19     5.03     1  10:26       10.14
  134A-041             JUNCTION     1.72     6.22     5.03     1  10:26        6.18
  134A-042             JUNCTION     0.68     2.88     5.03     1  10:26        2.83
  134B-001             JUNCTION    27.28    50.10    44.94     1  12:06       50.03
  140A-001             JUNCTION     3.70     8.61    26.94     1  14:37        8.61
  151A-001             JUNCTION     7.50    12.41     9.33     1  12:04       12.40
  151A-003             JUNCTION     5.87    12.48     3.25     1  12:06       12.33
  151A-005             JUNCTION     5.64    12.87     4.08     1  12:05       12.72
  151A-006             JUNCTION     5.46    12.51     4.07     1  12:05       12.41
  151A-007             JUNCTION     5.30    12.19     4.07     1  12:05       12.13
  151A-008             JUNCTION     5.16    11.90     4.08     1  12:05       11.87
  151A-010             JUNCTION     4.79    10.85     3.88     1  12:05       10.84
  151A-011             JUNCTION     4.70    10.41     3.73     1  12:00       10.41
  151A-012             JUNCTION     4.62    10.27     3.82     1  12:08       10.27
  151A-013             JUNCTION     4.62    10.16     3.92     1  11:54       10.16
  151A-014             JUNCTION     4.63    10.13     4.07     1  12:13       10.13
  151A-015             JUNCTION     4.46     9.88     4.23     1  12:03        9.87
  151A-016             JUNCTION     4.36     9.69     4.34     1  12:03        9.68
  151A-017             JUNCTION     4.18     9.43     4.40     1  12:04        9.42
  151A-018             JUNCTION     4.28     9.34     4.55     1  11:54        9.33
  151A-019             JUNCTION     4.22     9.17     4.74     1  12:03        9.16
  151A-020             JUNCTION     4.09     8.88     4.94     1  12:15        8.88
  151A-021             JUNCTION     4.13     8.80     5.11     1  06:42        8.80
  151A-022             JUNCTION     4.17     9.08     5.55     1  12:04        9.08
  151A-023             JUNCTION     4.16     9.32     6.00     1  12:03        9.31
  151A-024             JUNCTION     4.20     9.71     6.69     1  12:05        9.71
  151A-025             JUNCTION     4.37    10.20     7.31     1  12:05       10.20
  151A-026             JUNCTION     3.96     9.70     7.34     1  12:05        9.70
  151A-027             JUNCTION     4.05     9.64     7.36     1  11:59        9.64
  151A-028             JUNCTION     0.52     5.45     5.00     1  06:49        3.01
  151A-029             JUNCTION     0.11     0.42     9.93     1  12:41        0.42
  151A-030             JUNCTION     0.35     4.32    16.51     1  12:38        4.31
  151A-164             JUNCTION     0.97     2.45     9.35     1  12:15        2.45
  151A-165             JUNCTION     1.19     3.31    10.31     1  12:13        3.29
  151A-166             JUNCTION     0.71     2.93    10.45     1  12:13        2.92
  151A-168             JUNCTION     0.94     3.36    11.41     1  12:12        3.31
  151A-169             JUNCTION     0.99     3.92    12.37     1  12:12        3.85
  151A-189             JUNCTION     4.22    10.03     7.26     1  12:05       10.03
  151A-191             JUNCTION     3.47     8.87     7.74     1  12:04        8.86
  151A-192             JUNCTION     3.59     8.81     7.56     1  12:03        8.81
  151A-199             JUNCTION     3.45     8.49     7.38     1  10:17        8.49
  151A-200             JUNCTION     3.34     8.40     7.40     1  12:57        8.38
  151A-201             JUNCTION     0.90     3.20     7.47     1  06:28        3.12
  151A-202             JUNCTION     3.07     8.12     7.40     1  12:57        8.11
  151A-203             JUNCTION     3.06     8.11     7.40     1  14:47        8.10
  151A-204             JUNCTION     2.88     7.92     7.40     1  14:48        7.91
  151A-205             JUNCTION     2.71     7.67     7.40     1  11:14        7.66
  151A-206             JUNCTION     2.59     7.43     7.39     1  14:47        7.42
  151A-209             JUNCTION     1.00     4.86    13.73     1  12:10        4.39
  151A-210             JUNCTION     1.03     5.57    14.82     1  12:10        4.95
  151A-211             JUNCTION     1.06     6.34    15.95     1  12:10        5.58
  151A-212             JUNCTION     1.03     6.91    16.97     1  12:10        6.11
  151A-213             JUNCTION     1.06     7.80    18.25     1  12:10        6.70
  151A-214             JUNCTION     1.05     8.56    19.42     1  12:10        7.57
  151A-215             JUNCTION     0.85     8.68    20.60     1  12:10        8.36
  151A-219             JUNCTION     0.64     7.56    21.19     1  12:10        7.33
  151A-220             JUNCTION     0.44     1.03    21.06     1  12:10        1.02
  151A-221             JUNCTION     0.98     2.77    23.30     1  12:08        2.76
  151A-222             JUNCTION     0.95     3.32    24.36     1  12:08        3.28
  151A-223             JUNCTION     0.64     2.02    25.24     1  12:08        1.99
  151A-240             JUNCTION     0.42     0.93    33.93     1  12:13        0.93
  151A-241             JUNCTION     1.07     2.34    35.42     1  12:12        2.32
  151A-242             JUNCTION     0.96     2.54    35.96     1  12:12        2.50
  151A-246             JUNCTION     0.97     2.78    36.46     1  12:12        2.72
  151A-247             JUNCTION     0.93     2.94    36.95     1  12:11        2.87
  151A-248             JUNCTION     0.85     3.01    37.56     1  12:12        2.92
  151A-249             JUNCTION     1.34     3.96    38.31     1  12:11        3.87
  151A-250             JUNCTION     0.83     3.89    39.21     1  12:11        3.79
  151A-252             JUNCTION     0.28     4.14    41.16     1  12:03        2.97
  151A-253             JUNCTION     0.36     3.30    40.11     1  12:08        3.12
  151A-254             JUNCTION     0.36     3.52    40.84     1  12:08        2.70
  151A-255             JUNCTION     0.38     3.73    41.47     1  12:08        2.38
  151A-256             JUNCTION     0.36     1.98    40.29     1  12:16        1.92
  151A-257             JUNCTION     0.35     1.58    40.42     1  12:16        1.53
  151A-258             JUNCTION     0.33     1.47    40.44     1  12:17        1.45
  151A-259             JUNCTION     0.79     3.97    40.26     1  12:08        3.81
  151A-261             JUNCTION     0.88     4.62    41.00     1  12:08        3.86
  151A-264             JUNCTION     0.80     5.10    41.75     1  12:08        3.76
  151A-265             JUNCTION     0.73     5.31    42.20     1  12:08        3.61
  151A-282             JUNCTION     5.67     9.51     7.48     1  12:09        9.50
  151A-287             JUNCTION     3.62     9.30     7.45     1  12:03        9.27
  151A-J40             JUNCTION    22.50    44.00    84.00     3  17:27       41.16
  151A-J47             JUNCTION     7.20    11.89     9.03     1  12:04       11.88
  152A-001             JUNCTION    15.28    31.71    27.58     1  18:52       31.25
  162A-001             JUNCTION    12.02    16.87    24.82     1  07:53       16.87
  163A-001             JUNCTION    32.40    50.21    42.23     1  12:38       50.07
  163A-003             JUNCTION     0.00     0.00    -3.70     0  00:00        0.00
  163A-004             JUNCTION     0.00     0.00    -3.62     0  00:00        0.00
  163A-005             JUNCTION     0.00     0.00    -3.50     0  00:00        0.00
  163A-006             JUNCTION     0.00     0.00    -3.04     0  00:00        0.00
  163A-007             JUNCTION     0.54     3.49    -5.47     1  12:40        3.42
  163A-008             JUNCTION     0.85     3.39    -5.42     1  12:44        3.38
  163A-009             JUNCTION     0.25     2.74    -5.11     1  12:32        2.34
  163A-010             JUNCTION     0.49     2.29    -5.21     1  12:34        2.04
  163A-011             JUNCTION     0.40     1.32    -5.30     1  12:35        1.27
  163A-012             JUNCTION     0.00     0.00    -2.04     0  00:00        0.00
  163A-017             JUNCTION     0.68     2.00    -4.31     1  12:09        2.00
  163A-018             JUNCTION     0.67     2.21    -3.87     1  12:09        2.20
  163A-019             JUNCTION     0.53     2.59    -3.31     1  12:10        2.23
  163A-020             JUNCTION     0.35     2.81    -1.26     1  12:16        1.85
  163A-021             JUNCTION     0.35     2.89     0.18     1  12:16        1.52
  163A-022             JUNCTION     0.29     1.32    -1.17     1  12:19        1.32
  163A-023             JUNCTION     0.36     1.25    -0.47     1  12:12        1.19
  163A-025             JUNCTION     0.27     0.83     3.89     1  12:12        0.82
  163A-028             JUNCTION     0.45     1.55     5.25     1  12:11        1.54
  163A-029             JUNCTION     0.45     1.55     5.41     1  12:11        1.55
  163A-030             JUNCTION     0.44     1.56     5.71     1  12:09        1.56
  163A-031             JUNCTION     0.51     1.66     5.86     1  12:09        1.65
  163A-032             JUNCTION     0.11     0.26     7.01     1  12:30        0.26
  163A-034             JUNCTION     0.40     1.54     5.94     1  12:08        1.53
  163A-035             JUNCTION     0.43     1.57     6.26     1  12:07        1.51
  163A-038             JUNCTION     0.38     2.23     8.35     1  12:06        2.17
  163A-043             JUNCTION     0.41     3.19    10.37     1  12:05        3.17
  163A-044             JUNCTION     0.54     4.40    11.98     1  12:05        4.39
  163A-045             JUNCTION     0.57     5.82    13.89     1  12:03        5.81
  163A-046             JUNCTION     0.54     5.91    14.09     1  12:03        5.90
  163A-047             JUNCTION     0.47     5.90    14.29     1  12:05        5.90
  163A-051             JUNCTION     0.12     7.28    17.51     1  12:05        7.27
  163A-075             JUNCTION     0.37     5.42    14.16     1  12:05        5.42
  163A-077             JUNCTION     0.35     4.84    14.00     1  12:02        4.84
  163A-098             JUNCTION     0.00     0.00    -1.00     0  00:00        0.00
  163A-100             JUNCTION     0.39     1.17    -3.81     1  12:35        1.17
  163A-101             JUNCTION     0.22     0.72     2.81     1  12:25        0.72
  163A-109             JUNCTION     0.43     2.23     5.13     1  12:25        2.23
  163A-110             JUNCTION     0.02     0.97     5.13     1  12:25        0.97
  163A-111             JUNCTION     0.01     0.63     5.13     1  12:25        0.63
  163A-125             JUNCTION     0.42     2.15     5.45     1  12:23        2.15
  163A-130             JUNCTION     0.32     1.96     5.51     1  12:23        1.95
  163A-145             JUNCTION     0.39     1.84     5.95     1  12:23        1.84
  163A-154             JUNCTION     0.41     1.72     6.12     1  12:24        1.72
  163A-164             JUNCTION     0.40     1.62     6.30     1  12:24        1.62
  163A-172             JUNCTION     0.36     4.31     9.96     1  12:07        2.30
  163A-173             JUNCTION     0.36     3.17     9.18     1  12:07        2.70
  163A-178             JUNCTION     0.29     3.00     9.59     1  12:06        2.86
  163A-182             JUNCTION     0.29     2.99    10.16     1  12:06        2.88
  163A-183             JUNCTION     0.29     2.93    10.61     1  12:13        2.90
  163A-241             JUNCTION     0.00     0.67    11.46     1  12:14        0.65
  163A-242             JUNCTION     0.00     0.02    11.45     1  12:15        0.02
  163A-243             JUNCTION     0.00     0.00    12.00     0  00:00        0.00
  163A-244             JUNCTION     0.00     0.00    12.26     0  00:00        0.00
  163A-346             JUNCTION     0.33     2.89     9.08     1  12:13        2.85
  163A-348             JUNCTION     0.00     0.01    -4.15     1  12:20        0.01
  163A-349             JUNCTION     0.00     0.00     1.55     0  00:00        0.00
  163A-350             JUNCTION     0.00     0.00     1.80     0  00:00        0.00
  163A-351             JUNCTION     0.00     0.00     2.43     0  00:00        0.00
  163A-361             JUNCTION     0.00     0.00    -3.34     0  00:00        0.00
  163A-363             JUNCTION     0.43     2.23     5.16     1  12:24        2.22
  163A-367             JUNCTION     0.00     0.00    -1.35     0  00:00        0.00
  163A-368             JUNCTION     0.00     0.00    -2.16     0  00:00        0.00
  163A-369             JUNCTION     0.00     0.00     2.13     0  00:00        0.00
  163A-370             JUNCTION     0.00     0.00    11.40     0  00:00        0.00
  163A-372             JUNCTION     0.00     0.00    11.51     0  00:00        0.00
  163A-391             JUNCTION     5.60    21.58    24.48     1  12:17       21.58
  163A-J52             JUNCTION     1.67     6.06    -5.54     1  12:38        5.99
  164A-001             JUNCTION    19.26   203.73   253.00     2  04:18       41.34
  164A-002             JUNCTION     2.90     9.56    48.79     1  13:16        9.56
  164A-008             JUNCTION     1.51     5.61    49.09     1  13:44        5.61
  164A-009             JUNCTION     1.21     4.57    49.05     1  12:57        4.56
  164A-010             JUNCTION     1.05     4.00    49.01     1  10:19        4.00
  164A-014             JUNCTION     0.71     2.82    49.07     1  12:20        2.82
  164A-015             JUNCTION     0.82     2.82    49.10     1  13:16        2.81
  164A-016             JUNCTION     0.71     2.65    49.12     1  12:09        2.64
  164A-017             JUNCTION     4.17     6.13    49.16     1  17:30        6.12
  164A-019             JUNCTION     3.73     5.70    49.19     1  17:30        5.69
  172A-001             JUNCTION     4.94    11.57     2.77     1  12:08       11.37
  172A-004             JUNCTION     4.75    11.61     3.24     1  12:08       11.42
  172A-049             JUNCTION     1.71     5.76     2.79     1  12:08        5.57
  172A-050             JUNCTION     1.69     5.53     2.86     1  12:08        5.36
  172A-051             JUNCTION     1.48     5.13     2.96     1  12:08        4.98
  172A-052             JUNCTION     1.39     4.90     3.01     1  12:08        4.77
  172A-053             JUNCTION     1.29     4.66     3.06     1  12:08        4.55
  172A-054             JUNCTION     1.19     4.42     3.11     1  12:08        4.32
  172A-055             JUNCTION     1.05     4.03     3.20     1  12:08        3.96
  172A-056             JUNCTION     0.82     3.36     3.50     1  10:55        3.36
  172A-057             JUNCTION     0.79     4.14     4.90     1  12:53        4.14
  172A-058             JUNCTION     0.78     4.69     5.87     1  13:15        4.69
  172A-108             JUNCTION     4.46    12.12     4.81     1  12:08       11.96
  172A-112             JUNCTION     4.44    12.06     4.90     1  12:07       11.94
  172A-113             JUNCTION     4.29    11.87     5.02     1  12:08       11.78
  172A-121             JUNCTION     4.19    11.71     5.17     1  12:07       11.65
  172A-122             JUNCTION     4.14    11.62     5.37     1  12:08       11.58
  172A-154             JUNCTION     4.52    11.82     6.30     1  12:04       11.82
  172A-160             JUNCTION     4.76    12.08     6.66     1  12:12       12.08
  172A-161             JUNCTION     4.95    12.31     6.97     1  12:10       12.29
  172A-170             JUNCTION     5.32    12.73     7.60     1  10:05       12.73
  172A-179             JUNCTION     5.70    14.15     9.20     1  14:59       14.15
  172A-J59             JUNCTION     6.79    12.29    14.35     2  23:18        9.46
  172A-J59A            JUNCTION    16.09   113.25   114.25     2  23:18       38.93
  172B-001             JUNCTION    19.26   209.92   213.00     1  01:26       94.17
  172B-001B            JUNCTION    18.50   168.34   171.42     2  10:30       35.90
  177A-001             JUNCTION     3.72     9.71    22.46     2  03:24        8.93
  177A-002             JUNCTION     4.35    13.49    18.27     1  12:05       13.48
  183A-001             JUNCTION    32.09   133.68   156.09     2  09:16       47.90
  183A-009             JUNCTION     7.33    14.54    28.54     1  12:07       14.42
  183A-016             JUNCTION     7.47    14.94    29.00     1  12:04       14.94
  185A-001             JUNCTION     1.04     4.59    10.09     1  13:18        4.59
  190A-001             JUNCTION     2.84     9.64    10.84     2  02:19        6.58
  190A-002             JUNCTION     1.63     9.63     6.98     1  12:04        9.59
  190A-006             JUNCTION     1.41     9.21     7.00     1  12:03        9.21
  190A-017             JUNCTION     1.43     8.93     7.84     1  12:05        8.92
  190A-018             JUNCTION     1.44     8.37     7.70     1  11:49        8.37
  190A-019             JUNCTION     1.51     9.11     8.89     1  12:22        9.10
  190A-020             JUNCTION     1.58     9.83    10.04     1  12:08        9.82
  190A-025             JUNCTION     1.64    10.54    11.24     1  11:58       10.54
  190A-026             JUNCTION     1.71    11.13    12.19     1  11:58       11.12
  190A-027             JUNCTION     1.74    11.54    12.86     1  11:58       11.53
  190A-028             JUNCTION     1.79    12.15    13.92     1  12:30       12.14
  190A-029             JUNCTION     1.90    12.99    15.19     1  12:51       12.98
  190A-030             JUNCTION     1.98    13.92    16.68     1  12:09       13.92
  190A-037             JUNCTION     1.98    13.39    17.20     1  11:55       13.39
  194A-001             JUNCTION    15.33   206.65   240.65     1  04:29       36.09
  194A-J54             JUNCTION     8.01    85.08   119.02     1  07:07       30.84
  195A-001             JUNCTION     9.43    25.78    20.60     1  12:15       25.67
  195A-002             JUNCTION     0.15     8.10     5.00     1  12:06        6.25
  199A-001             JUNCTION    18.21   146.07   144.65     2  04:58       38.84
  199A-002             JUNCTION     2.68    10.23     4.76     1  12:46       10.23
  199A-003             JUNCTION     2.38     9.75     5.00     1  11:03        9.75
  199A-004             JUNCTION     0.64     3.65     5.88     1  12:35        3.65
  199A-007             JUNCTION     2.02     4.00     9.50     1  01:40        4.00
  199A-008             JUNCTION     1.70     3.50    12.50     1  04:25        3.50
  199A-015             JUNCTION     1.14     2.59    18.05     1  13:18        2.58
  199A-016             JUNCTION     1.61     3.54    19.67     1  05:37        3.53
  199A-017             JUNCTION     1.87     4.13    20.65     1  06:03        4.12
  199A-021             JUNCTION     1.97     4.39    21.41     1  13:19        4.38
  199A-022             JUNCTION     2.45     5.40    22.96     1  16:56        5.39
  199A-J53             JUNCTION     1.16     3.89     7.18     1  12:30        3.89
  203A-001             JUNCTION    14.80   111.35   108.30     2  02:30       28.04
  206A-001             JUNCTION    27.58    42.05    30.03     1  12:07       41.99
  206A-003             JUNCTION     2.09    12.32     5.12     1  12:45       12.31
  206A-006             JUNCTION     1.83    11.45     5.17     1  12:45       11.41
  206A-011             JUNCTION     0.85     6.30     3.50     1  11:49        6.30
  206A-014             JUNCTION     0.27     2.73     3.53     1  11:53        2.71
  206A-017             JUNCTION     0.05     0.64     3.55     1  11:52        0.60
  206A-018             JUNCTION     0.00     0.00     9.39     0  00:00        0.00
  206A-021             JUNCTION     0.00     0.06     3.56     1  11:54        0.05
  206A-022             JUNCTION     0.00     0.00     4.54     0  00:00        0.00
  206A-023             JUNCTION     0.00     0.00     9.71     0  00:00        0.00
  206A-024             JUNCTION     0.00     0.00    22.13     0  00:00        0.00
  206A-026             JUNCTION     0.00     0.00     5.14     0  00:00        0.00
  206A-027             JUNCTION     0.00     0.00     6.60     0  00:00        0.00
  206A-028             JUNCTION     0.00     0.00     8.39     0  00:00        0.00
  206A-032             JUNCTION     1.62    10.66     5.38     1  12:56       10.50
  206A-033             JUNCTION     1.41     9.98     5.70     1  13:13        9.60
  206A-036             JUNCTION     1.24     9.43     6.02     1  13:13        8.80
  206A-037             JUNCTION     1.07     8.69     6.31     1  13:13        7.87
  206A-038             JUNCTION     1.01     8.44     6.37     1  13:13        7.59
  206A-039             JUNCTION     0.87     7.50     6.42     1  13:13        6.69
  206A-040             JUNCTION     0.70     6.37     6.44     1  13:13        5.63
  206A-041             JUNCTION     0.62     5.74     6.59     1  15:15        4.94
  206A-042             JUNCTION     0.51     4.77     6.54     1  15:15        4.11
  206A-043             JUNCTION     0.38     3.54     6.34     1  15:15        3.15
  206A-044             JUNCTION     0.37     2.70     6.00     1  11:43        2.70
  206A-045             JUNCTION     0.27     4.62     8.94     1  14:59        3.41
  206A-048             JUNCTION     0.09     0.31    16.10     1  12:11        0.31
  206A-051             JUNCTION     0.17     1.15    17.54     1  12:10        1.15
  206A-054             JUNCTION     0.00     0.00     8.81     0  00:00        0.00
  206A-J16             JUNCTION    16.47    24.99    25.19     1  12:06       24.89
  225A-001             JUNCTION     6.21    13.51    13.14     1  06:01       12.48
  227A-001             JUNCTION    12.42    34.94    55.94     1  12:09       34.94
  232A-232             JUNCTION    25.72    47.93    79.43     2  23:52       31.98
  246A-001             JUNCTION    18.96    23.75    26.25     1  12:05       23.74
  246A-020             JUNCTION     9.95    13.59     8.19     1  12:18       13.58
  246A-021             JUNCTION     9.71    13.79     8.90     1  12:03       13.79
  246A-023             JUNCTION     8.56    12.65     9.47     1  12:08       12.64
  252-001              JUNCTION    15.05   106.12   135.77     2  20:15       26.25
  255A-004             JUNCTION     0.99     3.72    11.52     1  00:53        3.72
  266A-001             JUNCTION    36.14    88.32   115.19     1  12:08       88.17
  266A-J25             JUNCTION    14.37    37.12    74.01     1  12:08       36.44
  266A-VP12            JUNCTION    17.39    38.80    73.77     1  12:08       38.12
  266A-VP13            JUNCTION    13.70    36.35    73.87     1  12:08       35.67
  267A-001             JUNCTION     7.98    20.33    47.83     1  11:36       20.33
  281A-001             JUNCTION     7.59    19.53    39.53     1  10:28       19.52
  281A-003             JUNCTION    11.07    18.57    39.57     1  16:33       18.57
  281A-031             JUNCTION     8.24    15.92    40.12     1  10:24       15.92
  281A-036             JUNCTION     7.12    15.46    41.19     1  10:29       15.46
  281A-072             JUNCTION    43.10   228.59   239.69     1  01:11       75.11
  281A-077             JUNCTION     9.58    17.07    39.64     1  13:10       17.07
  282A-001             JUNCTION    40.63   218.14   210.64     1  00:29      132.01
  282A-009             JUNCTION     2.79     5.00    11.50     1  10:40        5.00
  282A-012             JUNCTION     0.01     0.58    12.24     1  12:13        0.52
  282A-016             JUNCTION     0.02     0.43    13.67     1  12:08        0.42
  282A-017             JUNCTION     0.03     1.41    15.48     1  12:07        0.93
  283A-001             JUNCTION    32.70   169.28   154.58     2  02:04      145.36
  283A-003             JUNCTION     2.87    10.37     5.10     1  09:36       10.37
  314A-001             JUNCTION     1.30    11.14    47.58     1  12:09       11.13
  314A-004             JUNCTION     1.64    11.66    48.29     1  12:08       11.66
  314A-010             JUNCTION     1.89    12.03    48.97     1  12:08       12.01
  314A-037             JUNCTION     2.29    11.99    49.20     1  12:03       11.99
  316A-001             JUNCTION     3.13     6.09     6.36     1  12:05        6.07
  316A-002             JUNCTION     2.42     4.88     6.41     1  12:05        4.87
  316A-003             JUNCTION     2.48     4.69     6.50     1  10:24        4.69
  316A-016             JUNCTION     2.25     8.61    13.29     1  12:06        8.40
  316A-017             JUNCTION     2.53    13.88    20.56     1  12:07       13.45
  316A-087             JUNCTION     1.45     7.68    19.50     1  12:03        7.68
  316A-100             JUNCTION     1.55     7.24    19.96     1  12:05        7.22
  316A-111             JUNCTION     1.62     7.25    20.42     1  12:05        7.22
  316A-114             JUNCTION     1.68     7.29    20.65     1  12:05        7.25
  316A-117             JUNCTION     1.81     7.41    21.22     1  12:05        7.35
  316A-119             JUNCTION     1.12     4.28    21.00     1  10:37        4.28
  316A-120             JUNCTION     1.59     5.13    21.82     1  12:57        5.12
  316A-147             JUNCTION     1.72     7.03    21.53     1  12:05        7.02
  316A-149             JUNCTION     1.91     7.40    21.69     1  12:05        7.35
  316A-188             JUNCTION     1.47     5.61    23.00     1  11:32        5.61
  316A-189             JUNCTION     1.67     7.48    25.27     1  12:05        7.47
  316A-243             JUNCTION     1.54     6.63    21.40     1  12:03        6.63
  316A-245             JUNCTION     1.59     7.26    20.21     1  12:05        7.23
  329A-001             JUNCTION     6.89    13.22    28.00     1  11:52       13.22
  329A-002             JUNCTION     4.75     9.01    27.44     1  04:15        9.01
  329A-003             JUNCTION     4.80     9.15    28.50     1  05:15        9.15
  329A-005             JUNCTION     4.88     9.47    29.60     1  12:30        9.47
  329A-006             JUNCTION     4.80     9.50    30.65     1  12:58        9.50
  329A-007             JUNCTION     5.02     9.97    31.64     1  09:02        9.97
  329A-008             JUNCTION     5.13    10.29    32.42     1  08:59       10.28
  329A-009             JUNCTION     5.27    10.69    33.60     1  11:18       10.69
  329A-023             JUNCTION     5.30    11.14    35.39     1  12:14       11.13
  329A-027             JUNCTION     5.13    11.14    36.06     1  12:25       11.13
  329A-030             JUNCTION     5.04    11.25    36.71     1  12:21       11.25
  329A-031             JUNCTION     4.86    11.22    37.32     1  12:08       11.22
  329A-040             JUNCTION     4.63    11.26    38.40     1  12:19       11.26
  329A-044             JUNCTION     4.52    11.31    38.97     1  12:15       11.30
  329A-046             JUNCTION     4.43    11.41    39.64     1  12:25       11.40
  329A-047             JUNCTION     4.23    11.34    40.32     1  12:16       11.34
  329A-053             JUNCTION     3.79    10.05    40.56     1  12:03       10.04
  329A-054             JUNCTION     3.64     7.84    38.98     1  05:44        7.84
  329A-059             JUNCTION     4.05     9.33    41.47     1  13:58        9.32
  329A-064             JUNCTION     4.35    10.51    43.64     1  13:58       10.50
  329A-076             JUNCTION     4.01     9.97    45.36     1  07:56        9.97
  329A-082             JUNCTION     3.53     8.93    45.28     1  11:54        8.93
  329A-083             JUNCTION     3.04     7.82    45.19     1  12:57        7.81
  329A-084             JUNCTION     2.52     6.59    45.09     1  14:39        6.58
  329A-085             JUNCTION     2.03     5.35    44.98     1  07:04        5.35
  330A-003             JUNCTION     6.36    13.50    29.61     1  12:07       13.31
  330A-004             JUNCTION     6.15    11.46    28.00     1  04:34       11.46
  330A-007             JUNCTION     6.12    15.21    33.01     1  12:06       15.07
  330A-008             JUNCTION     5.94    14.77    33.25     1  12:03       14.77
  330A-078             JUNCTION     5.80    12.76    33.00     1  10:54       12.76
  330A-084             JUNCTION     5.86    12.66    34.01     1  12:15       12.65
  330A-085             JUNCTION     5.68    11.60    34.00     1  09:33       11.60
  330A-086             JUNCTION     5.76    11.53    34.49     1  11:28       11.53
  330A-087             JUNCTION     5.74    11.31    35.00     1  06:00       11.31
  330A-088             JUNCTION     5.70    11.20    35.98     1  07:35       11.20
  330A-089             JUNCTION     5.75    11.21    37.00     1  04:28       11.21
  330A-090             JUNCTION     5.96    11.96    38.43     1  10:34       11.96
  330A-096             JUNCTION     5.92    11.91    39.26     1  12:09       11.90
  330A-097             JUNCTION     5.82    11.64    39.42     1  12:02       11.63
  330A-100             JUNCTION     3.70     7.83    39.38     1  14:23        7.82
  330A-101             JUNCTION     3.28     6.65    39.29     1  04:16        6.65
  330A-102             JUNCTION     1.30     3.12    40.47     1  17:21        3.12
  330A-103             JUNCTION     2.92     5.47    41.66     1  12:37        5.46
  330A-104             JUNCTION     2.19     5.44    42.79     1  12:37        5.43
  330A-107             JUNCTION     1.02     3.27    44.13     1  12:57        3.26
  330A-125             JUNCTION     4.33     9.32    42.40     1  13:18        9.31
  330A-128             JUNCTION     4.19     9.12    42.97     1  13:18        9.10
  330A-129             JUNCTION     4.00     8.84    43.51     1  11:30        8.84
  330A-130             JUNCTION     3.74     8.45    44.35     1  13:00        8.44
  330A-131             JUNCTION     3.54     8.14    45.18     1  10:42        8.14
  330A-134             JUNCTION     2.66     6.41    45.28     1  12:57        6.40
  330A-138             JUNCTION     2.60     6.16    45.89     1  12:57        6.14
  330A-139             JUNCTION     2.47     5.94    46.45     1  13:11        5.94
  330A-140             JUNCTION     2.24     5.52    46.52     1  12:30        5.51
  330A-141             JUNCTION     0.99     2.53    47.17     1  13:00        2.52
  330A-143             JUNCTION     0.69     1.73    47.86     1  12:30        1.72
  330A-144             JUNCTION     0.65     1.62    48.02     1  12:30        1.62
  330A-145             JUNCTION     0.48     1.22    48.35     1  12:15        1.21
  330A-147             JUNCTION     3.18     6.70    39.34     1  12:57        6.69
  330A-152             JUNCTION     4.87    10.12    41.17     1  12:33       10.11
  330A-243             JUNCTION     3.92     8.73    43.69     1  12:30        8.73
  331A-001             JUNCTION     2.40    13.11    27.12     1  12:08       13.06
  331A-002             JUNCTION     1.99    12.77    28.00     1  12:07       12.57
  331A-004             JUNCTION     2.15    13.12    28.56     1  12:07       12.88
  331A-008             JUNCTION     2.36    12.30    28.65     1  12:07       12.18
  331A-010             JUNCTION     2.09    10.60    28.00     1  12:02       10.60
  331A-015             JUNCTION     2.34    10.72    28.02     1  13:18       10.70
  331A-032             JUNCTION     2.68    12.33    27.00     1  12:03       12.33
  331A-033             JUNCTION     2.79    12.67    27.57     1  12:03       12.65
  331A-036             JUNCTION     2.91    13.20    28.75     1  12:05       13.16
  331A-037             JUNCTION     3.33    14.11    30.00     1  12:05       14.05
  331A-045             JUNCTION     3.63    13.55    30.25     1  12:03       13.55
  331A-086             JUNCTION     3.60    12.92    30.10     1  12:03       12.91
  331A-088             JUNCTION     3.69    12.30    29.92     1  12:03       12.28
  331A-095             JUNCTION     3.74    11.74    29.76     1  12:08       11.73
  331A-096             JUNCTION     3.90    11.41    29.77     1  12:34       11.41
  331A-099             JUNCTION     3.89    11.03    29.78     1  12:01       11.03
  331A-100             JUNCTION     3.93    11.03    29.78     1  12:09       11.03
  331A-104             JUNCTION     3.91    10.98    29.78     1  12:03       10.98
  331A-105             JUNCTION     3.79    10.50    29.79     1  12:10       10.50
  331A-112             JUNCTION     3.52     8.65    28.70     1  10:45        8.65
  331A-113             JUNCTION     3.42     7.96    28.79     1  12:57        7.95
  331A-128             JUNCTION     0.21     0.35    33.79     1  11:16        0.35
  331A-132             JUNCTION     3.73     5.49    36.45     1  13:19        5.49
  331A-138             JUNCTION     3.53     6.06    37.68     1  13:21        6.05
  331A-147             JUNCTION     4.47    10.11    42.65     1  12:47       10.10
  331A-152             JUNCTION     4.40    10.22    44.81     1  07:59       10.22
  331A-157             JUNCTION     3.74     8.77    44.44     1  10:52        8.77
  331A-158             JUNCTION     3.15     7.36    44.03     1  14:24        7.35
  331A-159             JUNCTION     2.49     5.79    43.62     1  05:47        5.79
  331A-160             JUNCTION     2.37     5.59    43.64     1  13:18        5.58
  331A-165             JUNCTION     3.85    10.41    29.84     1  12:16       10.40
  331A-166             JUNCTION     3.83    10.25    29.89     1  12:17       10.24
  331A-167             JUNCTION     3.68     9.85    29.94     1  12:19        9.85
  331A-230             JUNCTION     3.42     8.61    29.65     1  10:50        8.61
  331A-231             JUNCTION     3.43     8.37    29.73     1  12:08        8.37
  331A-236             JUNCTION     3.42     8.17    29.81     1  12:20        8.16
  331A-237             JUNCTION     3.34     7.97    29.85     1  12:14        7.96
  331A-238             JUNCTION     3.33     7.80    29.90     1  12:14        7.79
  331A-239             JUNCTION     3.22     7.39    30.00     1  11:55        7.39
  331A-243             JUNCTION     3.21     7.46    30.40     1  12:01        7.46
  331A-253             JUNCTION     3.00     6.82    30.50     1  12:04        6.81
  331A-260             JUNCTION     2.82     5.65    29.81     1  05:38        5.65
  331A-265             JUNCTION     1.84     3.85    30.17     1  12:09        3.85
  331A-270             JUNCTION     2.69     4.75    30.52     1  12:05        4.72
  331A-271             JUNCTION     1.95     4.00    30.77     1  12:07        3.99
  331A-272             JUNCTION     2.59     4.69    31.14     1  12:06        4.67
  331A-273             JUNCTION     2.43     4.62    31.43     1  12:06        4.60
  331A-274             JUNCTION     3.31     5.62    31.74     1  12:07        5.59
  331A-J22             JUNCTION     3.83    11.17    29.78     1  12:10       11.16
  331A-J23             JUNCTION     3.90    11.27    29.78     1  12:04       11.26
  332A-001             JUNCTION     1.68    12.92    26.43     1  12:06       12.21
  332A-007             JUNCTION     1.43    12.52    26.74     1  12:06       11.84
  332A-018             JUNCTION     1.26    11.58    26.38     1  12:06       11.23
  332A-027             JUNCTION     1.10    10.56    26.00     1  12:05       10.56
  332A-035             JUNCTION     1.10     8.90    26.00     1  12:04        8.90
  332A-036             JUNCTION     1.22     8.51    26.73     1  12:16        8.51
  332A-040             JUNCTION     1.33     7.80    28.00     1  12:01        7.80
  332A-042             JUNCTION     0.72     6.46    33.45     1  12:08        5.41
  332A-043             JUNCTION     0.44     4.70    36.70     1  12:08        3.02
  332A-044             JUNCTION     0.57     5.06    37.91     1  12:08        3.18
  332A-057             JUNCTION     0.85     6.81    40.31     1  12:08        5.35
  332A-058             JUNCTION     0.49     6.08    40.58     1  12:08        4.93
  332A-062             JUNCTION     0.42     5.85    41.85     1  12:07        4.07
  332A-063             JUNCTION     0.46     5.86    42.36     1  12:08        3.89
  332A-080             JUNCTION     0.33     5.80    43.16     1  12:07        3.20
  332A-081             JUNCTION     0.57     4.94    42.55     1  12:08        3.04
  332A-082             JUNCTION     0.65     5.65    43.48     1  12:08        3.80
  332A-118             JUNCTION     0.73     6.66    44.82     1  12:08        5.03
  332A-119             JUNCTION     0.82     7.60    46.04     1  12:08        6.32
  332A-122             JUNCTION     0.92     8.53    47.22     1  12:08        7.63
  332A-136             JUNCTION     1.06     9.19    48.52     1  12:07        8.86
  332A-137             JUNCTION     1.11     8.87    48.52     1  12:07        8.67
  332A-138             JUNCTION     1.11     8.72    48.50     1  12:08        8.60
  332A-140             JUNCTION     1.17     8.44    48.50     1  12:04        8.44
  332A-141             JUNCTION     1.19     8.46    49.00     1  12:02        8.46
  332A-154             JUNCTION     1.20     9.17    50.27     1  12:03        9.14
  332A-155             JUNCTION     1.20     9.13    50.42     1  12:03        9.09
  332A-156             JUNCTION     1.21     9.03    50.72     1  12:03        9.00
  332A-184             JUNCTION     0.98     5.50    48.00     1  10:49        5.50
  332A-186             JUNCTION     1.21     7.64    49.74     1  12:15        7.64
  332A-J24             JUNCTION     7.80    13.91    48.93     1  00:47       13.75
  332A-J28             JUNCTION     5.16    15.27    52.88     1  12:08       13.70
  332A-J39             JUNCTION    41.94    70.84   112.84     1  12:08       70.40
  333A-001             JUNCTION     0.19     0.40    15.07     1  12:05        0.40
  333A-002             JUNCTION     0.75     2.85    17.99     1  12:04        2.81
  333A-003             JUNCTION     0.74     3.26    18.58     1  12:03        3.21
  333A-004             JUNCTION     0.76     3.49    18.90     1  12:03        3.41
  333A-006             JUNCTION     0.86     4.66    20.49     1  12:03        4.55
  333A-007             JUNCTION     0.96     5.69    21.86     1  12:03        5.56
  333A-008             JUNCTION     0.91     5.80    22.13     1  12:03        5.67
  333A-009             JUNCTION     1.06     6.81    23.43     1  12:03        6.66
  333A-010             JUNCTION     1.11     7.73    24.73     1  12:03        7.58
  333A-012             JUNCTION     1.22     8.90    26.33     1  12:03        8.78
  333A-013             JUNCTION     1.15     8.92    26.54     1  12:03        8.82
  333A-047             JUNCTION     1.78     9.34    28.00     1  12:02        9.34
  333A-049             JUNCTION     1.34     4.99    29.00     1  11:40        4.99
  333A-050             JUNCTION     1.96     4.88    30.50     1  08:14        4.88
  334A-011             JUNCTION     1.20     4.53    15.04     1  12:07        4.21
  334A-023             JUNCTION     1.36     5.34    16.00     1  12:08        5.00
  334A-024             JUNCTION     1.59     7.52    18.48     1  12:07        7.17
  334A-025             JUNCTION     1.91     9.89    20.96     1  12:08        9.53
  334A-031             JUNCTION     1.87    10.62    22.21     1  12:08       10.33
  334A-037             JUNCTION     2.07    11.00    22.69     1  12:08       10.78
  334A-042             JUNCTION     2.01    11.12    23.17     1  12:08       10.99
  334A-050             JUNCTION     2.23    11.58    23.92     1  12:05       11.58
  334A-051             JUNCTION     2.47    12.64    25.16     1  12:06       12.42
  334A-060             JUNCTION     2.62    12.68    25.53     1  12:06       12.56
  334A-061             JUNCTION     2.91    12.88    25.88     1  12:03       12.88
  335A-001             JUNCTION     2.36     6.94     7.39     1  12:57        6.94
  336A-001             JUNCTION     1.86     4.90     5.33     1  06:44        4.89
  336A-005             JUNCTION     1.82     4.29     9.33     1  15:04        4.28
  336A-006             JUNCTION     2.06     4.70    12.30     1  14:41        4.69
  336A-007             JUNCTION     2.49     5.57    14.00     1  13:48        5.57
  336A-008             JUNCTION     2.78     6.15    15.13     1  14:56        6.15
  336A-009             JUNCTION     2.92     6.43    16.00     1  06:08        6.43
  336A-047             JUNCTION     3.35     8.09    18.61     1  11:43        8.09
  336A-048             JUNCTION     3.44     8.02    19.31     1  11:42        8.02
  336A-075             JUNCTION     2.96     7.34    21.58     1  14:08        7.34
  336A-078             JUNCTION     3.20     8.32    23.24     1  11:48        8.32
  336A-208             JUNCTION     1.72     4.05    10.80     1  23:17        4.05
  336A-209             JUNCTION     1.86     4.39     8.41     1  16:35        4.39
  337A-004             JUNCTION     2.22     4.60     8.00     1  04:40        4.60
  337A-005             JUNCTION     0.78     4.34    11.84     1  12:20        4.33
  337A-006             JUNCTION     1.20     8.23    16.33     1  12:17        8.22
  337A-007             JUNCTION     1.40    12.06    20.85     1  12:15       12.05
  337A-039             JUNCTION     1.37    11.47    21.61     1  12:16       11.47
  337A-051             JUNCTION     1.34     9.51    20.25     1  12:05        9.51
  337A-052             JUNCTION     1.38     7.82    19.00     1  12:05        7.82
  337A-053             JUNCTION     1.31     6.20    18.00     1  12:24        6.19
  337A-070             JUNCTION     1.42     4.90    18.01     1  12:58        4.89
  337A-071             JUNCTION     1.51     5.00    18.57     1  12:58        5.00
  337A-072             JUNCTION     1.68     5.26    19.14     1  12:15        5.25
  337A-073             JUNCTION     1.64     5.16    20.07     1  12:58        5.16
  337A-075             JUNCTION     1.92     5.34    23.10     1  12:52        5.33
  337A-088             JUNCTION     1.15     3.19    26.19     1  07:34        3.18
  337A-089             JUNCTION     0.33     0.83    26.37     1  07:34        0.81
  337A-090             JUNCTION     0.19     0.28    27.20     1  11:18        0.28
  337A-091             JUNCTION     0.19     0.29    28.49     1  11:08        0.29
  337A-101             JUNCTION     0.16     0.25    29.58     1  11:16        0.25
  337A-102             JUNCTION     0.17     0.26    30.48     1  11:13        0.26
  337A-106             JUNCTION     0.43     0.59    30.65     1  11:13        0.59
  337A-108             JUNCTION     0.16     0.24    32.11     1  11:09        0.24
  337A-109             JUNCTION     0.19     0.29    32.69     1  11:07        0.29
  337A-110             JUNCTION     0.15     0.24    35.24     1  11:05        0.24
  337A-111             JUNCTION     0.17     0.26    37.26     1  10:59        0.26
  338A-001             JUNCTION     2.52     7.33     7.94     1  12:05        7.18
  338A-002             JUNCTION     2.49     7.33     7.53     1  12:05        7.20
  338A-039             JUNCTION     2.58     9.27    10.63     1  12:05        8.85
  338A-058             JUNCTION     2.64     7.00     9.50     1  12:03        7.00
  338A-076             JUNCTION     1.35     4.99     9.26     1  12:05        4.87
  338A-080             JUNCTION     2.28     6.54    12.83     1  12:05        6.52
  338A-084             JUNCTION     2.24     6.52    13.50     1  10:38        6.52
  338A-110             JUNCTION     2.81     8.83    18.38     1  12:48        8.83
  338A-111             JUNCTION     2.59     8.42    18.60     1  11:41        8.41
  338A-125             JUNCTION     2.31     7.74    18.95     1  12:35        7.73
  338A-131             JUNCTION     2.76     8.32    20.06     1  12:48        8.31
  338A-150             JUNCTION     3.20     9.09    21.76     1  11:04        9.09
  338A-151             JUNCTION     3.39     9.34    22.50     1  10:45        9.34
  338A-165             JUNCTION     3.44     9.06    23.50     1  11:41        9.06
  338A-179             JUNCTION     3.12     7.83    23.52     1  12:57        7.82
  338A-180             JUNCTION     3.05     7.62    23.51     1  12:57        7.62
  338A-181             JUNCTION     2.87     7.12    23.51     1  12:57        7.12
  338A-182             JUNCTION     2.71     6.67    23.50     1  07:12        6.67
  338A-185             JUNCTION     2.59     6.47    23.82     1  12:57        6.46
  338A-191             JUNCTION     2.39     6.09    24.29     1  12:57        6.08
  338A-192             JUNCTION     2.43     6.17    24.77     1  19:42        6.17
  338A-193             JUNCTION     2.35     6.09    25.39     1  15:51        6.08
  338A-194             JUNCTION     2.29     6.00    26.00     1  08:07        6.00
  338A-195             JUNCTION     2.20     5.90    26.50     1  08:31        5.90
  338A-197             JUNCTION     2.43     8.48    30.00     1  11:29        8.48
  338A-201             JUNCTION     2.66    11.74    33.94     1  12:57       11.72
  338A-202             JUNCTION     2.83    14.08    36.77     1  12:57       14.07
  338A-279             JUNCTION     2.58     8.02    19.50     1  11:52        8.02
  338A-280             JUNCTION     2.49     7.88    19.22     1  12:05        7.87
  339A-002             JUNCTION     4.06     9.37     2.07     1  12:07        9.29
  339A-002A            JUNCTION    20.24    26.35     2.25     1  12:07       26.21
  339A-002B            JUNCTION    28.82    35.22     2.37     1  12:07       35.06
  339A-002C            JUNCTION    20.50    26.96     2.51     1  12:07       26.76
  339A-002D            JUNCTION    20.08    26.37     2.27     1  12:07       26.24
  339A-002F            JUNCTION    20.36    26.98     2.53     1  12:07       26.80
  339A-002G            JUNCTION    20.40    27.03     2.58     1  12:08       26.87
  339A-002H            JUNCTION    20.29    27.02     2.57     1  12:08       26.84
  339A-005             JUNCTION     3.92     8.32     2.30     1  12:05        8.23
  339A-007             JUNCTION     3.78     8.22     2.58     1  12:05        8.08
  339A-008             JUNCTION     3.84     8.30     2.79     1  12:05        8.12
  339A-010             JUNCTION     3.84     8.36     3.11     1  12:05        8.13
  339A-011             JUNCTION     3.65     8.20     3.37     1  12:05        7.93
  339A-012             JUNCTION     3.83     8.38     3.49     1  12:05        8.10
  339A-013             JUNCTION     3.70     8.28     3.60     1  12:05        7.98
  339A-014             JUNCTION     3.73     8.30     3.81     1  12:05        8.00
  339A-015             JUNCTION     3.77     8.34     3.87     1  12:05        8.06
  339A-016             JUNCTION     3.70     8.27     3.93     1  12:05        8.00
  339A-017             JUNCTION     3.75     8.31     4.04     1  12:05        8.06
  339A-018             JUNCTION     4.07     8.79     4.75     1  12:05        8.58
  339A-019             JUNCTION     4.34     9.31     5.49     1  12:05        9.15
  339A-020             JUNCTION     4.13     9.24     6.02     1  12:05        9.10
  339A-022             JUNCTION     4.48     9.56     6.79     1  12:05        9.48
  339A-023             JUNCTION     4.26     9.20     6.75     1  12:05        9.13
  339A-024             JUNCTION     4.22     9.02     6.70     1  12:05        8.96
  339A-069             JUNCTION     3.89     8.53     6.60     1  12:05        8.48
  339A-070             JUNCTION     3.64     7.31     6.50     1  12:04        7.31
  339A-071             JUNCTION     3.54     6.83     6.50     1  05:13        6.83
  339A-076             JUNCTION     4.79    11.19     2.74     1  12:08       10.99
  350A-001             JUNCTION     0.13     0.22     6.00     1  16:00        0.22
  350A-002             JUNCTION     0.59     1.09     8.25     1  15:59        1.09
  350A-003             JUNCTION     0.96     1.82     9.52     1  18:37        1.81
  350A-004             JUNCTION     1.55     3.32    11.46     1  11:39        3.31
  350A-008             JUNCTION     1.95     4.33    12.77     1  12:57        4.32
  350A-009             JUNCTION     2.35     5.34    14.07     1  15:15        5.34
  350A-021             JUNCTION     1.64     4.06    15.09     1  12:57        4.06
  350A-066             JUNCTION     2.30     5.76    18.38     1  12:35        5.75
  350A-067             JUNCTION     0.96     3.63    20.65     1  12:25        3.62
  350A-068             JUNCTION     1.67     5.60    22.96     1  12:09        5.59
  350A-121             JUNCTION     1.24     4.25    24.49     1  12:08        4.25
  350A-122             JUNCTION     1.41     4.65    25.58     1  09:03        4.65
  350A-124             JUNCTION     1.04     5.19    29.80     1  12:38        5.19
  350A-125             JUNCTION     0.56     3.56    34.35     1  12:47        3.55
  350A-147             JUNCTION     1.10     5.85    37.30     1  11:58        5.85
  350A-149             JUNCTION     0.71     9.19    43.79     1  12:11        9.16
  350A-160             JUNCTION     1.16    11.36    46.88     1  12:08       11.36
  350A-163             JUNCTION     0.92    10.84    47.14     1  12:09       10.83
  350A-198             JUNCTION     0.80     4.67    32.02     1  12:44        4.67
  351A-001             JUNCTION     5.81    14.45     9.50     1  10:36       14.45
  351A-002             JUNCTION     4.90    13.51     9.52     1  12:57       13.49
  351A-019             JUNCTION     4.61    13.94    11.07     1  12:07       13.78
  351A-020             JUNCTION     3.95    13.65    12.41     1  12:07       13.43
  351A-021             JUNCTION     3.70    13.49    12.94     1  12:07       13.22
  351A-025             JUNCTION     3.09    13.04    14.29     1  12:07       12.72
  351A-028             JUNCTION     2.92    12.91    14.64     1  12:07       12.54
  351A-029             JUNCTION     1.45     9.78    14.71     1  12:07        9.42
  351A-031             JUNCTION     2.84    13.21    15.46     1  12:07       12.78
  351A-036             JUNCTION     2.95    13.82    16.38     1  12:07       13.28
  351A-040             JUNCTION     0.62     5.21    16.61     1  12:08        4.86
  351A-041             JUNCTION     0.61     4.50    16.60     1  12:08        4.14
  351A-044             JUNCTION     0.64     3.81    16.60     1  12:08        3.43
  351A-046             JUNCTION     0.65     3.09    16.58     1  12:08        2.71
  351A-053             JUNCTION     0.71     3.29    17.47     1  12:08        2.90
  351A-054             JUNCTION     0.75     3.46    18.35     1  12:08        3.06
  351A-059             JUNCTION     0.56     7.43    16.78     1  12:06        7.04
  351A-060             JUNCTION     0.73     6.91    16.71     1  12:07        6.66
  351A-061             JUNCTION     0.63     6.31    16.64     1  12:07        6.20
  351A-068             JUNCTION     0.35     5.81    16.50     1  12:03        5.81
  351A-074             JUNCTION     0.23     5.53    16.64     1  12:03        5.41
  351A-080             JUNCTION     5.49     9.22    17.58     1  12:06        9.04
  351A-086             JUNCTION     2.85    13.90    16.93     1  12:06       13.40
  351A-087             JUNCTION     2.86    13.72    16.95     1  12:06       13.33
  351A-088             JUNCTION     2.79    13.38    16.99     1  12:06       13.16
  351A-091             JUNCTION     5.33     9.22    17.83     1  12:06        8.97
  351A-112             JUNCTION     5.01     9.01    18.11     1  12:06        8.71
  351A-129             JUNCTION     0.44     6.03    16.74     1  12:07        5.56
  351A-130             JUNCTION     2.95    13.52    15.89     1  12:07       13.04
  351A-133             JUNCTION     5.89     9.43    17.29     1  12:06        9.34
  351A-136             JUNCTION     5.07     9.02    18.12     1  12:06        8.74
  352A-002             JUNCTION     0.29     0.65    18.05     1  12:08        0.65
  352A-003             JUNCTION     0.74     2.06    20.61     1  12:51        2.06
  352A-004             JUNCTION     0.72     2.45    22.16     1  12:57        2.44
  352A-007             JUNCTION     0.91     3.85    26.01     1  13:53        3.84
  352A-008             JUNCTION     0.96     4.47    27.50     1  11:38        4.47
  352A-009             JUNCTION     0.92     5.04    29.43     1  12:19        5.03
  352A-028             JUNCTION     0.57     3.51    33.59     1  12:10        3.50
  352A-029             JUNCTION     1.11     4.58    35.20     1  11:34        4.58
  352A-030             JUNCTION     1.30     5.54    36.49     1  12:19        5.54
  352A-031             JUNCTION     1.73     7.40    39.00     1  12:10        7.39
  352A-040             JUNCTION     1.05     5.49    40.17     1  12:57        5.49
  352A-042             JUNCTION     1.03     5.46    40.20     1  12:59        5.45
  352A-043             JUNCTION     1.12     5.41    40.82     1  12:46        5.41
  352A-044             JUNCTION     0.37     3.24    40.83     1  11:27        3.23
  352A-048             JUNCTION     0.09     1.14    40.83     1  11:27        1.13
  352A-05              JUNCTION     0.84     3.11    23.71     1  12:19        3.10
  352A-054             JUNCTION     0.92     4.68    41.36     1  13:11        4.67
  352A-055             JUNCTION     1.16     4.94    41.69     1  11:27        4.94
  352A-059             JUNCTION     1.19     5.08    42.00     1  11:08        5.08
  352A-06              JUNCTION     0.77     3.20    24.49     1  12:47        3.19
  352A-067             JUNCTION     1.25     5.35    42.44     1  12:57        5.35
  352A-069             JUNCTION     1.47     5.95    43.15     1  15:13        5.94
  352A-071             JUNCTION     1.52     6.46    44.30     1  15:32        6.46
  352A-155             JUNCTION     0.96     5.74    31.59     1  12:03        5.74
  353A-001             JUNCTION     0.31     4.12    16.82     1  12:07        4.07
  353A-004             JUNCTION     0.47     3.83    17.00     1  12:05        3.83
  354A-002             JUNCTION     0.95     6.00    32.00     1  12:17        6.00
  354A-003             JUNCTION     0.84     6.13    32.81     1  12:04        6.12
  354A-004             JUNCTION     0.95     7.52    34.92     1  12:08        7.51
  354A-005             JUNCTION     1.10     9.12    37.00     1  12:01        9.12
  354A-008             JUNCTION     1.08     9.82    38.00     1  12:03        9.82
  354A-011             JUNCTION     1.03     9.48    38.02     1  12:01        9.46
  354A-013             JUNCTION     1.01     9.29    38.02     1  12:01        9.27
  354A-020             JUNCTION     1.00     9.06    38.02     1  12:01        9.04
  354A-024             JUNCTION     0.99     8.93    38.01     1  12:18        8.92
  354A-053             JUNCTION     0.97     8.40    38.00     1  12:03        8.40
  355A-001             JUNCTION     0.16     0.46    24.79     1  12:28        0.46
  355A-004             JUNCTION     0.36     1.32    26.77     1  12:09        1.31
  355A-005             JUNCTION     0.41     1.64    27.33     1  12:09        1.63
  355A-007             JUNCTION     0.41     1.96    27.94     1  12:09        1.95
  355A-013             JUNCTION     0.45     2.51    28.91     1  12:09        2.50
  355A-017             JUNCTION     0.47     3.04    29.86     1  12:09        3.04
  355A-024             JUNCTION     0.57     5.30    32.92     1  12:25        5.29
  355A-033             JUNCTION     0.68     6.66    34.61     1  12:09        6.66
  355A-034             JUNCTION     0.75     7.93    36.18     1  12:15        7.92
  355A-039             JUNCTION     0.81     9.11    37.69     1  12:18        9.10
  356A-001             JUNCTION     4.90     8.80    18.14     1  12:06        8.53
  356A-002             JUNCTION     4.70     8.55    18.15     1  12:06        8.28
  356A-005             JUNCTION     4.39     7.97    17.97     1  12:07        7.75
  356A-031             JUNCTION     4.08     7.19    17.55     1  12:06        7.10
  356A-032             JUNCTION     4.10     7.05    17.41     1  12:06        7.00
  356A-034             JUNCTION     3.86     6.38    17.00     1  11:53        6.38
  356A-035             JUNCTION     3.70     6.75    17.63     1  12:05        6.69
  356A-037             JUNCTION     3.44     6.65    17.90     1  12:05        6.56
  356A-039             JUNCTION     3.23     5.47    17.00     1  10:04        5.47
  356A-040             JUNCTION     1.73     4.17    17.48     1  12:05        4.16
  356A-041             JUNCTION     0.05     3.54    21.16     1  12:03        3.54
  356A-042             JUNCTION     0.03     3.23    21.96     1  12:03        2.41
  356A-043             JUNCTION     0.01     2.04    21.56     1  12:05        1.59
  356A-044             JUNCTION     0.01     1.04    21.11     1  12:13        1.03
  356A-045             JUNCTION     0.01     0.73    21.10     1  12:13        0.72
  356A-046             JUNCTION     0.00     0.47    21.09     1  12:16        0.45
  356A-047             JUNCTION     0.08     0.61    21.11     1  12:16        0.53
  356A-048             JUNCTION     0.00     0.13    21.13     1  12:18        0.10
  356A-049             JUNCTION     0.00     0.00    22.00     0  00:00        0.00
  356A-058             JUNCTION     0.99     5.74    21.97     1  12:08        5.71
  356A-099             JUNCTION     1.71     4.03    17.47     1  12:05        4.03
  356A-100             JUNCTION     1.64     3.71    17.49     1  12:05        3.70
  356A-101             JUNCTION     1.56     3.40    17.50     1  08:55        3.40
  356A-102             JUNCTION     1.45     3.78    18.20     1  12:09        3.76
  356A-103             JUNCTION     1.45     4.41    19.11     1  12:09        4.39
  356A-104             JUNCTION     1.40     5.04    20.03     1  12:09        5.01
  356A-106             JUNCTION     1.35     5.62    20.91     1  12:08        5.58
  356A-107             JUNCTION     1.27     5.74    21.26     1  12:08        5.70
  356A-108             JUNCTION     1.21     5.87    21.63     1  12:08        5.83
  356A-121             JUNCTION     0.98     5.80    22.24     1  12:09        5.76
  356A-125             JUNCTION     0.73     5.49    22.74     1  12:09        5.44
  356A-126             JUNCTION     0.72     5.55    23.27     1  12:08        5.48
  356A-141             JUNCTION     0.10     4.72    21.90     1  12:09        4.64
  356A-SB17            JUNCTION     4.47     8.28    18.16     1  12:06        8.00
  359A-002             JUNCTION     0.58     6.59    23.19     1  12:02        6.58
  359A-003             JUNCTION     0.73     5.87    22.80     1  12:02        5.87
  359A-004             JUNCTION     0.73     5.28    22.53     1  12:02        5.26
  359A-005             JUNCTION     0.74     4.62    22.23     1  12:02        4.60
  359A-006             JUNCTION     0.78     4.02    21.93     1  12:02        4.01
  359A-007             JUNCTION     0.81     3.42    21.63     1  12:16        3.42
  360A-001             JUNCTION     3.29     5.78     6.03     1  12:05        5.78
  360A-003             JUNCTION     3.62     5.87     6.00     1  05:03        5.87
  360A-005             JUNCTION     3.53     6.10     6.75     1  12:05        6.06
  360A-007             JUNCTION     3.57     6.19     6.90     1  12:05        6.15
  360A-008             JUNCTION     3.58     6.22     6.94     1  12:05        6.19
  360A-009             JUNCTION     3.60     6.34     7.20     1  12:05        6.30
  360A-021             JUNCTION     3.61     6.57     7.73     1  12:05        6.51
  360A-046             JUNCTION     3.48     6.61     8.56     1  12:05        6.53
  360A-068             JUNCTION     3.48     6.57     9.45     1  12:05        6.48
  360A-069             JUNCTION     3.49     6.55     9.22     1  12:05        6.46
  360A-075             JUNCTION     3.47     6.60     8.61     1  12:06        6.52
  360A-076             JUNCTION     3.19     6.27     8.85     1  12:05        6.18
  360A-077             JUNCTION     3.52     6.56     9.18     1  12:05        6.47
  360A-079             JUNCTION     3.49     6.57     9.47     1  12:05        6.48
  360A-088             JUNCTION     3.33     6.37     9.85     1  12:06        6.27
  360A-089             JUNCTION     3.33     6.31     9.95     1  12:06        6.22
  360A-122             JUNCTION     3.27     5.88    10.26     1  12:05        5.84
  360A-123             JUNCTION     3.10     5.61    10.32     1  12:05        5.58
  360A-125             JUNCTION     3.05     5.06    10.44     1  05:11        5.06
  360A-135             JUNCTION     3.53     6.06     6.69     1  12:05        6.03
  360A-136             JUNCTION     3.35     6.43     9.79     1  12:06        6.34
  360A-138             JUNCTION     3.04     5.30    10.34     1  12:05        5.28
  360A-J56             JUNCTION     3.17     7.80     8.37     2  02:19        6.32
  360A-J57             JUNCTION     3.20     5.95    10.16     1  12:06        5.89
  361A-247             JUNCTION     1.56     3.23     7.00     1  05:46        3.23
  362A-001             JUNCTION     3.03     7.01     7.27     1  12:04        7.00
  362A-003             JUNCTION     3.11     8.79     9.97     1  11:44        8.79
  362A-004             JUNCTION     2.47     7.77    10.00     1  11:25        7.77
  362A-005             JUNCTION     2.07     9.10    12.56     1  12:40        9.09
  362A-006             JUNCTION     1.81     9.71    13.87     1  12:20        9.70
  362A-022             JUNCTION     1.61     6.72    11.07     1  13:11        6.72
  362A-023             JUNCTION     1.04     5.60    11.50     1  11:22        5.60
  362A-024             JUNCTION     0.57     4.39    12.49     1  12:03        4.35
  362A-025             JUNCTION     0.36     2.78    13.94     1  12:03        2.72
  362A-026             JUNCTION     0.37     2.72    14.19     1  12:03        2.61
  362A-027             JUNCTION     0.47     3.64    16.53     1  12:03        3.49
  362A-028             JUNCTION     0.50     4.55    18.99     1  12:03        4.36
  362A-029             JUNCTION     0.53     5.35    21.38     1  12:03        5.15
  362A-030             JUNCTION     0.57     6.20    23.69     1  12:03        6.04
  362A-031             JUNCTION     0.57     6.67    26.08     1  12:03        6.58
  362A-033             JUNCTION     0.34     6.94    28.50     1  12:03        6.94
  362A-034             JUNCTION     0.28     6.18    28.57     1  12:03        6.11
  363A-004             JUNCTION     1.81    12.95    35.00     1  12:04       12.95
  363A-007             JUNCTION     1.79    13.22    35.50     1  12:04       13.22
  363A-024             JUNCTION     1.69    13.37    36.31     1  12:05       13.27
  363A-031             JUNCTION     1.65    12.32    36.00     1  12:01       12.32
  364A-002             JUNCTION     1.88     9.76    31.22     1  12:04        9.71
  364A-003             JUNCTION     1.72     9.21    31.18     1  12:03        9.17
  364A-004             JUNCTION     1.69     8.83    31.14     1  12:04        8.79
  364A-005             JUNCTION     1.61     8.38    31.09     1  12:04        8.35
  364A-006             JUNCTION     1.50     7.86    31.05     1  12:03        7.84
  364A-029             JUNCTION     1.30     7.18    31.02     1  11:35        7.18
  364A-034             JUNCTION     1.25     7.00    31.04     1  11:36        7.00
  364A-039             JUNCTION     1.12     6.59    31.06     1  12:20        6.58
  364A-044             JUNCTION     1.06     6.25    31.07     1  11:35        6.25
  364A-049             JUNCTION     0.99     5.92    31.09     1  11:36        5.92
  364A-054             JUNCTION     0.87     5.32    31.12     1  11:36        5.32
  364A-059             JUNCTION     0.93     5.63    31.11     1  11:36        5.62
  364A-064             JUNCTION     0.82     5.04    31.14     1  11:36        5.04
  364A-069             JUNCTION     0.78     4.82    31.15     1  11:36        4.82
  364A-072             JUNCTION     0.75     4.78    31.16     1  11:34        4.77
  364A-073             JUNCTION     0.52     4.30    31.16     1  11:34        4.30
  364A-074             JUNCTION     0.44     3.83    31.16     1  11:36        3.83
  364A-075             JUNCTION     0.42     3.73    31.17     1  11:34        3.72
  365A-001             JUNCTION     1.66     9.10    27.81     1  12:05        9.09
  365A-003             JUNCTION     1.74     9.12    28.26     1  12:05        9.12
  365A-005             JUNCTION     1.76     9.14    28.44     1  12:05        9.14
  365A-007             JUNCTION     1.79     9.17    28.62     1  12:05        9.16
  365A-008             JUNCTION     1.83     9.20    29.08     1  12:05        9.20
  365A-009             JUNCTION     1.89     9.26    29.54     1  12:05        9.26
  365A-014             JUNCTION     1.94     9.29    30.00     1  11:44        9.29
  365A-022             JUNCTION     1.56     8.55    27.25     1  12:03        8.55
  365A-030             JUNCTION     1.54     8.44    27.50     1  11:50        8.44
  365A-031             JUNCTION     1.55     9.47    29.00     1  12:01        9.47
  365A-032             JUNCTION     1.52     9.90    29.66     1  12:02        9.89
  365A-033             JUNCTION     1.54    10.08    29.89     1  12:02       10.05
  365A-080             JUNCTION     1.55    11.50    33.01     1  12:11       11.49
  365A-161             JUNCTION     2.01    10.16    31.27     1  12:04       10.10
  366A-001             JUNCTION     3.35     7.22     6.52     1  12:04        7.14
  366A-003             JUNCTION     2.27     7.04    10.00     1  10:58        7.04
  366A-006             JUNCTION     0.84     8.64    17.33     1  12:06        8.41
  366A-008             JUNCTION     0.90     8.69    18.06     1  12:05        8.60
  366A-009             JUNCTION     0.89     8.37    18.26     1  12:03        8.37
  366A-010             JUNCTION     0.78     8.38    18.68     1  12:07        8.32
  366A-012             JUNCTION     0.79     8.54    19.44     1  12:07        8.41
  366A-013             JUNCTION     0.91     8.96    20.00     1  12:07        8.77
  366A-014             JUNCTION     0.91     9.65    21.05     1  12:07        9.37
  366A-015             JUNCTION     0.92    10.24    21.96     1  12:07        9.88
  366A-016             JUNCTION     0.93    10.59    22.49     1  12:07       10.18
  366A-017             JUNCTION     0.94    10.73    22.70     1  12:07       10.29
  366A-018             JUNCTION     0.93    10.83    22.86     1  12:07       10.37
  366A-019             JUNCTION     0.95    11.46    23.84     1  12:07       10.93
  366A-021             JUNCTION     0.90    11.47    24.41     1  12:07       11.05
  366A-022             JUNCTION     0.87    10.93    24.22     1  12:07       10.70
  366A-023             JUNCTION     0.87    10.33    24.00     1  12:06       10.33
  366A-024             JUNCTION     0.86    10.27    24.11     1  12:13       10.26
  366A-170             JUNCTION     5.52    10.05     6.53     1  12:04        9.97
  366A-171             JUNCTION     5.53     9.99     6.54     1  12:04        9.92
  366A-172             JUNCTION     5.49     9.87     6.54     1  12:04        9.83
  366A-173             JUNCTION     5.37     9.74     6.53     1  12:04        9.73
  366A-174             JUNCTION     5.25     9.54     6.54     1  12:04        9.53
  366A-177             JUNCTION     5.11     9.26     6.59     1  12:04        9.25
  366A-178             JUNCTION     4.45     8.55     6.58     1  12:04        8.54
  366A-179             JUNCTION     0.23     2.98    10.81     1  12:04        2.98
  366A-205             JUNCTION     4.84     8.53     6.53     1  12:05        8.52
  366A-264             JUNCTION     5.11     9.25     6.59     1  12:04        9.24
  366A-265             JUNCTION     5.07     9.18     6.60     1  12:04        9.16
  366A-269             JUNCTION     5.10     9.13     6.59     1  12:04        9.13
  366A-270             JUNCTION     4.92     8.88     6.59     1  12:04        8.88
  366A-283             JUNCTION     4.89     8.78     6.58     1  12:05        8.78
  366A-284             JUNCTION     4.82     8.61     6.56     1  12:05        8.59
  366A-291             JUNCTION     4.87     8.60     6.55     1  12:05        8.58
  366A-306             JUNCTION     4.82     8.49     6.52     1  12:05        8.47
  366A-307             JUNCTION     4.78     8.41     6.50     1  12:05        8.39
  366A-308             JUNCTION     4.72     8.23     6.47     1  12:05        8.21
  366A-309             JUNCTION     4.54     7.98     6.45     1  12:05        7.96
  366A-310             JUNCTION     4.49     7.89     6.44     1  12:05        7.86
  366A-311             JUNCTION     4.57     7.88     6.41     1  12:05        7.86
  366A-318             JUNCTION     5.09     9.13     6.60     1  12:04        9.12
  366A-319             JUNCTION     5.25     9.39     6.58     1  12:04        9.38
  366A-336             JUNCTION     0.78     7.65    16.06     1  12:05        7.65
  366A-338             JUNCTION     5.51    10.12     6.51     1  12:04       10.03
  366A-339             JUNCTION     5.18     9.40     6.56     1  12:04        9.39
  366A-340             JUNCTION     5.21     9.39     6.57     1  12:04        9.38
  366A-343             JUNCTION     5.63    10.24     6.50     1  12:04       10.15
  366A-349             JUNCTION     5.48    10.08     6.52     1  12:04        9.99
  367A-001             JUNCTION     0.68    10.25    24.41     1  12:13       10.23
  367A-002             JUNCTION     0.40     7.85    25.83     1  12:14        7.81
  367A-003             JUNCTION     0.40     7.27    27.34     1  12:13        7.21
  367A-004             JUNCTION     0.56     8.57    29.28     1  12:14        8.48
  367A-007             JUNCTION     0.40     9.48    30.88     1  12:12        9.48
  367A-008             JUNCTION     0.38     9.27    31.02     1  12:17        9.25
  367A-043             JUNCTION     0.42     9.24    31.28     1  12:17        9.21
  367A-044             JUNCTION     0.36     8.95    31.55     1  12:17        8.90
  367A-046             JUNCTION     0.33     8.32    31.94     1  12:17        8.24
  367A-056             JUNCTION     0.16     7.99    32.00     1  12:17        7.91
  367A-057             JUNCTION     0.14     7.72    32.00     1  12:17        7.63
  368A-001             JUNCTION     3.82     8.19     7.00     1  10:45        8.19
  368A-002             JUNCTION     3.66     8.19     7.79     1  13:36        8.19
  368A-003             JUNCTION     3.47     8.18     8.57     1  12:16        8.17
  368A-004             JUNCTION     3.31     8.17     9.35     1  11:09        8.16
  368A-007             JUNCTION     3.24     8.16     9.62     1  12:57        8.15
  368A-011             JUNCTION     2.74     7.74    11.35     1  12:03        7.73
  368A-017             JUNCTION     2.52     7.42    12.28     1  12:03        7.41
  368A-024             JUNCTION     2.38     7.18    12.76     1  12:03        7.16
  368A-028             JUNCTION     2.32     7.07    13.29     1  12:03        7.05
  368A-036             JUNCTION     2.31     7.02    13.56     1  12:03        7.00
  368A-037             JUNCTION     2.30     7.02    13.80     1  12:03        6.98
  368A-048             JUNCTION     2.25     6.96    14.05     1  12:03        6.93
  368A-049             JUNCTION     2.23     6.93    14.31     1  12:03        6.90
  368A-050             JUNCTION     2.20     6.91    14.56     1  12:03        6.88
  368A-058             JUNCTION     2.16     6.87    14.94     1  12:03        6.83
  368A-059             JUNCTION     2.13     6.84    15.33     1  12:03        6.79
  368A-067             JUNCTION     2.16     6.92    15.82     1  12:03        6.87
  368A-070             JUNCTION     2.12     6.93    16.20     1  12:03        6.88
  368A-071             JUNCTION     2.13     6.99    16.59     1  12:03        6.93
  368A-072             JUNCTION     2.09     6.97    16.85     1  12:03        6.91
  368A-073             JUNCTION     2.14     7.06    17.11     1  12:03        6.99
  368A-074             JUNCTION     2.12     7.12    17.58     1  12:03        7.04
  368A-080             JUNCTION     2.11     7.17    18.06     1  12:03        7.09
  368A-081             JUNCTION     1.72     7.19    19.13     1  12:03        7.15
  369A-005             JUNCTION     2.02     6.65    18.09     1  12:03        6.61
  369A-011             JUNCTION     1.99     6.26    18.00     1  12:01        6.26
  369A-017             JUNCTION     1.96     6.10    18.00     1  10:17        6.10
  369A-018             JUNCTION     1.96     6.22    18.46     1  12:26        6.21
  369A-019             JUNCTION     2.00     6.42    18.93     1  12:18        6.42
  369A-020             JUNCTION     1.96     6.51    19.42     1  12:02        6.51
  369A-021             JUNCTION     1.97     6.68    20.00     1  11:49        6.68
  369A-022             JUNCTION     1.97     6.86    20.43     1  12:03        6.86
  369A-042             JUNCTION     1.95     7.06    21.29     1  12:05        7.06
  369A-043             JUNCTION     1.94     7.04    21.57     1  12:14        7.03
  369A-044             JUNCTION     1.92     6.99    21.85     1  12:10        6.98
  369A-045             JUNCTION     1.96     7.03    22.13     1  12:09        7.02
  369A-046             JUNCTION     1.84     6.90    22.22     1  12:15        6.90
  369A-047             JUNCTION     1.88     6.92    22.32     1  12:06        6.91
  369A-049             JUNCTION     1.77     6.76    22.41     1  12:06        6.76
  369A-078             JUNCTION     1.60     6.06    22.51     1  12:03        6.06
  369A-117             JUNCTION     1.53     5.73    22.51     1  12:27        5.72
  369A-173             JUNCTION     1.36     5.22    22.63     1  13:19        5.21
  369A-175             JUNCTION     1.29     5.00    22.74     1  14:00        5.00
  369A-176             JUNCTION     0.85     4.10    22.75     1  13:53        4.09
  369A-177             JUNCTION     0.77     3.41    22.78     1  13:53        3.40
  369A-178             JUNCTION     1.11     4.78    23.35     1  11:13        4.78
  369A-179             JUNCTION     1.12     4.79    23.38     1  15:10        4.78
  369A-183             JUNCTION     1.06     5.41    25.00     1  12:03        5.41
  369A-184             JUNCTION     1.06     5.51    25.13     1  12:03        5.48
  369A-185             JUNCTION     1.05     6.21    26.15     1  12:08        6.20
  369A-188             JUNCTION     1.04     6.94    27.20     1  12:08        6.92
  369A-191             JUNCTION     1.03     7.66    28.24     1  12:08        7.64
  369A-195             JUNCTION     1.02     8.38    29.28     1  12:08        8.37
  369A-201             JUNCTION     0.99     9.06    30.36     1  12:08        9.04
  369A-202             JUNCTION     0.97     9.69    31.39     1  12:08        9.68
  369A-203             JUNCTION     0.98     9.82    31.58     1  12:08        9.80
  369A-204             JUNCTION     1.00    10.43    32.43     1  12:08       10.42
  369A-210             JUNCTION     0.87    11.05    34.16     1  12:08       11.04
  369A-211             JUNCTION     0.89    11.13    34.73     1  12:08       11.12
  369A-212             JUNCTION     1.10    11.77    35.37     1  12:11       11.75
  369A-213             JUNCTION     0.94    11.87    36.00     1  12:07       11.87
  369A-217             JUNCTION     0.75    10.28    35.75     1  12:08       10.27
  369A-219             JUNCTION     0.33     6.12    33.50     1  12:01        6.12
  369A-220             JUNCTION     0.28     5.55    33.52     1  12:01        5.53
  369A-276             JUNCTION     1.66     6.35    22.51     1  12:00        6.34
  369A-288             JUNCTION     2.05     7.10    18.07     1  12:03        7.03
  370A-002             JUNCTION     6.51    11.01     2.26     1  12:18       10.99
  370A-005             JUNCTION     6.55    11.07     2.29     1  12:05       11.05
  370A-006             JUNCTION     6.45    10.99     2.32     1  12:05       10.99
  370A-007             JUNCTION     6.25    10.92     2.59     1  12:05       10.91
  370A-008             JUNCTION     6.40    11.10     2.65     1  12:05       11.08
  370A-009             JUNCTION     2.37     5.53     2.68     1  12:05        5.48
  370A-015             JUNCTION     2.13     5.11     2.68     1  12:05        5.06
  370A-052             JUNCTION     6.35    11.06     2.72     1  12:05       11.03
  370A-053             JUNCTION     6.39    11.11     2.79     1  12:05       11.07
  370A-054             JUNCTION     6.38    11.11     2.80     1  12:05       11.06
  370A-055             JUNCTION     6.05    10.77     2.86     1  12:05       10.71
  370A-056             JUNCTION     6.07    10.77     2.88     1  12:05       10.71
  370A-057             JUNCTION     5.96    10.62     2.99     1  12:05       10.55
  370A-058             JUNCTION     5.92    10.54     3.09     1  12:05       10.46
  370A-059             JUNCTION     5.83    10.43     3.18     1  12:05       10.34
  370A-060             JUNCTION     5.80    10.39     3.20     1  12:05       10.30
  370A-061             JUNCTION     5.94    10.50     3.55     1  12:05       10.40
  370A-062             JUNCTION     5.99    10.58     3.83     1  12:05       10.48
  370A-068             JUNCTION     6.20    10.83     4.06     1  12:05       10.75
  370A-083             JUNCTION     6.28    10.99     4.44     1  12:05       10.92
  370A-084             JUNCTION     6.35    11.11     4.67     1  12:05       11.05
  370A-085             JUNCTION     6.44    11.30     5.14     1  12:05       11.28
  370A-099             JUNCTION     6.71    11.63     5.86     1  12:04       11.62
  370A-102             JUNCTION     6.69    11.57     5.87     1  12:04       11.56
  370A-103             JUNCTION     6.65    11.51     5.86     1  12:05       11.49
  370A-104             JUNCTION     6.53    11.35     5.88     1  12:00       11.35
  370A-131             JUNCTION     6.29    11.25     6.14     1  12:05       11.25
  370A-132             JUNCTION     6.18    11.10     6.19     1  12:05       11.09
  370A-133             JUNCTION     6.13    11.05     6.23     1  12:03       11.03
  370A-134             JUNCTION     6.18    11.12     6.28     1  12:03       11.06
  370A-135             JUNCTION     6.08    10.98     6.32     1  12:03       10.92
  370A-136             JUNCTION     6.05    10.93     6.33     1  12:03       10.86
  370A-138             JUNCTION     5.98    10.82     6.35     1  12:03       10.75
  370A-139             JUNCTION     5.91    10.69     6.35     1  12:03       10.64
  370A-141             JUNCTION     5.85    10.57     6.36     1  12:03       10.53
  370A-142             JUNCTION     5.81    10.53     6.39     1  12:04       10.47
  370A-143             JUNCTION     5.76    10.44     6.42     1  12:04       10.38
  370A-144             JUNCTION     5.69    10.33     6.46     1  12:04       10.25
  370A-151             JUNCTION     4.09     8.53     6.36     1  12:04        8.49
  370A-163             JUNCTION     2.60     5.91     2.67     1  12:05        5.87
  370A-165             JUNCTION     6.16    10.75     3.87     1  12:05       10.66
  370A-187             JUNCTION     2.48     5.72     2.68     1  12:05        5.67
  370A-195             JUNCTION     6.68    11.57     5.84     1  12:04       11.56
  370A-202             JUNCTION     5.99    10.85     6.35     1  12:03       10.78
  370A-205             JUNCTION     6.16    10.79     2.17     1  12:18       10.78
  370A-205A            JUNCTION     9.72    14.47     0.27     1  12:39       14.46
  370A-205B            JUNCTION     7.00    10.92    -4.18     1  12:39       10.91
  370A-206             JUNCTION     6.47    11.42     6.06     1  12:05       11.40
  370A-207             JUNCTION     4.60     9.22     5.85     1  12:04        9.21
  370A-208             JUNCTION     6.23    11.16     6.25     1  12:03       11.12
  371A-001             JUNCTION     5.45    10.06     2.52     1  12:06       10.02
  371A-002             JUNCTION     5.48    10.23     2.83     1  12:06       10.14
  371A-008             JUNCTION     5.31    10.21     3.08     1  12:06       10.08
  371A-012             JUNCTION     5.21    10.18     3.26     1  12:06       10.01
  371A-016             JUNCTION     5.16    10.18     3.38     1  12:06        9.99
  371A-019             JUNCTION     5.12    10.17     3.44     1  12:05        9.96
  371A-020             JUNCTION     5.07    10.17     3.56     1  12:05        9.93
  371A-068             JUNCTION     4.98    10.12     3.65     1  12:05        9.86
  371A-069             JUNCTION     4.92    10.10     3.79     1  12:05        9.83
  371A-070             JUNCTION     4.87    10.07     3.88     1  12:05        9.80
  371A-082             JUNCTION     4.31     9.36     4.11     1  12:06        9.21
  371A-083             JUNCTION     4.28     9.27     4.19     1  12:06        9.15
  371A-084             JUNCTION     4.17     9.13     4.31     1  12:05        9.04
  371A-087             JUNCTION     4.09     9.03     4.40     1  12:05        8.96
  371A-088             JUNCTION     4.01     8.96     4.54     1  12:03        8.87
  371A-100             JUNCTION     3.90     8.85     4.69     1  12:03        8.76
  371A-101             JUNCTION     3.82     8.73     4.77     1  12:03        8.67
  371A-102             JUNCTION     3.76     8.59     4.80     1  12:03        8.59
  371A-103             JUNCTION     3.69     8.51     4.90     1  12:04        8.51
  371A-104             JUNCTION     3.64     8.46     4.96     1  12:05        8.46
  371A-105             JUNCTION     2.84     5.70     3.00     1  06:31        5.70
  371A-106             JUNCTION     2.37     5.78     4.00     1  11:59        5.78
  371A-108             JUNCTION     1.96     7.74     6.86     1  12:14        7.73
  371A-109             JUNCTION     1.57     6.99     6.87     1  12:03        6.97
  371A-135             JUNCTION     3.47     8.22     5.08     1  12:05        8.22
  371A-136             JUNCTION     3.43     7.99     5.00     1  12:03        7.99
  371A-137             JUNCTION     3.39     7.88     5.00     1  12:03        7.88
  371A-138             JUNCTION     3.35     7.77     5.00     1  12:03        7.77
  371A-139             JUNCTION     3.30     7.70     5.05     1  12:03        7.68
  371A-143             JUNCTION     3.24     7.59     5.08     1  12:04        7.56
  371A-146             JUNCTION     3.15     7.35     5.11     1  12:04        7.33
  371A-147             JUNCTION     3.09     7.18     5.11     1  12:03        7.16
  371A-151             JUNCTION     3.02     6.97     5.11     1  12:04        6.95
  371A-152             JUNCTION     2.95     6.80     5.10     1  12:00        6.80
  371A-153             JUNCTION     2.92     6.81     5.24     1  12:05        6.80
  371A-159             JUNCTION     3.09     7.26     5.76     1  12:06        7.20
  371A-160             JUNCTION     3.10     7.33     5.85     1  12:06        7.27
  371A-162             JUNCTION     3.21     7.75     6.51     1  12:06        7.64
  371A-163             JUNCTION     3.24     7.69     6.58     1  12:06        7.59
  371A-164             JUNCTION     3.27     7.63     6.65     1  12:05        7.54
  371A-228             JUNCTION     3.28     7.62     6.70     1  12:05        7.51
  371A-229             JUNCTION     3.31     7.57     6.79     1  12:05        7.45
  371A-230             JUNCTION     3.39     7.49     6.86     1  12:07        7.44
  371A-230A            JUNCTION     3.33     7.50     6.87     1  12:05        7.39
  371A-230B            JUNCTION     7.40    11.64     6.89     1  12:05       11.55
  371A-230C            JUNCTION     7.41    11.64     6.89     1  12:05       11.55
  371A-230D            JUNCTION     7.36    11.61     6.86     1  12:05       11.52
  371A-230E            JUNCTION     7.36    11.62     6.87     1  12:05       11.52
  371A-234             JUNCTION     3.05     7.07     6.88     1  12:07        7.04
  371A-235             JUNCTION     3.16     6.99     6.94     1  12:07        6.97
  371A-358             JUNCTION     4.96    10.07     3.98     1  12:06        9.89
  371A-358A            JUNCTION     4.28     9.34     3.95     1  12:05        9.07
  371A-358B            JUNCTION     8.21    13.45     3.98     1  12:06       13.23
  371A-358C            JUNCTION     8.24    13.46     3.98     1  12:06       13.24
  371A-358D            JUNCTION     8.20    13.45     3.98     1  12:06       13.23
  371A-358E            JUNCTION     8.20    13.43     3.95     1  12:06       13.20
  371A-358F            JUNCTION     8.24    13.42     3.95     1  12:06       13.20
  371A-358G            JUNCTION     8.20    13.43     3.96     1  12:06       13.21
  372A-001             JUNCTION     0.41     2.30    -5.51     1  12:46        2.19
  372A-002             JUNCTION     0.56     2.33    -5.45     1  12:38        2.26
  372A-003             JUNCTION     0.63     2.36    -5.08     1  12:18        2.36
  372A-004             JUNCTION     0.62     2.45    -4.63     1  12:18        2.44
  372A-005             JUNCTION     0.62     2.50    -4.08     1  12:17        2.48
  372A-006             JUNCTION     0.31     1.37    -3.70     1  12:12        1.32
  372A-017             JUNCTION     0.41     1.80    -1.82     1  12:23        1.80
  372A-018             JUNCTION     0.43     2.31     0.75     1  12:21        2.29
  372A-028             JUNCTION     0.21     1.08    -2.89     1  12:08        0.90
  372A-029             JUNCTION     0.41     1.68    -1.82     1  12:17        1.67
  372A-030             JUNCTION     0.38     1.83    -1.21     1  12:17        1.82
  372A-032             JUNCTION     0.37     1.85    -0.82     1  12:16        1.84
  372A-033             JUNCTION     0.39     1.94    -0.44     1  12:16        1.94
  372A-048             JUNCTION     0.37     2.00    -0.05     1  12:15        2.00
  372A-060             JUNCTION     0.42     2.42     1.49     1  12:22        2.40
  372A-061             JUNCTION     0.44     2.70     2.46     1  12:21        2.68
  372A-091             JUNCTION     0.03     1.19    -2.89     1  12:14        1.18
  372A-092             JUNCTION     0.02     1.05    -2.83     1  12:13        0.97
  372A-093             JUNCTION     0.00     0.00    -2.35     0  00:00        0.00
  372A-097             JUNCTION     0.00     0.00    -1.79     0  00:00        0.00
  372A-098             JUNCTION     0.00     0.00    -1.54     0  00:00        0.00
  372A-099             JUNCTION     0.00     0.00    -1.31     0  00:00        0.00
  372A-100             JUNCTION     0.00     0.00    -1.09     0  00:00        0.00
  372A-102             JUNCTION     0.00     0.00    -0.97     0  00:00        0.00
  372A-103             JUNCTION     0.00     0.00    -0.75     0  00:00        0.00
  372A-104             JUNCTION     0.00     0.00    -0.55     0  00:00        0.00
  372A-138             JUNCTION     0.21     1.02     2.04     1  12:11        1.01
  372A-139             JUNCTION     0.19     0.90     2.50     1  12:10        0.90
  372A-140             JUNCTION     0.22     1.62     4.12     1  12:06        1.54
  372A-141             JUNCTION     0.29     2.76     5.65     1  12:08        2.65
  372A-182             JUNCTION     0.18     1.16     1.54     1  12:14        1.15
  372A-183             JUNCTION     0.29     1.23     1.71     1  12:13        1.22
  372A-184             JUNCTION     0.01     1.24     1.39     1  12:14        1.22
  372A-185             JUNCTION     0.00     0.65     1.40     1  12:13        0.62
  372A-186             JUNCTION     0.00     0.00     1.47     0  00:00        0.00
  372A-187             JUNCTION     0.00     0.00     3.01     0  00:00        0.00
  372A-188             JUNCTION     0.00     0.00     3.50     0  00:00        0.00
  372A-190             JUNCTION     0.43     2.07    -0.27     1  12:22        2.06
  372A-191             JUNCTION     0.33     2.15     1.11     1  12:13        2.15
  372A-192             JUNCTION     0.34     2.15     0.82     1  12:15        2.15
  372A-193             JUNCTION     0.01     1.26     0.82     1  12:14        1.26
  372A-196             JUNCTION     0.00     0.00     2.56     0  00:00        0.00
  372A-198             JUNCTION     0.00     0.00     2.49     0  00:00        0.00
  372A-199             JUNCTION     0.00     0.00     2.97     0  00:00        0.00
  372A-J48             JUNCTION    25.20    43.06    40.90     1  12:13       40.48
  372A-SB13            JUNCTION     0.00     0.00     0.98     0  00:00        0.00
  374A-013             JUNCTION     0.44     3.48     5.26     1  12:21        3.46
  374A-014             JUNCTION     0.33     1.88     6.59     1  12:22        1.81
  374A-016             JUNCTION     0.51     3.16     8.60     1  12:09        2.60
  374A-025             JUNCTION     0.53     3.55     9.72     1  12:14        3.55
  374A-036             JUNCTION     0.48     4.95    12.39     1  12:16        4.91
  374A-037             JUNCTION     0.46     4.80    13.75     1  12:17        4.75
  374A-038             JUNCTION     0.47     5.50    14.92     1  12:18        5.48
  374A-039             JUNCTION     0.00     0.00    14.93     0  00:00        0.00
  374A-040             JUNCTION     0.01     1.45    14.93     1  12:18        1.43
  374A-054             JUNCTION     0.46     6.73    17.15     1  12:18        6.72
  374A-055             JUNCTION     0.49     6.85    17.34     1  12:18        6.84
  374A-058             JUNCTION     0.39     6.70    17.81     1  12:18        6.69
  374A-059             JUNCTION     0.54     7.43    19.01     1  12:19        7.42
  374A-196             JUNCTION     0.35     4.62    13.48     1  12:17        4.56
  374A-197             JUNCTION     0.46     3.26     9.16     1  12:09        2.99
  374A-206             JUNCTION     0.50     6.34    16.23     1  12:18        6.33
  375A-001             JUNCTION     0.18     4.31    12.42     1  12:16        4.27
  375A-002             JUNCTION     0.35     4.88    13.41     1  12:07        4.34
  375A-003             JUNCTION     0.28     5.14    14.12     1  12:08        4.35
  375A-007             JUNCTION     0.30     4.96    14.35     1  12:08        4.42
  375A-009             JUNCTION     0.28     4.59    14.35     1  12:08        4.46
  375A-010             JUNCTION     0.28     4.54    14.68     1  12:14        4.51
  375A-042             JUNCTION     0.29     5.10    13.89     1  12:08        4.38
  387A-001             JUNCTION     1.85     7.62    10.82     1  12:30        7.61
  387A-002             JUNCTION     1.94     8.04    11.63     1  12:31        8.03
  387A-005             JUNCTION     1.64     8.49    12.76     1  12:32        8.47
  387A-006             JUNCTION     1.48     8.32    12.93     1  12:33        8.31
  387A-055             JUNCTION     0.82     6.83    13.12     1  12:32        6.82
  387A-056             JUNCTION     0.95     6.82    13.30     1  12:33        6.80
  387A-057             JUNCTION     0.89     6.75    13.49     1  12:32        6.73
  387A-097             JUNCTION     0.78     6.54    13.72     1  12:33        6.53
  387A-098             JUNCTION     0.83     6.53    13.79     1  12:32        6.51
  387A-099             JUNCTION     0.70     6.23    13.88     1  12:33        6.21
  387A-100             JUNCTION     0.69     6.00    13.97     1  12:32        5.99
  387A-101             JUNCTION     0.56     5.72    13.99     1  12:33        5.71
  387A-102             JUNCTION     0.54     5.50    14.01     1  12:32        5.49
  387A-103             JUNCTION     0.21     3.66    14.47     1  12:34        3.64
  387A-104             JUNCTION     0.26     3.57    14.59     1  12:34        3.55
  387A-105             JUNCTION     0.27     5.35    17.63     1  12:08        3.37
  387A-106             JUNCTION     0.27     3.23    16.80     1  12:33        3.21
  387A-107             JUNCTION     0.26     3.07    17.55     1  12:33        3.05
  387A-108             JUNCTION     0.49     5.31    14.03     1  12:33        5.29
  387A-123             JUNCTION     0.21     4.71    14.05     1  12:33        4.69
  387A-124             JUNCTION     0.14     4.48    14.05     1  12:32        4.46
  387A-125             JUNCTION     0.12     4.26    14.12     1  12:19        4.17
  387A-126             JUNCTION     0.11     4.32    14.30     1  12:19        4.05
  388A-001             JUNCTION     2.54     8.51    11.36     1  12:05        8.49
  388A-004             JUNCTION     2.56     8.53    11.40     1  12:04        8.53
  388A-006             JUNCTION     2.63     9.13    12.29     1  12:04        9.12
  388A-010             JUNCTION     2.69     9.28    12.45     1  12:05        9.28
  388A-012             JUNCTION     2.56     9.55    13.26     1  12:05        9.55
  388A-016             JUNCTION     2.65     9.86    13.74     1  12:05        9.86
  388A-017             JUNCTION     2.75    10.23    14.22     1  12:05       10.23
  388A-047             JUNCTION     2.84    10.50    15.20     1  12:03       10.50
  388A-059             JUNCTION     2.88    10.69    15.53     1  12:03       10.65
  388A-060             JUNCTION     2.80    10.73    15.84     1  12:03       10.66
  388A-065             JUNCTION     2.99    11.08    16.40     1  12:03       11.04
  388A-069             JUNCTION     2.97    11.25    16.95     1  12:05       11.24
  388A-077             JUNCTION     2.90    11.30    17.45     1  12:05       11.28
  388A-094             JUNCTION     3.07    11.45    18.00     1  12:05       11.43
  388A-095             JUNCTION     2.88    11.09    18.00     1  12:05       11.08
  388A-100             JUNCTION     3.05    10.93    18.03     1  12:03       10.92
  388A-114             JUNCTION     2.94    11.27    18.99     1  12:05       11.26
  388A-133             JUNCTION     3.01    11.37    19.78     1  12:05       11.36
  388A-139             JUNCTION     3.03    11.17    19.69     1  12:05       11.16
  388A-149             JUNCTION     2.83    10.68    19.59     1  12:05       10.68
  388A-150             JUNCTION     2.80    10.40    19.55     1  12:03       10.37
  388A-151             JUNCTION     2.76    10.06    19.61     1  12:03       10.03
  388A-152             JUNCTION     2.66     9.71    19.66     1  12:04        9.68
  388A-187             JUNCTION     3.08    10.89    18.00     1  11:59       10.89
  388A-201             JUNCTION     3.04    11.62    19.87     1  12:05       11.61
  389A-001             JUNCTION     2.05     8.34    19.77     1  12:03        8.31
  389A-021             JUNCTION     2.04     7.92    19.84     1  12:03        7.89
  389A-022             JUNCTION     1.98     7.56    19.91     1  12:03        7.53
  389A-023             JUNCTION     1.92     7.16    19.97     1  12:03        7.14
  389A-031             JUNCTION     1.89     6.89    20.00     1  12:02        6.89
  389A-032             JUNCTION     1.66     5.70    20.25     1  11:38        5.70
  389A-035             JUNCTION     1.65     5.44    21.00     1  10:38        5.44
  390A-002             JUNCTION     2.44     8.93    19.62     1  12:04        8.92
  390A-003             JUNCTION     2.27     8.37    19.54     1  12:05        8.36
  390A-004             JUNCTION     2.12     7.81    19.46     1  12:05        7.80
  390A-006             JUNCTION     1.99     7.35    19.40     1  12:05        7.33
  390A-018             JUNCTION     1.72     6.11    18.97     1  12:05        6.09
  390A-019             JUNCTION     1.29     4.64    18.59     1  12:05        4.62
  391A-008             JUNCTION     3.96    12.89    19.26     1  12:38       12.88
  391A-028             JUNCTION     3.58    12.16    19.34     1  12:25       12.15
  391A-031             JUNCTION     3.38    11.08    18.85     1  12:08       11.08
  391A-054             JUNCTION     3.30    10.03    18.15     1  12:03       10.02
  391A-059             JUNCTION     3.00     9.32    17.98     1  12:36        9.31
  392A-001             JUNCTION     2.90     7.24     7.82     1  12:08        7.23
  392A-002             JUNCTION     2.98     7.57     8.26     1  12:08        7.55
  392A-003             JUNCTION     3.00     7.87     8.70     1  12:09        7.86
  392A-007             JUNCTION     3.05     8.50     9.58     1  12:09        8.49
  392A-008             JUNCTION     3.12     8.97    10.17     1  12:09        8.96
  392A-040             JUNCTION     3.16     9.36    10.68     1  12:30        9.35
  394A-001             JUNCTION     0.89     2.96     3.23     1  12:06        2.85
  394A-002             JUNCTION     1.18     3.68     4.24     1  12:06        3.54
  394A-004             JUNCTION     1.01     4.24     5.46     1  12:06        4.05
  394A-008             JUNCTION     0.93     4.50     6.31     1  12:06        4.28
  394A-009             JUNCTION     0.78     4.39     6.90     1  12:06        4.15
  394A-011             JUNCTION     0.00     0.00    13.62     0  00:00        0.00
  394A-012             JUNCTION     0.00     0.00    14.10     0  00:00        0.00
  394A-014             JUNCTION     1.24     6.01     8.95     1  12:06        5.69
  394A-017             JUNCTION     1.44     7.72    10.96     1  12:06        7.34
  394A-018             JUNCTION     1.69     9.53    13.04     1  12:06        9.09
  394A-019             JUNCTION     1.90    10.51    14.04     1  12:06       10.05
  394A-038             JUNCTION     2.04    11.09    14.91     1  12:06       10.74
  394A-041             JUNCTION     2.02    10.72    14.75     1  12:06       10.51
  394A-042             JUNCTION     2.01    10.33    14.63     1  12:08       10.22
  394A-045             JUNCTION     1.89     9.72    14.50     1  12:05        9.72
  394A-046             JUNCTION     2.43     9.74    14.76     1  12:05        9.71
  394A-049             JUNCTION     2.57     9.84    14.78     1  12:05        9.80
  394A-050             JUNCTION     2.36     9.47    14.83     1  12:05        9.44
  394A-051             JUNCTION     2.27     9.12    14.87     1  12:05        9.08
  394A-052             JUNCTION     2.19     8.59    14.95     1  12:05        8.55
  394A-066             JUNCTION     2.11     8.05    15.01     1  12:05        8.02
  394A-070             JUNCTION     2.14     7.89    15.05     1  12:05        7.86
  394A-074             JUNCTION     2.28     7.90    15.08     1  12:05        7.87
  394A-077             JUNCTION     2.16     6.76    14.90     1  12:26        6.76
  394A-138             JUNCTION     1.19     4.50    14.52     1  12:57        4.49
  394A-145             JUNCTION     0.99     3.91    14.52     1  13:21        3.90
  394A-154             JUNCTION     0.79     3.31    14.53     1  13:18        3.29
  394A-158             JUNCTION     0.60     2.71    14.53     1  13:21        2.69
  394A-247             JUNCTION     2.09     7.24    15.15     1  12:05        7.23
  395A-001             JUNCTION     2.06     9.04    14.00     1  11:48        9.04
  395A-008             JUNCTION     1.74    10.93    17.00     1  12:04       10.92
  395A-012             JUNCTION     1.56    10.21    16.91     1  12:07       10.21
  395A-019             JUNCTION     1.45     9.62    16.81     1  12:06        9.62
  395A-025             JUNCTION     1.34     9.04    16.71     1  12:02        9.04
  395A-026             JUNCTION     1.17     9.19    17.56     1  12:11        9.18
  395A-029             JUNCTION     1.12     9.31    18.10     1  12:06        9.31
  395A-072             JUNCTION     1.15     8.32    16.67     1  12:05        8.32
  395A-073             JUNCTION     1.22     8.12    16.63     1  11:47        8.12
  395A-076             JUNCTION     1.25     8.56    17.46     1  12:03        8.56
  395A-077             JUNCTION     1.35     9.28    18.69     1  12:18        9.27
  395A-082             JUNCTION     1.26     8.65    18.50     1  11:32        8.65
  395A-093             JUNCTION     1.27     8.69    18.53     1  13:21        8.67
  395A-098             JUNCTION     1.06     8.29    18.52     1  12:25        8.27
  395A-104             JUNCTION     0.92     7.84    18.52     1  12:19        7.83
  395A-137             JUNCTION     1.35     9.41    18.91     1  12:26        9.40
  395A-138             JUNCTION     1.36     9.57    19.20     1  11:53        9.56
  395A-139             JUNCTION     1.30     9.50    19.33     1  12:30        9.49
  395A-140             JUNCTION     1.27     9.31    19.17     1  12:35        9.31
  395A-141             JUNCTION     1.29     9.05    18.39     1  12:15        9.04
  395A-155             JUNCTION     2.02    10.56    15.80     1  12:07       10.56
  396A-001             JUNCTION     2.68    13.25    13.00     1  12:16       13.25
  396A-007             JUNCTION     3.47    13.93    15.00     1  12:10       13.93
  396A-009             JUNCTION     3.64    13.59    15.00     1  12:10       13.59
  396A-013             JUNCTION     3.82    13.24    15.00     1  12:10       13.24
  396A-014             JUNCTION     4.06    12.51    15.00     1  12:07       12.51
  396A-015             JUNCTION     4.25    12.24    15.32     1  12:10       12.23
  396A-018             JUNCTION     4.32    11.98    15.50     1  12:05       11.98
  396A-019             JUNCTION     4.32    11.96    15.56     1  12:31       11.95
  396A-020             JUNCTION     4.35    11.97    15.57     1  12:51       11.97
  397A-008             JUNCTION     6.04    12.23     9.00     1  12:03       12.23
  397A-009             JUNCTION     6.39    13.21    10.61     1  12:12       13.18
  397A-010             JUNCTION     6.76    14.22    12.21     1  12:12       14.16
  397A-015             JUNCTION     7.17    14.64    13.48     1  12:12       14.57
  397A-016             JUNCTION     7.12    13.90    13.19     1  12:12       13.84
  397A-025             JUNCTION     7.01    12.81    12.79     1  12:12       12.77
  397A-026             JUNCTION     6.96    11.81    12.40     1  12:12       11.79
  398A-001             JUNCTION     5.45     9.69     5.89     1  12:05        9.67
  398A-002             JUNCTION     5.18     8.85     5.35     1  12:05        8.84
  398A-004             JUNCTION     4.75     7.74     4.74     1  14:47        7.73
  398A-005             JUNCTION     4.25     6.38     3.88     1  12:57        6.37
  398A-006             JUNCTION     3.77     5.00     3.00     1  03:45        5.00
  398A-007             JUNCTION     4.01     6.43     4.95     1  12:57        6.43
  398A-009             JUNCTION     4.34     8.69     7.82     1  12:03        8.68
  398A-011             JUNCTION     4.32    12.75    12.57     1  12:03       12.73
  398A-012             JUNCTION     3.98    12.23    12.66     1  12:03       12.20
  398A-013             JUNCTION     3.72    11.79    12.75     1  12:03       11.74
  398A-014             JUNCTION     3.47    11.37    12.84     1  12:03       11.31
  398A-015             JUNCTION     3.18    10.88    12.91     1  12:03       10.82
  398A-016             JUNCTION     2.98    10.47    12.96     1  12:03       10.44
  398A-018             JUNCTION     2.31     9.44    13.01     1  12:30        9.44
  398A-019             JUNCTION     1.92     8.81    13.01     1  11:46        8.81
  398A-020             JUNCTION     1.69     8.39    13.01     1  12:57        8.39
  398A-021             JUNCTION     1.47     7.89    13.00     1  11:46        7.89
  398A-022             JUNCTION     1.26     7.33    13.00     1  11:46        7.33
  398A-023             JUNCTION     1.06     6.71    13.00     1  11:46        6.71
  398A-024             JUNCTION     0.89     6.13    13.00     1  11:46        6.13
  398A-025             JUNCTION     0.81     5.87    13.00     1  11:46        5.87
  398A-026             JUNCTION     0.60     5.05    13.00     1  11:46        5.05
  398A-097             JUNCTION     0.58     2.66     8.50     1  12:03        2.65
  398A-098             JUNCTION     0.39     0.51     9.52     1  08:55        0.51
  398A-099             JUNCTION     0.81     1.10    10.69     1  14:40        1.10
  398A-100             JUNCTION     0.88     1.35    11.53     1  16:11        1.35
  398A-101             JUNCTION     1.02     1.65    12.37     1  13:28        1.65
  398A-102             JUNCTION     1.14     1.93    13.21     1  15:51        1.93
  399A-002E            JUNCTION    28.61    35.23     2.38     1  12:07       35.08
  COLUMBIA-DAVIS       JUNCTION    28.93   511.00   506.00     1  20:33      360.15
  LCS-006              JUNCTION    17.16   141.53   172.91     2  09:05       34.58
  MAIN-J49             JUNCTION    23.41    40.92    39.92     1  12:13       37.66
  PERRY-01             JUNCTION    24.70    28.70     6.20     1  12:05       28.68
  PERRY-02             JUNCTION    25.10    28.68     6.18     1  12:05       28.67
  PERRY-03             JUNCTION    24.72    28.70     6.20     1  12:05       28.68
  PERRY-04             JUNCTION    24.69    28.72     6.22     1  12:05       28.70
  PERRY-05             JUNCTION    25.08    28.72     6.22     1  12:05       28.71
  PERRY-06             JUNCTION    24.71    28.72     6.22     1  12:05       28.70
  PERRY-07             JUNCTION     5.37     8.11     6.10     1  12:05        8.10
  PERRY-08             JUNCTION     5.63     8.35     6.09     1  12:05        8.35
  PERRY-09             JUNCTION     5.61     8.36     6.10     1  12:05        8.35
  PERRY-10             JUNCTION     7.25    10.33     6.29     1  12:05       10.31
  PERRY-11             JUNCTION     7.50    10.59     6.30     1  12:05       10.57
  PERRY-12             JUNCTION     7.49    10.58     6.29     1  12:05       10.56
  SAN_CARLOS           JUNCTION    45.31   508.00   507.00     1  06:03      249.03
  WL-001               JUNCTION    57.79   158.41   188.65     0  00:52       84.49
  WL-001A              JUNCTION    51.97    75.71   107.71     1  12:08       75.51
  WL-001C              JUNCTION    22.24    47.29    83.29     2  09:16       38.41
  WTL-001              JUNCTION    30.33   318.80   345.33     0  06:52      296.30
  BS_OVERFLOWSTRUCT    OUTFALL      0.00     0.09     0.09     1  13:46        0.09
  OFALL-HANNA          OUTFALL      0.05     1.06    -2.44     1  12:06        0.97
  OFALL-LA             OUTFALL      0.54     2.32     1.82     1  12:07        2.24
  OVERFLOW_KS1         OUTFALL      0.13     0.69     0.69     1  12:07        0.64
  OVERFLOW_KS2         OUTFALL      0.13     0.69     0.69     1  12:07        0.64
  OVERFLOW_KS3         OUTFALL      0.13     0.69     0.69     1  12:07        0.63
  PERRY_OVERFLOW1      OUTFALL      0.23     0.53     2.53     1  12:05        0.53
  WWTP_OFALL           OUTFALL     17.50    17.50    14.50     0  00:00       17.50
  WWTP_OFALL2          OUTFALL     17.50    17.50    14.50     0  00:00       17.50
  106A-002             STORAGE      1.44     9.65     0.21     1  13:45        9.65
  106A-030             STORAGE      4.83    13.13     5.16     1  12:22       13.11
  106A-058             STORAGE      5.62    13.67     6.83     1  12:17       13.66
  106A-092             STORAGE      3.51     5.52    15.00     1  11:52        5.52
  106A-098             STORAGE      6.29    13.14     7.50     1  12:05       13.14
  106A-173             STORAGE      4.92     9.50     7.00     1  12:03        9.50
  106A-195             STORAGE      4.83     9.60     7.80     1  12:03        9.60
  106A-242             STORAGE      3.06     7.34     8.37     1  12:06        7.26
  109_WETWELL          STORAGE     12.76    21.85    29.44     1  12:07       21.56
  111A-009             STORAGE      3.44     9.18     8.20     1  12:04        9.18
  111A-072             STORAGE      3.12     7.92     7.93     1  12:05        7.73
  111A-096             STORAGE      2.99     8.63    10.00     1  12:04        8.63
  111A-152             STORAGE      2.73     5.75     8.10     1  06:15        5.75
  111A-189             STORAGE      0.24     4.81    28.72     1  12:10        4.79
  111A-208             STORAGE      1.88     3.91    10.84     1  03:22        3.91
  111A-248             STORAGE      2.40     6.30    14.75     1  09:24        6.30
  111A-301             STORAGE      1.27    17.56    54.90     1  12:07       17.56
  112A-002             STORAGE      0.34     4.81    37.45     1  11:59        4.81
  114A-002             STORAGE      9.95    14.95    23.50     1  04:27       14.95
  116A-002             STORAGE      1.24     4.97     9.64     1  12:05        4.95
  116A-003             STORAGE      1.30     5.66    10.74     1  12:06        5.53
  116A-012             STORAGE      1.39     8.80    14.49     1  12:08        8.75
  116A-024             STORAGE      1.87    13.73    20.25     1  12:01       13.73
  117A-002             STORAGE      6.01     8.88     8.50     1  05:49        8.88
  118A-003             STORAGE      5.79    10.62    10.00     1  08:53       10.62
  121A-002             STORAGE      0.27     5.00    10.00     1  12:03        5.00
  123A-002             STORAGE      0.56     5.99    17.00     1  11:54        5.99
  128A-002             STORAGE      3.89    14.31    26.90     1  11:09       14.31
  131A-002             STORAGE      3.98     8.98    41.02     1  06:19        8.98
  134A-002             STORAGE      1.93     6.59     5.00     1  10:24        6.59
  140A-002             STORAGE      2.06     8.03    22.50     1  10:19        8.03
  151A-004             STORAGE      5.83    13.19     4.09     1  12:05       12.99
  151A-009             STORAGE      4.97    11.49     4.09     1  12:05       11.49
  151A-163             STORAGE      0.45     2.04     8.49     1  12:06        1.92
  151A-235             STORAGE      0.67     1.74    26.01     1  12:05        1.72
  151A-251             STORAGE      0.88     4.03    40.03     1  12:11        3.93
  152A-002             STORAGE      0.14     2.81     2.95     1  12:11        2.78
  162A-002             STORAGE      5.59    11.01    13.50     1  11:29       11.01
  163A-002             STORAGE      1.46     5.84    -5.56     1  12:39        5.84
  163A-026             STORAGE      0.55     1.56     4.94     1  12:11        1.54
  163A-036             STORAGE      0.29     1.86     7.16     1  12:05        1.76
  163A-048             STORAGE      0.34     8.00    17.50     1  12:05        8.00
  163A-078             STORAGE      0.34     6.60    16.11     1  12:05        6.32
  163A-099             STORAGE      0.22     0.87    -4.15     1  12:18        0.86
  163A-131             STORAGE      0.51     2.02     5.78     1  12:23        2.02
  163A-166             STORAGE      0.41     1.55     6.54     1  12:14        1.55
  163A-174             STORAGE      0.36     2.84     8.94     1  12:12        2.79
  163A-184             STORAGE      0.29     2.92    10.73     1  12:13        2.91
  163A-191             STORAGE      0.23     2.69    11.40     1  12:14        2.68
  163A-337             STORAGE      0.13     0.33     7.88     1  12:17        0.33
  163B-391S            STORAGE      0.42     9.16    12.06     1  12:05        9.16
  164A-003             STORAGE      1.58     5.92    49.10     1  10:26        5.92
  172A-003             STORAGE      4.82    11.63     3.15     1  12:08       11.44
  172A-047             STORAGE      4.61    12.29     4.72     1  12:07       12.10
  172A-059             STORAGE      0.81     5.37     7.00     1  11:28        5.37
  172A-130             STORAGE      4.11    11.61     5.70     1  12:04       11.61
  177A-003             STORAGE      4.04    12.63    18.00     1  11:04       12.63
  177A-015             STORAGE      4.28    12.63    18.00     1  10:30       12.63
  183A-002             STORAGE      7.92    16.73    29.51     1  12:07       16.41
  183A-008             STORAGE      7.69    16.29    29.49     1  12:07       15.98
  183A-017             STORAGE      7.49    14.22    29.00     1  04:32       14.22
  185A-002             STORAGE      2.82     6.72     6.50     1  07:44        6.72
  190A-003             STORAGE      1.61     9.58     7.00     1  12:03        9.58
  190A-016             STORAGE      1.40     9.52     7.98     1  12:05        9.51
  190A-031             STORAGE      1.80    13.85    17.85     1  11:58       13.85
  194A-002             STORAGE      1.69     6.74    38.18     1  10:49        6.74
  195A-047             STORAGE      0.24     6.78     3.30     1  12:28        6.62
  199A-005             STORAGE      1.05     4.07     7.00     1  11:08        4.07
  199A-006             STORAGE      1.87     3.69     7.80     1  02:11        3.69
  199A-009             STORAGE      1.35     3.00    16.00     1  05:33        3.00
  199A-026             STORAGE      2.93     6.49    25.00     1  05:29        6.49
  203A-002             STORAGE      1.81     8.81    10.49     1  11:09        8.81
  206A-002             STORAGE      2.15    12.46     5.10     1  11:57       12.46
  225A-002             STORAGE      0.06     2.25     0.41     1  12:13        2.22
  227A-002             STORAGE      2.70    11.92    21.00     1  11:34       11.92
  232A-047             STORAGE      6.56    11.54    46.00     1  04:06       11.54
  246A-002             STORAGE     11.66    15.17     7.64     1  12:05       15.16
  246A-006             STORAGE     11.47    14.87     7.54     1  06:00       14.87
  246A-022             STORAGE      9.24    14.46    10.30     1  12:07       14.46
  246A-047             STORAGE      7.86    10.92     8.75     1  06:23       10.92
  252-002              STORAGE      1.95     8.42    43.81     1  11:58        8.42
  255A-001S            STORAGE      0.13     3.47    10.50     1  12:09        3.47
  266A-002             STORAGE      2.91    14.20    41.16     1  11:36       14.20
  267A-002             STORAGE      3.15    11.07    31.80     1  10:55       11.07
  281A-002             STORAGE     11.85    19.32    39.50     1  10:26       19.32
  281A-032             STORAGE      7.77    15.94    40.90     1  10:26       15.94
  281A-037             STORAGE      6.46    14.99    41.51     1  10:29       14.99
  282A-002             STORAGE      0.61     3.81     9.80     1  11:44        3.81
  283A-011             STORAGE      8.14    12.26     7.67     1  11:56       12.26
  314A-011             STORAGE      2.18    12.41    49.50     1  12:03       12.41
  314A-038             STORAGE      0.53     3.30    48.90     1  11:12        3.30
  316A-004             STORAGE      2.41     4.72     6.70     1  12:05        4.71
  316A-018             STORAGE      2.13    13.33    20.91     1  12:06       12.87
  316A-061             STORAGE      1.14     9.60    20.97     1  12:07        9.12
  316A-101             STORAGE      1.49     7.22    19.50     1  12:01        7.22
  316A-118             STORAGE      1.96     7.55    21.79     1  12:05        7.48
  329A-012             STORAGE      5.38    11.05    34.92     1  05:49       11.05
  329A-050             STORAGE      4.02    11.37    41.33     1  12:01       11.37
  329A-065             STORAGE      4.76    11.97    46.23     1  10:19       11.97
  330A-002             STORAGE      6.52    15.53    31.27     1  12:07       15.17
  330A-005             STORAGE      6.27    13.06    30.00     1  11:41       13.06
  330A-006             STORAGE      6.26    15.57    32.77     1  12:06       15.29
  330A-009             STORAGE      5.93    14.90    33.80     1  11:58       14.90
  330A-079             STORAGE      5.91    13.31    34.00     1  11:56       13.31
  330A-091             STORAGE      6.16    12.40    39.00     1  09:31       12.40
  330A-106             STORAGE      2.00     5.42    44.04     1  08:24        5.42
  330A-122             STORAGE      4.78     9.95    41.50     1  04:49        9.95
  331A-006             STORAGE      2.31    13.75    29.60     1  12:07       13.46
  331A-014             STORAGE      2.74    11.10    28.00     1  11:02       11.10
  331A-039             STORAGE      3.31    14.44    30.94     1  12:05       14.37
  331A-078             STORAGE      3.88    11.89    29.75     1  11:52       11.89
  331A-111             STORAGE      3.46     7.96    28.71     1  06:49        7.96
  331A-148             STORAGE      5.30    13.99    47.67     1  10:29       13.99
  331A-168             STORAGE      3.64     9.52    30.00     1  11:49        9.52
  331A-252             STORAGE      3.07     7.73    31.10     1  12:03        7.73
  332A-002             STORAGE      1.63    13.29    27.03     1  12:06       12.34
  332A-041             STORAGE      1.47     7.90    30.10     1  11:13        7.90
  332A-123             STORAGE      1.02     9.55    48.51     1  12:07        9.07
  332A-142             STORAGE      1.23     9.21    50.00     1  12:03        9.21
  332A-157             STORAGE      1.22     8.91    51.00     1  12:02        8.91
  332A-185             STORAGE      0.89     5.14    48.00     1  10:46        5.14
  333A-014             STORAGE      1.39    10.82    28.90     1  12:03       10.82
  333A-048             STORAGE      1.95     8.23    27.90     1  11:48        8.23
  334A-001             STORAGE      0.61     3.25    12.60     1  12:08        2.95
  334A-027             STORAGE      1.75    10.36    21.71     1  12:08       10.00
  334A-062             STORAGE      3.31    14.14    27.14     1  12:04       14.14
  336A-002             STORAGE      2.03     4.70     7.00     1  06:44        4.70
  336A-010             STORAGE      3.32     8.15    18.00     1  11:31        8.15
  336A-049             STORAGE      3.62     8.09    20.00     1  06:05        8.09
  336A-081             STORAGE      3.32     9.12    24.90     1  08:34        9.12
  337A-001             STORAGE      2.42     5.27     8.38     1  12:05        5.27
  337A-021             STORAGE      1.53    14.21    23.40     1  12:05       14.21
  337A-069             STORAGE      1.29     4.64    17.00     1  11:55        4.64
  337A-077             STORAGE      2.24     5.63    26.00     1  07:29        5.63
  338A-003             STORAGE      4.31     9.67     6.87     1  12:05        9.56
  338A-040             STORAGE      2.79    11.52    13.50     1  12:05       11.52
  338A-086             STORAGE      2.75     8.86    17.00     1  11:34        8.86
  338A-132             STORAGE      3.17     8.98    21.50     1  10:35        8.98
  338A-152             STORAGE      3.52     9.68    23.50     1  11:42        9.68
  338A-175             STORAGE      3.38     8.35    23.50     1  08:48        8.35
  338A-203             STORAGE      2.72    14.38    37.50     1  11:48       14.38
  339A-003             STORAGE      3.71     8.25     2.09     1  12:05        8.18
  350A-023             STORAGE      1.25     3.16    16.10     1  06:27        3.16
  350A-069             STORAGE      0.88     4.09    23.39     1  11:38        4.09
  350A-123             STORAGE      1.12     4.38    26.71     1  09:34        4.38
  350A-154             STORAGE      0.89    11.54    46.78     1  12:10       11.49
  351A-012             STORAGE      4.68    13.81    10.59     1  12:07       13.71
  351A-030             STORAGE      3.09    13.25    15.01     1  12:07       12.86
  351A-039             STORAGE      3.02    14.23    16.91     1  12:06       13.61
  351A-109             STORAGE      5.20     9.27    18.09     1  12:06        8.94
  352A-032             STORAGE      1.08     6.01    39.60     1  11:26        6.01
  352A-072             STORAGE      1.81     7.33    45.50     1  10:40        7.33
  353A-005             STORAGE      0.49     3.87    17.50     1  11:55        3.87
  354A-006             STORAGE      1.12     9.89    38.00     1  12:01        9.89
  354A-055             STORAGE      1.03     8.05    38.00     1  11:44        8.05
  355A-040             STORAGE      0.96    11.04    40.00     1  12:01       11.04
  356A-003             STORAGE      4.52     8.32    18.15     1  12:06        8.05
  356A-009             STORAGE      4.27     7.65    17.80     1  12:06        7.47
  356A-033             STORAGE      3.93     6.72    17.26     1  12:06        6.70
  356A-036             STORAGE      3.53     7.08    18.22     1  12:05        6.96
  356A-124             STORAGE      0.82     5.69    22.54     1  12:09        5.65
  356A-127             STORAGE      0.69     5.62    23.81     1  12:08        5.53
  356A-140             STORAGE      0.83     6.87    22.00     1  12:05        6.74
  358A-001             STORAGE      2.47     9.88     5.36     1  10:30        9.88
  359A-008             STORAGE      0.82     3.16    21.50     1  09:50        3.16
  359A-104             STORAGE      0.79     8.13    23.50     1  12:02        8.13
  360A-004             STORAGE      3.59     5.95     6.19     1  12:05        5.94
  360A-032             STORAGE      3.49     6.64     8.24     1  12:06        6.55
  360A-080             STORAGE      3.42     6.53     9.71     1  12:06        6.44
  360A-121             STORAGE      3.44     6.38    10.06     1  12:06        6.28
  360A-124             STORAGE      2.93     5.41    10.29     1  12:05        5.39
  360A-126             STORAGE      5.79     8.00    10.52     2  00:48        7.96
  360A-137             STORAGE      3.16     6.06    10.11     1  12:06        5.98
  362A-002             STORAGE      3.20     7.63     8.25     1  10:24        7.63
  362A-007             STORAGE      1.41    10.99    16.50     1  11:59       10.99
  362A-032             STORAGE      0.68     7.84    28.50     1  12:03        7.84
  363A-001             STORAGE      1.83    12.68    34.50     1  12:04       12.68
  363A-019             STORAGE      1.78    13.93    36.44     1  12:05       13.83
  363A-038             STORAGE      1.64    12.62    37.00     1  11:55       12.62
  364A-007             STORAGE      1.45     7.43    31.00     1  11:34        7.43
  365A-034             STORAGE      1.62    12.45    33.00     1  12:02       12.45
  365A-083             STORAGE      1.60    10.96    33.00     1  11:42       10.96
  365A-162             STORAGE      1.80     9.31    27.50     1  12:05        9.30
  366A-004             STORAGE      1.34     7.17    12.60     1  12:03        7.17
  366A-005             STORAGE      0.92     8.67    17.23     1  12:05        8.41
  366A-007             STORAGE      0.92     8.96    17.84     1  12:05        8.79
  366A-020             STORAGE      0.96    11.93    24.57     1  12:07       11.35
  366A-180             STORAGE      0.59     6.59    15.00     1  12:03        6.59
  366A-271             STORAGE      4.90     8.81     6.59     1  12:05        8.81
  367A-005             STORAGE      0.66    10.23    31.14     1  12:14       10.11
  367A-047             STORAGE      0.39     8.36    31.99     1  12:17        8.28
  368A-008             STORAGE      3.11     8.12    10.25     1  10:31        8.12
  368A-086             STORAGE      1.87     7.93    20.20     1  11:03        7.93
  369A-002             STORAGE      2.06     7.03    18.17     1  12:03        6.97
  369A-023             STORAGE      1.97     7.10    21.00     1  12:00        7.10
  369A-050             STORAGE      1.76     6.67    22.50     1  11:50        6.67
  369A-119             STORAGE      1.48     5.42    22.50     1  10:38        5.42
  369A-180             STORAGE      1.14     4.89    24.00     1  11:11        4.89
  369A-209             STORAGE      0.99    11.16    33.50     1  12:08       11.16
  369A-215             STORAGE      0.80    11.47    36.50     1  12:05       11.47
  369A-218             STORAGE      0.71     9.10    35.00     1  12:03        9.10
  370A-001             STORAGE      6.34    10.85     2.23     1  12:18       10.84
  370A-086             STORAGE      6.58    11.55     5.63     1  12:05       11.55
  370A-105             STORAGE      6.41    11.40     6.11     1  12:05       11.39
  370A-216             STORAGE      6.30    11.00     2.63     1  12:05       10.99
  371A-003             STORAGE      5.37    10.23     2.98     1  12:07       10.12
  371A-107             STORAGE      2.29     8.18     6.85     1  12:03        8.18
  371A-134             STORAGE      3.54     8.42     5.14     1  12:05        8.42
  371A-144             STORAGE      3.21     7.52     5.11     1  12:04        7.49
  371A-161             STORAGE      3.18     7.80     6.44     1  12:06        7.69
  371A-236             STORAGE      2.27     5.11     6.00     1  07:42        5.11
  371A-357             STORAGE      4.36     9.48     4.09     1  12:06        9.30
  372A-007             STORAGE      0.49     1.94    -2.89     1  12:11        1.87
  372A-026             STORAGE      0.25     1.62    -2.78     1  12:10        1.55
  372A-051             STORAGE      0.37     2.11     0.58     1  12:14        2.11
  372A-056             STORAGE      0.29     0.97    -4.57     1  12:18        0.97
  372A-062             STORAGE      0.45     3.42     5.07     1  12:21        3.40
  372A-142             STORAGE      0.27     3.91     7.19     1  12:08        3.75
  372A-181             STORAGE      0.33     2.17     1.37     1  12:13        2.16
  374A-030             STORAGE      0.50     4.51    11.41     1  12:15        4.50
  374A-060             STORAGE      0.54     8.17    20.15     1  12:10        8.17
  374A-061             STORAGE      0.55    10.65    23.01     1  12:14       10.65
  375A-011             STORAGE      0.28     4.62    15.14     1  12:13        4.57
  387A-003             STORAGE      1.90     8.46    12.21     1  12:32        8.45
  387A-004             STORAGE      1.67     8.45    12.57     1  12:33        8.44
  387A-058             STORAGE      0.87     6.69    13.66     1  12:33        6.68
  387A-109             STORAGE      0.44     5.03    14.04     1  12:33        5.02
  388A-022             STORAGE      2.78    10.80    15.18     1  12:05       10.79
  388A-078             STORAGE      2.95    11.47    17.99     1  12:05       11.45
  388A-123             STORAGE      3.03    11.83    19.95     1  12:05       11.82
  388A-192             STORAGE      2.65     9.45    19.72     1  12:03        9.42
  388A-226             STORAGE      2.83    10.40    19.50     1  12:00       10.40
  390A-010             STORAGE      1.89     6.97    19.35     1  12:05        6.94
  391A-001             STORAGE      4.03    13.01    19.00     1  12:02       13.01
  391A-023             STORAGE      3.84    12.70    19.50     1  12:03       12.70
  391A-060             STORAGE      2.90     8.39    17.50     1  09:42        8.39
  394A-021             STORAGE      1.93    11.32    15.07     1  12:06       10.84
  394A-073             STORAGE      2.05     6.98    15.17     1  11:43        6.98
  394A-086             STORAGE      1.63     5.31    14.50     1  09:25        5.31
  395A-004             STORAGE      2.03    11.65    17.09     1  12:04       11.65
  395A-033             STORAGE      1.07     9.52    18.89     1  12:00        9.52
  395A-079             STORAGE      1.51     9.99    19.59     1  11:53        9.99
  396A-002             STORAGE      3.28    14.78    15.00     1  12:10       14.78
  396A-021             STORAGE      4.54    11.85    16.00     1  10:47       11.85
  397A-011             STORAGE      7.15    15.22    13.75     1  12:12       15.14
  397A-027             STORAGE      6.96    10.87    12.00     1  07:09       10.87
  398A-003             STORAGE      4.75     8.00     5.00     1  11:52        8.00
  398A-008             STORAGE      4.55     8.25     7.00     1  11:20        8.25
  398A-010             STORAGE      4.44    12.91    12.50     1  12:03       12.91
  398A-017             STORAGE      2.68     9.90    13.00     1  11:46        9.90
  BR_WETWELL           STORAGE      7.85    11.91     4.91     1  12:07       11.89
  BS_WETWELL           STORAGE      6.81    15.18     0.18     1  13:46       15.18
  BUR_WETWELL          STORAGE      6.77    11.29    26.79     1  12:26       11.26
  CA_WETWELL           STORAGE     13.59    19.02    23.52     1  04:28       18.99
  CL-WETWELL           STORAGE     14.61    28.98    39.58     1  10:29       28.96
  CLA_WETWELL          STORAGE     10.14    13.68     8.27     1  05:51       13.68
  CM_WETWELL           STORAGE     10.17    15.34     9.84     1  08:54       15.33
  COL_WETWELL          STORAGE      7.11    19.53    38.53     1  12:14       19.53
  COM_WETWELL          STORAGE      6.06    16.30     8.80     1  10:53       16.30
  CU_WETWELL           STORAGE      4.68    17.80     9.65     1  12:07       17.77
  DEX_WETWELL          STORAGE      8.65    19.51    26.68     1  11:11       19.49
  DM_WETWELL           STORAGE      2.60     9.80    16.80     1  12:33        9.80
  EL_WETWELL           STORAGE      8.59    14.57    41.00     1  06:20       14.57
  EP_WETWELL           STORAGE      4.26    10.19     5.03     1  10:26       10.15
  FH_WETWELL           STORAGE      5.33    13.85    43.50     1  11:13       13.85
  FM_WETWELL           STORAGE      5.72    13.18    22.03     1  10:49       13.18
  GL_WETWELL           STORAGE      7.06    16.81    31.70     1  10:55       16.81
  GO_WETWELL           STORAGE      6.15    10.33     9.00     1  10:01       10.33
  HA_WETWELL           STORAGE     12.19    17.56     1.73     1  12:06       17.47
  HL_WETWELL           STORAGE      1.51     6.03     2.82     1  12:10        6.02
  IB_WETWELL           STORAGE     17.14    20.76     7.64     1  12:05       20.74
  IND_WETWELL          STORAGE      1.75     7.42    10.46     1  12:10        7.39
  KN_WETWELL           STORAGE      8.22    12.17    11.50     1  07:53       12.17
  KS_WETWELL           STORAGE      0.43     9.50    -5.50     1  12:38        9.36
  LA_WETWELL           STORAGE      7.13    13.93     2.93     1  12:08       13.64
  LCS-007A             STORAGE      2.99    10.59    42.30     1  11:13       10.59
  LC_WETWELL           STORAGE      5.85    14.58    42.33     1  11:14       14.57
  LE_WETWELL           STORAGE      6.09    14.22    48.72     1  11:01       14.22
  MOR_WETWELL          STORAGE     10.38    19.49    18.16     1  12:06       19.47
  OA_WETWELL           STORAGE      5.22    10.95     6.53     1  07:45       10.94
  PE_WETWELL           STORAGE      6.06    14.17     7.00     1  12:04       14.10
  RB_WETWELL           STORAGE      4.67    10.68    38.18     1  10:49       10.68
  RO_WETWELL           STORAGE      6.27    14.96     4.34     1  12:08       14.96
  RT_WETWELL           STORAGE      7.78    19.72     5.02     1  09:37       19.71
  RW_WETWELL           STORAGE      4.84    21.53     3.44     1  12:25       21.42
  SEM_WETWELL          STORAGE      4.94    13.54    10.49     1  11:09       13.54
  SL_WETWELL           STORAGE      4.99    16.32     5.15     1  11:59       16.27
  ST_WETWELL           STORAGE      9.14    14.52    46.02     1  04:06       14.51
  VA_WETWELL           STORAGE      2.11    13.80     9.50     1  12:15       13.80
  VIR_WETWELL          STORAGE      2.05     6.55     0.38     1  12:13        6.52
  WLA-001              STORAGE      3.06     7.40    38.40     1  07:32        7.40
  WL_WETWELL           STORAGE      8.41    14.38    38.19     1  12:12       14.38
  WTL-002              STORAGE      8.79    18.47    45.00     1  09:24       18.47
  WTL_WETWELL          STORAGE     12.35    22.71    45.02     1  09:25       22.71
  WT_WETWELL           STORAGE      4.30    14.45    20.45     1  12:07       14.45
  
  
  *******************
  Node Inflow Summary
  *******************
  
  -------------------------------------------------------------------------------------------------
                                  Maximum  Maximum                  Lateral       Total        Flow
                                  Lateral    Total  Time of Max      Inflow      Inflow     Balance
                                   Inflow   Inflow   Occurrence      Volume      Volume       Error
  Node                 Type           MGD      MGD  days hr:min    10^6 gal    10^6 gal     Percent
  -------------------------------------------------------------------------------------------------
  106A-001             JUNCTION     0.000   28.800     1  11:39           0        16.1      -8.992
  106A-001ALT          JUNCTION     0.000   46.376     1  11:13           0        80.6       5.160
  106A-022             JUNCTION     0.000    8.468     1  12:02           0        14.4       0.019
  106A-023             JUNCTION     0.000    8.472     1  12:02           0        14.3       0.038
  106A-026             JUNCTION     0.000    8.477     1  12:02           0        14.4       0.033
  106A-027             JUNCTION     0.000    8.484     1  12:02           0        14.4       0.033
  106A-028             JUNCTION     0.000    8.494     1  12:02           0        14.4       0.025
  106A-029             JUNCTION     0.000    6.354     1  12:02           0        11.6       0.028
  106A-047             JUNCTION     0.000    5.485     1  12:03           0          11       0.031
  106A-048             JUNCTION     0.000    5.480     1  12:03           0          11       0.030
  106A-056             JUNCTION     0.000    5.498     1  12:04           0          11       0.028
  106A-057             JUNCTION     0.000    5.518     1  12:04           0          11       0.030
  106A-062             JUNCTION     0.000    3.350     1  04:38           0        7.47       0.032
  106A-068             JUNCTION     0.000    3.351     1  04:46           0        7.48       0.028
  106A-075             JUNCTION     0.000    3.352     1  04:47           0        7.48       0.031
  106A-082             JUNCTION     0.000    3.351     1  04:48           0        7.48       0.033
  106A-089             JUNCTION     0.000    3.740     1  12:21           0        7.53       0.042
  106A-090             JUNCTION     0.000    0.504     1  10:43           0       0.906       0.010
  106A-091             JUNCTION     0.000    0.504     1  10:43           0       0.907       0.033
  106A-093             JUNCTION     0.000    0.399     2  13:19           0       0.785       0.071
  106A-094             JUNCTION     0.000    0.399     2  13:11           0       0.786       0.135
  106A-096             JUNCTION     0.000    0.504     1  07:53           0       0.904      -0.012
  106A-109             JUNCTION     0.000    2.691     2  20:02           0        5.01       0.053
  106A-117             JUNCTION     0.000    2.691     2  20:09           0        5.01       0.049
  106A-122             JUNCTION     0.000    2.689     2  20:12           0        5.01       0.054
  106A-130             JUNCTION     0.000    2.724     1  01:46           0        5.02       0.049
  106A-160             JUNCTION     0.000    2.788     1  01:45           0        5.02       0.035
  106A-163             JUNCTION     0.000    2.859     1  01:44           0        5.02       0.048
  106A-164             JUNCTION     0.000    2.944     1  01:44           0        6.03       0.042
  106A-166             JUNCTION     0.000    2.855     1  11:04           0        4.08       0.016
  106A-182             JUNCTION     0.000    4.801     1  12:07           0        3.24       0.036
  106A-190             JUNCTION     0.000    2.592     1  12:09           0        3.22       0.022
  106A-236             JUNCTION     0.000    1.465     1  12:16           0        1.97       0.076
  106A-238             JUNCTION     0.000    1.777     1  12:07           0        1.99       0.041
  106A-239             JUNCTION     0.000    1.777     1  12:07           0        1.99       0.026
  106A-240             JUNCTION     0.000    1.776     1  12:07           0        1.99       0.060
  106A-251             JUNCTION     0.000    1.064     1  12:07           0        1.29       0.089
  106A-252             JUNCTION     0.000    1.219     1  12:07           0         1.3       0.073
  106A-253             JUNCTION     0.000    0.474     2  15:04           0         1.3       0.083
  106A-254             JUNCTION     0.000    0.128     1  05:13           0      0.0089       0.094
  106A-256             JUNCTION     0.000    0.054     1  06:02           0     0.00244       0.270
  106A-301             JUNCTION     0.000    2.853     1  11:04           0        4.08       0.023
  106A-303             JUNCTION     0.000    4.684     1  12:10           0        1.87       0.032
  111A-001             JUNCTION     0.000    2.028     2  00:42           0         2.9       0.023
  111A-008             JUNCTION     0.000    5.749     1  12:07           0        3.56       0.022
  111A-066             JUNCTION     0.000    2.433     1  01:53           0        2.74       0.027
  111A-067             JUNCTION     0.000    2.461     1  01:54           0        2.74       0.021
  111A-068             JUNCTION     0.000    2.483     1  01:55           0        2.74       0.016
  111A-069             JUNCTION     0.000    2.503     1  01:55           0        2.74       0.016
  111A-070             JUNCTION     0.000    2.524     1  01:57           0        2.74       0.016
  111A-071             JUNCTION     0.000    2.542     1  01:57           0        2.74       0.015
  111A-075             JUNCTION     0.000    4.148     1  12:06           0         2.6       0.022
  111A-076             JUNCTION     0.000    4.149     1  12:06           0         2.6       0.019
  111A-077             JUNCTION     0.000    4.152     1  12:06           0         2.6       0.016
  111A-083             JUNCTION     0.000    8.576     1  12:06           0        3.55       0.014
  111A-086             JUNCTION     0.000    4.421     1  12:12           0        3.52       0.012
  111A-087             JUNCTION     0.000    5.819     1  12:07           0        3.53       0.007
  111A-097             JUNCTION     0.000    3.100     1  12:09           0         2.3       0.015
  111A-098             JUNCTION     0.000    3.101     1  12:07           0         2.3       0.030
  111A-099             JUNCTION     0.000    0.000     0  00:00           0           0       0.000 gal
  111A-100             JUNCTION     0.000    0.000     0  00:00           0           0       0.000 gal
  111A-101             JUNCTION     0.000    0.000     0  00:00           0           0       0.000 gal
  111A-102             JUNCTION     0.000    0.000     0  00:00           0           0       0.000 gal
  111A-150             JUNCTION     0.000    3.100     1  12:10           0         2.3       0.013
  111A-151             JUNCTION     0.000    3.101     1  12:08           0         2.3       0.012
  111A-153             JUNCTION     0.000    1.915     1  02:20           0        2.12       0.015
  111A-176             JUNCTION     0.000    1.930     1  02:22           0        2.12       0.019
  111A-182             JUNCTION     0.000    1.963     1  02:29           0        2.12       0.014
  111A-183             JUNCTION     0.000    1.974     1  02:33           0        2.12       0.011
  111A-184             JUNCTION     0.000    1.982     1  02:34           0        2.12       0.010
  111A-185             JUNCTION     0.000    2.590     1  11:48           0        2.25       0.012
  111A-186             JUNCTION     0.000    4.658     1  12:11           0        1.54       0.009
  111A-192             JUNCTION     0.000    2.263     1  12:12           0        1.14       0.009
  111A-199             JUNCTION     0.000    2.263     1  12:11           0        1.14       0.022
  111A-200             JUNCTION     0.000    2.263     1  12:11           0        1.14       0.018
  111A-204             JUNCTION     0.000    1.312     1  02:35           0           1       0.006
  111A-205             JUNCTION     0.000    1.313     1  02:36           0           1       0.012
  111A-206             JUNCTION     0.000    1.313     1  02:36           0           1       0.017
  111A-207             JUNCTION     0.000    1.313     1  02:35           0           1       0.010
  111A-247             JUNCTION     0.000    0.686     1  11:59           0       0.681       0.021
  111A-298             JUNCTION     0.000    2.263     1  12:12           0        1.14       0.017
  111A-299             JUNCTION     0.000    2.675     1  12:14           0        1.16       0.016
  111A-546             JUNCTION     0.000    5.749     1  12:07           0        3.56       0.015
  111A-547             JUNCTION     0.000    2.408     1  01:41           0        2.91       0.020
  111A-548             JUNCTION     0.000    2.428     1  01:41           0        2.91       0.017
  111A-550             JUNCTION     0.000    5.749     1  12:08           0        3.56       0.014
  111A-551             JUNCTION     0.000    5.750     1  12:07           0        3.56       0.012
  111A-559             JUNCTION     0.000    1.945     1  02:24           0        2.12       0.018
  111A-560             JUNCTION     0.000    5.819     1  12:11           0        3.53       0.012
  111A-573             JUNCTION     0.000    2.299     1  01:37           0        2.91       0.006
  111A-J66             JUNCTION     0.000    1.314     1  02:36           0           1       0.014
  112A-001             JUNCTION     0.000    4.481     1  04:05           0        1.37      -1.539
  114A-001             JUNCTION     0.000    0.310     1  00:19           0       0.334      -0.196
  116A-001             JUNCTION     0.000    2.143     1  09:53           0         2.4      -0.068
  116A-013             JUNCTION     0.000    4.139     1  13:03           0           2       0.010
  116A-020             JUNCTION     0.000    4.139     1  13:03           0           2       0.005
  116A-023             JUNCTION     0.000    4.138     1  13:03           0           2       0.005
  117A-001             JUNCTION     0.000    0.397     1  07:58           0       0.742      -0.374
  118A-001             JUNCTION     0.000    2.440     1  00:52           0         2.1      -0.105
  118A-002             JUNCTION     0.000    1.142     1  08:53           0         2.1      -0.012
  118A-004             JUNCTION     0.000    0.408     1  08:06           0       0.744       0.064
  118A-005             JUNCTION     0.000    0.406     2  09:35           0       0.744      -0.005
  118A-009             JUNCTION     0.000    0.405     2  09:37           0       0.745       0.059
  118A-012             JUNCTION     0.000    0.405     2  09:34           0       0.745       0.058
  118A-013             JUNCTION     0.000    0.405     2  09:34           0       0.745       0.011
  118A-014             JUNCTION     0.000    0.397     1  07:58           0       0.745       0.010
  121A-001             JUNCTION     0.000    0.703     0  08:27           0       0.361      -0.592
  123A-001             JUNCTION     0.000    0.487     1  11:57           0       0.334       0.053
  128A-001             JUNCTION     0.000    2.016     1  03:42           0        1.35      -0.132
  131A-001             JUNCTION     0.000    1.001     0  02:35           0       0.756      -0.468
  131A-J38             JUNCTION     0.000    1.002     0  02:35           0       0.759      -0.525
  134A-001             JUNCTION     0.000    0.674     1  06:42           0       0.639       0.970
  134A-041             JUNCTION     0.000    0.241     1  06:43           0      0.0111       0.204
  134A-042             JUNCTION     0.000    0.115     1  09:30           0     0.00262       0.278
  134B-001             JUNCTION     0.000    0.600     0  07:50           0       0.604       0.161
  140A-001             JUNCTION     0.000    0.475     1  15:10           0       0.437      -0.043
  151A-001             JUNCTION     0.000   18.571     1  12:04           0        25.1       0.007
  151A-003             JUNCTION     0.000   42.131     1  12:06           0        25.7       0.106
  151A-005             JUNCTION     0.000   17.791     1  06:39           0        23.6       0.101
  151A-006             JUNCTION     0.000   17.790     1  06:38           0        23.6       0.099
  151A-007             JUNCTION     0.000   17.795     1  06:39           0        23.6       0.085
  151A-008             JUNCTION     0.000   17.800     1  06:38           0        23.6       0.085
  151A-010             JUNCTION     0.000   18.358     1  06:30           0        22.8       0.052
  151A-011             JUNCTION     0.000   19.321     1  12:06           0        22.9       0.034
  151A-012             JUNCTION     0.000   18.351     1  06:30           0        22.9       0.028
  151A-013             JUNCTION     0.000   18.346     1  06:30           0        22.9       0.026
  151A-014             JUNCTION     0.000   18.339     1  06:30           0        22.9       0.024
  151A-015             JUNCTION     0.000   18.332     1  06:30           0        22.9       0.017
  151A-016             JUNCTION     0.000   18.323     1  06:30           0          23       0.016
  151A-017             JUNCTION     0.000   18.314     1  06:30           0          23       0.014
  151A-018             JUNCTION     0.000   18.308     1  06:30           0          23       0.023
  151A-019             JUNCTION     0.000   18.311     1  06:30           0          23       0.026
  151A-020             JUNCTION     0.000   18.315     1  06:30           0          23       0.023
  151A-021             JUNCTION     0.000   26.771     1  12:05           0        27.4       0.022
  151A-022             JUNCTION     0.000   25.282     1  12:05           0        25.5       0.017
  151A-023             JUNCTION     0.000   25.281     1  12:05           0        25.6       0.021
  151A-024             JUNCTION     0.000   25.283     1  12:05           0        25.6       0.023
  151A-025             JUNCTION     0.000   25.291     1  12:05           0        25.6       0.040
  151A-026             JUNCTION     0.000   14.244     1  10:28           0        16.1       0.021
  151A-027             JUNCTION     0.000   16.941     1  12:08           0        16.2       0.027
  151A-028             JUNCTION     0.000    0.965     1  12:24           0       0.411       0.001
  151A-029             JUNCTION     0.000    0.965     1  12:05           0       0.411      -0.002
  151A-030             JUNCTION     0.000    0.966     1  12:11           0       0.411      -0.000
  151A-164             JUNCTION     0.000   14.464     1  12:13           0        8.82       0.023
  151A-165             JUNCTION     0.000   14.465     1  12:13           0        8.82       0.034
  151A-166             JUNCTION     0.000   14.465     1  12:12           0        8.83       0.011
  151A-168             JUNCTION     0.000   14.989     1  12:10           0        8.83       0.021
  151A-169             JUNCTION     0.000   14.915     1  12:10           0        8.83       0.021
  151A-189             JUNCTION     0.000   25.284     1  12:05           0        25.6       0.021
  151A-191             JUNCTION     0.000   30.766     1  12:08           0        17.3       0.028
  151A-192             JUNCTION     0.000   14.028     1  12:05           0        1.31       0.266
  151A-199             JUNCTION     0.000   14.027     1  12:05           0        1.26       0.231
  151A-200             JUNCTION     0.000    3.061     1  06:04           0       0.344       0.793
  151A-201             JUNCTION     0.000    0.821     1  06:24           0     0.00144       0.105
  151A-202             JUNCTION     0.000    2.887     1  06:08           0       0.285       0.284
  151A-203             JUNCTION     0.000    2.702     1  06:08           0       0.237       0.303
  151A-204             JUNCTION     0.000    2.501     1  06:13           0        0.19       0.039
  151A-205             JUNCTION     0.000    2.466     1  06:16           0       0.136      -0.039
  151A-206             JUNCTION     0.000    2.465     1  06:18           0      0.0717      -0.033
  151A-209             JUNCTION     0.000   14.841     1  12:10           0        8.83       0.021
  151A-210             JUNCTION     0.000   14.829     1  12:10           0        8.83       0.021
  151A-211             JUNCTION     0.000   14.900     1  12:10           0        8.84       0.021
  151A-212             JUNCTION     0.000   14.953     1  12:10           0        8.84       0.019
  151A-213             JUNCTION     0.000   14.938     1  12:10           0        8.84       0.019
  151A-214             JUNCTION     0.000   14.900     1  12:10           0        8.84       0.020
  151A-215             JUNCTION     0.000   14.848     1  12:10           0        8.84       0.014
  151A-219             JUNCTION     0.000   14.840     1  12:10           0        8.84       0.012
  151A-220             JUNCTION     0.000   14.664     1  12:09           0        8.84       0.009
  151A-221             JUNCTION     0.000   14.664     1  12:08           0        8.85       0.020
  151A-222             JUNCTION     0.000   14.663     1  12:08           0        8.85       0.017
  151A-223             JUNCTION     0.000   15.986     1  12:05           0        8.85       0.011
  151A-240             JUNCTION     0.000   11.934     1  12:12           0        7.78       0.011
  151A-241             JUNCTION     0.000   11.945     1  12:11           0        7.78       0.021
  151A-242             JUNCTION     0.000   11.949     1  12:11           0        7.78       0.014
  151A-246             JUNCTION     0.000   11.953     1  12:11           0        7.78       0.012
  151A-247             JUNCTION     0.000   11.954     1  12:11           0        7.78       0.012
  151A-248             JUNCTION     0.000   12.025     1  12:06           0        7.78       0.014
  151A-249             JUNCTION     0.000   12.025     1  12:06           0        7.79       0.039
  151A-250             JUNCTION     0.000   12.027     1  12:06           0        7.79       0.016
  151A-252             JUNCTION     0.000    1.739     1  12:03           0        1.36       0.022
  151A-253             JUNCTION     0.000    2.901     1  12:41           0        1.37       0.132
  151A-254             JUNCTION     0.000    2.866     1  12:38           0        1.37       0.132
  151A-255             JUNCTION     0.000    2.769     1  12:05           0        1.37       0.141
  151A-256             JUNCTION     0.000    2.605     1  12:28           0        1.37       0.087
  151A-257             JUNCTION     0.000    2.523     1  12:28           0        1.37      -0.031
  151A-258             JUNCTION     0.000    2.326     1  12:35           0        1.38       0.028
  151A-259             JUNCTION     0.000    4.846     1  12:08           0        4.09       0.020
  151A-261             JUNCTION     0.000    4.834     1  12:08           0         4.1       0.024
  151A-264             JUNCTION     0.000    4.829     1  12:08           0         4.1       0.020
  151A-265             JUNCTION     0.000    4.836     1  12:08           0         4.1       0.016
  151A-282             JUNCTION     0.000   18.576     1  12:04           0        25.1       0.058
  151A-287             JUNCTION     0.000   16.941     1  12:08           0        16.2       0.013
  151A-J40             JUNCTION     0.000    0.486     1  00:31           0       0.764      -0.536
  151A-J47             JUNCTION     0.000   18.574     1  12:04           0        25.1       0.037
  152A-001             JUNCTION     0.000    0.608     1  12:10           0       0.303      -0.001
  162A-001             JUNCTION     0.000    0.504     1  07:53           0       0.904      -0.025
  163A-001             JUNCTION     0.000   58.007     1  12:38           0          96       0.099
  163A-003             JUNCTION     0.000    0.000     0  00:00           0           0       0.000 gal
  163A-004             JUNCTION     0.000    0.000     0  00:00           0           0       0.000 gal
  163A-005             JUNCTION     0.000    0.000     0  00:00           0           0       0.000 gal
  163A-006             JUNCTION     0.000    0.000     0  00:00           0           0       0.000 gal
  163A-007             JUNCTION     0.000   38.578     1  12:24           0        10.7       0.053
  163A-008             JUNCTION     0.000   36.447     1  12:25           0        10.7       0.041
  163A-009             JUNCTION     0.000   12.890     1  12:35           0        4.41       0.025
  163A-010             JUNCTION     0.000   11.093     1  12:22           0        4.41       0.017
  163A-011             JUNCTION     0.000   10.583     1  12:09           0        4.41       0.024
  163A-012             JUNCTION     0.000    0.000     0  00:00           0           0       0.000 gal
  163A-017             JUNCTION     0.000   10.594     1  12:08           0        4.41       0.030
  163A-018             JUNCTION     0.000   10.718     1  12:06           0        4.41       0.043
  163A-019             JUNCTION     0.000    4.793     1  12:16           0        2.06       0.028
  163A-020             JUNCTION     0.000    4.797     1  12:16           0        2.06       0.015
  163A-021             JUNCTION     0.000    5.398     1  12:15           0        2.06       0.015
  163A-022             JUNCTION     0.000    5.191     1  12:14           0        2.06       0.011
  163A-023             JUNCTION     0.000    4.972     1  12:12           0        2.06       0.017
  163A-025             JUNCTION     0.000    4.979     1  12:11           0        2.06       0.015
  163A-028             JUNCTION     0.000    4.333     1  12:10           0        1.64       0.026
  163A-029             JUNCTION     0.000    4.442     1  12:08           0        1.64       0.023
  163A-030             JUNCTION     0.000    4.562     1  12:07           0        1.64       0.023
  163A-031             JUNCTION     0.000    4.760     1  12:07           0        1.64       0.044
  163A-032             JUNCTION     0.000    0.204     1  12:20           0       0.141       0.300
  163A-034             JUNCTION     0.000    4.762     1  12:06           0         1.5       0.028
  163A-035             JUNCTION     0.000    4.846     1  12:05           0         1.5       0.028
  163A-038             JUNCTION     0.000    2.742     1  12:21           0        1.21       0.056
  163A-043             JUNCTION     0.000    2.742     1  12:21           0        1.21       0.041
  163A-044             JUNCTION     0.000    2.742     1  12:21           0        1.21       0.067
  163A-045             JUNCTION     0.000    2.742     1  12:21           0        1.21       0.014
  163A-046             JUNCTION     0.000    2.765     1  12:03           0        1.21       0.025
  163A-047             JUNCTION     0.000    3.140     1  12:10           0        1.22       0.008
  163A-051             JUNCTION     0.000    0.088     1  11:51           0     0.00059      -2.473
  163A-075             JUNCTION     0.000    0.904     1  12:39           0       0.354       0.068
  163A-077             JUNCTION     0.000    4.240     1  12:06           0       0.388       0.052
  163A-098             JUNCTION     0.000    0.000     0  00:00           0           0       0.000 gal
  163A-100             JUNCTION     0.000    4.554     1  12:25           0        1.73       0.034
  163A-101             JUNCTION     0.000    4.555     1  12:25           0        1.73       0.018
  163A-109             JUNCTION     0.000    4.696     1  12:14           0        1.73       0.045
  163A-110             JUNCTION     0.000    0.286     1  12:13           0     0.00188      -0.181
  163A-111             JUNCTION     0.000    0.095     1  12:12           0    0.000359       2.230
  163A-125             JUNCTION     0.000    5.132     1  12:12           0        1.73       0.040
  163A-130             JUNCTION     0.000    5.454     1  12:11           0        1.73       0.025
  163A-145             JUNCTION     0.000    3.895     1  12:14           0        1.38       0.057
  163A-154             JUNCTION     0.000    3.964     1  12:13           0        1.38       0.056
  163A-164             JUNCTION     0.000    4.079     1  12:09           0        1.38       0.060
  163A-172             JUNCTION     0.000    3.388     1  12:12           0       0.982       0.062
  163A-173             JUNCTION     0.000    3.388     1  12:12           0       0.982       0.038
  163A-178             JUNCTION     0.000    3.220     1  12:06           0       0.719       0.024
  163A-182             JUNCTION     0.000    3.616     1  12:05           0       0.719       0.034
  163A-183             JUNCTION     0.000    3.829     1  12:05           0        0.72       0.039
  163A-241             JUNCTION     0.000    0.374     1  12:10           0     0.00123       0.053
  163A-242             JUNCTION     0.000    0.020     1  12:14           0    1.79e-05      72.967
  163A-243             JUNCTION     0.000    0.000     0  00:00           0           0       0.000 gal
  163A-244             JUNCTION     0.000    0.000     0  00:00           0           0       0.000 gal
  163A-346             JUNCTION     0.000    3.011     1  12:07           0       0.719       0.032
  163A-348             JUNCTION     0.000    0.019     1  12:19           0    1.84e-05       8.252
  163A-349             JUNCTION     0.000    0.000     0  00:00           0           0       0.000 gal
  163A-350             JUNCTION     0.000    0.000     0  00:00           0           0       0.000 gal
  163A-351             JUNCTION     0.000    0.000     0  00:00           0           0       0.000 gal
  163A-361             JUNCTION     0.000    0.000     0  00:00           0           0       0.000 gal
  163A-363             JUNCTION     0.000    4.874     1  12:10           0        1.73       0.035
  163A-367             JUNCTION     0.000    0.000     0  00:00           0           0       0.000 gal
  163A-368             JUNCTION     0.000    0.000     0  00:00           0           0       0.000 gal
  163A-369             JUNCTION     0.000    0.000     0  00:00           0           0       0.000 gal
  163A-370             JUNCTION     0.000    0.000     0  00:00           0           0       0.000 gal
  163A-372             JUNCTION     0.000    0.000     0  00:00           0           0       0.000 gal
  163A-391             JUNCTION     0.000    0.204     1  12:15           0       0.141      -0.090
  163A-J52             JUNCTION     0.000   74.896     1  12:15           0        67.9       0.015
  164A-001             JUNCTION     0.000    0.700     0  04:54           0       0.552      -3.971
  164A-002             JUNCTION     0.000    0.401     1  07:06           0       0.553       0.037
  164A-008             JUNCTION     0.000    0.166     2  00:25           0       0.252       0.092
  164A-009             JUNCTION     0.000    0.166     2  00:25           0       0.252       0.034
  164A-010             JUNCTION     0.000    0.211     1  11:43           0       0.279       0.058
  164A-014             JUNCTION     0.000    0.127     1  23:09           0       0.262       0.034
  164A-015             JUNCTION     0.000    0.124     1  23:01           0       0.262       0.106
  164A-016             JUNCTION     0.000    0.117     1  09:13           0       0.262       0.043
  164A-017             JUNCTION     0.000    0.118     1  09:27           0       0.263       0.179
  164A-019             JUNCTION     0.000    0.149     3  00:19           0       0.264       0.384
  172A-001             JUNCTION     0.000   41.224     1  02:42           0        40.7       0.152
  172A-004             JUNCTION     0.000   26.183     1  12:14           0        19.8       0.075
  172A-049             JUNCTION     0.000    1.168     1  14:43           0         0.9       0.033
  172A-050             JUNCTION     0.000    1.167     1  14:43           0         0.9       0.035
  172A-051             JUNCTION     0.000    1.168     1  14:40           0       0.901       0.019
  172A-052             JUNCTION     0.000    1.168     1  14:43           0       0.901       0.014
  172A-053             JUNCTION     0.000    1.168     1  14:41           0       0.901       0.015
  172A-054             JUNCTION     0.000    1.167     1  14:43           0       0.901       0.021
  172A-055             JUNCTION     0.000    1.167     1  14:43           0       0.901       0.020
  172A-056             JUNCTION     0.000    1.525     1  12:09           0       0.952       0.017
  172A-057             JUNCTION     0.000    1.526     1  12:53           0       0.952       0.016
  172A-058             JUNCTION     0.000    1.525     1  13:15           0       0.952       0.012
  172A-108             JUNCTION     0.000   17.346     1  12:04           0          15       0.008
  172A-112             JUNCTION     0.000   17.360     1  12:04           0          15       0.010
  172A-113             JUNCTION     0.000   17.402     1  12:04           0          15       0.009
  172A-121             JUNCTION     0.000   17.455     1  12:04           0          15       0.009
  172A-122             JUNCTION     0.000   17.486     1  12:04           0          15       0.010
  172A-154             JUNCTION     0.000   13.503     1  17:24           0        14.1       0.021
  172A-160             JUNCTION     0.000   13.503     1  17:24           0        14.1       0.018
  172A-161             JUNCTION     0.000   13.503     1  17:25           0        14.1       0.022
  172A-170             JUNCTION     0.000   14.695     1  11:04           0        14.5       0.024
  172A-179             JUNCTION     0.000   14.699     1  10:51           0        14.5       0.020
  172A-J59             JUNCTION     0.000   28.490     1  12:08           0        43.3       0.359
  172A-J59A            JUNCTION     0.000   29.827     2  08:17           0        41.7       0.633
  172B-001             JUNCTION     0.000   28.800     0  22:30           0        24.7      -6.926
  172B-001B            JUNCTION     0.000   28.800     1  02:40           0        15.2       0.094
  177A-001             JUNCTION     0.000    3.242     1  08:34           0        3.84      -0.125
  177A-002             JUNCTION     0.000    6.418     1  12:06           0        4.06       0.043
  183A-001             JUNCTION     0.000    2.250     2  09:16           0        4.35      -0.785
  183A-009             JUNCTION     0.000    2.687     1  12:07           0        2.68       0.038
  183A-016             JUNCTION     0.000    0.932     1  00:44           0        1.26       0.049
  185A-001             JUNCTION     0.000    0.070     1  00:17           0      0.0976      -0.003
  190A-001             JUNCTION     0.000    1.843     1  11:33           0         1.9       0.227
  190A-002             JUNCTION     0.000    2.324     1  12:03           0        1.92      -1.736
  190A-006             JUNCTION     0.000    1.700     1  11:49           0        1.61       0.023
  190A-017             JUNCTION     0.000    1.416     1  11:49           0        1.31       0.019
  190A-018             JUNCTION     0.000    2.195     1  12:05           0        1.42       0.019
  190A-019             JUNCTION     0.000    1.642     1  12:04           0        1.42       0.019
  190A-020             JUNCTION     0.000    1.642     1  12:00           0        1.42       0.019
  190A-025             JUNCTION     0.000    1.642     1  12:24           0        1.42       0.017
  190A-026             JUNCTION     0.000    1.642     1  12:00           0        1.42       0.015
  190A-027             JUNCTION     0.000    1.642     1  12:46           0        1.42       0.016
  190A-028             JUNCTION     0.000    1.642     1  12:24           0        1.42       0.018
  190A-029             JUNCTION     0.000    1.642     1  12:24           0        1.42       0.022
  190A-030             JUNCTION     0.000    1.642     1  11:58           0        1.42       0.018
  190A-037             JUNCTION     0.000    1.071     1  12:18           0      0.0676       0.346
  194A-001             JUNCTION     0.000    0.462     0  12:07           0       0.244       1.227
  194A-J54             JUNCTION     0.000    2.552     1  11:10           0         1.4       1.640
  195A-001             JUNCTION     0.000    1.847     1  12:30           0       0.608       0.332
  195A-002             JUNCTION     0.000    3.304     1  12:06           0     0.00152      -9.789
  199A-001             JUNCTION     0.000    2.858     2  00:47           0        2.27      -0.496
  199A-002             JUNCTION     0.000    2.212     1  10:30           0        2.27       0.026
  199A-003             JUNCTION     0.000    1.251     1  10:30           0       0.992       0.003
  199A-004             JUNCTION     0.000    1.331     1  09:32           0        1.28       0.004
  199A-007             JUNCTION     0.000    0.717     1  05:37           0       0.902       0.015
  199A-008             JUNCTION     0.000    0.776     1  12:30           0       0.948       0.009
  199A-015             JUNCTION     0.000    0.610     2  00:20           0        0.77       0.012
  199A-016             JUNCTION     0.000    0.610     2  00:22           0        0.77       0.011
  199A-017             JUNCTION     0.000    0.610     2  00:22           0        0.77       0.009
  199A-021             JUNCTION     0.000    0.610     2  00:20           0        0.77       0.009
  199A-022             JUNCTION     0.000    0.610     2  00:20           0       0.771       0.021
  199A-J53             JUNCTION     0.000    0.767     1  20:37           0       0.863       0.011
  203A-001             JUNCTION     0.000    0.504     2  02:30           0       0.213       0.013
  206A-001             JUNCTION     0.000    0.937     0  07:07           0       0.831       0.121
  206A-003             JUNCTION     0.000    0.370     1  08:37           0       0.279       0.057
  206A-006             JUNCTION     0.000    0.223     1  11:44           0       0.278       0.067
  206A-011             JUNCTION     0.000    0.703     1  12:02           0      0.0602      -0.016
  206A-014             JUNCTION     0.000    0.176     1  11:36           0      0.0022      -0.034
  206A-017             JUNCTION     0.000    0.162     1  11:49           0    0.000818       0.057
  206A-018             JUNCTION     0.000    0.000     0  00:00           0           0       0.000 gal
  206A-021             JUNCTION     0.000    0.036     1  11:53           0    3.87e-05       2.690
  206A-022             JUNCTION     0.000    0.000     0  00:00           0           0       0.000 gal
  206A-023             JUNCTION     0.000    0.000     0  00:00           0           0       0.000 gal
  206A-024             JUNCTION     0.000    0.000     0  00:00           0           0       0.000 gal
  206A-026             JUNCTION     0.000    0.000     0  00:00           0           0       0.000 gal
  206A-027             JUNCTION     0.000    0.000     0  00:00           0           0       0.000 gal
  206A-028             JUNCTION     0.000    0.000     0  00:00           0           0       0.000 gal
  206A-032             JUNCTION     0.000    0.224     1  11:44           0       0.278       0.095
  206A-033             JUNCTION     0.000    0.224     1  11:44           0       0.278       0.081
  206A-036             JUNCTION     0.000    0.224     1  11:44           0       0.278       0.086
  206A-037             JUNCTION     0.000    0.228     1  11:43           0       0.278       0.049
  206A-038             JUNCTION     0.000    0.237     1  11:43           0       0.279       0.065
  206A-039             JUNCTION     0.000    0.242     1  11:43           0       0.279       0.086
  206A-040             JUNCTION     0.000    0.247     1  11:43           0       0.279       0.091
  206A-041             JUNCTION     0.000    0.259     1  11:27           0       0.279       0.154
  206A-042             JUNCTION     0.000    0.284     1  11:33           0        0.28       0.117
  206A-043             JUNCTION     0.000    0.327     1  11:34           0        0.28       0.201
  206A-044             JUNCTION     0.000    0.608     1  12:11           0       0.303       0.475
  206A-045             JUNCTION     0.000    0.608     1  12:11           0       0.306       0.787
  206A-048             JUNCTION     0.000    0.608     1  12:10           0       0.306       0.081
  206A-051             JUNCTION     0.000    0.608     1  12:10           0       0.303      -0.741
  206A-054             JUNCTION     0.000    0.000     0  00:00           0           0       0.000 gal
  206A-J16             JUNCTION     0.000    0.777     1  12:50           0       0.832       0.174
  225A-001             JUNCTION     0.000    0.242     1  00:46           0      0.0428       0.703
  227A-001             JUNCTION     0.000    0.822     2  04:24           0       0.833      -7.095
  232A-232             JUNCTION     0.000    0.269     2  23:52           0       0.264      -0.001
  246A-001             JUNCTION     0.000    0.464     2  22:11           0        1.29      -0.162
  246A-020             JUNCTION     0.000    1.789     1  12:11           0        2.04      -0.019
  246A-021             JUNCTION     0.000    2.655     1  12:09           0        2.04      -0.006
  246A-023             JUNCTION     0.000    1.026     1  12:09           0        1.04      -0.001
  252-001              JUNCTION     0.000    0.231     2  06:48           0       0.176       0.134
  255A-004             JUNCTION     0.000    0.140     1  11:37           0      0.0426      -0.082
  266A-001             JUNCTION     0.000    1.872     0  19:34           0        1.58       0.031
  266A-J25             JUNCTION     0.000    1.716     1  17:06           0        1.61       0.210
  266A-VP12            JUNCTION     0.000    1.617     1  01:19           0       0.554       5.879
  266A-VP13            JUNCTION     0.000    1.629     1  00:50           0        1.11       2.028
  267A-001             JUNCTION     0.000    0.464     1  21:18           0       0.476      -0.182
  281A-001             JUNCTION     0.000    1.382     1  10:21           0        1.39      -0.008
  281A-003             JUNCTION     0.000    0.950     1  10:23           0       0.995       0.264
  281A-031             JUNCTION     0.000    1.064     1  16:33           0        1.07       0.191
  281A-036             JUNCTION     0.000    0.659     1  15:04           0       0.623       0.337
  281A-072             JUNCTION     0.000    1.227     1  11:40           0        1.37       0.894
  281A-077             JUNCTION     0.000    0.951     1  10:23           0       0.997       0.217
  282A-001             JUNCTION     0.000    1.066     1  00:29           0       0.386       1.702
  282A-009             JUNCTION     0.000    0.554     1  12:13           0      0.0279       2.154
  282A-012             JUNCTION     0.000    0.596     1  12:09           0      0.0279      -0.041
  282A-016             JUNCTION     0.000    0.599     1  12:08           0      0.0279       0.006
  282A-017             JUNCTION     0.000    0.625     1  12:07           0      0.0279      -0.036
  283A-001             JUNCTION     0.000    0.684     1  01:59           0       0.477       0.309
  283A-003             JUNCTION     0.000    2.090     1  12:26           0       0.665      -0.008
  314A-001             JUNCTION     0.000    3.174     1  11:13           0        2.35       0.023
  314A-004             JUNCTION     0.000    3.175     1  11:13           0        2.35       0.022
  314A-010             JUNCTION     0.000    3.176     1  11:13           0        2.35       0.015
  314A-037             JUNCTION     0.000    2.812     1  11:12           0        1.91       0.013
  316A-001             JUNCTION     0.000   31.433     1  03:56           0        28.8       0.025
  316A-002             JUNCTION     0.000    5.129     1  12:10           0        5.23       0.003
  316A-003             JUNCTION     0.000    5.937     1  12:05           0        5.25       0.008
  316A-016             JUNCTION     0.000    9.543     1  12:07           0        6.51       0.007
  316A-017             JUNCTION     0.000    9.544     1  12:07           0        6.51       0.004
  316A-087             JUNCTION     0.000    7.414     1  12:07           0         5.1       0.010
  316A-100             JUNCTION     0.000    5.317     1  18:26           0        4.88       0.006
  316A-111             JUNCTION     0.000    5.317     1  18:23           0        4.88       0.004
  316A-114             JUNCTION     0.000    5.316     1  18:24           0        4.88       0.006
  316A-117             JUNCTION     0.000    5.315     1  18:26           0        4.88       0.007
  316A-119             JUNCTION     0.000   11.581     1  12:06           0         4.8       0.006
  316A-120             JUNCTION     0.000    5.953     1  14:32           0        4.76       0.009
  316A-147             JUNCTION     0.000    1.083     1  12:06           0     0.00609       0.227
  316A-149             JUNCTION     0.000    1.083     1  12:06           0      0.0094       0.774
  316A-188             JUNCTION     0.000    8.183     1  12:05           0        4.87       0.005
  316A-189             JUNCTION     0.000    8.182     1  12:05           0        4.87       0.006
  316A-243             JUNCTION     0.000    1.083     1  12:06           0     0.00391       0.729
  316A-245             JUNCTION     0.000    5.317     1  18:23           0        4.88       0.003
  329A-001             JUNCTION     0.000    5.958     1  12:07           0        2.81       0.049
  329A-002             JUNCTION     0.000    1.283     1  12:12           0        1.32       0.017
  329A-003             JUNCTION     0.000    0.835     1  15:56           0        1.28       0.030
  329A-005             JUNCTION     0.000    0.835     1  11:48           0        1.28       0.024
  329A-006             JUNCTION     0.000    0.835     1  13:45           0        1.28       0.017
  329A-007             JUNCTION     0.000    0.835     1  09:10           0        1.28       0.026
  329A-008             JUNCTION     0.000    0.835     1  14:10           0        1.28       0.022
  329A-009             JUNCTION     0.000    0.835     1  14:39           0        1.28       0.028
  329A-023             JUNCTION     0.000    0.712     1  12:01           0       0.886       0.023
  329A-027             JUNCTION     0.000    0.712     1  12:03           0       0.886       0.023
  329A-030             JUNCTION     0.000    0.712     1  12:23           0       0.886       0.025
  329A-031             JUNCTION     0.000    0.711     1  12:03           0       0.887       0.029
  329A-040             JUNCTION     0.000    0.711     1  12:05           0       0.887       0.031
  329A-044             JUNCTION     0.000    0.711     1  12:23           0       0.887       0.023
  329A-046             JUNCTION     0.000    0.712     1  12:01           0       0.887       0.028
  329A-047             JUNCTION     0.000    0.713     1  12:01           0       0.888       0.031
  329A-053             JUNCTION     0.000    0.612     1  12:22           0       0.518       0.022
  329A-054             JUNCTION     0.000    1.228     1  12:04           0       0.816       0.036
  329A-059             JUNCTION     0.000    0.617     1  13:58           0       0.782       0.040
  329A-064             JUNCTION     0.000    0.617     1  13:04           0       0.783       0.039
  329A-076             JUNCTION     0.000    0.368     1  10:29           0       0.186       0.160
  329A-082             JUNCTION     0.000    0.168     2  02:49           0       0.123       0.153
  329A-083             JUNCTION     0.000    0.168     2  02:48           0       0.123       0.130
  329A-084             JUNCTION     0.000    0.167     2  02:22           0       0.123       0.109
  329A-085             JUNCTION     0.000    0.249     1  13:49           0       0.199       0.069
  330A-003             JUNCTION     0.000    2.914     1  12:07           0        1.62       0.049
  330A-004             JUNCTION     0.000    6.082     1  12:08           0        2.78       0.027
  330A-007             JUNCTION     0.000    1.918     1  12:25           0        2.07       0.043
  330A-008             JUNCTION     0.000    1.918     1  12:25           0        2.07       0.038
  330A-078             JUNCTION     0.000    1.653     1  12:08           0        1.55       0.026
  330A-084             JUNCTION     0.000    0.824     1  01:49           0        1.27       0.036
  330A-085             JUNCTION     0.000    0.825     1  01:47           0        1.31       0.031
  330A-086             JUNCTION     0.000    0.825     1  01:48           0        1.31       0.038
  330A-087             JUNCTION     0.000    0.825     1  01:46           0        1.35       0.037
  330A-088             JUNCTION     0.000    0.825     1  01:46           0        1.35       0.040
  330A-089             JUNCTION     0.000    1.035     1  10:49           0        1.58       0.032
  330A-090             JUNCTION     0.000    1.036     1  14:34           0        1.59       0.018
  330A-096             JUNCTION     0.000    0.817     1  01:01           0         1.1       0.022
  330A-097             JUNCTION     0.000    0.818     1  01:02           0        1.13       0.036
  330A-100             JUNCTION     0.000    0.302     1  03:10           0       0.223       0.040
  330A-101             JUNCTION     0.000    0.539     1  13:40           0       0.562       0.061
  330A-102             JUNCTION     0.000    0.451     1  14:46           0       0.532       0.013
  330A-103             JUNCTION     0.000    0.451     1  10:56           0       0.533       0.161
  330A-104             JUNCTION     0.000    0.451     1  15:50           0       0.533       0.032
  330A-107             JUNCTION     0.000    0.133     1  14:28           0       0.176       0.005
  330A-125             JUNCTION     0.000    0.371     2  01:18           0       0.572       0.035
  330A-128             JUNCTION     0.000    0.371     2  01:19           0       0.572       0.027
  330A-129             JUNCTION     0.000    0.371     2  01:19           0       0.573       0.020
  330A-130             JUNCTION     0.000    0.371     2  01:19           0       0.573       0.036
  330A-131             JUNCTION     0.000    0.371     2  01:19           0       0.573       0.032
  330A-134             JUNCTION     0.000    0.371     2  01:19           0       0.573       0.011
  330A-138             JUNCTION     0.000    0.371     2  01:19           0       0.573       0.036
  330A-139             JUNCTION     0.000    0.371     2  01:19           0       0.573       0.028
  330A-140             JUNCTION     0.000    0.371     2  01:19           0       0.574       0.018
  330A-141             JUNCTION     0.000    0.371     2  01:19           0       0.574       0.027
  330A-143             JUNCTION     0.000    0.371     2  01:19           0       0.574       0.027
  330A-144             JUNCTION     0.000    0.371     2  01:19           0       0.574       0.018
  330A-145             JUNCTION     0.000    0.452     2  07:54           0       0.574       0.042
  330A-147             JUNCTION     0.000    0.301     1  03:10           0       0.223       0.049
  330A-152             JUNCTION     0.000    0.603     1  01:04           0       0.941       0.018
  330A-243             JUNCTION     0.000    0.371     2  01:19           0       0.573       0.021
  331A-001             JUNCTION     0.000    6.652     1  11:05           0        9.51       0.016
  331A-002             JUNCTION     0.000    1.888     1  15:01           0        1.64       0.018
  331A-004             JUNCTION     0.000    1.887     1  15:02           0        1.64       0.035
  331A-008             JUNCTION     0.000    1.604     1  11:02           0        1.32       0.048
  331A-010             JUNCTION     0.000    1.607     1  11:02           0        1.32       0.018
  331A-015             JUNCTION     0.000    0.017     1  00:21           0      0.0013      11.935
  331A-032             JUNCTION     0.000    6.667     1  12:08           0        7.92       0.029
  331A-033             JUNCTION     0.000    5.089     1  12:06           0        7.92       0.036
  331A-036             JUNCTION     0.000    5.089     1  12:06           0        7.92       0.044
  331A-037             JUNCTION     0.000    5.089     1  12:06           0        7.93       0.050
  331A-045             JUNCTION     0.000    4.409     1  06:53           0        7.18       0.050
  331A-086             JUNCTION     0.000    4.409     1  06:53           0        7.17       0.037
  331A-088             JUNCTION     0.000    4.409     1  06:53           0        7.18       0.038
  331A-095             JUNCTION     0.000    3.879     2  00:00           0        6.32       0.041
  331A-096             JUNCTION     0.000    3.879     2  00:00           0        6.32       0.045
  331A-099             JUNCTION     0.000    3.879     2  00:00           0        6.33       0.025
  331A-100             JUNCTION     0.000    3.880     1  23:59           0        6.33       0.027
  331A-104             JUNCTION     0.000    3.878     1  23:59           0        6.33       0.036
  331A-105             JUNCTION     0.000    3.879     1  23:59           0        6.41       0.041
  331A-112             JUNCTION     0.000    0.952     1  23:59           0        1.19       0.057
  331A-113             JUNCTION     0.000    0.689     1  11:49           0       0.773       0.040
  331A-128             JUNCTION     0.000    0.689     1  11:21           0       0.773       0.013
  331A-132             JUNCTION     0.000    0.689     1  12:06           0       0.774       0.164
  331A-138             JUNCTION     0.000    0.689     1  14:16           0       0.775       0.122
  331A-147             JUNCTION     0.000    0.689     1  11:17           0       0.776       0.097
  331A-152             JUNCTION     0.000    0.490     1  12:49           0       0.284       0.040
  331A-157             JUNCTION     0.000    0.175     1  09:09           0       0.188       0.038
  331A-158             JUNCTION     0.000    0.175     1  14:24           0       0.188       0.028
  331A-159             JUNCTION     0.000    0.259     1  15:55           0       0.248      -0.022
  331A-160             JUNCTION     0.000    0.410     2  22:20           0       0.145      -0.288
  331A-165             JUNCTION     0.000    3.073     1  05:47           0        5.31       0.035
  331A-166             JUNCTION     0.000    3.073     1  05:47           0        5.31       0.039
  331A-167             JUNCTION     0.000    3.074     1  05:48           0        5.31       0.039
  331A-230             JUNCTION     0.000    3.429     1  12:23           0        4.21       0.040
  331A-231             JUNCTION     0.000    2.581     2  02:21           0        4.07       0.048
  331A-236             JUNCTION     0.000    2.565     2  02:22           0        4.07       0.042
  331A-237             JUNCTION     0.000    2.552     2  02:22           0        4.07       0.033
  331A-238             JUNCTION     0.000    2.546     2  01:55           0        4.07       0.056
  331A-239             JUNCTION     0.000    2.546     2  01:57           0        4.09       0.063
  331A-243             JUNCTION     0.000    3.308     1  12:09           0         4.1       0.054
  331A-253             JUNCTION     0.000    3.043     1  12:04           0        3.58       0.064
  331A-260             JUNCTION     0.000    5.218     1  12:07           0         4.5       0.052
  331A-265             JUNCTION     0.000    2.216     2  01:43           0        4.37       0.027
  331A-270             JUNCTION     0.000    2.216     2  01:43           0        4.38       0.087
  331A-271             JUNCTION     0.000    2.176     1  12:07           0        4.38       0.061
  331A-272             JUNCTION     0.000    2.176     1  12:07           0        4.38       0.074
  331A-273             JUNCTION     0.000    2.175     1  12:07           0        4.39       0.038
  331A-274             JUNCTION     0.000    2.174     1  12:07           0        4.38      -0.088
  331A-J22             JUNCTION     0.000    3.880     1  23:59           0        6.32       0.027
  331A-J23             JUNCTION     0.000    3.879     2  00:00           0        6.32       0.030
  332A-001             JUNCTION     0.000    8.052     1  12:07           0        3.26       0.013
  332A-007             JUNCTION     0.000    3.490     1  12:07           0        2.52       0.037
  332A-018             JUNCTION     0.000    3.492     1  12:07           0        2.52       0.048
  332A-027             JUNCTION     0.000    3.621     1  12:07           0        2.52       0.036
  332A-035             JUNCTION     0.000    2.736     1  15:02           0        2.53       0.027
  332A-036             JUNCTION     0.000    2.736     1  15:01           0        2.53       0.044
  332A-040             JUNCTION     0.000    2.736     1  15:02           0        2.54       0.051
  332A-042             JUNCTION     0.000    2.889     1  12:08           0        1.77       0.024
  332A-043             JUNCTION     0.000    3.391     1  12:08           0        1.77       0.009
  332A-044             JUNCTION     0.000    3.589     1  12:08           0        1.77       0.056
  332A-057             JUNCTION     0.000    3.584     1  12:08           0        1.78       0.061
  332A-058             JUNCTION     0.000    3.578     1  12:08           0        1.78       0.010
  332A-062             JUNCTION     0.000    5.031     1  12:07           0        1.78       0.007
  332A-063             JUNCTION     0.000    5.418     1  12:06           0        1.78       0.021
  332A-080             JUNCTION     0.000    7.027     1  12:07           0        1.78       0.011
  332A-081             JUNCTION     0.000    7.592     1  12:07           0        5.11       0.013
  332A-082             JUNCTION     0.000    5.982     1  12:07           0        3.02       0.008
  332A-118             JUNCTION     0.000    5.983     1  12:07           0        3.02       0.009
  332A-119             JUNCTION     0.000    5.988     1  12:05           0        3.02       0.010
  332A-122             JUNCTION     0.000    5.998     1  12:05           0        3.02       0.010
  332A-136             JUNCTION     0.000    3.370     1  12:02           0        2.61       0.015
  332A-137             JUNCTION     0.000    3.378     1  12:02           0        2.61       0.010
  332A-138             JUNCTION     0.000    3.403     1  12:02           0        2.61       0.011
  332A-140             JUNCTION     0.000    3.414     1  12:02           0        2.61       0.014
  332A-141             JUNCTION     0.000    4.574     1  12:11           0        2.64       0.011
  332A-154             JUNCTION     0.000    2.789     1  14:56           0        2.11       0.009
  332A-155             JUNCTION     0.000    2.789     1  15:03           0        2.11       0.007
  332A-156             JUNCTION     0.000    2.788     1  14:56           0        2.11       0.009
  332A-184             JUNCTION     0.000    6.005     1  12:04           0       0.931       0.018
  332A-186             JUNCTION     0.000    5.982     1  12:10           0       0.927      -0.004
  332A-J24             JUNCTION     0.000    0.582     1  06:19           0       0.532       1.263
  332A-J28             JUNCTION     0.000    1.620     1  14:52           0        2.15       1.126
  332A-J39             JUNCTION     0.000    0.718     3  08:04           0       0.763      -0.081
  333A-001             JUNCTION     0.000    2.861     1  12:04           0        2.05       0.003
  333A-002             JUNCTION     0.000    2.859     1  12:04           0        2.05       0.012
  333A-003             JUNCTION     0.000    2.856     1  12:04           0        2.05       0.005
  333A-004             JUNCTION     0.000    2.855     1  12:04           0        2.05       0.010
  333A-006             JUNCTION     0.000    2.854     1  12:05           0        2.05       0.010
  333A-007             JUNCTION     0.000    2.856     1  12:10           0        2.05       0.006
  333A-008             JUNCTION     0.000    2.854     1  12:07           0        2.05       0.007
  333A-009             JUNCTION     0.000    2.854     1  12:05           0        2.05       0.011
  333A-010             JUNCTION     0.000    2.854     1  12:06           0        2.05       0.012
  333A-012             JUNCTION     0.000    2.855     1  12:03           0        2.05       0.007
  333A-013             JUNCTION     0.000    2.859     1  12:03           0        2.05       0.003
  333A-047             JUNCTION     0.000    1.461     1  22:19           0        1.55       0.017
  333A-049             JUNCTION     0.000    1.286     1  23:32           0        1.23       0.015
  333A-050             JUNCTION     0.000    1.341     1  11:11           0        1.35      -0.031
  334A-011             JUNCTION     0.000   22.575     1  12:08           0        16.4       0.016
  334A-023             JUNCTION     0.000   19.721     1  12:08           0        14.3       0.020
  334A-024             JUNCTION     0.000   19.721     1  12:08           0        14.3       0.028
  334A-025             JUNCTION     0.000   19.721     1  12:08           0        14.3       0.028
  334A-031             JUNCTION     0.000   13.392     1  12:24           0        13.6       0.021
  334A-037             JUNCTION     0.000   13.384     1  12:24           0        13.6       0.025
  334A-042             JUNCTION     0.000   13.375     1  12:25           0        13.6       0.026
  334A-050             JUNCTION     0.000   13.376     1  12:25           0        13.6       0.036
  334A-051             JUNCTION     0.000   13.377     1  12:25           0        13.6       0.052
  334A-060             JUNCTION     0.000    8.414     1  12:37           0        10.4       0.053
  334A-061             JUNCTION     0.000    9.174     1  12:07           0        10.4       0.061
  335A-001             JUNCTION     0.000    1.566     1  06:20           0      0.0184       0.205
  336A-001             JUNCTION     0.000    2.202     1  05:43           0        1.91       0.004
  336A-005             JUNCTION     0.000    1.580     1  06:08           0        1.72       0.011
  336A-006             JUNCTION     0.000    1.580     1  06:08           0        1.72       0.019
  336A-007             JUNCTION     0.000    1.580     1  06:08           0        1.72       0.016
  336A-008             JUNCTION     0.000    1.580     1  06:06           0        1.72       0.012
  336A-009             JUNCTION     0.000    2.335     1  12:08           0        2.01       0.007
  336A-047             JUNCTION     0.000    1.247     1  06:05           0        1.33       0.012
  336A-048             JUNCTION     0.000    1.247     1  06:05           0        1.33       0.010
  336A-075             JUNCTION     0.000    1.576     1  14:08           0        1.42       0.003
  336A-078             JUNCTION     0.000    1.576     1  12:19           0        1.42       0.010
  336A-208             JUNCTION     0.000    1.580     1  06:08           0        1.72       0.013
  336A-209             JUNCTION     0.000    1.580     1  06:07           0        1.72       0.010
  337A-004             JUNCTION     0.000    5.573     1  12:05           0        2.36       0.012
  337A-005             JUNCTION     0.000    2.868     1  12:12           0        2.27       0.008
  337A-006             JUNCTION     0.000    2.868     1  12:19           0        2.27       0.027
  337A-007             JUNCTION     0.000    2.868     1  12:10           0        2.27       0.017
  337A-039             JUNCTION     0.000    0.955     1  12:12           0        1.11       0.035
  337A-051             JUNCTION     0.000    0.955     1  12:11           0        1.11       0.034
  337A-052             JUNCTION     0.000    0.928     1  12:14           0        1.11       0.037
  337A-053             JUNCTION     0.000    0.827     1  12:29           0        1.11       0.031
  337A-070             JUNCTION     0.000    0.833     2  00:01           0        1.09       0.023
  337A-071             JUNCTION     0.000    0.833     1  23:56           0        1.09       0.014
  337A-072             JUNCTION     0.000    0.833     1  23:52           0        1.09       0.015
  337A-073             JUNCTION     0.000    0.833     2  00:00           0        1.09       0.010
  337A-075             JUNCTION     0.000    0.833     2  00:00           0        1.09       0.014
  337A-088             JUNCTION     0.000    0.210     2  00:23           0        0.24       0.056
  337A-089             JUNCTION     0.000    0.168     1  11:18           0        0.24       0.061
  337A-090             JUNCTION     0.000    0.168     1  11:13           0        0.24       0.103
  337A-091             JUNCTION     0.000    0.168     1  11:16           0        0.24       0.047
  337A-101             JUNCTION     0.000    0.168     1  11:14           0        0.24       0.033
  337A-102             JUNCTION     0.000    0.168     1  11:13           0        0.24       0.024
  337A-106             JUNCTION     0.000    0.168     1  11:10           0       0.241       0.166
  337A-108             JUNCTION     0.000    0.168     1  11:08           0       0.241       0.037
  337A-109             JUNCTION     0.000    0.168     1  11:05           0       0.241       0.183
  337A-110             JUNCTION     0.000    0.168     1  11:02           0       0.242       0.193
  337A-111             JUNCTION     0.000    0.321     2  07:12           0       0.241      -0.208
  338A-001             JUNCTION     0.000    4.890     1  12:10           0        5.73       0.015
  338A-002             JUNCTION     0.000    4.890     1  12:10           0        5.73       0.005
  338A-039             JUNCTION     0.000    2.613     1  12:10           0        2.54       0.019
  338A-058             JUNCTION     0.000    2.643     1  12:09           0        1.61       0.035
  338A-076             JUNCTION     0.000    2.437     1  14:46           0        3.19       0.010
  338A-080             JUNCTION     0.000    2.437     1  14:46           0        3.19       0.017
  338A-084             JUNCTION     0.000    2.767     1  11:38           0        3.24       0.009
  338A-110             JUNCTION     0.000    1.808     1  07:56           0        2.64       0.015
  338A-111             JUNCTION     0.000    1.808     1  07:55           0        2.64       0.009
  338A-125             JUNCTION     0.000    1.808     1  07:56           0        2.64       0.008
  338A-131             JUNCTION     0.000    1.809     1  08:00           0        2.64       0.018
  338A-150             JUNCTION     0.000    1.417     2  00:28           0         1.6       0.016
  338A-151             JUNCTION     0.000    1.417     2  00:28           0        1.61       0.012
  338A-165             JUNCTION     0.000    1.144     2  00:34           0        1.11       0.016
  338A-179             JUNCTION     0.000    0.770     1  04:41           0       0.478       0.010
  338A-180             JUNCTION     0.000    0.769     2  00:16           0       0.478       0.007
  338A-181             JUNCTION     0.000    0.769     2  00:16           0       0.478       0.004
  338A-182             JUNCTION     0.000    0.897     1  14:32           0       0.945       0.003
  338A-185             JUNCTION     0.000    0.896     1  15:48           0       0.945       0.003
  338A-191             JUNCTION     0.000    0.896     1  15:50           0       0.945       0.003
  338A-192             JUNCTION     0.000    0.896     1  10:55           0       0.945       0.010
  338A-193             JUNCTION     0.000    0.896     1  15:43           0       0.945       0.007
  338A-194             JUNCTION     0.000    1.004     1  14:14           0           1       0.006
  338A-195             JUNCTION     0.000    1.894     1  12:38           0        1.25       0.004
  338A-197             JUNCTION     0.000    2.296     1  12:34           0        1.29       0.006
  338A-201             JUNCTION     0.000    2.296     1  13:15           0        1.29       0.003
  338A-202             JUNCTION     0.000    2.296     1  11:59           0        1.29       0.002
  338A-279             JUNCTION     0.000    1.809     1  08:00           0        2.64       0.013
  338A-280             JUNCTION     0.000    1.809     1  07:50           0        2.64       0.012
  339A-002             JUNCTION     0.000   47.186     1  03:42           0        29.6       0.015
  339A-002A            JUNCTION     0.000    6.053     1  02:39           0         6.4       0.219
  339A-002B            JUNCTION     0.000    6.040     1  02:39           0        6.38       0.210
  339A-002C            JUNCTION     0.000    6.040     1  02:38           0        6.37       0.201
  339A-002D            JUNCTION     0.000   13.961     2  02:25           0        12.4       0.325
  339A-002F            JUNCTION     0.000   13.961     2  02:24           0        12.4       0.252
  339A-002G            JUNCTION     0.000    6.070     1  02:38           0        6.36       0.187
  339A-002H            JUNCTION     0.000   13.963     2  02:25           0        12.4       0.250
  339A-005             JUNCTION     0.000   24.262     1  03:48           0        28.6       0.011
  339A-007             JUNCTION     0.000   22.726     1  03:52           0        28.6       0.008
  339A-008             JUNCTION     0.000   21.893     1  03:53           0        28.6       0.017
  339A-010             JUNCTION     0.000   20.348     1  03:50           0        28.6       0.016
  339A-011             JUNCTION     0.000   20.431     1  03:55           0        28.6       0.006
  339A-012             JUNCTION     0.000   20.663     1  03:55           0        28.6       0.012
  339A-013             JUNCTION     0.000   20.248     1  03:56           0        28.6       0.014
  339A-014             JUNCTION     0.000   20.471     1  03:57           0        28.6       0.008
  339A-015             JUNCTION     0.000   20.731     1  03:57           0        28.6       0.011
  339A-016             JUNCTION     0.000   20.583     1  03:58           0        28.6       0.010
  339A-017             JUNCTION     0.000   20.363     1  03:58           0        28.6       0.011
  339A-018             JUNCTION     0.000   20.328     1  03:59           0        28.6       0.014
  339A-019             JUNCTION     0.000   20.333     1  03:59           0        28.6       0.016
  339A-020             JUNCTION     0.000   20.336     1  03:59           0        28.6       0.008
  339A-022             JUNCTION     0.000   17.103     1  03:31           0        21.9       0.016
  339A-023             JUNCTION     0.000   17.066     1  03:31           0        21.8       0.017
  339A-024             JUNCTION     0.000   17.107     1  03:31           0        21.9       0.030
  339A-069             JUNCTION     0.000   17.109     1  03:31           0        21.9       0.034
  339A-070             JUNCTION     0.000   17.119     1  03:31           0        21.9       0.022
  339A-071             JUNCTION     0.000   18.578     1  12:04           0        25.1       0.022
  339A-076             JUNCTION     0.000   18.898     2  02:24           0        19.8       0.101
  350A-001             JUNCTION     0.000    3.737     1  14:36           0        3.91       0.002
  350A-002             JUNCTION     0.000    3.737     1  10:53           0        3.91       0.004
  350A-003             JUNCTION     0.000    3.738     1  16:13           0        3.91       0.010
  350A-004             JUNCTION     0.000    3.738     1  08:12           0        3.91       0.008
  350A-008             JUNCTION     0.000    3.739     1  14:11           0        3.91       0.006
  350A-009             JUNCTION     0.000    3.738     1  10:50           0        3.91       0.007
  350A-021             JUNCTION     0.000    3.738     1  10:44           0        3.91       0.003
  350A-066             JUNCTION     0.000    4.496     1  12:22           0        3.88       0.025
  350A-067             JUNCTION     0.000    4.496     1  12:00           0        3.88       0.004
  350A-068             JUNCTION     0.000    4.496     1  11:42           0        3.88       0.011
  350A-121             JUNCTION     0.000    3.461     1  09:03           0        3.09       0.013
  350A-122             JUNCTION     0.000    4.058     1  09:46           0        3.41       0.006
  350A-124             JUNCTION     0.000    4.630     1  12:15           0         3.1       0.004
  350A-125             JUNCTION     0.000    4.630     1  12:24           0         3.1       0.004
  350A-147             JUNCTION     0.000    7.145     1  12:11           0        3.15       0.011
  350A-149             JUNCTION     0.000    7.145     1  12:11           0        3.15       0.001
  350A-160             JUNCTION     0.000    3.174     1  15:29           0        2.34       0.011
  350A-163             JUNCTION     0.000    3.174     1  15:27           0        2.34       0.006
  350A-198             JUNCTION     0.000    4.630     1  12:15           0         3.1       0.004
  351A-001             JUNCTION     0.000   28.901     1  12:07           0        15.1       0.043
  351A-002             JUNCTION     0.000    0.280     1  03:53           0      0.0188      -0.078
  351A-019             JUNCTION     0.000   25.715     1  12:08           0        14.8       0.009
  351A-020             JUNCTION     0.000   25.714     1  12:08           0        14.8       0.008
  351A-021             JUNCTION     0.000   25.713     1  12:08           0        14.8       0.008
  351A-025             JUNCTION     0.000   25.712     1  12:08           0        14.8       0.008
  351A-028             JUNCTION     0.000   25.711     1  12:08           0        14.8       0.008
  351A-029             JUNCTION     0.000    0.346     2  08:36           0        0.38      -0.048
  351A-031             JUNCTION     0.000   13.851     1  12:06           0        9.93       0.009
  351A-036             JUNCTION     0.000   13.871     1  12:06           0        9.93       0.011
  351A-040             JUNCTION     0.000    0.493     1  18:50           0       0.449       0.026
  351A-041             JUNCTION     0.000    0.493     1  18:50           0       0.449       0.010
  351A-044             JUNCTION     0.000    0.493     1  18:50           0       0.449       0.010
  351A-046             JUNCTION     0.000    0.677     1  12:07           0       0.476       0.010
  351A-053             JUNCTION     0.000    0.477     1  09:38           0       0.476       0.009
  351A-054             JUNCTION     0.000    0.477     1  09:37           0       0.475      -0.029
  351A-059             JUNCTION     0.000    0.975     1  12:53           0       0.891       0.011
  351A-060             JUNCTION     0.000    0.975     1  12:56           0       0.891       0.038
  351A-061             JUNCTION     0.000    0.975     1  12:53           0       0.898       0.032
  351A-068             JUNCTION     0.000    0.915     1  12:08           0     0.00927       0.109
  351A-074             JUNCTION     0.000    0.128     1  10:12           0     0.00187       1.301
  351A-080             JUNCTION     0.000    7.570     1  11:48           0        7.74       0.159
  351A-086             JUNCTION     0.000    8.801     1  12:57           0        7.82       0.011
  351A-087             JUNCTION     0.000    8.798     1  12:57           0        7.83       0.017
  351A-088             JUNCTION     0.000    8.798     1  12:57           0        7.83       0.021
  351A-091             JUNCTION     0.000    7.575     1  11:48           0        7.75       0.150
  351A-112             JUNCTION     0.000    6.968     1  13:37           0        7.47       0.197
  351A-129             JUNCTION     0.000    0.494     1  18:50           0       0.449       0.019
  351A-130             JUNCTION     0.000   13.859     1  12:06           0        9.93       0.011
  351A-133             JUNCTION     0.000    7.569     1  11:49           0        7.73       0.182
  351A-136             JUNCTION     0.000    6.492     1  13:37           0        6.89       0.175
  352A-002             JUNCTION     0.000    4.325     1  12:08           0        3.65       0.006
  352A-003             JUNCTION     0.000    4.325     1  12:08           0        3.65       0.013
  352A-004             JUNCTION     0.000    4.325     1  12:08           0        3.65       0.013
  352A-007             JUNCTION     0.000    4.325     1  12:08           0        3.65       0.014
  352A-008             JUNCTION     0.000    4.795     1  12:03           0        3.68       0.013
  352A-009             JUNCTION     0.000    4.795     1  12:12           0        3.68       0.012
  352A-028             JUNCTION     0.000    2.033     1  11:00           0        1.86       0.011
  352A-029             JUNCTION     0.000    2.033     1  11:00           0        1.88       0.017
  352A-030             JUNCTION     0.000    2.032     1  11:00           0        1.88       0.017
  352A-031             JUNCTION     0.000    2.032     1  11:00           0        1.88       0.019
  352A-040             JUNCTION     0.000    1.183     1  17:20           0        1.16       0.018
  352A-042             JUNCTION     0.000    1.182     1  17:21           0        1.16       0.017
  352A-043             JUNCTION     0.000    1.182     1  17:21           0        1.17       0.042
  352A-044             JUNCTION     0.000    0.075     1  10:11           0     0.00405      -0.102
  352A-048             JUNCTION     0.000    0.055     1  11:09           0     0.00102      -0.116
  352A-05              JUNCTION     0.000    4.325     1  12:09           0        3.65       0.011
  352A-054             JUNCTION     0.000    1.181     1  17:21           0        1.16       0.015
  352A-055             JUNCTION     0.000    1.181     1  17:20           0        1.16       0.025
  352A-059             JUNCTION     0.000    1.181     1  17:23           0         1.2       0.017
  352A-06              JUNCTION     0.000    4.325     1  12:08           0        3.65       0.009
  352A-067             JUNCTION     0.000    1.181     1  17:21           0         1.2       0.021
  352A-069             JUNCTION     0.000    1.181     1  17:21           0         1.2       0.045
  352A-071             JUNCTION     0.000    1.181     1  17:21           0         1.2       0.038
  352A-155             JUNCTION     0.000    4.796     1  12:11           0        3.68       0.015
  353A-001             JUNCTION     0.000    0.974     1  12:57           0       0.893       0.012
  353A-004             JUNCTION     0.000    9.935     1  11:55           0        8.74       0.010
  354A-002             JUNCTION     0.000    3.137     1  12:03           0        1.82       0.013
  354A-003             JUNCTION     0.000    3.137     1  12:11           0        1.82       0.012
  354A-004             JUNCTION     0.000    3.137     1  12:11           0        1.82       0.012
  354A-005             JUNCTION     0.000    3.353     1  12:10           0        1.83       0.007
  354A-008             JUNCTION     0.000    1.677     1  14:17           0        1.14       0.005
  354A-011             JUNCTION     0.000    1.677     1  14:18           0        1.14       0.011
  354A-013             JUNCTION     0.000    1.677     1  14:18           0        1.14       0.013
  354A-020             JUNCTION     0.000    1.676     1  14:16           0        1.14       0.012
  354A-024             JUNCTION     0.000    1.675     1  14:19           0        1.14       0.008
  354A-053             JUNCTION     0.000    1.675     1  14:16           0        1.14       0.004
  355A-001             JUNCTION     0.000    2.351     1  12:09           0        1.11       0.002
  355A-004             JUNCTION     0.000    2.367     1  12:02           0        1.11       0.001
  355A-005             JUNCTION     0.000    2.367     1  12:01           0        1.11       0.001
  355A-007             JUNCTION     0.000    2.367     1  12:01           0        1.11       0.002
  355A-013             JUNCTION     0.000    2.367     1  12:01           0        1.11       0.002
  355A-017             JUNCTION     0.000    2.367     1  12:01           0        1.11       0.001
  355A-024             JUNCTION     0.000    2.367     1  12:01           0        1.11       0.001
  355A-033             JUNCTION     0.000    2.368     1  12:01           0        1.11       0.000
  355A-034             JUNCTION     0.000    2.372     1  12:01           0        1.11      -0.001
  355A-039             JUNCTION     0.000    2.376     1  12:01           0        1.11      -0.001
  356A-001             JUNCTION     0.000    6.494     1  13:37           0         6.9       0.153
  356A-002             JUNCTION     0.000    6.492     1  13:38           0         6.9       0.136
  356A-005             JUNCTION     0.000    6.138     1  12:07           0        5.33       0.187
  356A-031             JUNCTION     0.000    8.371     1  12:08           0         4.4       0.175
  356A-032             JUNCTION     0.000    8.371     1  12:08           0         4.4       0.178
  356A-034             JUNCTION     0.000   15.257     1  12:07           0        4.25       0.162
  356A-035             JUNCTION     0.000    5.751     1  12:06           0        4.18       0.192
  356A-037             JUNCTION     0.000    7.060     1  12:06           0        3.46       0.186
  356A-039             JUNCTION     0.000   10.478     1  12:06           0         3.8       0.191
  356A-040             JUNCTION     0.000    3.449     1  12:05           0        3.71       0.016
  356A-041             JUNCTION     0.000    1.734     1  12:08           0      0.0183      -0.117
  356A-042             JUNCTION     0.000    0.994     1  12:05           0     0.00934       0.064
  356A-043             JUNCTION     0.000    0.992     1  12:05           0     0.00682      -0.297
  356A-044             JUNCTION     0.000    0.729     1  12:05           0      0.0048       0.110
  356A-045             JUNCTION     0.000    0.485     1  12:08           0     0.00314       0.221
  356A-046             JUNCTION     0.000    0.276     1  12:10           0     0.00195      -0.861
  356A-047             JUNCTION     0.000    0.236     1  12:14           0      0.0009      13.338
  356A-048             JUNCTION     0.000    0.081     1  12:16           0    0.000118       5.832
  356A-049             JUNCTION     0.000    0.000     0  00:00           0           0       0.000 gal
  356A-058             JUNCTION     0.000    5.370     1  12:09           0         3.5       0.023
  356A-099             JUNCTION     0.000    2.489     2  01:05           0        3.19       0.018
  356A-100             JUNCTION     0.000    2.463     2  00:58           0        3.19       0.027
  356A-101             JUNCTION     0.000    5.371     1  12:09           0         3.5       0.019
  356A-102             JUNCTION     0.000    5.371     1  12:09           0         3.5       0.022
  356A-103             JUNCTION     0.000    5.371     1  12:09           0         3.5       0.034
  356A-104             JUNCTION     0.000    5.371     1  12:09           0         3.5       0.032
  356A-106             JUNCTION     0.000    5.371     1  12:09           0         3.5       0.027
  356A-107             JUNCTION     0.000    5.371     1  12:09           0         3.5       0.030
  356A-108             JUNCTION     0.000    5.370     1  12:09           0         3.5       0.026
  356A-121             JUNCTION     0.000    5.370     1  12:09           0         3.5       0.033
  356A-125             JUNCTION     0.000    4.497     1  12:07           0        3.36       0.060
  356A-126             JUNCTION     0.000    4.497     1  12:07           0        3.36       0.084
  356A-141             JUNCTION     0.000    1.734     1  12:09           0      0.0214      -0.019
  356A-SB17            JUNCTION     0.000    0.025     0  10:30           0     0.00362      36.097
  359A-002             JUNCTION     0.000    1.034     1  16:24           0       0.779       0.004
  359A-003             JUNCTION     0.000    1.034     1  16:24           0       0.779       0.003
  359A-004             JUNCTION     0.000    1.034     1  16:24           0       0.775       0.002
  359A-005             JUNCTION     0.000    1.034     1  16:24           0       0.775       0.002
  359A-006             JUNCTION     0.000    1.034     1  16:24           0       0.775       0.003
  359A-007             JUNCTION     0.000    1.034     1  16:24           0       0.775       0.001
  360A-001             JUNCTION     0.000   27.559     1  03:57           0        29.5       0.025
  360A-003             JUNCTION     0.000   43.757     1  12:07           0        42.8       0.022
  360A-005             JUNCTION     0.000   32.768     1  12:07           0        42.3       0.018
  360A-007             JUNCTION     0.000   32.760     1  12:07           0        42.3       0.018
  360A-008             JUNCTION     0.000   32.753     1  12:07           0        42.3       0.019
  360A-009             JUNCTION     0.000   32.747     1  12:07           0        42.4       0.023
  360A-021             JUNCTION     0.000   32.741     1  12:07           0        42.4       0.023
  360A-046             JUNCTION     0.000   26.837     1  04:38           0        41.8       0.016
  360A-068             JUNCTION     0.000   27.981     1  04:42           0        41.9       0.015
  360A-069             JUNCTION     0.000   27.415     1  04:41           0        41.9       0.020
  360A-075             JUNCTION     0.000   26.964     1  04:40           0        41.8       0.018
  360A-076             JUNCTION     0.000   27.083     1  04:41           0        41.9       0.013
  360A-077             JUNCTION     0.000   27.214     1  04:42           0        41.9       0.018
  360A-079             JUNCTION     0.000   27.507     1  04:44           0        41.9       0.019
  360A-088             JUNCTION     0.000   27.437     1  04:45           0        41.6       0.015
  360A-089             JUNCTION     0.000   27.473     1  04:45           0        41.6       0.012
  360A-122             JUNCTION     0.000   27.579     1  04:51           0        41.4       0.030
  360A-123             JUNCTION     0.000   27.706     1  04:54           0        41.4       0.049
  360A-125             JUNCTION     0.000   30.111     1  12:05           0        43.3       0.120
  360A-135             JUNCTION     0.000   32.771     1  12:07           0        42.3       0.019
  360A-136             JUNCTION     0.000   27.388     1  04:45           0        41.6       0.014
  360A-138             JUNCTION     0.000   27.640     1  04:53           0        41.2       0.090
  360A-J56             JUNCTION     0.000    1.844     1  15:33           0        1.97       0.263
  360A-J57             JUNCTION     0.000   27.532     1  04:50           0        41.3       0.016
  361A-247             JUNCTION     0.000    9.544     1  12:07           0        6.51       0.000
  362A-001             JUNCTION     0.000    3.064     1  12:10           0        2.31       0.003
  362A-003             JUNCTION     0.000    2.728     1  13:37           0        1.72       0.017
  362A-004             JUNCTION     0.000    2.133     1  12:11           0       0.853       0.005
  362A-005             JUNCTION     0.000    2.133     1  12:40           0       0.853       0.002
  362A-006             JUNCTION     0.000    2.133     1  12:09           0       0.853       0.005
  362A-022             JUNCTION     0.000    1.517     1  15:07           0       0.925       0.005
  362A-023             JUNCTION     0.000    1.831     1  12:03           0       0.971       0.002
  362A-024             JUNCTION     0.000    1.830     1  12:03           0       0.971       0.004
  362A-025             JUNCTION     0.000    1.828     1  12:03           0       0.971       0.003
  362A-026             JUNCTION     0.000    1.825     1  12:03           0       0.971       0.001
  362A-027             JUNCTION     0.000    1.825     1  12:04           0       0.971       0.010
  362A-028             JUNCTION     0.000    1.825     1  12:53           0       0.971       0.006
  362A-029             JUNCTION     0.000    1.825     1  12:04           0       0.971       0.006
  362A-030             JUNCTION     0.000    1.825     1  12:04           0       0.971       0.006
  362A-031             JUNCTION     0.000    1.827     1  12:03           0       0.971       0.006
  362A-033             JUNCTION     0.000    0.226     1  11:36           0     0.00447      -0.450
  362A-034             JUNCTION     0.000    0.170     1  11:37           0     0.00104      -0.281
  363A-004             JUNCTION     0.000    2.456     1  12:23           0        1.21      -0.004
  363A-007             JUNCTION     0.000    3.244     1  12:05           0        1.21       0.002
  363A-024             JUNCTION     0.000    1.655     1  13:25           0       0.893      -0.001
  363A-031             JUNCTION     0.000    1.985     1  12:06           0       0.906       0.003
  364A-002             JUNCTION     0.000    1.468     1  21:02           0        1.19       0.017
  364A-003             JUNCTION     0.000    1.468     1  21:01           0         1.2       0.012
  364A-004             JUNCTION     0.000    1.468     1  20:58           0         1.2       0.014
  364A-005             JUNCTION     0.000    1.468     1  20:59           0         1.2       0.010
  364A-006             JUNCTION     0.000    1.468     1  20:59           0         1.2       0.009
  364A-029             JUNCTION     0.000    0.739     1  20:57           0        0.49       0.029
  364A-034             JUNCTION     0.000    0.739     1  20:57           0        0.49       0.020
  364A-039             JUNCTION     0.000    0.739     1  20:57           0        0.49       0.009
  364A-044             JUNCTION     0.000    0.739     1  20:57           0        0.49       0.017
  364A-049             JUNCTION     0.000    0.732     1  20:45           0        0.49       0.012
  364A-054             JUNCTION     0.000    0.695     1  20:07           0       0.488       0.009
  364A-059             JUNCTION     0.000    0.712     1  20:35           0       0.489       0.008
  364A-064             JUNCTION     0.000    0.668     1  19:58           0       0.486       0.002
  364A-069             JUNCTION     0.000    0.791     1  11:07           0       0.497       0.012
  364A-072             JUNCTION     0.000    0.797     1  11:07           0      0.0264       0.426
  364A-073             JUNCTION     0.000    0.790     1  11:08           0      0.0147      -0.057
  364A-074             JUNCTION     0.000    0.645     1  11:15           0     0.00645       0.377
  364A-075             JUNCTION     0.000    0.353     1  11:18           0     0.00144       1.574
  365A-001             JUNCTION     0.000    3.059     1  14:06           0        2.64       0.009
  365A-003             JUNCTION     0.000    3.060     1  14:03           0        2.64       0.005
  365A-005             JUNCTION     0.000    3.058     1  14:06           0        2.64       0.004
  365A-007             JUNCTION     0.000    3.058     1  14:03           0        2.64       0.008
  365A-008             JUNCTION     0.000    3.058     1  14:03           0        2.64       0.008
  365A-009             JUNCTION     0.000    3.058     1  14:03           0        2.64       0.008
  365A-014             JUNCTION     0.000    3.864     1  12:04           0        2.68       0.009
  365A-022             JUNCTION     0.000    3.149     1  12:05           0         1.7       0.007
  365A-030             JUNCTION     0.000    3.311     1  12:07           0        1.74       0.003
  365A-031             JUNCTION     0.000    3.623     1  12:06           0        1.74       0.005
  365A-032             JUNCTION     0.000    3.624     1  12:11           0        1.74      -0.000
  365A-033             JUNCTION     0.000    3.622     1  12:11           0        1.74       0.005
  365A-080             JUNCTION     0.000    1.664     1  14:23           0        1.03       0.002
  365A-161             JUNCTION     0.000    4.336     1  12:12           0        2.69       0.010
  366A-001             JUNCTION     0.000    6.375     1  15:43           0        4.85       0.024
  366A-003             JUNCTION     0.000   12.606     1  12:22           0        5.45       0.006
  366A-006             JUNCTION     0.000    9.839     1  12:08           0        3.97      -0.001
  366A-008             JUNCTION     0.000    6.969     1  12:31           0        3.35       0.003
  366A-009             JUNCTION     0.000    7.959     1  12:08           0        3.39       0.002
  366A-010             JUNCTION     0.000    7.959     1  12:08           0        3.39       0.001
  366A-012             JUNCTION     0.000    7.958     1  12:08           0        3.39       0.002
  366A-013             JUNCTION     0.000    7.957     1  12:08           0        3.39       0.004
  366A-014             JUNCTION     0.000    7.956     1  12:08           0        3.39       0.003
  366A-015             JUNCTION     0.000    7.955     1  12:08           0        3.39       0.002
  366A-016             JUNCTION     0.000    7.955     1  12:08           0        3.39       0.003
  366A-017             JUNCTION     0.000    7.954     1  12:08           0        3.39       0.002
  366A-018             JUNCTION     0.000    7.954     1  12:08           0        3.39       0.001
  366A-019             JUNCTION     0.000    7.953     1  12:08           0        3.39      -0.000
  366A-021             JUNCTION     0.000    4.651     1  12:57           0        2.51       0.003
  366A-022             JUNCTION     0.000    4.647     1  12:57           0        2.51       0.002
  366A-023             JUNCTION     0.000    5.251     1  12:09           0        2.53       0.001
  366A-024             JUNCTION     0.000    4.642     1  12:57           0        2.55       0.004
  366A-170             JUNCTION     0.000   27.994     1  03:48           0        31.8       0.045
  366A-171             JUNCTION     0.000   28.296     1  03:48           0        31.8       0.055
  366A-172             JUNCTION     0.000   28.573     1  03:49           0        31.8       0.057
  366A-173             JUNCTION     0.000   28.831     1  03:49           0        31.9       0.049
  366A-174             JUNCTION     0.000   29.097     1  03:50           0        31.9       0.051
  366A-177             JUNCTION     0.000   29.648     1  03:59           0        28.5       0.055
  366A-178             JUNCTION     0.000    4.264     1  12:10           0        1.27       0.968
  366A-179             JUNCTION     0.000    4.264     1  12:10           0        1.17       0.001
  366A-205             JUNCTION     0.000   31.131     1  04:04           0        28.3       0.054
  366A-264             JUNCTION     0.000   29.776     1  03:59           0        28.5       0.048
  366A-265             JUNCTION     0.000   29.611     1  03:58           0        28.6       0.054
  366A-269             JUNCTION     0.000   29.903     1  03:58           0        28.6       0.081
  366A-270             JUNCTION     0.000   30.102     1  03:57           0        28.6       0.048
  366A-283             JUNCTION     0.000   30.494     1  03:56           0        28.3       0.055
  366A-284             JUNCTION     0.000   30.683     1  04:04           0        28.3       0.050
  366A-291             JUNCTION     0.000   30.903     1  03:56           0        28.3       0.048
  366A-306             JUNCTION     0.000   31.440     1  03:55           0        28.3       0.054
  366A-307             JUNCTION     0.000   31.679     1  03:54           0        28.3       0.062
  366A-308             JUNCTION     0.000   31.979     1  03:54           0        28.4       0.060
  366A-309             JUNCTION     0.000   32.263     1  03:53           0        28.4       0.048
  366A-310             JUNCTION     0.000   32.503     1  03:53           0        28.4       0.042
  366A-311             JUNCTION     0.000   33.170     1  03:52           0        28.4       0.078
  366A-318             JUNCTION     0.000    0.609     0  16:24           0      0.0667      11.550
  366A-319             JUNCTION     0.000   29.298     1  03:59           0        29.7       0.118
  366A-336             JUNCTION     0.000   18.747     1  12:06           0        5.27       0.001
  366A-338             JUNCTION     0.000   27.445     1  03:46           0        31.8       0.040
  366A-339             JUNCTION     0.000   27.902     1  03:50           0        29.6       0.050
  366A-340             JUNCTION     0.000   28.050     1  03:49           0        29.6       0.043
  366A-343             JUNCTION     0.000   30.112     1  03:40           0        36.6       0.034
  366A-349             JUNCTION     0.000   27.716     1  03:46           0        31.8       0.035
  367A-001             JUNCTION     0.000    4.563     1  12:14           0        1.21       0.004
  367A-002             JUNCTION     0.000    4.563     1  12:14           0        1.21       0.004
  367A-003             JUNCTION     0.000    4.562     1  12:14           0        1.21      -0.000
  367A-004             JUNCTION     0.000    4.562     1  12:14           0        1.21       0.013
  367A-007             JUNCTION     0.000    3.681     1  12:14           0       0.379       0.009
  367A-008             JUNCTION     0.000    1.920     1  12:18           0       0.376       0.020
  367A-043             JUNCTION     0.000    1.920     1  12:18           0       0.376       0.007
  367A-044             JUNCTION     0.000    3.198     1  12:03           0       0.375      -0.014
  367A-046             JUNCTION     0.000    2.828     1  12:03           0       0.374      -0.012
  367A-056             JUNCTION     0.000    3.149     1  12:06           0     0.00636      -1.648
  367A-057             JUNCTION     0.000    1.981     1  12:06           0     0.00146       0.681
  368A-001             JUNCTION     0.000    6.810     1  14:40           0        6.83       0.003
  368A-002             JUNCTION     0.000    6.809     1  14:41           0        6.83       0.003
  368A-003             JUNCTION     0.000    6.809     1  14:39           0        6.83       0.003
  368A-004             JUNCTION     0.000    6.809     1  14:39           0        6.83       0.004
  368A-007             JUNCTION     0.000    6.810     1  14:40           0        6.84       0.004
  368A-011             JUNCTION     0.000    5.868     1  12:03           0        6.03       0.005
  368A-017             JUNCTION     0.000    5.868     1  12:03           0        6.03       0.004
  368A-024             JUNCTION     0.000    5.867     1  12:03           0        6.03       0.004
  368A-028             JUNCTION     0.000    5.866     1  12:03           0        6.03       0.005
  368A-036             JUNCTION     0.000    5.866     1  12:03           0        6.03       0.006
  368A-037             JUNCTION     0.000    5.865     1  12:04           0        6.03       0.006
  368A-048             JUNCTION     0.000    5.866     1  12:04           0        6.04       0.005
  368A-049             JUNCTION     0.000    5.866     1  12:04           0        6.04       0.006
  368A-050             JUNCTION     0.000    5.865     1  12:04           0        6.04       0.006
  368A-058             JUNCTION     0.000    5.863     1  12:04           0        6.04       0.006
  368A-059             JUNCTION     0.000    5.865     1  12:03           0        6.04       0.006
  368A-067             JUNCTION     0.000    5.867     1  12:04           0        6.04       0.007
  368A-070             JUNCTION     0.000    5.870     1  12:04           0        6.04       0.006
  368A-071             JUNCTION     0.000    5.870     1  12:04           0        6.04       0.007
  368A-072             JUNCTION     0.000    5.867     1  12:04           0        6.04       0.006
  368A-073             JUNCTION     0.000    5.864     1  12:03           0        6.04       0.008
  368A-074             JUNCTION     0.000    5.867     1  12:03           0        6.04       0.008
  368A-080             JUNCTION     0.000    5.871     1  12:03           0        6.04       0.008
  368A-081             JUNCTION     0.000    2.129     1  14:16           0        1.42       0.001
  369A-005             JUNCTION     0.000    4.316     1  18:42           0         4.2       0.014
  369A-011             JUNCTION     0.000    4.314     1  18:43           0        4.21       0.011
  369A-017             JUNCTION     0.000    5.135     1  12:12           0        4.71       0.012
  369A-018             JUNCTION     0.000    5.134     1  12:23           0        4.71       0.015
  369A-019             JUNCTION     0.000    5.134     1  12:24           0        4.71       0.016
  369A-020             JUNCTION     0.000    5.134     1  12:11           0        4.71       0.017
  369A-021             JUNCTION     0.000    5.630     1  12:04           0        4.73       0.014
  369A-022             JUNCTION     0.000    5.629     1  12:03           0        4.73       0.015
  369A-042             JUNCTION     0.000    4.251     1  10:42           0        4.35       0.025
  369A-043             JUNCTION     0.000    4.249     1  10:42           0        4.35       0.025
  369A-044             JUNCTION     0.000    4.249     1  10:41           0        4.35       0.035
  369A-045             JUNCTION     0.000    4.250     1  10:41           0        4.34      -0.151
  369A-046             JUNCTION     0.000    3.596     1  10:41           0        3.45       0.014
  369A-047             JUNCTION     0.000    3.599     1  10:41           0        3.45       0.006
  369A-049             JUNCTION     0.000    3.599     1  10:41           0        3.45       0.007
  369A-078             JUNCTION     0.000    2.748     1  17:38           0        2.46       0.009
  369A-117             JUNCTION     0.000    2.748     1  17:38           0        2.46       0.010
  369A-173             JUNCTION     0.000    2.560     1  11:15           0        2.11       0.013
  369A-175             JUNCTION     0.000    2.559     1  14:35           0        2.11       0.007
  369A-176             JUNCTION     0.000    0.190     1  22:04           0       0.335       0.010
  369A-177             JUNCTION     0.000    0.165     1  09:37           0       0.335       0.003
  369A-178             JUNCTION     0.000    2.414     1  14:35           0        1.77       0.007
  369A-179             JUNCTION     0.000    2.413     1  14:35           0        1.77       0.007
  369A-183             JUNCTION     0.000    3.943     1  12:10           0         1.5       0.012
  369A-184             JUNCTION     0.000    3.944     1  12:13           0         1.5       0.003
  369A-185             JUNCTION     0.000    3.943     1  12:11           0         1.5       0.006
  369A-188             JUNCTION     0.000    3.943     1  12:17           0         1.5       0.006
  369A-191             JUNCTION     0.000    3.943     1  12:15           0         1.5       0.005
  369A-195             JUNCTION     0.000    3.943     1  12:11           0         1.5       0.006
  369A-201             JUNCTION     0.000    3.943     1  12:15           0         1.5       0.007
  369A-202             JUNCTION     0.000    3.944     1  12:15           0         1.5       0.005
  369A-203             JUNCTION     0.000    3.943     1  12:11           0         1.5       0.002
  369A-204             JUNCTION     0.000    3.943     1  12:09           0         1.5       0.003
  369A-210             JUNCTION     0.000    2.158     1  12:05           0        1.01       0.007
  369A-211             JUNCTION     0.000    2.159     1  12:05           0        1.01       0.007
  369A-212             JUNCTION     0.000    2.165     1  12:04           0        1.01       0.022
  369A-213             JUNCTION     0.000    2.170     1  12:04           0        1.01      -0.000
  369A-217             JUNCTION     0.000    2.025     1  12:08           0       0.552      -0.006
  369A-219             JUNCTION     0.000    1.311     1  12:36           0      0.0599       0.012
  369A-220             JUNCTION     0.000    0.138     1  11:28           0    0.000617      -1.606
  369A-276             JUNCTION     0.000    2.748     1  17:38           0        2.46       0.013
  369A-288             JUNCTION     0.000    4.603     1  18:45           0        4.62       0.008
  370A-002             JUNCTION     0.000   38.178     1  12:06           0        45.4       0.022
  370A-005             JUNCTION     0.000   38.157     1  12:06           0        45.4       0.027
  370A-006             JUNCTION     0.000   38.150     1  12:06           0        45.4       0.027
  370A-007             JUNCTION     0.000   38.129     1  12:06           0        45.4       0.022
  370A-008             JUNCTION     0.000   27.276     1  05:06           0        44.4       0.024
  370A-009             JUNCTION     0.000    0.565     1  04:31           0     0.00391      -0.546
  370A-015             JUNCTION     0.000    0.385     1  04:38           0     0.00132      -3.971
  370A-052             JUNCTION     0.000   27.289     1  05:06           0        44.5       0.020
  370A-053             JUNCTION     0.000   27.296     1  05:06           0        44.5       0.022
  370A-054             JUNCTION     0.000   27.291     1  05:06           0        44.5       0.025
  370A-055             JUNCTION     0.000   27.286     1  05:07           0        44.5       0.017
  370A-056             JUNCTION     0.000   27.288     1  05:07           0        44.5       0.018
  370A-057             JUNCTION     0.000   27.289     1  05:07           0        44.5       0.021
  370A-058             JUNCTION     0.000   27.281     1  05:06           0        44.5       0.021
  370A-059             JUNCTION     0.000   27.282     1  05:07           0        44.5       0.019
  370A-060             JUNCTION     0.000   27.281     1  05:07           0        44.5       0.017
  370A-061             JUNCTION     0.000   27.282     1  05:06           0        44.5       0.023
  370A-062             JUNCTION     0.000   27.294     1  05:07           0        44.5       0.025
  370A-068             JUNCTION     0.000   27.552     1  04:13           0        44.6       0.029
  370A-083             JUNCTION     0.000   27.774     1  04:13           0        44.6       0.030
  370A-084             JUNCTION     0.000   27.989     1  04:12           0        44.6       0.034
  370A-085             JUNCTION     0.000   28.017     1  04:11           0        44.6       0.040
  370A-099             JUNCTION     0.000   28.153     1  04:11           0        44.2       0.037
  370A-102             JUNCTION     0.000   28.150     1  04:11           0        44.3       0.034
  370A-103             JUNCTION     0.000   28.980     1  04:18           0        44.4       0.070
  370A-104             JUNCTION     0.000   39.155     1  12:05           0        44.4       0.034
  370A-131             JUNCTION     0.000   25.434     1  04:59           0        36.4       0.033
  370A-132             JUNCTION     0.000   25.437     1  04:59           0        36.4       0.032
  370A-133             JUNCTION     0.000   25.425     1  04:59           0        36.5       0.032
  370A-134             JUNCTION     0.000   25.989     1  03:44           0        36.5       0.034
  370A-135             JUNCTION     0.000   26.309     1  03:44           0        36.5       0.033
  370A-136             JUNCTION     0.000   26.615     1  03:44           0        36.5       0.031
  370A-138             JUNCTION     0.000   27.226     1  03:43           0        36.5       0.031
  370A-139             JUNCTION     0.000   27.540     1  03:42           0        36.5       0.031
  370A-141             JUNCTION     0.000   28.850     1  03:42           0        36.6       0.067
  370A-142             JUNCTION     0.000   29.160     1  03:41           0        36.6       0.032
  370A-143             JUNCTION     0.000   29.463     1  03:41           0        36.6       0.032
  370A-144             JUNCTION     0.000   29.764     1  03:40           0        36.6       0.033
  370A-151             JUNCTION     0.000    1.592     1  04:31           0      0.0618      -0.073
  370A-163             JUNCTION     0.000    0.925     1  04:29           0     0.00979      -0.181
  370A-165             JUNCTION     0.000   27.304     1  05:07           0        44.6       0.029
  370A-187             JUNCTION     0.000    0.846     1  04:30           0     0.00628      -0.604
  370A-195             JUNCTION     0.000   28.150     1  04:10           0        44.2       0.034
  370A-202             JUNCTION     0.000   26.919     1  03:43           0        36.5       0.030
  370A-205             JUNCTION     0.000   66.335     1  12:06           0        63.5       0.005
  370A-205A            JUNCTION     0.000   33.181     1  12:05           0        56.8       0.021
  370A-205B            JUNCTION     0.000   33.181     1  12:04           0        56.8       0.021
  370A-206             JUNCTION     0.000   33.323     1  12:05           0        37.6       0.034
  370A-207             JUNCTION     0.000    1.499     1  04:27           0      0.0618      -0.042
  370A-208             JUNCTION     0.000   25.682     1  03:45           0        36.5       0.036
  371A-001             JUNCTION     0.000   24.767     1  12:08           0        17.6       0.013
  371A-002             JUNCTION     0.000   24.766     1  12:08           0        17.6       0.012
  371A-008             JUNCTION     0.000   12.257     1  12:08           0          12       0.020
  371A-012             JUNCTION     0.000   12.253     1  12:08           0          12       0.021
  371A-016             JUNCTION     0.000   12.248     1  12:08           0          12       0.017
  371A-019             JUNCTION     0.000   12.242     1  12:08           0          12       0.017
  371A-020             JUNCTION     0.000   12.235     1  12:08           0          12       0.017
  371A-068             JUNCTION     0.000   12.228     1  12:08           0          12       0.018
  371A-069             JUNCTION     0.000   12.225     1  12:08           0          12       0.018
  371A-070             JUNCTION     0.000   12.226     1  12:07           0          12       0.021
  371A-082             JUNCTION     0.000   10.747     1  12:04           0        11.7       0.017
  371A-083             JUNCTION     0.000   10.730     1  12:04           0        11.7       0.030
  371A-084             JUNCTION     0.000   10.703     1  12:04           0        11.7       0.031
  371A-087             JUNCTION     0.000   10.666     1  12:04           0        11.8       0.028
  371A-088             JUNCTION     0.000   10.672     1  12:04           0        11.8       0.034
  371A-100             JUNCTION     0.000   10.721     1  12:04           0        11.8       0.033
  371A-101             JUNCTION     0.000   10.794     1  12:04           0        11.8       0.028
  371A-102             JUNCTION     0.000   10.863     1  12:04           0        11.8       0.025
  371A-103             JUNCTION     0.000   10.916     1  12:04           0        11.8       0.022
  371A-104             JUNCTION     0.000   13.951     1  12:04           0        12.6       0.025
  371A-105             JUNCTION     0.000    5.097     1  12:05           0        1.67       0.003
  371A-106             JUNCTION     0.000    2.802     1  12:16           0       0.867       0.006
  371A-108             JUNCTION     0.000    0.240     1  05:06           0      0.0038       0.011
  371A-109             JUNCTION     0.000    0.165     1  05:07           0     0.00112      -0.414
  371A-135             JUNCTION     0.000    9.123     1  12:57           0          11       0.022
  371A-136             JUNCTION     0.000    9.119     1  12:56           0          11       0.023
  371A-137             JUNCTION     0.000    9.120     1  12:57           0        11.1       0.020
  371A-138             JUNCTION     0.000    9.117     1  12:57           0        11.1       0.021
  371A-139             JUNCTION     0.000    9.121     1  12:57           0        11.1       0.020
  371A-143             JUNCTION     0.000    9.115     1  12:57           0        11.1       0.019
  371A-146             JUNCTION     0.000    8.312     1  13:42           0        10.7       0.031
  371A-147             JUNCTION     0.000    8.308     1  13:42           0        10.7       0.035
  371A-151             JUNCTION     0.000    8.306     1  13:42           0        10.7       0.034
  371A-152             JUNCTION     0.000   12.551     1  12:07           0        10.8       0.025
  371A-153             JUNCTION     0.000   12.555     1  12:07           0        10.8       0.023
  371A-159             JUNCTION     0.000   12.548     1  12:07           0        10.9       0.029
  371A-160             JUNCTION     0.000   12.547     1  12:07           0        10.9       0.034
  371A-162             JUNCTION     0.000    7.682     2  00:14           0        9.84       0.047
  371A-163             JUNCTION     0.000    7.683     2  00:15           0        9.84       0.049
  371A-164             JUNCTION     0.000    7.682     2  00:15           0        9.85       0.041
  371A-228             JUNCTION     0.000    7.682     2  00:15           0        9.85       0.044
  371A-229             JUNCTION     0.000    7.683     2  00:15           0        9.86       0.051
  371A-230             JUNCTION     0.000    7.681     2  00:15           0        9.94       0.113
  371A-230A            JUNCTION     0.000    7.681     2  00:15           0        9.87       0.118
  371A-230B            JUNCTION     0.000    4.950     2  00:15           0        6.38       0.266
  371A-230C            JUNCTION     0.000    2.732     2  00:15           0        3.55       0.263
  371A-230D            JUNCTION     0.000    4.950     2  00:15           0        6.36       0.303
  371A-230E            JUNCTION     0.000    2.731     2  00:15           0        3.54       0.323
  371A-234             JUNCTION     0.000    7.682     2  00:15           0        9.94       0.020
  371A-235             JUNCTION     0.000   15.179     1  12:34           0          12       0.046
  371A-358             JUNCTION     0.000   12.237     1  12:07           0        12.1       0.161
  371A-358A            JUNCTION     0.000   12.234     1  12:07           0          12       0.047
  371A-358B            JUNCTION     0.000    3.445     1  12:07           0        3.33       0.322
  371A-358C            JUNCTION     0.000    0.566     1  12:07           0       0.563       0.275
  371A-358D            JUNCTION     0.000    8.227     1  12:07           0        8.16       0.316
  371A-358E            JUNCTION     0.000    3.444     1  12:07           0        3.32       0.296
  371A-358F            JUNCTION     0.000    0.565     1  12:07           0       0.561       0.288
  371A-358G            JUNCTION     0.000    8.228     1  12:07           0        8.13       0.314
  372A-001             JUNCTION     0.000   26.380     1  12:28           0        6.26       0.007
  372A-002             JUNCTION     0.000   24.956     1  12:33           0        6.26       0.011
  372A-003             JUNCTION     0.000   24.934     1  12:18           0        6.26       0.011
  372A-004             JUNCTION     0.000   24.971     1  12:17           0        6.26       0.011
  372A-005             JUNCTION     0.000   25.271     1  12:12           0        6.26       0.017
  372A-006             JUNCTION     0.000   12.567     1  12:11           0        2.44       0.009
  372A-017             JUNCTION     0.000   11.746     1  12:22           0        3.37       0.006
  372A-018             JUNCTION     0.000   11.748     1  12:21           0        3.37       0.006
  372A-028             JUNCTION     0.000    6.326     1  12:17           0        1.42       0.007
  372A-029             JUNCTION     0.000    6.327     1  12:16           0        1.42       0.016
  372A-030             JUNCTION     0.000    6.338     1  12:13           0        1.42       0.011
  372A-032             JUNCTION     0.000    6.463     1  12:09           0        1.42       0.008
  372A-033             JUNCTION     0.000    6.606     1  12:09           0        1.42       0.009
  372A-048             JUNCTION     0.000    6.803     1  12:08           0        1.42       0.008
  372A-060             JUNCTION     0.000   11.804     1  12:14           0        3.37       0.005
  372A-061             JUNCTION     0.000   11.822     1  12:14           0        3.37       0.007
  372A-091             JUNCTION     0.000    1.363     1  12:07           0      0.0146      -0.077
  372A-092             JUNCTION     0.000    1.030     1  12:12           0     0.00516       0.670
  372A-093             JUNCTION     0.000    0.000     0  00:00           0           0       0.000 gal
  372A-097             JUNCTION     0.000    0.000     0  00:00           0           0       0.000 gal
  372A-098             JUNCTION     0.000    0.000     0  00:00           0           0       0.000 gal
  372A-099             JUNCTION     0.000    0.000     0  00:00           0           0       0.000 gal
  372A-100             JUNCTION     0.000    0.000     0  00:00           0           0       0.000 gal
  372A-102             JUNCTION     0.000    0.000     0  00:00           0           0       0.000 gal
  372A-103             JUNCTION     0.000    0.000     0  00:00           0           0       0.000 gal
  372A-104             JUNCTION     0.000    0.000     0  00:00           0           0       0.000 gal
  372A-138             JUNCTION     0.000    2.921     1  12:10           0       0.508       0.014
  372A-139             JUNCTION     0.000    2.967     1  12:08           0       0.508       0.015
  372A-140             JUNCTION     0.000    2.966     1  12:08           0       0.508       0.012
  372A-141             JUNCTION     0.000    2.966     1  12:08           0       0.508       0.015
  372A-182             JUNCTION     0.000    2.801     1  12:12           0       0.507       0.013
  372A-183             JUNCTION     0.000    2.888     1  12:11           0       0.508       0.022
  372A-184             JUNCTION     0.000    0.587     1  12:05           0     0.00399      -0.351
  372A-185             JUNCTION     0.000    0.388     1  12:06           0     0.00108       2.657
  372A-186             JUNCTION     0.000    0.000     0  00:00           0           0       0.000 gal
  372A-187             JUNCTION     0.000    0.000     0  00:00           0           0       0.000 gal
  372A-188             JUNCTION     0.000    0.000     0  00:00           0           0       0.000 gal
  372A-190             JUNCTION     0.000   11.747     1  12:22           0        3.37       0.007
  372A-191             JUNCTION     0.000    6.727     1  12:05           0        1.07       0.007
  372A-192             JUNCTION     0.000    6.489     1  12:06           0        1.07       0.010
  372A-193             JUNCTION     0.000    1.387     1  12:06           0     0.00486       0.478
  372A-196             JUNCTION     0.000    0.000     0  00:00           0           0       0.000 gal
  372A-198             JUNCTION     0.000    0.000     0  00:00           0           0       0.000 gal
  372A-199             JUNCTION     0.000    0.000     0  00:00           0           0       0.000 gal
  372A-J48             JUNCTION     0.000   58.008     1  12:38           0        95.9       0.144
  372A-SB13            JUNCTION     0.000    0.000     0  00:00           0           0       0.000 gal
  374A-013             JUNCTION     0.000   10.070     1  12:25           0        2.71       0.008
  374A-014             JUNCTION     0.000   10.397     1  12:17           0        2.71       0.006
  374A-016             JUNCTION     0.000   10.395     1  12:17           0        2.71       0.010
  374A-025             JUNCTION     0.000   10.393     1  12:17           0        2.71       0.009
  374A-036             JUNCTION     0.000    8.516     1  12:08           0        2.11       0.014
  374A-037             JUNCTION     0.000    6.155     1  12:07           0         1.6       0.011
  374A-038             JUNCTION     0.000    6.156     1  12:07           0         1.6       0.030
  374A-039             JUNCTION     0.000    0.000     0  00:00           0           0       0.000 gal
  374A-040             JUNCTION     0.000    1.078     1  12:11           0     0.00372       0.113
  374A-054             JUNCTION     0.000    6.171     1  12:07           0         1.6       0.004
  374A-055             JUNCTION     0.000    6.194     1  12:07           0         1.6       0.006
  374A-058             JUNCTION     0.000    6.205     1  12:07           0         1.6       0.001
  374A-059             JUNCTION     0.000    6.209     1  12:07           0         1.6       0.018
  374A-196             JUNCTION     0.000    6.051     1  12:33           0         1.6       0.006
  374A-197             JUNCTION     0.000   10.394     1  12:17           0        2.71       0.007
  374A-206             JUNCTION     0.000    6.161     1  12:07           0         1.6       0.012
  375A-001             JUNCTION     0.000    2.846     1  12:08           0       0.513       0.005
  375A-002             JUNCTION     0.000    2.881     1  12:07           0       0.513      -0.004
  375A-003             JUNCTION     0.000    3.621     1  12:07           0       0.513      -0.004
  375A-007             JUNCTION     0.000    3.622     1  12:07           0       0.513       0.010
  375A-009             JUNCTION     0.000    3.623     1  12:07           0       0.513       0.006
  375A-010             JUNCTION     0.000    3.625     1  12:07           0       0.513       0.002
  375A-042             JUNCTION     0.000    3.386     1  12:07           0       0.513      -0.000
  387A-001             JUNCTION     0.000    8.563     1  12:33           0        3.31       0.016
  387A-002             JUNCTION     0.000    8.563     1  12:32           0        3.31       0.036
  387A-005             JUNCTION     0.000    4.803     1  12:33           0        1.99       0.028
  387A-006             JUNCTION     0.000    4.800     1  12:33           0        1.99       0.026
  387A-055             JUNCTION     0.000    4.800     1  12:33           0        1.99       0.013
  387A-056             JUNCTION     0.000    4.802     1  12:33           0        1.99       0.034
  387A-057             JUNCTION     0.000    4.799     1  12:33           0        1.99       0.020
  387A-097             JUNCTION     0.000    4.449     1  12:06           0        1.42       0.020
  387A-098             JUNCTION     0.000    4.427     1  12:06           0        1.42       0.055
  387A-099             JUNCTION     0.000    4.410     1  12:06           0        1.42       0.061
  387A-100             JUNCTION     0.000    4.396     1  12:09           0        1.41       0.051
  387A-101             JUNCTION     0.000    4.394     1  12:09           0         1.4       0.025
  387A-102             JUNCTION     0.000    5.810     1  12:07           0         1.4       0.012
  387A-103             JUNCTION     0.000    0.528     1  14:25           0       0.333       0.008
  387A-104             JUNCTION     0.000    0.512     1  12:07           0       0.333       0.099
  387A-105             JUNCTION     0.000    0.497     1  14:24           0       0.334       0.101
  387A-106             JUNCTION     0.000    0.498     1  14:22           0       0.334       0.014
  387A-107             JUNCTION     0.000    0.487     1  11:57           0       0.333      -0.058
  387A-108             JUNCTION     0.000    6.569     1  12:05           0        1.07       0.010
  387A-123             JUNCTION     0.000   10.567     1  12:09           0       0.108      -0.128
  387A-124             JUNCTION     0.000    8.612     1  12:10           0      0.0727      -0.189
  387A-125             JUNCTION     0.000    6.779     1  12:11           0      0.0367      -0.013
  387A-126             JUNCTION     0.000    3.455     1  12:11           0     0.00939       2.186
  388A-001             JUNCTION     0.000    8.425     1  12:04           0        8.55       0.037
  388A-004             JUNCTION     0.000    8.441     1  12:05           0        8.59       0.013
  388A-006             JUNCTION     0.000    8.442     1  12:05           0        8.59       0.011
  388A-010             JUNCTION     0.000    8.447     1  12:04           0         8.6       0.013
  388A-012             JUNCTION     0.000    8.466     1  12:04           0         8.6       0.010
  388A-016             JUNCTION     0.000    8.481     1  12:04           0         8.6       0.010
  388A-017             JUNCTION     0.000    8.490     1  12:04           0         8.6       0.014
  388A-047             JUNCTION     0.000    6.552     1  12:05           0        7.84       0.014
  388A-059             JUNCTION     0.000    6.550     1  11:58           0        7.84       0.013
  388A-060             JUNCTION     0.000    6.567     1  12:00           0        7.84       0.013
  388A-065             JUNCTION     0.000    6.583     1  12:00           0        7.84       0.019
  388A-069             JUNCTION     0.000    6.595     1  12:00           0        7.84       0.014
  388A-077             JUNCTION     0.000    6.602     1  12:00           0        7.84       0.013
  388A-094             JUNCTION     0.000    5.617     1  10:48           0        7.13       0.018
  388A-095             JUNCTION     0.000    5.614     1  10:49           0        7.13       0.013
  388A-100             JUNCTION     0.000    5.612     1  10:45           0        7.13       0.019
  388A-114             JUNCTION     0.000    7.327     1  12:05           0        7.25       0.021
  388A-133             JUNCTION     0.000    4.813     1  06:14           0        6.07       0.013
  388A-139             JUNCTION     0.000    4.834     1  06:14           0        6.07       0.015
  388A-149             JUNCTION     0.000    4.862     1  06:15           0        6.07       0.011
  388A-150             JUNCTION     0.000    4.379     1  06:17           0        5.16       0.024
  388A-151             JUNCTION     0.000    4.399     1  06:18           0        5.16       0.025
  388A-152             JUNCTION     0.000    4.411     1  06:20           0        5.16       0.029
  388A-187             JUNCTION     0.000    7.326     1  12:05           0        7.25       0.024
  388A-201             JUNCTION     0.000    4.793     1  06:13           0        6.07       0.017
  389A-001             JUNCTION     0.000    2.141     1  09:52           0        2.31       0.060
  389A-021             JUNCTION     0.000    2.142     1  09:55           0        2.32       0.113
  389A-022             JUNCTION     0.000    2.142     1  09:46           0        2.32       0.122
  389A-023             JUNCTION     0.000    2.143     1  09:46           0        2.32       0.041
  389A-031             JUNCTION     0.000    2.142     1  09:54           0        2.32       0.131
  389A-032             JUNCTION     0.000    2.142     1  09:52           0        2.37       0.126
  389A-035             JUNCTION     0.000    2.142     1  09:53           0         2.4      -0.086
  390A-002             JUNCTION     0.000    3.513     2  01:59           0        2.62       0.111
  390A-003             JUNCTION     0.000    3.482     2  01:58           0        2.62       0.091
  390A-004             JUNCTION     0.000    3.417     2  01:58           0        2.62       0.059
  390A-006             JUNCTION     0.000    3.359     2  01:55           0        2.62       0.038
  390A-018             JUNCTION     0.000    3.175     1  12:06           0        2.44       0.181
  390A-019             JUNCTION     0.000    6.418     1  12:06           0        4.04      -0.028
  391A-008             JUNCTION     0.000    1.430     1  07:17           0        1.33       0.052
  391A-028             JUNCTION     0.000    0.956     1  12:53           0       0.794       0.017
  391A-031             JUNCTION     0.000    0.956     1  12:41           0       0.794       0.026
  391A-054             JUNCTION     0.000    0.956     1  12:36           0       0.794       0.037
  391A-059             JUNCTION     0.000    0.956     1  12:53           0       0.794       0.013
  392A-001             JUNCTION     0.000   15.181     1  12:36           0        11.8       0.021
  392A-002             JUNCTION     0.000   15.179     1  12:36           0        11.8       0.022
  392A-003             JUNCTION     0.000   15.179     1  12:33           0        11.9       0.028
  392A-007             JUNCTION     0.000   15.180     1  12:36           0        11.9       0.029
  392A-008             JUNCTION     0.000   15.180     1  12:33           0        11.9       0.025
  392A-040             JUNCTION     0.000   15.177     1  12:36           0        11.9       0.021
  394A-001             JUNCTION     0.000    6.289     1  12:07           0        4.83       0.011
  394A-002             JUNCTION     0.000    6.288     1  12:07           0        4.83       0.052
  394A-004             JUNCTION     0.000    6.288     1  12:07           0        4.83       0.030
  394A-008             JUNCTION     0.000    6.288     1  12:07           0        4.83       0.018
  394A-009             JUNCTION     0.000    6.286     1  12:07           0        4.84       0.053
  394A-011             JUNCTION     0.000    0.000     0  00:00           0           0       0.000 gal
  394A-012             JUNCTION     0.000    0.000     0  00:00           0           0       0.000 gal
  394A-014             JUNCTION     0.000    6.286     1  12:07           0        4.84       0.030
  394A-017             JUNCTION     0.000    6.284     1  12:07           0        4.84       0.029
  394A-018             JUNCTION     0.000    6.283     1  12:06           0        4.84       0.023
  394A-019             JUNCTION     0.000    6.283     1  12:06           0        4.84       0.021
  394A-038             JUNCTION     0.000    3.961     1  14:08           0        3.86       0.022
  394A-041             JUNCTION     0.000    3.961     1  14:03           0        3.86       0.016
  394A-042             JUNCTION     0.000    3.960     1  14:02           0        3.86       0.016
  394A-045             JUNCTION     0.000    3.958     1  14:00           0        3.86       0.023
  394A-046             JUNCTION     0.000    1.967     1  09:30           0        2.08       0.036
  394A-049             JUNCTION     0.000    1.967     1  09:30           0        2.08       0.037
  394A-050             JUNCTION     0.000    1.967     1  09:31           0        2.08       0.014
  394A-051             JUNCTION     0.000    1.967     1  09:31           0        2.08       0.015
  394A-052             JUNCTION     0.000    1.968     1  09:31           0        2.08       0.022
  394A-066             JUNCTION     0.000    1.969     1  09:31           0        2.08       0.016
  394A-070             JUNCTION     0.000    1.970     1  09:31           0        2.08       0.013
  394A-074             JUNCTION     0.000    1.970     1  09:29           0        2.08       0.030
  394A-077             JUNCTION     0.000    1.327     1  11:59           0       0.912       0.080
  394A-138             JUNCTION     0.000    0.234     2  00:16           0       0.019      -0.071
  394A-145             JUNCTION     0.000    0.152     1  07:45           0      0.0128       0.032
  394A-154             JUNCTION     0.000    0.143     1  08:04           0     0.00651       0.434
  394A-158             JUNCTION     0.000    0.113     1  08:27           0     0.00169       0.181
  394A-247             JUNCTION     0.000    1.972     1  09:29           0        2.08       0.019
  395A-001             JUNCTION     0.000    5.483     1  12:07           0        1.87       0.039
  395A-008             JUNCTION     0.000    1.858     1  13:53           0        1.29       0.016
  395A-012             JUNCTION     0.000    1.857     1  13:53           0        1.29       0.011
  395A-019             JUNCTION     0.000    1.856     1  13:52           0        1.29       0.016
  395A-025             JUNCTION     0.000    2.079     1  12:08           0         1.3       0.016
  395A-026             JUNCTION     0.000    1.135     1  13:16           0       0.568       0.018
  395A-029             JUNCTION     0.000    1.135     1  13:16           0       0.568       0.017
  395A-072             JUNCTION     0.000    1.079     1  15:26           0       0.727       0.003
  395A-073             JUNCTION     0.000    1.406     1  12:11           0       0.771       0.008
  395A-076             JUNCTION     0.000    1.078     1  15:27           0       0.768       0.010
  395A-077             JUNCTION     0.000    1.080     1  11:33           0       0.768       0.004
  395A-082             JUNCTION     0.000    1.224     1  12:10           0       0.115       0.006
  395A-093             JUNCTION     0.000    0.098     1  09:09           0      0.0083       0.350
  395A-098             JUNCTION     0.000    0.100     1  09:08           0     0.00421      -0.104
  395A-104             JUNCTION     0.000    0.079     1  09:20           0     0.00108      -1.274
  395A-137             JUNCTION     0.000    1.082     1  11:33           0       0.768       0.008
  395A-138             JUNCTION     0.000    1.084     1  11:33           0       0.768      -0.002
  395A-139             JUNCTION     0.000    1.223     1  11:59           0        0.12      -0.007
  395A-140             JUNCTION     0.000    1.224     1  11:59           0       0.118      -0.036
  395A-141             JUNCTION     0.000    1.078     1  11:34           0       0.768       0.007
  395A-155             JUNCTION     0.000    4.012     1  12:07           0        1.86       0.025
  396A-001             JUNCTION     0.000    2.210     1  12:10           0        2.79       0.003
  396A-007             JUNCTION     0.000    1.550     2  00:42           0        2.05       0.007
  396A-009             JUNCTION     0.000    1.549     2  00:42           0        2.05       0.004
  396A-013             JUNCTION     0.000    1.549     2  00:42           0        2.05       0.007
  396A-014             JUNCTION     0.000    1.549     2  00:42           0        2.06       0.007
  396A-015             JUNCTION     0.000    1.549     2  00:40           0        2.06       0.005
  396A-018             JUNCTION     0.000    1.549     2  00:42           0        2.07       0.004
  396A-019             JUNCTION     0.000    1.549     2  00:43           0        2.07       0.003
  396A-020             JUNCTION     0.000    1.549     2  00:43           0        2.07       0.006
  397A-008             JUNCTION     0.000    1.535     1  12:12           0        2.76       0.014
  397A-009             JUNCTION     0.000    1.535     1  12:12           0        2.76       0.018
  397A-010             JUNCTION     0.000    1.534     1  12:12           0        2.76       0.014
  397A-015             JUNCTION     0.000    1.166     2  07:00           0        1.77      -0.003
  397A-016             JUNCTION     0.000    1.166     2  06:59           0        1.77      -0.004
  397A-025             JUNCTION     0.000    1.166     2  06:59           0        1.77      -0.000
  397A-026             JUNCTION     0.000    1.166     2  06:59           0        1.77      -0.000
  398A-001             JUNCTION     0.000    2.806     1  12:05           0        3.03       0.022
  398A-002             JUNCTION     0.000    2.808     1  12:05           0        3.03       0.016
  398A-004             JUNCTION     0.000    3.113     1  13:48           0        3.15       0.018
  398A-005             JUNCTION     0.000    3.112     1  13:50           0        3.15       0.026
  398A-006             JUNCTION     0.000    8.846     1  13:11           0        8.54       0.007
  398A-007             JUNCTION     0.000    5.734     1  15:45           0        7.05       0.005
  398A-009             JUNCTION     0.000    6.756     1  12:15           0        5.39       0.009
  398A-011             JUNCTION     0.000    1.593     1  15:00           0        1.37       0.000
  398A-012             JUNCTION     0.000    1.593     1  15:02           0        1.37      -0.001
  398A-013             JUNCTION     0.000    1.593     1  15:04           0        1.37       0.000
  398A-014             JUNCTION     0.000    1.593     1  15:04           0        1.37       0.001
  398A-015             JUNCTION     0.000    1.593     1  15:03           0        1.37       0.001
  398A-016             JUNCTION     0.000    1.593     1  14:55           0        1.37       0.003
  398A-018             JUNCTION     0.000    0.156     2  00:35           0      0.0419      -0.010
  398A-019             JUNCTION     0.000    0.156     2  00:36           0      0.0356      -0.007
  398A-020             JUNCTION     0.000    0.156     2  00:36           0      0.0292       0.060
  398A-021             JUNCTION     0.000    0.156     2  00:36           0       0.023       0.036
  398A-022             JUNCTION     0.000    0.156     2  00:36           0      0.0163      -0.031
  398A-023             JUNCTION     0.000    0.119     1  10:04           0      0.0107       0.114
  398A-024             JUNCTION     0.000    0.117     1  10:12           0     0.00685      -0.093
  398A-025             JUNCTION     0.000    0.102     1  10:33           0      0.0041      -0.087
  398A-026             JUNCTION     0.000    0.101     1  10:34           0      0.0013       0.352
  398A-097             JUNCTION     0.000    1.116     1  09:52           0         2.1       0.006
  398A-098             JUNCTION     0.000    1.114     1  08:54           0         2.1       0.009
  398A-099             JUNCTION     0.000    1.114     1  08:54           0         2.1       0.022
  398A-100             JUNCTION     0.000    1.114     1  08:54           0         2.1       0.018
  398A-101             JUNCTION     0.000    1.114     2  01:00           0         2.1       0.025
  398A-102             JUNCTION     0.000    1.114     1  08:54           0         2.1       0.090
  399A-002E            JUNCTION     0.000   13.961     2  02:24           0        12.4       0.289
  COLUMBIA-DAVIS       JUNCTION     9.725   54.078     1  13:47        16.7        93.4       2.378
  LCS-006              JUNCTION     0.000    0.388     0  10:31           0       0.145       0.784
  MAIN-J49             JUNCTION     0.000   58.008     1  12:38           0        95.8       0.629
  PERRY-01             JUNCTION     0.000   11.667     1  04:27           0        10.3       0.465
  PERRY-02             JUNCTION     0.000    4.041     1  03:44           0        3.39       0.345
  PERRY-03             JUNCTION     0.000   11.632     1  04:27           0        10.3       0.452
  PERRY-04             JUNCTION     0.000   11.665     1  04:27           0        10.3       0.394
  PERRY-05             JUNCTION     0.000    4.042     1  03:44           0        3.39       0.308
  PERRY-06             JUNCTION     0.000   11.629     1  04:27           0        10.3       0.383
  PERRY-07             JUNCTION     0.000   11.668     1  04:27           0        10.3       0.347
  PERRY-08             JUNCTION     0.000    4.041     1  03:44           0         3.4       0.297
  PERRY-09             JUNCTION     0.000   11.633     1  04:27           0        10.4       0.384
  PERRY-10             JUNCTION     0.000   11.665     1  04:27           0        10.2       0.376
  PERRY-11             JUNCTION     0.000    4.042     1  03:44           0        3.39       0.271
  PERRY-12             JUNCTION     0.000   11.628     1  04:27           0        10.3       0.374
  SAN_CARLOS           JUNCTION    37.630   37.630     1  13:00        63.9        63.9       1.451
  WL-001               JUNCTION     0.000    1.755     0  00:52           0        1.06      -1.139
  WL-001A              JUNCTION     0.000    1.333     0  00:54           0        1.07      -1.134
  WL-001C              JUNCTION     0.000    0.571     0  02:09           0        1.09       0.962
  WTL-001              JUNCTION     0.000    0.733     0  04:04           0       0.164      12.020
  BS_OVERFLOWSTRUCT    OUTFALL      0.000    0.044     1  13:46           0    0.000633       0.000
  OFALL-HANNA          OUTFALL      0.000   24.244     1  12:06           0       0.747       0.000
  OFALL-LA             OUTFALL      0.000   34.808     1  12:07           0        10.8       0.000
  OVERFLOW_KS1         OUTFALL      0.000   11.099     1  12:07           0        2.23       0.000
  OVERFLOW_KS2         OUTFALL      0.000   11.099     1  12:07           0        2.23       0.000
  OVERFLOW_KS3         OUTFALL      0.000   11.788     1  12:07           0        2.31       0.000
  PERRY_OVERFLOW1      OUTFALL      0.000    6.620     1  12:05           0        5.54       0.000
  WWTP_OFALL           OUTFALL      0.000   58.009     1  12:38           0        95.2       0.000
  WWTP_OFALL2          OUTFALL      0.000   54.078     1  13:47           0        91.2       0.000
  106A-002             STORAGE      3.560   11.833     1  12:01       0.778        15.4       0.189
  106A-030             STORAGE      2.636    8.102     1  12:05       0.586        11.6       0.031
  106A-058             STORAGE      3.180    6.309     1  12:05       0.799        8.27       0.031
  106A-092             STORAGE      1.164    1.171     1  12:05       0.274       0.918       0.019
  106A-098             STORAGE      9.099    9.099     1  12:05        2.01        6.83       0.041
  106A-173             STORAGE      7.693    7.693     1  12:05       0.996        4.11       0.047
  106A-195             STORAGE     12.408   12.408     1  12:05        1.64        3.38       0.028
  106A-242             STORAGE      2.983    2.983     1  12:05        0.72           2       0.066
  109_WETWELL          STORAGE      0.000    2.906     1  12:05           0        4.39       0.362
  111A-009             STORAGE     12.949   12.949     1  12:05       0.866        3.59       0.016
  111A-072             STORAGE      2.611    4.520     1  12:05       0.173        2.76       0.016
  111A-096             STORAGE     16.458   16.458     1  12:05        1.34        3.59       0.015
  111A-152             STORAGE      7.575   12.362     1  12:05       0.534         2.7       0.016
  111A-189             STORAGE      5.598    7.680     1  12:05       0.401        1.54       0.006
  111A-208             STORAGE     39.043   39.729     1  12:05        2.25        2.94       0.020
  111A-248             STORAGE      9.656    9.867     1  12:05       0.641       0.854       0.018
  111A-301             STORAGE     11.669   11.669     1  12:05        1.21        1.21      -0.006
  112A-002             STORAGE     14.749   14.749     1  12:05        1.51        1.51       0.023
  114A-002             STORAGE     20.453   20.453     1  12:05        1.48        1.48       0.021
  116A-002             STORAGE      4.713   10.794     1  12:08       0.759        3.23       0.017
  116A-003             STORAGE      0.772    6.049     1  12:09       0.161        2.47      -0.006
  116A-012             STORAGE      1.872    5.656     1  12:05       0.308        2.31       0.007
  116A-024             STORAGE     23.142   23.142     1  12:05        2.21        2.21       0.004
  117A-002             STORAGE     11.818   11.818     1  12:05        1.52        1.52       0.014
  118A-003             STORAGE     14.249   14.600     1  12:05        1.96         2.7       0.029
  121A-002             STORAGE      4.905    4.905     1  12:05       0.391       0.391       0.002
  123A-002             STORAGE      4.633    4.633     1  12:05       0.389       0.389       0.008
  128A-002             STORAGE     33.500   33.500     1  12:05        1.95        1.95       0.014
  131A-002             STORAGE     16.676   16.676     1  12:05        1.39        1.39       0.021
  134A-002             STORAGE     11.270   11.270     1  12:05       0.849       0.849       0.019
  140A-002             STORAGE      8.413    8.413     1  12:05       0.585       0.585       0.029
  151A-004             STORAGE     36.705   47.048     1  12:05        2.09        25.7       0.078
  151A-009             STORAGE     14.349   18.909     1  06:30       0.859        23.7       0.077
  151A-163             STORAGE     10.242   19.481     1  12:04       0.675         9.5       0.011
  151A-235             STORAGE      6.014   15.874     1  12:05        1.07        8.85       0.005
  151A-251             STORAGE     12.536   15.256     1  12:05       0.973        7.79       0.024
  152A-002             STORAGE      1.572    1.572     1  12:05       0.305       0.305       0.068
  162A-002             STORAGE     11.435   11.435     1  12:05        1.45        1.45       0.012
  163A-002             STORAGE      3.840   71.956     1  12:23       0.542          68       0.005
  163A-026             STORAGE      1.207    5.016     1  12:10       0.424        2.06       0.043
  163A-036             STORAGE      2.470    5.125     1  12:05       0.292         1.5       0.016
  163A-048             STORAGE      7.004    7.004     1  12:05       0.512       0.513      -0.025
  163A-078             STORAGE      5.106    5.106     1  12:05       0.386       0.386       0.001
  163A-099             STORAGE      4.921    7.646     1  12:05       0.624        2.35       0.028
  163A-131             STORAGE      3.379    5.613     1  12:11       0.355        1.73       0.059
  163A-166             STORAGE      1.741    4.273     1  12:08       0.401        1.38       0.075
  163A-174             STORAGE      1.399    4.199     1  12:07       0.264       0.982       0.029
  163A-184             STORAGE      1.175    4.347     1  12:05       0.259        0.72       0.005
  163A-191             STORAGE      4.773    4.773     1  12:05       0.461       0.462       0.065
  163A-337             STORAGE      0.000    0.204     1  12:15           0       0.141      -0.043
  163B-391S            STORAGE      1.517    1.517     1  12:05       0.146       0.146       0.023
  164A-003             STORAGE      6.524    6.524     1  12:05       0.406        0.64       0.024
  172A-003             STORAGE      7.070   30.420     1  12:06       0.525        20.6       0.091
  172A-047             STORAGE      8.652   29.664     1  12:05       0.574        19.5       0.021
  172A-059             STORAGE     14.112   14.112     1  12:05        1.09        1.09       0.023
  172A-130             STORAGE     13.646   22.202     1  12:05        1.01        15.1       0.010
  177A-003             STORAGE      0.836    4.006     1  12:07        0.35        2.51       0.015
  177A-015             STORAGE      5.654    7.752     1  12:05       0.781        2.54       0.049
  183A-002             STORAGE      4.367    4.432     1  12:05       0.263        4.39      -0.030
  183A-008             STORAGE      3.010    3.182     1  12:05       0.215        2.88       0.026
  183A-017             STORAGE     42.216   42.216     1  12:05         2.9         2.9       0.038
  185A-002             STORAGE      3.967    3.967     1  12:05       0.231       0.231       0.016
  190A-003             STORAGE      2.304    3.158     1  12:03       0.308        1.91       0.098
  190A-016             STORAGE      2.065    2.065     1  12:05       0.302        1.61       0.017
  190A-031             STORAGE     13.545   13.545     1  12:05        1.61        1.61       0.019
  194A-002             STORAGE      2.238    2.238     1  12:05        0.29        0.29       0.047
  195A-047             STORAGE      9.077   11.595     1  12:07        0.61       0.616       0.033
  199A-005             STORAGE      7.734    8.082     1  12:05       0.495        1.36       0.021
  199A-006             STORAGE      8.139    8.679     1  12:05       0.482        1.22       0.019
  199A-009             STORAGE      5.383    5.980     1  12:05        0.31        1.08       0.019
  199A-026             STORAGE      8.962    9.436     1  12:05       0.803        1.24       0.024
  203A-002             STORAGE      3.786    3.786     1  12:05       0.267       0.267       0.034
  206A-002             STORAGE      9.918   10.040     1  12:05        0.67       0.951       0.030
  225A-002             STORAGE      0.711    0.711     1  12:05      0.0435      0.0435       0.003
  227A-002             STORAGE      9.980    9.980     1  12:05        1.02        1.02       0.024
  232A-047             STORAGE     11.480   11.480     1  12:05       0.778       0.778       0.037
  246A-002             STORAGE      1.581    1.581     1  12:05       0.177         1.3      -0.007
  246A-006             STORAGE      2.954    5.889     1  12:05       0.541        2.58       0.013
  246A-022             STORAGE      4.301    4.301     1  12:05        1.04        2.06       0.016
  246A-047             STORAGE      9.215   10.084     1  12:05        1.82        1.83       0.010
  252-002              STORAGE      2.471    2.471     1  12:05       0.215       0.215       0.020
  255A-001S            STORAGE      0.724    0.724     1  12:05      0.0431      0.0431       0.125
  266A-002             STORAGE     34.823   34.823     1  12:05        2.13        2.13       0.017
  267A-002             STORAGE     10.527   10.527     1  12:05       0.702       0.702       0.015
  281A-002             STORAGE      9.078    9.931     1  12:05       0.757        1.75       1.418
  281A-032             STORAGE      9.721   10.349     1  12:05       0.737        1.35       0.386
  281A-037             STORAGE      8.424    8.424     1  12:05       0.791       0.791       0.229
  282A-002             STORAGE      6.334    6.557     1  12:05       0.501       0.526       0.019
  283A-011             STORAGE     11.450   11.450     1  12:05       0.745       0.745       0.858
  314A-011             STORAGE      6.024    6.024     1  12:05       0.468        2.37       0.013
  314A-038             STORAGE     35.259   36.678     1  12:05        2.52        2.54       0.017
  316A-004             STORAGE      1.932    5.937     1  12:05       0.114        5.25       0.004
  316A-018             STORAGE     11.425   14.667     1  12:04       0.798        6.51       0.002
  316A-061             STORAGE      9.293    9.293     1  12:05       0.698        5.75       0.003
  316A-101             STORAGE      2.277    6.097     1  12:05       0.237        5.11       0.006
  316A-118             STORAGE     10.992   10.992     1  12:05       0.818        4.92       0.007
  329A-012             STORAGE     12.234   12.945     1  12:05       0.788        1.67       0.026
  329A-050             STORAGE      6.027    6.027     1  12:05       0.466        0.95       0.025
  329A-065             STORAGE     12.285   12.285     1  12:05        1.02        1.09       0.048
  330A-002             STORAGE      8.553    8.553     1  12:05       0.679        2.25       0.043
  330A-005             STORAGE      6.879   11.359     1  12:05       0.427         2.8       0.028
  330A-006             STORAGE      4.406    5.689     1  12:05       0.305        2.38       0.027
  330A-009             STORAGE     12.200   12.200     1  12:05        0.69        2.15       0.034
  330A-079             STORAGE      4.025    4.049     1  12:05       0.274        1.54       0.022
  330A-091             STORAGE      9.216    9.658     1  12:05       0.629        1.73       0.023
  330A-106             STORAGE      7.725    7.858     1  12:05       0.507       0.683       0.028
  330A-122             STORAGE     13.432   13.788     1  12:05       0.889        1.46       0.020
  331A-006             STORAGE      3.852    3.852     1  12:05       0.346        1.65       0.048
  331A-014             STORAGE     24.646   24.647     1  12:05        1.72        1.72       0.066
  331A-039             STORAGE     10.492   10.492     1  12:05       0.801        7.95       0.034
  331A-078             STORAGE     15.651   18.063     1  12:05        1.01        7.34       0.038
  331A-111             STORAGE      9.198    9.887     1  12:05       0.955        1.73       0.031
  331A-148             STORAGE     19.084   19.084     1  12:05        1.15        1.23       0.036
  331A-168             STORAGE     26.858   26.858     1  12:05        1.65        5.63       0.045
  331A-252             STORAGE     12.586   12.586     1  12:05       0.792        4.24       0.047
  332A-002             STORAGE     12.714   13.663     1  12:05       0.762        3.27       0.021
  332A-041             STORAGE     14.093   16.276     1  12:05        1.03        2.81       0.040
  332A-123             STORAGE      7.059    9.407     1  12:05       0.413        3.02       0.012
  332A-142             STORAGE      6.738    8.670     1  12:05       0.541        2.65       0.008
  332A-157             STORAGE     29.285   29.285     1  12:05        1.78        2.46      -0.000
  332A-185             STORAGE      7.585    8.140     1  12:05       0.438        0.94       0.011
  333A-014             STORAGE      8.397    8.397     1  12:05       0.535        2.07       0.001
  333A-048             STORAGE      5.012    5.997     1  12:05       0.375         1.6       0.009
  334A-001             STORAGE     12.519   34.651     1  12:05       0.698        17.1       0.006
  334A-027             STORAGE     14.303   26.853     1  12:05       0.754        14.4       0.018
  334A-062             STORAGE     12.076   15.038     1  12:03       0.911        10.4       0.066
  336A-002             STORAGE     10.844   12.253     1  12:05       0.625        2.34       0.044
  336A-010             STORAGE     11.822   12.813     1  12:05       0.761        2.09       0.015
  336A-049             STORAGE     11.182   12.758     1  12:05       0.623        2.04       0.010
  336A-081             STORAGE     37.302   37.302     1  12:05        2.12        2.12       0.025
  337A-001             STORAGE      1.146    2.726     1  12:05       0.141        1.62       0.025
  337A-021             STORAGE     12.656   12.656     1  12:05        1.25        2.33       0.021
  337A-069             STORAGE      2.673    4.218     1  12:05       0.427        1.55       0.026
  337A-077             STORAGE     17.357   17.525     1  12:05        1.39        1.63       0.024
  338A-003             STORAGE     13.171   23.068     1  12:03        1.05        28.6       0.019
  338A-040             STORAGE     11.364   11.364     1  12:05        1.11        2.64       0.020
  338A-086             STORAGE      8.316    9.868     1  12:05       0.675        3.32       0.016
  338A-132             STORAGE      4.111    5.253     1  12:05        1.11        2.71       0.018
  338A-152             STORAGE      7.276    7.293     1  12:05       0.549        1.66       0.015
  338A-175             STORAGE     10.800   10.800     1  12:05       0.926         1.4       0.022
  338A-203             STORAGE     16.993   16.993     1  12:05        1.49        1.49       0.011
  339A-003             STORAGE     14.934   45.389     1  03:39        0.97        29.6       0.006
  350A-023             STORAGE     11.535   16.030     1  12:05       0.875        4.76       0.006
  350A-069             STORAGE     10.991   13.751     1  12:05       0.894        3.98       0.005
  350A-123             STORAGE     10.176   14.804     1  12:05       0.727        3.83       0.004
  350A-154             STORAGE      8.792   11.196     1  12:05       0.807        3.15       0.005
  351A-012             STORAGE      4.561   28.858     1  12:07       0.332        15.1       0.007
  351A-030             STORAGE      9.878   27.565     1  12:05       0.833        14.4       0.015
  351A-039             STORAGE     11.865   19.282     1  12:05       0.771        9.93       0.023
  351A-109             STORAGE      4.352    9.021     1  12:03       0.319        7.77       0.200
  352A-032             STORAGE      8.864    9.778     1  12:05       0.831        1.99       0.012
  352A-072             STORAGE     14.035   14.035     1  12:05        1.54        1.54       0.030
  353A-005             STORAGE     13.090   13.090     1  12:05        1.13        1.13       0.020
  354A-006             STORAGE      9.061    9.248     1  12:05       0.716        1.86       0.008
  354A-055             STORAGE     14.934   14.934     1  12:05         1.4         1.4       0.015
  355A-040             STORAGE     17.308   17.308     1  12:05        1.24        1.24      -0.016
  356A-003             STORAGE      7.309    9.648     1  12:05       0.578        6.97       0.247
  356A-009             STORAGE      1.658    8.048     1  12:07       0.176        5.37       0.239
  356A-033             STORAGE      2.127    9.789     1  12:07       0.255        4.43       0.179
  356A-036             STORAGE     13.725   13.725     1  12:05       0.919        4.28       0.154
  356A-124             STORAGE      1.877    6.092     1  12:05       0.147        3.51       0.042
  356A-127             STORAGE      4.803    6.573     1  12:05       0.463        3.36      -0.013
  356A-140             STORAGE      7.343    7.343     1  12:05       0.529       0.537       0.002
  358A-001             STORAGE     24.790   24.790     1  12:05        1.39        1.39       0.025
  359A-008             STORAGE     15.536   16.184     1  12:05        1.16         1.2       0.015
  359A-104             STORAGE     10.128   10.128     1  12:05       0.725        1.48      -0.003
  360A-004             STORAGE      4.910   37.119     1  12:06       0.404        42.7       0.024
  360A-032             STORAGE      6.672   32.567     1  12:05       0.547        42.4       0.019
  360A-080             STORAGE      4.633   27.479     1  04:44       0.301        41.9       0.017
  360A-121             STORAGE      0.000   27.533     1  04:45           0        41.6       0.024
  360A-124             STORAGE      2.858   27.826     1  04:53       0.186        41.4       0.032
  360A-126             STORAGE      1.942   30.036     1  12:05       0.109        43.3       0.028
  360A-137             STORAGE      3.550   27.598     1  04:50       0.243        41.6       0.014
  362A-002             STORAGE     12.367   15.094     1  12:05       0.902        2.62       0.015
  362A-007             STORAGE     12.336   12.336     1  12:05        0.93        0.93       0.013
  362A-032             STORAGE     11.858   11.858     1  12:05        1.08        1.08       0.020
  363A-001             STORAGE      3.871    6.248     1  12:05       0.304        1.51      -0.001
  363A-019             STORAGE      3.801    3.960     1  12:04       0.318        1.21       0.006
  363A-038             STORAGE     11.715   11.715     1  12:05        1.04        1.04       0.014
  364A-007             STORAGE     13.055   13.968     1  12:05        1.07        1.56       0.018
  365A-034             STORAGE      9.757    9.890     1  12:05       0.733        1.77      -0.002
  365A-083             STORAGE     15.524   15.524     1  12:05         1.3         1.3       0.018
  365A-162             STORAGE      6.849    9.359     1  12:03       0.543        4.88       0.005
  366A-004             STORAGE      1.301   15.886     1  12:05       0.134        5.39      -0.001
  366A-005             STORAGE      7.809   17.419     1  12:05       0.696        4.67       0.002
  366A-007             STORAGE      8.942   13.998     1  12:04       0.627        3.98      -0.001
  366A-020             STORAGE     10.662   13.804     1  12:05       0.885        3.39       0.003
  366A-180             STORAGE     16.687   16.687     1  12:05        1.23        1.23      -0.003
  366A-271             STORAGE      7.359   30.478     1  03:57       0.468        28.7       0.047
  367A-005             STORAGE     10.086   10.086     1  12:05       0.862        1.22       0.010
  367A-047             STORAGE      3.891    5.427     1  12:06       0.367       0.375       0.077
  368A-008             STORAGE     14.641   20.496     1  12:05        1.02        7.05       0.004
  368A-086             STORAGE     20.432   20.432     1  12:05        1.73        1.73       0.016
  369A-002             STORAGE      5.391    5.391     1  12:05       0.427        4.63       0.011
  369A-023             STORAGE      5.516    9.461     1  12:05       0.402        4.75       0.019
  369A-050             STORAGE     12.253   12.472     1  12:05        1.06        3.52       0.009
  369A-119             STORAGE     12.369   14.925     1  12:05           1        3.11       0.012
  369A-180             STORAGE      7.038   10.195     1  12:05       0.524        2.01       0.014
  369A-209             STORAGE      4.556    6.709     1  12:05       0.498        1.51       0.001
  369A-215             STORAGE      6.644    6.644     1  12:05       0.508        1.04      -0.004
  369A-218             STORAGE      7.406    9.161     1  12:05       0.638       0.663      -0.001
  370A-001             STORAGE      4.466   66.233     1  12:06       0.646        63.6       0.017
  370A-086             STORAGE      6.095   28.370     1  04:11       0.426        44.6       0.038
  370A-105             STORAGE     18.223   32.561     1  12:05        1.19        37.6       0.033
  370A-216             STORAGE     11.824   37.354     1  12:05       0.984        45.4       0.028
  371A-003             STORAGE      6.029   18.145     1  12:07       0.794        12.7       0.016
  371A-107             STORAGE      6.722    6.722     1  12:05       0.905       0.909       0.005
  371A-134             STORAGE     10.664   16.034     1  12:03        1.35        12.4       0.020
  371A-144             STORAGE      2.092    9.296     1  12:01       0.391        11.1       0.025
  371A-161             STORAGE      8.775   13.196     1  12:05        1.03        10.9       0.040
  371A-236             STORAGE      2.723   13.162     1  12:07       0.383        2.39       0.004
  371A-357             STORAGE      2.219   12.755     1  12:05       0.319        12.1       0.011
  372A-007             STORAGE      8.223   13.468     1  12:11       0.658        2.45       0.022
  372A-026             STORAGE      1.029    8.004     1  12:10       0.362        1.78       0.008
  372A-051             STORAGE      2.769    7.159     1  12:08        0.35        1.42       0.012
  372A-056             STORAGE      3.602   13.011     1  12:18       0.456        3.82       0.006
  372A-062             STORAGE      4.507   12.708     1  12:12       0.661        3.37       0.008
  372A-142             STORAGE      4.294    4.294     1  12:05       0.508       0.508       0.013
  372A-181             STORAGE      7.299    8.327     1  12:05       0.563        1.07       0.015
  374A-030             STORAGE      4.188   12.189     1  12:08       0.602        2.71       0.013
  374A-060             STORAGE      1.262    8.873     1  12:14       0.171        1.62       0.010
  374A-061             STORAGE     16.003   16.003     1  12:05        1.45        1.45       0.006
  375A-011             STORAGE      5.425    5.425     1  12:05       0.513       0.513       0.025
  387A-003             STORAGE     10.471   10.471     1  12:05       0.825        3.32       0.032
  387A-004             STORAGE      2.021    6.654     1  12:30       0.505        2.49       0.026
  387A-058             STORAGE      7.169    7.254     1  12:05       0.633        2.02       0.029
  387A-109             STORAGE     11.640   15.138     1  12:08        1.03        1.11       0.019
  388A-022             STORAGE      5.835   10.724     1  12:03       0.807         8.6       0.013
  388A-078             STORAGE      4.513    7.474     1  12:02       0.716        7.85       0.014
  388A-123             STORAGE      8.842    8.842     1  12:05        1.21        7.27       0.018
  388A-192             STORAGE      2.146    4.421     1  06:22       0.528        5.31       0.061
  388A-226             STORAGE     11.316   14.310     1  12:05        1.02        6.18       0.013
  390A-010             STORAGE      1.689    3.309     1  12:05        0.31        2.69       0.130
  391A-001             STORAGE      2.396    3.456     1  12:10       0.464         1.8       0.033
  391A-023             STORAGE      3.678    3.678     1  12:10        1.03         1.6       0.023
  391A-060             STORAGE     14.865   15.820     1  12:05        1.47        1.69       0.015
  394A-021             STORAGE      9.598    9.998     1  12:04           1        4.85       0.017
  394A-073             STORAGE     14.895   14.895     1  12:05        1.63         2.4       0.020
  394A-086             STORAGE     16.290   17.617     1  12:05        1.46        1.61       0.020
  395A-004             STORAGE      6.004    6.004     1  12:05       0.586        1.87       0.021
  395A-033             STORAGE      3.496    3.496     1  12:10       0.623       0.623       0.014
  395A-079             STORAGE      9.909    9.909     1  12:05       0.956       0.965       0.019
  396A-002             STORAGE      3.082    4.052     1  12:05       0.745        2.79       0.008
  396A-021             STORAGE     15.527   15.527     1  12:05        2.88        2.88       0.007
  397A-011             STORAGE      2.649    2.649     1  12:05        1.01        2.77       0.016
  397A-027             STORAGE     23.933   24.439     1  12:05        3.78        3.79       0.010
  398A-003             STORAGE      4.338    7.135     1  12:05       0.556         3.4       0.011
  398A-008             STORAGE     15.649   22.405     1  12:05        2.04        7.43       0.012
  398A-010             STORAGE     12.115   12.727     1  12:05        1.97        3.33      -0.001
  398A-017             STORAGE     11.069   11.069     1  12:05        1.52        1.54       0.007
  BR_WETWELL           STORAGE      0.000    2.474     1  01:35           0        2.91       0.243
  BS_WETWELL           STORAGE      0.000   22.645     1  11:38           0        15.3      -6.055
  BUR_WETWELL          STORAGE      0.000    2.322     1  14:04           0        1.38       0.374
  CA_WETWELL           STORAGE      0.000    0.303     1  00:25           0       0.335      -0.005
  CL-WETWELL           STORAGE      0.000    1.421     1  03:01           0        1.39       0.982
  CLA_WETWELL          STORAGE      0.000    0.397     1  07:58           0       0.743       0.004
  CM_WETWELL           STORAGE      0.000    1.141     1  08:53           0         2.1       0.049
  COL_WETWELL          STORAGE      0.000    1.882     1  11:36           0        1.58       0.171
  COM_WETWELL          STORAGE      0.000    1.069     1  12:30           0       0.484       0.020
  CU_WETWELL           STORAGE      0.000    1.154     1  12:03           0       0.364       0.579
  DEX_WETWELL          STORAGE      0.000    1.549     1  11:09           0        1.36       0.065
  DM_WETWELL           STORAGE      0.000    0.679     1  11:54           0       0.335       0.186
  EL_WETWELL           STORAGE      0.000    0.556     1  00:46           0        0.76       0.374
  EP_WETWELL           STORAGE      0.000    0.674     1  06:42           0       0.625       0.133
  FH_WETWELL           STORAGE      0.000    0.659     1  12:18           0       0.206       0.376
  FM_WETWELL           STORAGE      0.000    0.494     1  10:19           0       0.437      -0.016
  GL_WETWELL           STORAGE      0.000    0.658     1  12:09           0       0.539       0.245
  GO_WETWELL           STORAGE      0.000   11.162     1  12:07           0        3.23       0.259
  HA_WETWELL           STORAGE      0.000   43.099     1  12:06           0          26       0.212
  HL_WETWELL           STORAGE      0.000    1.157     1  12:05           0       0.304       0.021
  IB_WETWELL           STORAGE      0.000    0.534     1  00:41           0         1.3       0.049
  IND_WETWELL          STORAGE      0.000    0.413     1  12:02           0      0.0426      -0.286
  KN_WETWELL           STORAGE      0.000    1.552     1  12:57           0        1.35       0.035
  KS_WETWELL           STORAGE      0.000   82.128     1  12:14           0        67.9     -29.254
  LA_WETWELL           STORAGE      0.000   30.853     1  02:49           0        40.1      -0.349
  LCS-007A             STORAGE      3.468    3.468     1  12:05       0.202       0.202       0.020
  LC_WETWELL           STORAGE      0.000    0.189     1  11:13           0       0.146       0.381
  LE_WETWELL           STORAGE      0.000    0.401     1  07:05           0       0.553       0.131
  MOR_WETWELL          STORAGE      0.000    3.518     1  09:35           0        3.86       0.035
  OA_WETWELL           STORAGE      0.000    0.146     1  03:31           0      0.0976       0.006
  PE_WETWELL           STORAGE      0.000    2.324     1  12:03           0        1.95       1.479
  RB_WETWELL           STORAGE      0.000    0.197     1  10:49           0       0.244      -0.347
  RO_WETWELL           STORAGE      0.000    2.212     1  10:30           0        2.27       0.001
  RT_WETWELL           STORAGE      0.000    0.571     1  09:09           0       0.481       0.610
  RW_WETWELL           STORAGE      0.000    7.674     1  12:09           0       0.614       0.322
  SEM_WETWELL          STORAGE      0.000    0.251     1  11:08           0       0.213       0.021
  SL_WETWELL           STORAGE      0.000    1.143     1  11:57           0       0.834       0.002
  ST_WETWELL           STORAGE      0.000    0.253     1  00:27           0       0.264      -0.001
  VA_WETWELL           STORAGE      0.000    0.410     1  12:05           0       0.143      -0.033
  VIR_WETWELL          STORAGE      0.000    0.533     1  12:03           0      0.0434      -0.024
  WLA-001              STORAGE     10.632   10.632     1  12:05        1.56        1.56       0.122
  WL_WETWELL           STORAGE      0.000    0.593     1  02:03           0        1.06       0.285
  WTL-002              STORAGE      2.863    2.863     1  12:05       0.279       0.279       0.020
  WTL_WETWELL          STORAGE      0.000    0.124     1  09:24           0       0.162      -1.006
  WT_WETWELL           STORAGE      0.000    0.895     1  11:34           0       0.835       0.040
  
  
  **********************
  Node Surcharge Summary
  **********************
  
  Surcharging occurs when water rises above the top of the highest conduit.
  ---------------------------------------------------------------------
                                               Max. Height   Min. Depth
                                   Hours       Above Crown    Below Rim
  Node                 Type      Surcharged           Feet         Feet
  ---------------------------------------------------------------------
  106A-001             JUNCTION       61.70        202.071        0.000
  106A-001ALT          JUNCTION       89.10        503.100        0.000
  106A-022             JUNCTION        3.32          7.116        6.164
  106A-023             JUNCTION       21.31          7.801        5.189
  106A-026             JUNCTION       41.26          8.531        4.289
  106A-027             JUNCTION       45.06          9.233        3.997
  106A-028             JUNCTION       44.91          9.671        5.599
  106A-029             JUNCTION       45.12         10.110        4.470
  106A-047             JUNCTION       45.82         10.778        2.522
  106A-048             JUNCTION       46.09         10.951        1.209
  106A-056             JUNCTION       46.29         11.102        0.888
  106A-057             JUNCTION       45.97         11.053        0.567
  106A-062             JUNCTION       46.88         11.309        0.131
  106A-068             JUNCTION       46.98         11.133        1.097
  106A-075             JUNCTION       47.14         11.003        1.567
  106A-082             JUNCTION       47.25         10.837        1.033
  106A-089             JUNCTION       47.35         10.630        0.000
  106A-090             JUNCTION       10.16          2.336        1.497
  106A-091             JUNCTION       46.43          5.013        0.000
  106A-093             JUNCTION       42.05          3.863        0.000
  106A-094             JUNCTION       41.17          3.665        1.178
  106A-096             JUNCTION       40.73          3.553        0.000
  106A-109             JUNCTION       47.48         10.482        0.728
  106A-117             JUNCTION       47.45         10.049        0.941
  106A-122             JUNCTION       47.47          9.604        0.166
  106A-130             JUNCTION       47.43          9.165        1.375
  106A-160             JUNCTION       47.42          8.780        1.570
  106A-163             JUNCTION       47.45          8.503        1.717
  106A-164             JUNCTION       47.33          7.898        0.962
  106A-166             JUNCTION       46.11          7.176        1.074
  106A-182             JUNCTION       45.84          6.950        0.000
  106A-190             JUNCTION       46.02          7.500        0.000
  106A-236             JUNCTION       44.31          6.080        0.000
  106A-238             JUNCTION       43.43          5.650        0.000
  106A-239             JUNCTION       42.60          5.621        0.409
  106A-240             JUNCTION       42.11          5.687        0.313
  106A-251             JUNCTION       38.59          5.211        0.809
  106A-252             JUNCTION       34.38          4.570        0.000
  106A-253             JUNCTION       31.60          4.300        0.000
  106A-254             JUNCTION       22.75          3.780        1.790
  106A-256             JUNCTION       18.49          3.320        2.190
  106A-301             JUNCTION       47.72          8.150        0.000
  106A-303             JUNCTION       45.05          6.710        0.000
  111A-001             JUNCTION       90.23         20.539        0.000
  111A-008             JUNCTION       26.01          6.509        1.501
  111A-066             JUNCTION       25.67          7.074        2.886
  111A-067             JUNCTION       25.47          6.718        4.472
  111A-068             JUNCTION       25.41          6.613        3.987
  111A-069             JUNCTION       25.33          6.476        3.014
  111A-070             JUNCTION       25.31          6.459        2.511
  111A-071             JUNCTION       25.24          6.302        3.048
  111A-075             JUNCTION       25.01          5.457        0.563
  111A-076             JUNCTION       24.89          4.792        0.528
  111A-077             JUNCTION       24.82          4.472        1.248
  111A-083             JUNCTION       24.75          4.100        0.000
  111A-086             JUNCTION       24.63          4.283        0.157
  111A-087             JUNCTION       24.67          4.460        0.000
  111A-097             JUNCTION       24.48          6.461        0.719
  111A-098             JUNCTION       24.42          6.073        2.347
  111A-150             JUNCTION       24.32          5.548        1.832
  111A-151             JUNCTION       24.21          5.029        0.411
  111A-153             JUNCTION       23.92          4.159        0.211
  111A-176             JUNCTION       23.71          4.016        1.484
  111A-182             JUNCTION       23.41          3.721        0.169
  111A-183             JUNCTION       23.28          3.721        0.629
  111A-184             JUNCTION       23.19          3.687        0.283
  111A-185             JUNCTION       23.07          3.640        0.000
  111A-186             JUNCTION       22.21          4.510        0.000
  111A-199             JUNCTION        6.28          3.447        6.453
  111A-200             JUNCTION        6.52          6.466        1.444
  111A-204             JUNCTION       23.09          3.490        0.000
  111A-205             JUNCTION       23.07          3.294        0.056
  111A-206             JUNCTION       24.77          3.270        4.810
  111A-207             JUNCTION       24.81          3.111        4.409
  111A-247             JUNCTION       24.67          4.378        1.055
  111A-298             JUNCTION        6.65          9.274        4.896
  111A-299             JUNCTION        6.80         12.210        0.000
  111A-546             JUNCTION       26.18          5.591        5.699
  111A-547             JUNCTION       26.47          5.245        3.505
  111A-548             JUNCTION       26.43          5.202        2.248
  111A-550             JUNCTION       26.30          5.044        0.000
  111A-551             JUNCTION       26.23          5.356        6.760
  111A-559             JUNCTION       23.57          3.893        2.897
  111A-560             JUNCTION       24.64          5.350        0.000
  111A-573             JUNCTION       26.64          5.438        9.082
  111A-J66             JUNCTION       25.05          3.135        1.586
  112A-001             JUNCTION       72.36        212.149        0.000
  114A-001             JUNCTION       56.57         27.609        0.000
  116A-001             JUNCTION       84.97         21.543        0.000
  116A-013             JUNCTION       15.42          9.088        2.702
  116A-020             JUNCTION       15.44          9.283        2.497
  116A-023             JUNCTION       15.01         10.595        0.745
  117A-001             JUNCTION       92.27         24.671        0.000
  118A-001             JUNCTION       93.19         83.097        0.000
  118A-002             JUNCTION       37.68          9.409        0.091
  118A-004             JUNCTION       36.43          9.105        0.895
  118A-005             JUNCTION       34.21          8.202        6.788
  118A-009             JUNCTION       33.95          8.076        6.731
  118A-012             JUNCTION       32.54          7.368        3.458
  118A-013             JUNCTION       31.65          6.896        1.271
  118A-014             JUNCTION       22.03          2.656        0.727
  121A-001             JUNCTION       77.85         26.470        0.000
  123A-001             JUNCTION       85.09         11.893        0.000
  128A-001             JUNCTION       81.13        210.020        0.000
  131A-001             JUNCTION       87.95         95.816        0.000
  131A-J38             JUNCTION       92.37         83.526        0.000
  134A-001             JUNCTION       49.54          8.690        7.834
  134A-041             JUNCTION       16.49          4.721        1.240
  134A-042             JUNCTION       13.63          1.377        4.973
  134B-001             JUNCTION       81.06         49.598        0.000
  140A-001             JUNCTION       25.65          7.940        0.000
  151A-001             JUNCTION       80.51          9.910        1.222
  151A-003             JUNCTION       38.22          8.980        3.200
  151A-005             JUNCTION       25.91          9.371        3.449
  151A-006             JUNCTION       25.61          9.013        1.367
  151A-007             JUNCTION       24.99          8.689        3.501
  151A-008             JUNCTION       24.83          8.396        6.524
  151A-010             JUNCTION       24.12          7.345        0.975
  151A-011             JUNCTION       23.93          6.910        0.000
  151A-012             JUNCTION       23.78          6.770        1.590
  151A-013             JUNCTION       23.71          6.660        0.000
  151A-014             JUNCTION       23.67          6.629        1.041
  151A-015             JUNCTION       23.43          6.380        6.890
  151A-016             JUNCTION       23.08          6.187        7.313
  151A-017             JUNCTION       22.47          5.928        4.102
  151A-018             JUNCTION       22.37          5.839        0.671
  151A-019             JUNCTION       22.16          5.671        0.069
  151A-020             JUNCTION       21.75          5.385        1.115
  151A-021             JUNCTION       21.67          5.300        0.000
  151A-022             JUNCTION       21.60          5.580        2.240
  151A-023             JUNCTION       21.46          5.817        2.943
  151A-024             JUNCTION       21.25          6.213        4.307
  151A-025             JUNCTION       21.27          6.700        3.100
  151A-026             JUNCTION       20.67          6.201        0.669
  151A-027             JUNCTION       20.64          6.140        0.000
  151A-028             JUNCTION       17.57          4.783        0.000
  151A-030             JUNCTION        4.23          3.651        1.492
  151A-165             JUNCTION        1.12          0.806       10.364
  151A-166             JUNCTION        0.22          0.433       10.967
  151A-168             JUNCTION        0.32          0.857       11.093
  151A-169             JUNCTION        0.52          1.422       11.118
  151A-189             JUNCTION       21.09          6.528        3.742
  151A-191             JUNCTION       19.45          5.372        4.278
  151A-192             JUNCTION       19.57          5.314        1.816
  151A-199             JUNCTION       19.44          4.990        0.000
  151A-200             JUNCTION       19.35          4.900        0.690
  151A-201             JUNCTION       18.21          2.203        0.558
  151A-202             JUNCTION       19.12          4.616        4.724
  151A-203             JUNCTION       19.12          4.607        5.153
  151A-204             JUNCTION       19.00          4.415        0.825
  151A-205             JUNCTION       18.87          4.169        1.051
  151A-206             JUNCTION       18.76          3.935        3.515
  151A-209             JUNCTION        0.80          2.358       11.582
  151A-210             JUNCTION        1.05          3.071       11.009
  151A-211             JUNCTION        1.17          3.841        9.799
  151A-212             JUNCTION        1.23          4.408        8.502
  151A-213             JUNCTION        1.32          5.304        6.216
  151A-214             JUNCTION        1.38          6.063        3.997
  151A-215             JUNCTION        1.13          6.182        3.818
  151A-219             JUNCTION        0.56          5.058        4.022
  151A-221             JUNCTION        0.24          0.273        3.647
  151A-222             JUNCTION        0.35          0.817        4.383
  151A-242             JUNCTION        0.08          0.041        9.259
  151A-246             JUNCTION        0.28          0.276       10.714
  151A-247             JUNCTION        0.39          0.439       12.171
  151A-248             JUNCTION        0.34          0.508       11.702
  151A-249             JUNCTION        1.54          1.463       11.127
  151A-250             JUNCTION        0.76          1.387       10.203
  151A-252             JUNCTION        0.85          2.886        9.290
  151A-253             JUNCTION        0.74          1.550       11.830
  151A-254             JUNCTION        0.56          1.768       13.372
  151A-255             JUNCTION        0.44          1.977        9.563
  151A-256             JUNCTION        0.20          0.233        8.107
  151A-259             JUNCTION        0.72          1.715        9.025
  151A-261             JUNCTION        0.74          2.369        7.201
  151A-264             JUNCTION        0.65          2.848        5.632
  151A-265             JUNCTION        0.54          3.058        4.642
  151A-282             JUNCTION       26.18          6.509        0.000
  151A-287             JUNCTION       20.14          5.797        0.023
  151A-J40             JUNCTION       47.00         43.497        0.000
  151A-J47             JUNCTION       83.61          9.388        1.361
  152A-001             JUNCTION       94.07         31.213        0.000
  162A-001             JUNCTION       92.33         16.373        0.000
  163A-001             JUNCTION       89.25         45.706        0.000
  163A-009             JUNCTION        0.01          0.243       10.127
  163A-019             JUNCTION        1.38          1.094        8.806
  163A-020             JUNCTION        0.35          1.308        7.262
  163A-021             JUNCTION        0.06          1.389        7.321
  163A-038             JUNCTION        0.89          0.980        9.150
  163A-043             JUNCTION        1.38          1.935        7.635
  163A-044             JUNCTION        2.45          3.148        5.022
  163A-045             JUNCTION        3.08          4.489        3.178
  163A-046             JUNCTION        2.99          4.577        2.090
  163A-047             JUNCTION        2.72          4.566        2.711
  163A-051             JUNCTION        1.50          6.275        1.395
  163A-075             JUNCTION        2.19          4.088        0.839
  163A-077             JUNCTION        1.75          3.503        0.000
  163A-109             JUNCTION        0.51          0.231        6.089
  163A-125             JUNCTION        0.36          0.150        5.700
  163A-172             JUNCTION        0.52          2.814        9.962
  163A-173             JUNCTION        0.58          1.668       11.822
  163A-178             JUNCTION        0.53          1.499       10.410
  163A-182             JUNCTION        0.48          1.489       12.671
  163A-183             JUNCTION        0.46          1.425       12.487
  163A-346             JUNCTION        0.59          1.388       10.922
  163A-363             JUNCTION        0.50          0.225        6.061
  163A-391             JUNCTION       91.48         21.245        0.000
  164A-001             JUNCTION       37.99        203.230        0.000
  164A-002             JUNCTION       18.99          8.897        1.207
  164A-008             JUNCTION       16.76          4.946        0.397
  164A-009             JUNCTION       15.80          3.904        2.349
  164A-010             JUNCTION       15.28          3.333        0.000
  164A-014             JUNCTION       13.41          2.153        1.130
  164A-015             JUNCTION       13.41          2.150        2.403
  164A-016             JUNCTION       13.05          1.981        2.982
  164A-017             JUNCTION       93.10          5.460        0.000
  164A-019             JUNCTION       92.21          5.028        0.000
  172A-001             JUNCTION       25.31          7.574       12.967
  172A-004             JUNCTION       25.70          8.611        6.159
  172A-049             JUNCTION       22.54          4.506        1.714
  172A-050             JUNCTION       22.27          4.282        2.138
  172A-051             JUNCTION       21.59          3.876        3.044
  172A-052             JUNCTION       21.22          3.645        3.495
  172A-053             JUNCTION       20.87          3.413        3.937
  172A-054             JUNCTION       20.38          3.171        2.389
  172A-055             JUNCTION       19.34          2.782        1.798
  172A-056             JUNCTION       16.66          2.360        0.000
  172A-057             JUNCTION       12.78          3.142        0.598
  172A-058             JUNCTION       11.60          3.688        0.132
  172A-108             JUNCTION       25.10          9.120        6.890
  172A-112             JUNCTION       25.03          9.060        6.400
  172A-113             JUNCTION       24.83          8.871        4.479
  172A-121             JUNCTION       24.60          8.707        3.733
  172A-122             JUNCTION       24.35          8.616        1.934
  172A-154             JUNCTION       23.73          8.820        0.000
  172A-160             JUNCTION       23.74          9.084        0.136
  172A-161             JUNCTION       23.75          9.308        0.532
  172A-170             JUNCTION       23.87          9.730        0.000
  172A-179             JUNCTION       24.43         11.152        0.098
  172A-J59             JUNCTION       81.94          9.290        0.000
  172A-J59A            JUNCTION       81.29        110.252        0.000
  172B-001             JUNCTION       56.37        207.420        0.000
  172B-001B            JUNCTION       66.85        165.839        0.000
  177A-001             JUNCTION       79.26          8.881        0.000
  177A-002             JUNCTION       13.96          1.990        0.730
  183A-001             JUNCTION       87.22        132.681        0.000
  183A-009             JUNCTION       31.34         13.040        0.270
  183A-016             JUNCTION       31.84         13.940        0.000
  185A-001             JUNCTION       19.57          4.095        0.490
  190A-001             JUNCTION       28.20          8.807        0.000
  190A-002             JUNCTION       12.63          8.127        2.173
  190A-006             JUNCTION       10.35          7.710        0.000
  190A-017             JUNCTION       11.78          7.925        7.565
  190A-018             JUNCTION       11.80          7.370        0.000
  190A-019             JUNCTION       11.85          8.111        4.109
  190A-020             JUNCTION       11.99          8.831        8.959
  190A-025             JUNCTION       12.11          9.541        2.759
  190A-026             JUNCTION       12.24         10.129        3.811
  190A-027             JUNCTION       12.30         10.536        2.944
  190A-028             JUNCTION       12.25         11.151        3.079
  190A-029             JUNCTION       12.38         11.986        1.114
  190A-030             JUNCTION       12.48         12.923        0.027
  190A-037             JUNCTION       11.58         12.390        0.000
  194A-001             JUNCTION       92.80        206.312        0.000
  194A-J54             JUNCTION       86.81         83.917        0.000
  195A-001             JUNCTION       70.15         24.783        0.000
  195A-002             JUNCTION        1.54          6.850        0.000
  199A-001             JUNCTION       71.21        145.239        0.000
  199A-002             JUNCTION       18.60          8.898        0.239
  199A-003             JUNCTION       18.23          8.750        0.000
  199A-004             JUNCTION       10.69          2.816        2.120
  199A-007             JUNCTION       25.34          3.333        0.000
  199A-008             JUNCTION       24.46          2.833        0.000
  199A-015             JUNCTION       22.09          1.919        0.954
  199A-016             JUNCTION       24.89          2.871        2.332
  199A-017             JUNCTION       25.21          3.463        2.350
  199A-021             JUNCTION       24.82          3.720        1.593
  199A-022             JUNCTION       25.19          4.731        0.542
  199A-J53             JUNCTION       25.16          3.223        0.159
  203A-001             JUNCTION       92.91        111.014        0.000
  206A-001             JUNCTION       87.86         41.380        0.000
  206A-003             JUNCTION       15.36         11.487        0.079
  206A-006             JUNCTION       14.40         10.613        1.834
  206A-011             JUNCTION       10.18          5.633        0.000
  206A-014             JUNCTION        6.72          2.064        2.469
  206A-032             JUNCTION       13.41          9.991        3.122
  206A-033             JUNCTION       12.29          9.318        2.296
  206A-036             JUNCTION       11.38          8.760        4.083
  206A-037             JUNCTION       10.39          8.028        6.685
  206A-038             JUNCTION        9.96          7.772        6.631
  206A-039             JUNCTION        9.11          6.835        6.079
  206A-040             JUNCTION        8.31          5.699        4.564
  206A-041             JUNCTION        7.65          5.074        8.309
  206A-042             JUNCTION        6.88          4.103        9.460
  206A-043             JUNCTION        6.29          2.878        6.655
  206A-044             JUNCTION        5.68          2.033        0.000
  206A-045             JUNCTION        2.76          3.949        8.564
  206A-051             JUNCTION        0.65          0.484        4.459
  206A-J16             JUNCTION       92.35         24.324        0.000
  225A-001             JUNCTION       70.20         13.012        0.000
  227A-001             JUNCTION       32.02         34.445        0.000
  232A-232             JUNCTION       94.04         47.597        0.000
  246A-001             JUNCTION       78.44         23.247        0.000
  246A-020             JUNCTION       58.74         12.337        0.113
  246A-021             JUNCTION       58.14         12.540        0.000
  246A-023             JUNCTION       56.29         11.646        0.334
  252-001              JUNCTION       89.01        105.787        0.000
  255A-004             JUNCTION       82.89          3.389        0.000
  266A-001             JUNCTION       75.29         87.653        0.000
  266A-J25             JUNCTION       26.70         35.458        0.000
  266A-VP12            JUNCTION       22.83         31.132        0.000
  266A-VP13            JUNCTION       26.63         35.354        0.000
  267A-001             JUNCTION       28.57         19.832        0.000
  281A-001             JUNCTION       20.03          9.282        5.814
  281A-003             JUNCTION       84.69         17.324        1.836
  281A-031             JUNCTION       81.26         14.920        0.000
  281A-036             JUNCTION       78.15         14.460        0.000
  281A-072             JUNCTION       62.43        227.761        0.000
  281A-077             JUNCTION       83.15         16.067        0.483
  282A-001             JUNCTION       49.98        217.809        0.000
  282A-009             JUNCTION       60.33          4.333        0.000
  282A-017             JUNCTION        0.10          0.744        2.019
  283A-001             JUNCTION       67.71        168.784        0.000
  283A-003             JUNCTION       11.09          0.370        0.000
  314A-001             JUNCTION       10.07          9.643        5.029
  314A-004             JUNCTION       18.09         10.164        1.839
  314A-010             JUNCTION       20.20         10.525        0.035
  314A-037             JUNCTION       21.66         10.490        0.000
  316A-001             JUNCTION       24.53          1.087        8.143
  316A-002             JUNCTION       25.74          2.884        5.586
  316A-003             JUNCTION       25.58          2.690        0.000
  316A-016             JUNCTION       22.19          7.108        4.712
  316A-017             JUNCTION       19.87         12.384        4.436
  316A-087             JUNCTION       14.16          5.930        0.000
  316A-100             JUNCTION       15.35          5.494        3.036
  316A-111             JUNCTION       15.76          5.502        5.578
  316A-114             JUNCTION       16.03          5.537        6.353
  316A-117             JUNCTION       16.77          5.659        3.781
  316A-119             JUNCTION       12.86          2.530        0.000
  316A-120             JUNCTION       13.89          3.375        1.185
  316A-147             JUNCTION       22.06          6.034        9.466
  316A-149             JUNCTION       21.75          6.152        0.308
  316A-188             JUNCTION       13.43          3.860        0.000
  316A-189             JUNCTION       13.69          5.728        0.232
  316A-243             JUNCTION       18.76          5.630        0.000
  316A-245             JUNCTION       15.60          5.509        4.591
  329A-001             JUNCTION       30.95         11.720        0.000
  329A-002             JUNCTION       28.99          8.177        0.000
  329A-003             JUNCTION       28.59          8.317        0.000
  329A-005             JUNCTION       28.34          8.640        2.397
  329A-006             JUNCTION       28.17          8.669        7.348
  329A-007             JUNCTION       28.47          9.139        4.358
  329A-008             JUNCTION       28.60          9.454        3.582
  329A-009             JUNCTION       28.58          9.857        2.980
  329A-023             JUNCTION       28.23         10.304        0.113
  329A-027             JUNCTION       27.90         10.304        1.633
  329A-030             JUNCTION       27.71         10.418        4.289
  329A-031             JUNCTION       27.40         10.385        2.261
  329A-040             JUNCTION       27.06         10.430        1.677
  329A-044             JUNCTION       26.90         10.472        2.845
  329A-046             JUNCTION       26.76         10.576        3.360
  329A-047             JUNCTION       26.54         10.508        1.678
  329A-053             JUNCTION       26.13          9.382        0.801
  329A-054             JUNCTION       26.13          7.173        0.000
  329A-059             JUNCTION       26.87          8.659        2.864
  329A-064             JUNCTION       26.77          9.840        1.994
  329A-076             JUNCTION       25.07          9.303        0.000
  329A-082             JUNCTION       23.98          8.263        1.220
  329A-083             JUNCTION       22.91          7.152        0.452
  329A-084             JUNCTION       21.87          5.919        1.344
  329A-085             JUNCTION       20.83          4.683        0.000
  330A-003             JUNCTION       30.55         12.249        2.391
  330A-004             JUNCTION       30.36         10.210        0.000
  330A-007             JUNCTION       29.67         13.965        1.985
  330A-008             JUNCTION       29.23         13.520        0.000
  330A-078             JUNCTION       29.29         11.927        0.000
  330A-084             JUNCTION       29.11         11.824        0.493
  330A-085             JUNCTION       28.76         10.767        0.000
  330A-086             JUNCTION       28.78         10.698        0.009
  330A-087             JUNCTION       28.72         10.477        0.000
  330A-088             JUNCTION       28.56         10.367        0.520
  330A-089             JUNCTION       28.54         10.377        0.000
  330A-090             JUNCTION       28.49         11.130        0.066
  330A-096             JUNCTION       28.27         11.075        0.742
  330A-097             JUNCTION       28.11         10.804        1.082
  330A-100             JUNCTION       26.12          7.162        4.552
  330A-101             JUNCTION       26.80          5.983        0.000
  330A-102             JUNCTION       22.52          2.456        5.267
  330A-103             JUNCTION       93.05          4.800        3.583
  330A-104             JUNCTION       25.56          4.773        2.951
  330A-107             JUNCTION       19.21          2.602        2.001
  330A-125             JUNCTION       26.02          8.652        1.601
  330A-128             JUNCTION       25.55          8.449        2.534
  330A-129             JUNCTION       25.11          8.176        4.487
  330A-130             JUNCTION       24.31          7.783        3.650
  330A-131             JUNCTION       23.70          7.476        0.818
  330A-134             JUNCTION       22.54          5.744        0.720
  330A-138             JUNCTION       22.17          5.490        0.613
  330A-139             JUNCTION       21.92          5.275        1.548
  330A-140             JUNCTION       21.51          4.851        1.482
  330A-141             JUNCTION       20.66          1.858        2.835
  330A-143             JUNCTION       19.03          1.062        3.641
  330A-144             JUNCTION       18.68          0.958        3.975
  330A-145             JUNCTION       14.31          0.550        4.403
  330A-147             JUNCTION       25.29          6.032        1.631
  330A-152             JUNCTION       27.50          9.449        0.334
  330A-243             JUNCTION       24.88          8.066        3.308
  331A-001             JUNCTION       19.39         10.610        0.020
  331A-002             JUNCTION       20.30         11.515        0.755
  331A-004             JUNCTION       20.22         11.866        1.444
  331A-008             JUNCTION       19.76         11.054        1.346
  331A-010             JUNCTION       18.09          9.350        0.000
  331A-015             JUNCTION       19.45          9.715        0.104
  331A-032             JUNCTION       20.78         10.330        0.000
  331A-033             JUNCTION       21.01         10.669        1.931
  331A-036             JUNCTION       21.30         11.201        0.879
  331A-037             JUNCTION       23.21         12.107        1.003
  331A-045             JUNCTION       23.94         11.550        0.000
  331A-086             JUNCTION       23.67         10.915        1.345
  331A-088             JUNCTION       23.76         10.301        1.509
  331A-095             JUNCTION       23.84          9.738        0.342
  331A-096             JUNCTION       24.15          9.412        1.228
  331A-099             JUNCTION       24.22          9.032        0.028
  331A-100             JUNCTION       24.33          9.034        0.216
  331A-104             JUNCTION       24.29          8.985        0.235
  331A-105             JUNCTION       23.93          8.502        0.298
  331A-112             JUNCTION       25.59          7.650        0.000
  331A-113             JUNCTION       24.36          6.960        0.000
  331A-132             JUNCTION       91.29          4.661       10.065
  331A-138             JUNCTION       89.18          5.226       10.180
  331A-147             JUNCTION       88.16          9.439        5.544
  331A-152             JUNCTION       27.39          9.553        0.000
  331A-157             JUNCTION       26.03          8.108        0.876
  331A-158             JUNCTION       24.92          6.690        0.533
  331A-159             JUNCTION       23.70          5.123        0.000
  331A-160             JUNCTION       23.29          4.926        0.837
  331A-165             JUNCTION       24.02          8.410        0.060
  331A-166             JUNCTION       24.01          8.246        0.174
  331A-167             JUNCTION       23.62          7.852        0.438
  331A-230             JUNCTION       23.44          6.860        0.000
  331A-231             JUNCTION       23.42          6.622        2.268
  331A-236             JUNCTION       23.45          6.416        2.024
  331A-237             JUNCTION       23.40          6.221        2.049
  331A-238             JUNCTION       23.42          6.054        1.326
  331A-239             JUNCTION       23.32          5.640        0.000
  331A-243             JUNCTION       23.40          5.710        0.000
  331A-253             JUNCTION       23.17          5.071        0.999
  331A-260             JUNCTION       22.97          3.900        0.000
  331A-265             JUNCTION       20.79          2.104        5.326
  331A-270             JUNCTION       28.34          2.997        2.853
  331A-271             JUNCTION       20.88          2.253        2.767
  331A-272             JUNCTION       23.83          2.935        3.545
  331A-273             JUNCTION       21.98          2.870        3.290
  331A-274             JUNCTION       43.14          3.868        0.262
  331A-J22             JUNCTION       24.02          9.166        5.422
  331A-J23             JUNCTION       24.27          9.267        3.899
  332A-001             JUNCTION       17.62         10.919        5.571
  332A-007             JUNCTION       13.93         10.517        0.513
  332A-018             JUNCTION       11.71          9.584        0.416
  332A-027             JUNCTION        9.34          8.560        0.000
  332A-035             JUNCTION        9.78          7.400        0.000
  332A-036             JUNCTION        9.89          7.012        0.268
  332A-040             JUNCTION       10.09          6.300        0.000
  332A-042             JUNCTION        6.09          4.956        1.754
  332A-043             JUNCTION        1.32          3.199        6.301
  332A-044             JUNCTION        1.19          3.562        6.088
  332A-057             JUNCTION        5.67          5.312        5.688
  332A-058             JUNCTION        1.39          4.578        5.422
  332A-062             JUNCTION        1.12          4.353        2.147
  332A-063             JUNCTION        1.08          4.359        2.641
  332A-080             JUNCTION        0.73          4.296        2.344
  332A-081             JUNCTION        0.29          2.692        3.448
  332A-082             JUNCTION        1.35          4.151        2.519
  332A-118             JUNCTION        6.45          5.158        2.182
  332A-119             JUNCTION        8.84          6.102        2.458
  332A-122             JUNCTION       10.59          7.025        2.785
  332A-136             JUNCTION       12.71          7.688        4.482
  332A-137             JUNCTION       13.16          7.367        1.983
  332A-138             JUNCTION       13.01          7.222        0.498
  332A-140             JUNCTION       13.45          6.940        0.000
  332A-141             JUNCTION       13.10          6.960        0.000
  332A-154             JUNCTION       12.87          7.675        0.725
  332A-155             JUNCTION       12.68          7.632        1.578
  332A-156             JUNCTION       12.31          7.531        1.279
  332A-184             JUNCTION       11.02          4.000        0.000
  332A-186             JUNCTION       12.04          6.144        1.256
  332A-J24             JUNCTION       70.21         13.072        0.000
  332A-J28             JUNCTION       26.18         14.270        0.000
  332A-J39             JUNCTION       43.59         70.344        0.000
  333A-002             JUNCTION       11.70          1.600        9.510
  333A-003             JUNCTION       12.13          2.013        9.417
  333A-004             JUNCTION       12.54          2.240        9.600
  333A-006             JUNCTION       16.50          3.409       10.511
  333A-007             JUNCTION       17.99          4.436        8.244
  333A-008             JUNCTION       17.49          4.553        7.867
  333A-009             JUNCTION       18.04          5.555        5.575
  333A-010             JUNCTION       18.24          6.475        1.525
  333A-012             JUNCTION       18.66          7.651        2.669
  333A-013             JUNCTION       18.23          7.669        2.961
  333A-047             JUNCTION       24.78          8.340        0.000
  333A-049             JUNCTION       19.88          4.157        0.000
  333A-050             JUNCTION       24.58          4.047        0.000
  334A-011             JUNCTION        1.00          2.029       12.461
  334A-023             JUNCTION        1.63          2.836        9.794
  334A-024             JUNCTION        7.01          5.018        5.232
  334A-025             JUNCTION       15.40          7.390        5.100
  334A-031             JUNCTION       14.46          8.120        4.790
  334A-037             JUNCTION       17.34          8.496        4.314
  334A-042             JUNCTION       16.66          8.618        3.832
  334A-050             JUNCTION       18.07          9.080        0.000
  334A-051             JUNCTION       19.25         10.141        2.979
  334A-060             JUNCTION       19.86         10.176        0.184
  334A-061             JUNCTION       21.34         10.380        0.000
  335A-001             JUNCTION       18.62          3.442        5.948
  336A-001             JUNCTION       19.94          3.898        0.172
  336A-005             JUNCTION       23.23          3.287        1.173
  336A-006             JUNCTION       24.76          3.699        0.701
  336A-007             JUNCTION       25.43          4.571        2.999
  336A-008             JUNCTION       25.63          5.150        2.370
  336A-009             JUNCTION       25.52          5.430        0.000
  336A-047             JUNCTION       25.51          7.094        4.886
  336A-048             JUNCTION       25.40          7.018        3.692
  336A-075             JUNCTION       24.38          6.345        2.415
  336A-078             JUNCTION       24.27          7.324        1.756
  336A-208             JUNCTION       22.62          3.054        2.196
  336A-209             JUNCTION       23.52          3.393        2.087
  337A-004             JUNCTION       25.19          3.600        0.000
  337A-005             JUNCTION       20.20          3.337        5.263
  337A-006             JUNCTION       22.05          7.234        6.666
  337A-007             JUNCTION       22.02         11.057        3.653
  337A-039             JUNCTION       22.72         10.639        0.388
  337A-051             JUNCTION       23.74          8.677        0.000
  337A-052             JUNCTION       24.65          6.987        0.000
  337A-053             JUNCTION       24.62          5.364        0.003
  337A-070             JUNCTION       24.46          4.062        0.494
  337A-071             JUNCTION       24.33          4.172        1.225
  337A-072             JUNCTION       24.33          4.427        2.360
  337A-073             JUNCTION       24.14          4.497        2.426
  337A-075             JUNCTION       23.36          4.669        0.904
  337A-088             JUNCTION       18.79          2.524        2.809
  337A-089             JUNCTION       16.53          0.159        5.134
  338A-001             JUNCTION       23.80          6.168        2.055
  338A-002             JUNCTION       23.99          6.083        2.467
  338A-039             JUNCTION       25.79          8.268        2.372
  338A-058             JUNCTION       25.87          6.000        0.000
  338A-076             JUNCTION       21.63          3.993        0.737
  338A-080             JUNCTION       24.52          5.538        0.172
  338A-084             JUNCTION       23.92          5.520        0.000
  338A-110             JUNCTION       22.90          7.828        0.122
  338A-111             JUNCTION       22.24          7.417        0.403
  338A-125             JUNCTION       20.99          6.737        0.553
  338A-131             JUNCTION       23.64          7.318        1.442
  338A-150             JUNCTION       24.73          8.092        0.238
  338A-151             JUNCTION       24.99          8.340        0.000
  338A-165             JUNCTION       24.65          8.060        0.000
  338A-179             JUNCTION       23.77          6.825        0.485
  338A-180             JUNCTION       23.61          6.623        0.487
  338A-181             JUNCTION       23.23          6.123        0.487
  338A-182             JUNCTION       22.95          5.670        0.000
  338A-185             JUNCTION       22.59          5.472        2.178
  338A-191             JUNCTION       21.79          5.086        1.714
  338A-192             JUNCTION       21.67          5.172        1.228
  338A-193             JUNCTION       21.36          5.087        1.113
  338A-194             JUNCTION       21.10          5.000        0.000
  338A-195             JUNCTION       20.79          4.900        0.000
  338A-197             JUNCTION       20.41          7.480        0.000
  338A-201             JUNCTION       20.17         10.735        0.065
  338A-202             JUNCTION       19.87         13.079        0.231
  338A-279             JUNCTION       21.99          7.024        0.786
  338A-280             JUNCTION       21.34          6.878        0.936
  339A-002A            JUNCTION       86.45         24.684        0.000
  339A-002B            JUNCTION       90.38         33.553        0.000
  339A-002C            JUNCTION       86.58         25.293        0.000
  339A-002D            JUNCTION       84.98         23.866        0.000
  339A-002F            JUNCTION       85.07         24.482        0.000
  339A-002G            JUNCTION       86.58         25.365        0.000
  339A-002H            JUNCTION       85.07         24.519        0.000
  339A-005             JUNCTION       23.81          4.318        2.202
  339A-007             JUNCTION       23.54          4.218        5.422
  339A-008             JUNCTION       23.53          4.295        5.215
  339A-010             JUNCTION       23.47          4.361        1.889
  339A-011             JUNCTION       23.16          4.198        1.632
  339A-012             JUNCTION       23.31          4.383        1.507
  339A-013             JUNCTION       23.16          4.277        2.403
  339A-014             JUNCTION       23.12          4.300        0.690
  339A-015             JUNCTION       23.15          4.344        0.126
  339A-016             JUNCTION       23.08          4.272        0.568
  339A-017             JUNCTION       23.10          4.310        1.960
  339A-018             JUNCTION       23.33          4.787        4.413
  339A-019             JUNCTION       23.98          5.309        6.511
  339A-020             JUNCTION       23.83          5.236        3.284
  339A-022             JUNCTION       25.02          6.063        5.707
  339A-023             JUNCTION       24.81          5.696        2.254
  339A-024             JUNCTION       24.76          5.519        1.301
  339A-069             JUNCTION       24.91          5.531        1.899
  339A-070             JUNCTION       24.14          4.310        0.000
  339A-071             JUNCTION       24.06          3.830        0.000
  339A-076             JUNCTION       24.02          5.940        4.260
  350A-003             JUNCTION       19.50          0.317        7.683
  350A-004             JUNCTION       22.95          1.817        4.683
  350A-008             JUNCTION       23.11          2.826        0.734
  350A-009             JUNCTION       23.19          3.842        0.738
  350A-021             JUNCTION       21.04          2.560        0.661
  350A-066             JUNCTION       23.40          4.258        0.822
  350A-067             JUNCTION       14.16          2.129        1.961
  350A-068             JUNCTION       21.24          4.099        0.611
  350A-121             JUNCTION       12.51          2.750        0.510
  350A-122             JUNCTION       16.11          3.150        0.000
  350A-124             JUNCTION       10.40          3.690        0.240
  350A-125             JUNCTION        4.94          2.056        3.304
  350A-147             JUNCTION       10.41          4.350        0.000
  350A-149             JUNCTION        5.38          7.692        3.189
  350A-160             JUNCTION        9.86          9.864        0.000
  350A-163             JUNCTION        8.08          9.338        2.362
  350A-198             JUNCTION        8.54          3.172        1.778
  351A-001             JUNCTION       24.55         11.450        0.000
  351A-002             JUNCTION       22.87         10.509        0.481
  351A-019             JUNCTION       21.83         10.941        2.649
  351A-020             JUNCTION       20.91         10.648        3.768
  351A-021             JUNCTION       20.70         10.486        4.704
  351A-025             JUNCTION       19.27         10.041        6.499
  351A-028             JUNCTION       18.62          9.908        6.322
  351A-029             JUNCTION       17.78          9.116        6.155
  351A-031             JUNCTION       18.79         10.711        5.439
  351A-036             JUNCTION       18.64         11.316        4.844
  351A-040             JUNCTION       19.22          4.541        3.193
  351A-041             JUNCTION       17.97          3.830        2.783
  351A-044             JUNCTION       17.76          3.141        1.982
  351A-046             JUNCTION        0.04          0.426        1.587
  351A-053             JUNCTION       17.31          2.628        0.525
  351A-054             JUNCTION       16.83          2.795        0.349
  351A-059             JUNCTION        9.08          6.182        4.418
  351A-060             JUNCTION        8.37          5.661        4.159
  351A-061             JUNCTION        7.38          5.059        2.761
  351A-068             JUNCTION        6.29          4.560        0.000
  351A-074             JUNCTION        5.32          4.361        1.862
  351A-080             JUNCTION       84.29          6.717        4.833
  351A-086             JUNCTION       18.35         11.404        5.546
  351A-087             JUNCTION       18.24         11.218        6.042
  351A-088             JUNCTION       18.01         10.876        2.734
  351A-091             JUNCTION       83.69          6.720        6.370
  351A-112             JUNCTION       82.52          6.515       11.665
  351A-129             JUNCTION        9.12          5.364        4.299
  351A-130             JUNCTION       18.75         11.017        5.263
  351A-133             JUNCTION       85.13          6.931        1.299
  351A-136             JUNCTION       82.52          6.521       11.659
  352A-003             JUNCTION        7.58          0.564        2.386
  352A-004             JUNCTION        6.75          0.950        1.840
  352A-007             JUNCTION        7.57          2.347        0.493
  352A-008             JUNCTION        8.30          2.970        0.000
  352A-009             JUNCTION        7.78          3.539        1.071
  352A-028             JUNCTION        6.07          2.510        0.410
  352A-029             JUNCTION       18.95          3.580        0.000
  352A-030             JUNCTION       19.68          4.541        0.509
  352A-031             JUNCTION       19.89          6.397        1.003
  352A-040             JUNCTION       12.47          4.490        2.329
  352A-042             JUNCTION       12.35          4.459        2.301
  352A-043             JUNCTION       12.34          4.412        1.678
  352A-044             JUNCTION        7.84          2.238        3.172
  352A-048             JUNCTION        3.40          0.137        4.863
  352A-05              JUNCTION        7.69          1.608        1.292
  352A-054             JUNCTION       11.26          3.681        1.639
  352A-055             JUNCTION       12.84          3.943        0.717
  352A-059             JUNCTION       15.04          4.080        0.000
  352A-06              JUNCTION        6.95          1.698        0.712
  352A-067             JUNCTION       16.00          4.354        0.254
  352A-069             JUNCTION       19.56          4.947        1.853
  352A-071             JUNCTION       17.84          5.463        0.697
  352A-155             JUNCTION        7.33          4.244        1.406
  353A-001             JUNCTION        2.21          3.124        0.176
  353A-004             JUNCTION        0.27          1.330        0.000
  354A-002             JUNCTION        7.35          4.502        1.498
  354A-003             JUNCTION        6.84          4.625        3.195
  354A-004             JUNCTION        7.15          6.268        0.082
  354A-005             JUNCTION        8.30          7.870        0.000
  354A-008             JUNCTION        8.43          8.570        0.000
  354A-011             JUNCTION        8.00          8.231        0.979
  354A-013             JUNCTION        7.71          8.043        1.977
  354A-020             JUNCTION        7.52          7.808        1.982
  354A-024             JUNCTION        7.43          7.677        0.993
  354A-053             JUNCTION        7.77          7.400        0.000
  355A-004             JUNCTION        1.20          0.067        7.733
  355A-005             JUNCTION        1.94          0.389        7.671
  355A-007             JUNCTION        2.49          0.707        7.063
  355A-013             JUNCTION        3.01          1.260        6.840
  355A-017             JUNCTION        3.26          1.792        5.388
  355A-024             JUNCTION        5.35          4.303        5.077
  355A-033             JUNCTION        5.95          5.662        4.388
  355A-034             JUNCTION        6.41          6.931        4.069
  355A-039             JUNCTION        6.59          8.107        3.313
  356A-001             JUNCTION       81.87          6.295       15.665
  356A-002             JUNCTION       81.18          6.046       12.954
  356A-005             JUNCTION       80.36          5.467       11.033
  356A-031             JUNCTION       79.63          4.686        2.354
  356A-032             JUNCTION       79.64          4.549        0.291
  356A-034             JUNCTION       80.09          4.380        0.000
  356A-035             JUNCTION       79.60          4.748        1.372
  356A-037             JUNCTION       79.01          4.654        2.596
  356A-039             JUNCTION       34.85          3.470        0.000
  356A-040             JUNCTION       23.00          2.419        4.521
  356A-041             JUNCTION        0.88          2.540        0.000
  356A-042             JUNCTION        0.52          2.233        1.040
  356A-043             JUNCTION        0.34          1.041        2.059
  356A-044             JUNCTION        0.06          0.040        3.010
  356A-058             JUNCTION       10.38          3.745        1.025
  356A-099             JUNCTION       22.74          2.281        2.729
  356A-100             JUNCTION       22.11          1.960        3.510
  356A-101             JUNCTION       21.56          1.650        0.000
  356A-102             JUNCTION       20.71          2.026        0.104
  356A-103             JUNCTION       20.13          2.659        3.391
  356A-104             JUNCTION       19.55          3.292        3.968
  356A-106             JUNCTION       17.48          3.616        3.994
  356A-107             JUNCTION       15.62          3.737        2.743
  356A-108             JUNCTION       13.72          3.868        2.372
  356A-121             JUNCTION        8.59          3.798        2.012
  356A-125             JUNCTION        0.90          3.489        1.261
  356A-126             JUNCTION        0.89          3.801        1.629
  356A-141             JUNCTION        1.17          3.723        0.103
  356A-SB17            JUNCTION       83.64          7.025       12.343
  359A-002             JUNCTION        6.30          5.586        0.064
  359A-003             JUNCTION        8.38          4.870        0.000
  359A-004             JUNCTION       10.90          4.277        0.273
  359A-005             JUNCTION       11.67          3.624        0.866
  359A-006             JUNCTION       12.46          3.024        0.566
  359A-007             JUNCTION       13.16          2.421        0.869
  360A-003             JUNCTION       25.51          1.870        0.000
  360A-005             JUNCTION       25.33          2.095        4.685
  360A-007             JUNCTION       25.27          2.189        3.451
  360A-008             JUNCTION       25.27          2.222        3.358
  360A-009             JUNCTION       25.24          2.339        4.681
  360A-021             JUNCTION       25.19          2.568        7.172
  360A-046             JUNCTION       24.92          2.611        5.399
  360A-068             JUNCTION       24.64          2.566        7.954
  360A-069             JUNCTION       24.68          2.546        7.454
  360A-075             JUNCTION       24.92          2.604        6.086
  360A-076             JUNCTION       24.63          2.270        5.950
  360A-077             JUNCTION       24.71          2.565        7.435
  360A-079             JUNCTION       24.64          2.575        8.295
  360A-088             JUNCTION       24.54          2.371        7.489
  360A-089             JUNCTION       24.51          2.313        5.527
  360A-122             JUNCTION       24.37          1.882        1.188
  360A-123             JUNCTION       24.27          1.606        2.594
  360A-125             JUNCTION       23.76          1.060        0.000
  360A-135             JUNCTION       25.34          2.059        4.461
  360A-136             JUNCTION       24.56          2.432        7.728
  360A-138             JUNCTION       23.96          1.302        4.658
  360A-J56             JUNCTION       30.21          6.970        0.773
  360A-J57             JUNCTION       24.38          1.951        1.689
  361A-247             JUNCTION       24.67          1.730        0.000
  362A-001             JUNCTION       27.44          5.756        1.564
  362A-003             JUNCTION       26.40          7.539        0.181
  362A-004             JUNCTION       25.66          6.770        0.000
  362A-005             JUNCTION       24.72          8.097        0.443
  362A-006             JUNCTION       20.94          8.707        1.133
  362A-022             JUNCTION       20.44          5.717        0.053
  362A-023             JUNCTION       16.59          4.600        0.000
  362A-024             JUNCTION        7.26          3.387        0.203
  362A-025             JUNCTION        4.94          1.783        1.007
  362A-026             JUNCTION        4.84          1.716        1.074
  362A-027             JUNCTION        4.73          2.639        2.261
  362A-028             JUNCTION        4.62          3.553        3.417
  362A-029             JUNCTION        4.52          4.346        2.614
  362A-030             JUNCTION        4.46          5.202        1.958
  362A-031             JUNCTION        4.18          5.674        0.816
  362A-033             JUNCTION        3.75          5.940        0.000
  362A-034             JUNCTION        3.34          5.183        1.807
  363A-004             JUNCTION       14.19         11.700        0.000
  363A-007             JUNCTION       13.93         11.970        0.000
  363A-024             JUNCTION       13.27         12.115        0.195
  363A-031             JUNCTION       13.07         11.320        0.000
  364A-002             JUNCTION       14.46          8.260        5.280
  364A-003             JUNCTION       13.86          7.711        5.819
  364A-004             JUNCTION       13.59          7.326        6.364
  364A-005             JUNCTION       13.26          6.882        4.908
  364A-006             JUNCTION       12.71          6.358        3.952
  364A-029             JUNCTION       11.92          5.683        2.477
  364A-034             JUNCTION       11.66          5.499        3.461
  364A-039             JUNCTION       11.11          5.088        2.942
  364A-044             JUNCTION       10.68          4.753        3.927
  364A-049             JUNCTION       10.25          4.421        4.909
  364A-054             JUNCTION        9.31          3.825        3.875
  364A-059             JUNCTION        9.82          4.129        3.891
  364A-064             JUNCTION        8.83          3.541        2.859
  364A-069             JUNCTION        8.47          3.325        3.345
  364A-072             JUNCTION        8.39          3.277        2.843
  364A-073             JUNCTION        7.66          2.803        3.837
  364A-074             JUNCTION        7.07          2.334        4.336
  364A-075             JUNCTION        6.94          2.225        3.835
  365A-001             JUNCTION       14.54          7.599        1.191
  365A-003             JUNCTION       14.34          7.624        3.736
  365A-005             JUNCTION       14.40          7.641        4.559
  365A-007             JUNCTION       14.56          7.671        5.379
  365A-008             JUNCTION       14.57          7.704        4.916
  365A-009             JUNCTION       14.76          7.761        1.459
  365A-014             JUNCTION       14.78          7.790        0.000
  365A-022             JUNCTION       15.15          7.300        0.000
  365A-030             JUNCTION       14.29          7.190        0.000
  365A-031             JUNCTION       13.65          8.220        0.000
  365A-032             JUNCTION       13.43          8.651        0.339
  365A-033             JUNCTION       13.40          8.833        0.107
  365A-080             JUNCTION       12.77         10.497        0.993
  365A-161             JUNCTION       14.87          8.656        2.234
  366A-001             JUNCTION       27.37          5.219        4.481
  366A-003             JUNCTION       20.96          5.040        0.000
  366A-006             JUNCTION        5.84          6.641        0.149
  366A-008             JUNCTION        5.50          6.689        0.001
  366A-009             JUNCTION        5.21          6.370        0.000
  366A-010             JUNCTION        4.85          6.381        0.819
  366A-012             JUNCTION        4.04          6.543        1.557
  366A-013             JUNCTION        4.18          6.964        1.996
  366A-014             JUNCTION        4.07          7.652        2.448
  366A-015             JUNCTION        3.94          8.238        3.042
  366A-016             JUNCTION        3.91          8.593        3.507
  366A-017             JUNCTION        3.89          8.730        3.300
  366A-018             JUNCTION        3.87          8.834        3.136
  366A-019             JUNCTION        3.77          9.459        3.161
  366A-021             JUNCTION        3.54          9.469        1.591
  366A-022             JUNCTION        3.36          8.926        1.284
  366A-023             JUNCTION        3.23          8.330        0.000
  366A-024             JUNCTION        3.18          8.273        0.387
  366A-170             JUNCTION       27.16          5.054        1.746
  366A-171             JUNCTION       27.14          4.991        0.309
  366A-172             JUNCTION       27.07          4.873        1.917
  366A-173             JUNCTION       26.93          4.742        2.058
  366A-174             JUNCTION       26.72          4.539        2.411
  366A-177             JUNCTION       26.48          4.259        8.961
  366A-178             JUNCTION       25.83          3.553        8.417
  366A-179             JUNCTION        0.84          1.735        9.085
  366A-205             JUNCTION       26.07          3.533        0.877
  366A-264             JUNCTION       26.47          4.254        9.446
  366A-265             JUNCTION       26.41          4.176        9.984
  366A-269             JUNCTION       26.42          4.135        6.745
  366A-270             JUNCTION       26.22          3.883        8.767
  366A-283             JUNCTION       26.16          3.781       11.619
  366A-284             JUNCTION       26.07          3.614        3.786
  366A-291             JUNCTION       26.10          3.601        0.599
  366A-306             JUNCTION       26.04          3.492        0.808
  366A-307             JUNCTION       26.01          3.414        0.006
  366A-308             JUNCTION       25.94          3.234        0.186
  366A-309             JUNCTION       25.77          2.983        1.497
  366A-310             JUNCTION       25.71          2.886        2.914
  366A-311             JUNCTION       25.75          2.884        7.126
  366A-318             JUNCTION       26.41          4.131        8.227
  366A-319             JUNCTION       26.63          4.391        8.009
  366A-336             JUNCTION        6.08          5.650        0.000
  366A-338             JUNCTION       27.22          5.123        2.077
  366A-339             JUNCTION       26.60          4.399        2.001
  366A-340             JUNCTION       26.61          4.390        3.360
  366A-343             JUNCTION       27.37          5.196        4.884
  366A-349             JUNCTION       27.16          5.083        1.277
  367A-001             JUNCTION        3.30          8.750        0.140
  367A-002             JUNCTION        2.07          6.352        0.948
  367A-003             JUNCTION        1.65          5.773        1.917
  367A-004             JUNCTION        1.72          7.072        1.048
  367A-007             JUNCTION        1.83          7.980        0.000
  367A-008             JUNCTION        1.70          7.766        0.074
  367A-043             JUNCTION        1.64          7.742        0.318
  367A-044             JUNCTION        1.53          7.445        0.845
  367A-046             JUNCTION        1.31          6.823        4.897
  367A-056             JUNCTION        1.21          6.492        4.728
  367A-057             JUNCTION        1.17          6.218        4.342
  368A-001             JUNCTION       27.83          6.440        0.000
  368A-002             JUNCTION       26.79          6.443        2.707
  368A-003             JUNCTION       26.02          6.431        3.429
  368A-004             JUNCTION       25.39          6.419        0.651
  368A-007             JUNCTION       25.13          6.407        0.383
  368A-011             JUNCTION       20.87          5.992        1.648
  368A-017             JUNCTION       20.57          5.673        2.917
  368A-024             JUNCTION       20.36          5.429        1.241
  368A-028             JUNCTION       19.90          5.073        2.707
  368A-036             JUNCTION       19.72          5.018        2.942
  368A-037             JUNCTION       19.61          5.019        3.201
  368A-048             JUNCTION       19.45          4.962        2.948
  368A-049             JUNCTION       19.30          4.934        3.186
  368A-050             JUNCTION       19.17          4.912        4.438
  368A-058             JUNCTION       18.96          4.874        4.556
  368A-059             JUNCTION       18.72          4.838        3.672
  368A-067             JUNCTION       18.55          4.919        3.181
  368A-070             JUNCTION       18.34          4.933        3.297
  368A-071             JUNCTION       18.19          4.990        3.310
  368A-072             JUNCTION       17.97          4.973        2.947
  368A-073             JUNCTION       17.96          5.059        2.591
  368A-074             JUNCTION       17.72          5.121        2.219
  368A-080             JUNCTION       17.48          5.166        1.744
  368A-081             JUNCTION       17.74          6.192        0.868
  369A-005             JUNCTION       17.14          4.650        1.710
  369A-011             JUNCTION       16.99          4.260        0.000
  369A-017             JUNCTION       16.90          4.100        0.000
  369A-018             JUNCTION       16.72          4.216        1.044
  369A-019             JUNCTION       16.71          4.420        1.070
  369A-020             JUNCTION       16.51          4.512        1.078
  369A-021             JUNCTION       16.35          4.680        0.000
  369A-022             JUNCTION       16.26          4.865        0.565
  369A-042             JUNCTION       15.98          5.061        0.709
  369A-043             JUNCTION       15.84          5.039        0.931
  369A-044             JUNCTION       15.63          4.990        1.650
  369A-045             JUNCTION       15.58          5.028        2.372
  369A-046             JUNCTION       15.31          4.902        1.778
  369A-047             JUNCTION       15.29          4.919        1.181
  369A-049             JUNCTION       14.95          4.763        0.587
  369A-078             JUNCTION       13.92          4.059        0.991
  369A-117             JUNCTION       13.51          3.728        0.492
  369A-173             JUNCTION       12.71          3.217        0.373
  369A-175             JUNCTION       12.22          3.002        0.258
  369A-176             JUNCTION       12.66          3.267        0.249
  369A-177             JUNCTION       11.51          2.581        0.216
  369A-178             JUNCTION       12.04          3.282        0.648
  369A-179             JUNCTION       12.02          3.288        0.372
  369A-183             JUNCTION       11.05          3.910        0.000
  369A-184             JUNCTION       11.02          4.009        0.121
  369A-185             JUNCTION       10.70          4.713        0.847
  369A-188             JUNCTION       10.37          5.442        0.798
  369A-191             JUNCTION       10.05          6.162        1.258
  369A-195             JUNCTION        9.73          6.881        1.719
  369A-201             JUNCTION        9.28          7.559        2.641
  369A-202             JUNCTION        8.78          8.192        1.108
  369A-203             JUNCTION        8.72          8.315        1.425
  369A-204             JUNCTION        8.50          8.930        0.570
  369A-210             JUNCTION        7.68          9.796        0.844
  369A-211             JUNCTION        7.25          9.875        1.275
  369A-212             JUNCTION        7.54         10.517        0.633
  369A-213             JUNCTION        7.17         10.620        0.000
  369A-217             JUNCTION        5.94          9.027        0.253
  369A-219             JUNCTION        4.29          5.120        0.000
  369A-220             JUNCTION        3.85          4.549        4.981
  369A-276             JUNCTION       14.30          4.348        0.492
  369A-288             JUNCTION       17.39          5.096        1.734
  370A-002             JUNCTION       31.70          6.013        2.737
  370A-005             JUNCTION       31.78          6.071        2.709
  370A-006             JUNCTION       31.54          5.993        2.677
  370A-007             JUNCTION       30.88          5.917        6.913
  370A-008             JUNCTION       31.17          6.098        7.352
  370A-009             JUNCTION       27.71          4.531        4.639
  370A-015             JUNCTION       27.00          4.114        4.346
  370A-052             JUNCTION       30.98          6.060       11.780
  370A-053             JUNCTION       31.01          6.106        9.214
  370A-054             JUNCTION       30.98          6.107        9.203
  370A-055             JUNCTION       30.17          5.769        9.641
  370A-056             JUNCTION       30.15          5.772        9.618
  370A-057             JUNCTION       29.66          5.618       16.512
  370A-058             JUNCTION       29.36          5.544       15.906
  370A-059             JUNCTION       28.95          5.431       14.819
  370A-060             JUNCTION       28.82          5.393       14.797
  370A-061             JUNCTION       28.74          5.499       14.451
  370A-062             JUNCTION       28.67          5.575       14.175
  370A-068             JUNCTION       28.91          5.830       13.940
  370A-083             JUNCTION       28.92          5.990       14.060
  370A-084             JUNCTION       28.99          6.107       14.333
  370A-085             JUNCTION       29.07          6.304       11.856
  370A-099             JUNCTION       29.59          6.633        6.937
  370A-102             JUNCTION       29.55          6.572        8.708
  370A-103             JUNCTION       29.45          6.506        8.994
  370A-104             JUNCTION       29.25          6.350        0.000
  370A-131             JUNCTION       28.85          6.252        0.158
  370A-132             JUNCTION       28.61          6.096        8.814
  370A-133             JUNCTION       28.51          6.046        8.774
  370A-134             JUNCTION       28.58          6.118        7.722
  370A-135             JUNCTION       28.38          5.977        8.483
  370A-136             JUNCTION       28.32          5.931        9.169
  370A-138             JUNCTION       28.17          5.816        8.154
  370A-139             JUNCTION       28.02          5.693        8.647
  370A-141             JUNCTION       27.89          5.574        8.636
  370A-142             JUNCTION       27.82          5.529        8.611
  370A-143             JUNCTION       27.69          5.445        7.575
  370A-144             JUNCTION       27.55          5.333        6.537
  370A-151             JUNCTION       25.55          3.534        8.636
  370A-163             JUNCTION       28.42          4.906        5.834
  370A-165             JUNCTION       28.91          5.750       14.130
  370A-187             JUNCTION       28.11          4.715        5.535
  370A-195             JUNCTION       29.51          6.574        6.956
  370A-202             JUNCTION       28.19          5.845        7.655
  370A-205A            JUNCTION       91.22         12.216        0.000
  370A-205B            JUNCTION       91.67          8.669        0.000
  370A-206             JUNCTION       29.15          6.419        0.541
  370A-207             JUNCTION       26.17          4.225        8.765
  370A-208             JUNCTION       28.67          6.163        9.747
  371A-001             JUNCTION       32.34          6.564        2.476
  371A-002             JUNCTION       32.05          6.726        2.114
  371A-008             JUNCTION       31.46          6.709        2.021
  371A-012             JUNCTION       31.00          6.676        1.744
  371A-016             JUNCTION       30.74          6.679        1.621
  371A-019             JUNCTION       30.60          6.671        1.759
  371A-020             JUNCTION       30.33          6.667        1.743
  371A-068             JUNCTION       30.01          6.617        1.853
  371A-069             JUNCTION       29.60          6.598        1.212
  371A-070             JUNCTION       29.30          6.573        1.217
  371A-082             JUNCTION       27.64          5.861        1.089
  371A-083             JUNCTION       27.39          5.768        0.312
  371A-084             JUNCTION       27.01          5.627        1.493
  371A-087             JUNCTION       26.76          5.529        0.401
  371A-088             JUNCTION       26.46          5.460        0.160
  371A-100             JUNCTION       26.11          5.347        1.113
  371A-101             JUNCTION       25.85          5.230        0.130
  371A-102             JUNCTION       25.62          5.090        0.000
  371A-103             JUNCTION       25.39          5.010        0.000
  371A-104             JUNCTION       25.23          4.964        0.036
  371A-105             JUNCTION       28.46          4.702        0.000
  371A-106             JUNCTION       26.37          4.780        0.000
  371A-108             JUNCTION       25.08          6.743        0.437
  371A-109             JUNCTION       23.70          5.989        0.131
  371A-135             JUNCTION       24.70          4.722        0.718
  371A-136             JUNCTION       24.44          4.490        0.000
  371A-137             JUNCTION       24.25          4.380        0.000
  371A-138             JUNCTION       24.06          4.270        0.000
  371A-139             JUNCTION       23.87          4.195        0.055
  371A-143             JUNCTION       23.66          4.087        0.923
  371A-146             JUNCTION       23.29          3.851        1.089
  371A-147             JUNCTION       23.05          3.679        0.291
  371A-151             JUNCTION       22.77          3.467        0.193
  371A-152             JUNCTION       22.55          3.300        0.000
  371A-153             JUNCTION       22.33          3.312        1.758
  371A-159             JUNCTION       22.39          3.763        1.237
  371A-160             JUNCTION       22.38          3.833        1.147
  371A-162             JUNCTION       22.32          4.246        1.494
  371A-163             JUNCTION       22.28          4.188        1.672
  371A-164             JUNCTION       22.24          4.134        2.346
  371A-228             JUNCTION       22.22          4.123        2.297
  371A-229             JUNCTION       22.18          4.072        1.708
  371A-230             JUNCTION       22.16          3.987        0.143
  371A-230A            JUNCTION       22.12          4.004        0.126
  371A-230B            JUNCTION       86.32          9.140        0.000
  371A-230C            JUNCTION       86.86          9.638        0.000
  371A-230D            JUNCTION       86.32          9.114        0.000
  371A-230E            JUNCTION       86.86          9.615        0.000
  371A-234             JUNCTION       21.80          3.573        0.117
  371A-235             JUNCTION       21.76          3.493        0.057
  371A-358             JUNCTION       29.03          6.570        0.248
  371A-358A            JUNCTION       27.82          5.836        1.554
  371A-358B            JUNCTION       82.85         11.703        0.000
  371A-358C            JUNCTION       85.57         12.624        0.000
  371A-358D            JUNCTION       82.27         10.951        0.000
  371A-358E            JUNCTION       82.85         11.677        0.000
  371A-358F            JUNCTION       85.57         12.589        0.000
  371A-358G            JUNCTION       82.27         10.929        0.000
  372A-018             JUNCTION        0.33          0.309       16.651
  372A-048             JUNCTION        0.02          0.000       16.010
  372A-060             JUNCTION        0.35          0.421       15.829
  372A-061             JUNCTION        0.40          0.697       15.283
  372A-140             JUNCTION        0.12          0.374        3.376
  372A-141             JUNCTION        0.24          1.514        2.036
  372A-190             JUNCTION        0.21          0.068       17.562
  372A-191             JUNCTION        0.18          0.151        7.539
  372A-192             JUNCTION        0.19          0.146        7.884
  372A-J48             JUNCTION       83.60         38.558        0.000
  374A-013             JUNCTION        0.50          1.485       13.065
  374A-016             JUNCTION        0.64          1.161        9.399
  374A-025             JUNCTION        0.84          1.551       10.279
  374A-036             JUNCTION        1.00          2.947        9.243
  374A-037             JUNCTION        0.92          3.137        7.826
  374A-038             JUNCTION        1.04          3.838        5.865
  374A-054             JUNCTION        1.23          5.066        3.597
  374A-055             JUNCTION        1.24          5.188        3.416
  374A-058             JUNCTION        1.10          5.031        2.552
  374A-059             JUNCTION        1.17          5.760        1.353
  374A-196             JUNCTION        0.89          2.951        8.373
  374A-197             JUNCTION        0.70          1.259       10.341
  374A-206             JUNCTION        1.26          4.678        5.035
  375A-001             JUNCTION        0.93          2.806        9.084
  375A-002             JUNCTION        0.85          3.382        8.088
  375A-003             JUNCTION        0.76          3.639        7.381
  375A-007             JUNCTION        0.71          3.460        7.650
  375A-009             JUNCTION        0.65          3.094        7.146
  375A-010             JUNCTION        0.60          3.042        6.318
  375A-042             JUNCTION        0.80          3.600        7.610
  387A-001             JUNCTION       17.99          4.617        4.683
  387A-002             JUNCTION       17.33          5.042        5.368
  387A-005             JUNCTION       12.67          5.486        6.244
  387A-006             JUNCTION        8.95          5.325        6.565
  387A-055             JUNCTION        3.72          3.835        5.875
  387A-056             JUNCTION        3.51          3.818        4.702
  387A-057             JUNCTION        3.22          3.747        4.013
  387A-097             JUNCTION        2.79          3.541        3.779
  387A-098             JUNCTION        2.75          3.528        4.212
  387A-099             JUNCTION        2.37          3.230        3.620
  387A-100             JUNCTION        2.10          3.000        4.030
  387A-101             JUNCTION        1.84          2.720        3.510
  387A-102             JUNCTION        1.63          2.504        2.986
  387A-103             JUNCTION        2.26          2.993        4.030
  387A-104             JUNCTION        2.11          2.899        3.414
  387A-105             JUNCTION        2.14          4.687        1.867
  387A-106             JUNCTION        2.17          2.560        0.703
  387A-107             JUNCTION        2.17          2.402        0.452
  387A-108             JUNCTION        1.45          2.310        2.970
  387A-123             JUNCTION        1.02          1.706        2.954
  387A-124             JUNCTION        0.89          1.476        2.954
  387A-125             JUNCTION        0.75          1.259        2.881
  387A-126             JUNCTION        0.69          1.319        2.701
  388A-001             JUNCTION       21.09          6.514        2.636
  388A-004             JUNCTION       21.11          6.530        0.000
  388A-006             JUNCTION       21.14          7.130        0.710
  388A-010             JUNCTION       21.18          7.284        0.546
  388A-012             JUNCTION       20.77          7.548        0.742
  388A-016             JUNCTION       20.78          7.861        1.259
  388A-017             JUNCTION       20.92          8.225        1.785
  388A-047             JUNCTION       20.83          8.500        0.000
  388A-059             JUNCTION       20.85          8.687        0.473
  388A-060             JUNCTION       20.69          8.728        0.162
  388A-065             JUNCTION       20.80          9.082        0.598
  388A-069             JUNCTION       20.75          9.254        2.046
  388A-077             JUNCTION       20.55          9.299        1.551
  388A-094             JUNCTION       20.56          9.454        0.996
  388A-095             JUNCTION       20.29          9.085        0.505
  388A-100             JUNCTION       20.41          8.927        0.473
  388A-114             JUNCTION       20.11          9.268        1.212
  388A-133             JUNCTION       20.10          9.369        0.421
  388A-139             JUNCTION       20.12          9.174        0.766
  388A-149             JUNCTION       19.79          8.685        1.405
  388A-150             JUNCTION       19.63          8.395        0.455
  388A-151             JUNCTION       19.40          8.060        0.490
  388A-152             JUNCTION       19.17          7.713        0.437
  388A-187             JUNCTION       20.43          8.890        0.000
  388A-201             JUNCTION       20.13          9.617        0.153
  389A-001             JUNCTION       18.46          6.841        0.229
  389A-021             JUNCTION       18.11          6.422        1.158
  389A-022             JUNCTION       17.83          6.057        0.593
  389A-023             JUNCTION       17.65          5.659        0.031
  389A-031             JUNCTION       17.60          5.390        0.000
  389A-032             JUNCTION       17.43          4.450        0.000
  389A-035             JUNCTION       17.35          4.190        0.000
  390A-002             JUNCTION       19.26          7.181        0.239
  390A-003             JUNCTION       19.07          6.616        0.634
  390A-004             JUNCTION       18.87          6.061        1.099
  390A-006             JUNCTION       18.69          5.600        1.680
  390A-018             JUNCTION       18.27          4.359        0.331
  390A-019             JUNCTION       14.94          2.889        0.661
  391A-008             JUNCTION       21.14         11.637        0.243
  391A-028             JUNCTION       20.24         11.157        0.463
  391A-031             JUNCTION       19.57         10.084        1.146
  391A-054             JUNCTION       19.93          9.033        1.347
  391A-059             JUNCTION       19.35          8.317        0.023
  392A-001             JUNCTION       21.02          3.743        3.177
  392A-002             JUNCTION       20.92          4.068        3.742
  392A-003             JUNCTION       20.77          4.371        3.799
  392A-007             JUNCTION       20.53          5.001        5.919
  392A-008             JUNCTION       20.49          5.472        5.028
  392A-040             JUNCTION       20.42          5.861        4.319
  394A-001             JUNCTION        3.86          0.955        5.275
  394A-002             JUNCTION        8.16          1.681        8.259
  394A-004             JUNCTION        7.09          2.244       13.036
  394A-008             JUNCTION        5.77          2.503       13.687
  394A-009             JUNCTION        3.35          2.395       13.095
  394A-014             JUNCTION        6.83          4.006       10.054
  394A-017             JUNCTION       14.35          5.716        5.544
  394A-018             JUNCTION       17.40          7.526        2.964
  394A-019             JUNCTION       19.02          8.514        1.956
  394A-038             JUNCTION       19.76          9.093        0.787
  394A-041             JUNCTION       19.50          8.720        0.000
  394A-042             JUNCTION       19.09          8.332        0.118
  394A-045             JUNCTION       17.93          7.720        0.000
  394A-046             JUNCTION       23.71          8.411        2.435
  394A-049             JUNCTION       24.13          8.504        2.723
  394A-050             JUNCTION       23.17          8.136        3.171
  394A-051             JUNCTION       22.40          7.789        2.128
  394A-052             JUNCTION       21.26          7.253        0.053
  394A-066             JUNCTION       20.46          6.721        3.985
  394A-070             JUNCTION       20.26          6.554        3.499
  394A-074             JUNCTION       20.63          6.565        2.922
  394A-077             JUNCTION       19.52          5.424        1.441
  394A-138             JUNCTION       16.81          3.251        3.479
  394A-145             JUNCTION       15.77          2.661        3.979
  394A-154             JUNCTION       14.29          2.055        4.475
  394A-158             JUNCTION       12.92          1.459        5.271
  394A-247             JUNCTION       19.59          5.904        0.888
  395A-001             JUNCTION       20.16          7.539        0.000
  395A-008             JUNCTION       17.50          9.433        0.000
  395A-012             JUNCTION       15.58          8.708        1.342
  395A-019             JUNCTION       14.32          8.121        0.190
  395A-025             JUNCTION       12.91          7.540        0.000
  395A-026             JUNCTION       12.38          8.191        0.379
  395A-029             JUNCTION       11.25          8.312        0.738
  395A-072             JUNCTION       12.95          7.318        0.392
  395A-073             JUNCTION       12.82          7.125        0.000
  395A-076             JUNCTION       12.50          7.563        0.641
  395A-077             JUNCTION       12.12          8.278        1.592
  395A-082             JUNCTION       11.72          7.650        0.000
  395A-093             JUNCTION       11.74          7.686        0.474
  395A-098             JUNCTION       10.66          7.286        0.974
  395A-104             JUNCTION        9.89          6.842        1.478
  395A-137             JUNCTION       12.09          8.405        1.335
  395A-138             JUNCTION       11.98          8.565        1.049
  395A-139             JUNCTION       11.78          8.497        0.903
  395A-140             JUNCTION       11.69          8.311        0.829
  395A-141             JUNCTION       11.93          8.047        1.650
  395A-155             JUNCTION       19.40          9.064        0.196
  396A-001             JUNCTION       22.02         12.250        0.000
  396A-007             JUNCTION       24.73         12.930        0.000
  396A-009             JUNCTION       24.83         12.590        0.000
  396A-013             JUNCTION       25.45         12.240        0.000
  396A-014             JUNCTION       25.64         11.510        0.000
  396A-015             JUNCTION       25.61         11.237        0.183
  396A-018             JUNCTION       25.15         10.980        0.000
  396A-019             JUNCTION       24.89         10.955        0.445
  396A-020             JUNCTION       24.99         10.970        0.430
  397A-008             JUNCTION       44.91         11.230        0.000
  397A-009             JUNCTION       44.75         12.211        0.389
  397A-010             JUNCTION       44.58         13.223        3.787
  397A-015             JUNCTION       44.39         13.636        0.024
  397A-016             JUNCTION       44.16         12.895        0.815
  397A-025             JUNCTION       43.83         11.812        2.208
  397A-026             JUNCTION       43.50         10.811        1.599
  398A-001             JUNCTION       48.00          8.187        2.113
  398A-002             JUNCTION       47.80          7.351        0.649
  398A-004             JUNCTION       47.34          6.236        0.264
  398A-005             JUNCTION       46.97          4.877        1.123
  398A-006             JUNCTION       46.63          3.500        0.000
  398A-007             JUNCTION       46.09          4.932        0.048
  398A-009             JUNCTION       45.04          6.943        0.177
  398A-011             JUNCTION       44.84         11.500        1.930
  398A-012             JUNCTION       43.84         10.984        3.336
  398A-013             JUNCTION       42.77         10.543        1.247
  398A-014             JUNCTION       41.64         10.123        0.657
  398A-015             JUNCTION       39.98          9.634        0.586
  398A-016             JUNCTION       35.12          9.222        1.038
  398A-018             JUNCTION       22.68          8.191        0.739
  398A-019             JUNCTION       19.21          7.562        0.738
  398A-020             JUNCTION       17.66          7.139        0.991
  398A-021             JUNCTION       16.34          6.640        0.000
  398A-022             JUNCTION       15.22          6.080        0.000
  398A-023             JUNCTION       14.28          5.460        0.000
  398A-024             JUNCTION       13.87          5.130        0.000
  398A-025             JUNCTION       13.47          4.870        0.000
  398A-026             JUNCTION        8.44          4.050        0.000
  398A-097             JUNCTION        8.58          1.661        4.339
  398A-099             JUNCTION       19.57          0.102        3.308
  398A-100             JUNCTION       22.63          0.355        2.965
  398A-101             JUNCTION       26.46          0.655        2.625
  398A-102             JUNCTION       27.00          0.933        2.787
  399A-002E            JUNCTION       87.43         32.732        0.000
  COLUMBIA-DAVIS       JUNCTION       89.83        507.000        0.000
  LCS-006              JUNCTION       84.45        141.194        0.000
  MAIN-J49             JUNCTION       83.06         36.418        0.000
  PERRY-01             JUNCTION       80.51         25.699        0.000
  PERRY-02             JUNCTION       85.05         27.014        0.000
  PERRY-03             JUNCTION       80.59         25.699        0.000
  PERRY-04             JUNCTION       80.51         25.719        0.000
  PERRY-05             JUNCTION       85.05         27.050        0.000
  PERRY-06             JUNCTION       80.59         25.719        0.000
  PERRY-07             JUNCTION       45.68          5.110        0.000
  PERRY-08             JUNCTION       80.92          6.685        0.000
  PERRY-09             JUNCTION       61.49          5.361        0.000
  PERRY-10             JUNCTION       79.15          7.332        0.000
  PERRY-11             JUNCTION       81.09          8.920        0.000
  PERRY-12             JUNCTION       79.23          7.580        0.000
  SAN_CARLOS           JUNCTION       93.88        504.000        0.000
  WL-001               JUNCTION       90.10        157.910        0.000
  WL-001A              JUNCTION       93.97         75.214        0.000
  WL-001C              JUNCTION       90.86         46.625        0.000
  WTL-001              JUNCTION       86.30        318.467        0.000
  
  
  *********************
  Node Flooding Summary
  *********************
  
  Flooding refers to all water that overflows a node, whether it ponds or not.
  --------------------------------------------------------------------------
                                                             Total   Maximum
                                 Maximum   Time of Max       Flood    Ponded
                        Hours       Rate    Occurrence      Volume     Depth
  Node                 Flooded       MGD   days hr:min    10^6 gal      Feet
  --------------------------------------------------------------------------
  106A-001                0.01    24.913      1  20:03       0.006   200.000
  106A-001ALT             0.01    13.191      2  03:24       0.000   500.000
  106A-089                0.68     2.777      1  12:17       0.049     0.000
  106A-091                1.27     0.026      1  12:27       0.001     0.000
  106A-093               33.28     0.397      1  12:52       0.140     0.000
  106A-096               31.72     0.106      1  15:50       0.119     0.000
  106A-182                3.55     4.801      1  12:07       0.125     0.000
  106A-190                0.21     0.530      1  12:08       0.004     0.000
  106A-236                6.45     1.465      1  12:16       0.238     0.000
  106A-238                6.95     1.023      1  12:07       0.096     0.000
  106A-252                0.41     1.218      1  12:07       0.011     0.000
  106A-253                0.66     0.359      1  12:24       0.006     0.000
  106A-301                2.45     2.403      1  12:08       0.080     0.000
  106A-303                1.11     3.973      1  12:10       0.063     0.000
  111A-083               20.55     8.575      1  12:06       0.977     0.000
  111A-087                0.30     1.400      1  12:05       0.013     0.000
  111A-185                5.39     0.886      1  11:49       0.125     0.000
  111A-186                2.05     2.081      1  12:11       0.060     0.000
  111A-204               12.81     0.699      1  15:47       0.232     0.000
  111A-299                1.14     0.421      1  12:34       0.017     0.000
  111A-550               21.09     4.106      1  12:08       0.646     0.000
  111A-560                0.01     0.001      1  12:04       0.000     0.000
  112A-001                0.01     4.432      1  04:05       0.000   200.000
  128A-001                0.01     0.963      1  03:42       0.000   200.000
  151A-011                0.28    19.321      1  12:06       0.088     0.000
  151A-013                0.51     1.858      1  12:13       0.028     0.000
  151A-021               17.59    13.426      1  12:05       4.468     0.000
  151A-027                0.72     9.723      1  12:07       0.117     0.000
  151A-028                0.01     0.158      1  06:49       0.000     0.000
  151A-199                5.13    14.025      1  12:05       0.857     0.000
  163A-077                0.55     4.240      1  12:06       0.038     0.000
  164A-001                0.01     0.630      2  09:48       0.000   200.000
  164A-010                8.07     0.211      1  11:15       0.043     0.000
  172A-056                3.81     0.861      1  12:08       0.051     0.000
  172A-154                0.14     0.456      1  12:06       0.002     0.000
  172A-170                7.33     5.757      1  12:09       0.472     0.000
  172B-001                0.01    28.748      2  08:13       0.004   200.000
  183A-016                0.12     0.628      1  12:07       0.002     0.000
  190A-006                0.88     1.026      1  12:06       0.015     0.000
  190A-018                4.22     2.195      1  12:05       0.112     0.000
  190A-037                2.28     1.071      1  12:15       0.065     0.000
  194A-001                0.01     0.391      2  06:55       0.000   200.000
  195A-002                0.01     2.054      1  12:06       0.000     0.000
  199A-003                2.41     0.011      1  12:08       0.001     0.000
  199A-007               23.24     0.177      1  07:18       0.161     0.000
  199A-008               19.87     0.059      1  15:04       0.045     0.000
  206A-011                3.69     0.703      1  12:02       0.057     0.000
  206A-044                2.07     0.487      1  12:11       0.021     0.000
  246A-021                0.30     0.866      1  12:08       0.007     0.000
  255A-004                2.00     0.055      2  07:08       0.001     0.000
  281A-031               10.27     0.213      1  17:12       0.075     0.000
  281A-036                5.18     0.031      1  13:00       0.006     0.000
  281A-072                0.01     0.863      1  01:11       0.000   200.000
  282A-001                0.01     0.516      1  00:29       0.000   200.000
  282A-009                0.29     0.317      1  12:13       0.002     0.000
  283A-003                9.60     1.623      1  12:09       0.184     0.000
  314A-037                0.13     0.096      1  12:05       0.000     0.000
  316A-003                1.45     3.057      1  12:05       0.020     0.000
  316A-087                0.22     7.413      1  12:08       0.041     0.000
  316A-119                7.75    11.579      1  12:06       0.699     0.000
  316A-188                3.87     2.231      1  12:05       0.108     0.000
  316A-243                0.12     1.083      1  12:06       0.003     0.000
  329A-001                0.62     5.450      1  12:07       0.054     0.000
  329A-002               21.36     1.283      1  12:17       0.731     0.000
  329A-003               19.25     0.060      1  15:56       0.047     0.000
  329A-054               18.97     1.228      1  12:04       0.331     0.000
  329A-076                8.55     0.246      1  13:42       0.064     0.000
  329A-085               17.10     0.249      1  11:19       0.130     0.000
  330A-004               19.98     6.082      1  12:08       1.211     0.000
  330A-008                0.11     0.522      1  12:07       0.001     0.000
  330A-078                2.94     1.653      1  12:14       0.083     0.000
  330A-085                5.69     0.566      1  12:18       0.044     0.000
  330A-087               13.64     0.111      1  13:38       0.041     0.000
  330A-089               20.04     0.349      1  13:38       0.230     0.000
  330A-101               20.83     0.538      1  12:46       0.369     0.000
  331A-010                0.28     1.367      1  12:07       0.010     0.000
  331A-032                0.40     6.667      1  12:08       0.046     0.000
  331A-045                0.11     2.001      1  12:06       0.006     0.000
  331A-112                3.56     0.929      1  12:10       0.088     0.000
  331A-113                0.01     0.001      1  12:57       0.000     0.000
  331A-152               10.09     0.315      1  14:06       0.095     0.000
  331A-159               18.42     0.258      1  14:19       0.162     0.000
  331A-230                3.00     3.429      1  12:13       0.229     0.000
  331A-239                0.46     1.264      1  12:04       0.015     0.000
  331A-243                0.19     0.965      1  12:05       0.006     0.000
  331A-260               18.63     5.218      1  12:07       1.041     0.000
  332A-027                0.12     3.621      1  12:07       0.011     0.000
  332A-035                0.26     1.617      1  12:12       0.011     0.000
  332A-040                0.57     0.461      1  12:13       0.008     0.000
  332A-140                0.17     1.842      1  12:08       0.006     0.000
  332A-141                0.41     2.113      1  12:12       0.024     0.000
  332A-184                2.67     6.005      1  12:04       0.253     0.000
  333A-047                0.24     0.943      1  12:04       0.006     0.000
  333A-049                1.64     0.147      1  12:09       0.008     0.000
  333A-050               15.28     0.500      1  12:14       0.118     0.000
  334A-050                0.10     2.685      1  12:08       0.007     0.000
  334A-061                0.26     4.181      1  12:07       0.024     0.000
  336A-009               18.05     0.926      1  12:01       0.292     0.000
  337A-004               20.16     5.573      1  12:05       0.946     0.000
  337A-051                0.32     0.027      1  12:11       0.000     0.000
  337A-052                0.47     0.102      1  12:24       0.002     0.000
  338A-058                0.42     1.055      1  12:05       0.012     0.000
  338A-084                4.15     0.674      1  12:05       0.044     0.000
  338A-151                3.37     0.177      1  12:41       0.015     0.000
  338A-165                0.11     0.000      1  12:46       0.000     0.000
  338A-182               17.07     0.897      1  12:22       0.467     0.000
  338A-194               13.09     0.110      1  18:33       0.055     0.000
  338A-195               11.03     0.890      1  12:38       0.247     0.000
  338A-197                3.46     0.401      1  12:34       0.045     0.000
  339A-070                0.07     2.648      1  12:07       0.005     0.000
  339A-071               20.29    15.480      1  12:08       3.226     0.000
  350A-122                9.01     1.298      1  12:11       0.322     0.000
  350A-147                0.94     2.516      1  12:11       0.048     0.000
  350A-160                0.11     0.928      1  12:11       0.003     0.000
  351A-001                5.07    14.208      1  12:07       0.561     0.000
  351A-068                0.11     0.915      1  12:08       0.003     0.000
  352A-008                3.28     0.493      1  12:22       0.031     0.000
  352A-029                3.24     0.223      1  12:02       0.016     0.000
  352A-059                5.02     0.196      1  13:36       0.032     0.000
  353A-004                0.09     3.721      1  12:07       0.009     0.000
  354A-005                0.35     0.218      1  12:03       0.003     0.000
  354A-008                0.12     0.003      1  12:08       0.000     0.000
  354A-053                0.10     0.002      1  12:12       0.000     0.000
  356A-034                0.81    15.254      1  12:07       0.136     0.000
  356A-039                5.97    10.478      1  12:06       0.429     0.000
  356A-041                0.18     1.277      1  12:09       0.006     0.000
  356A-101                8.94     4.498      1  12:09       0.303     0.000
  359A-003                1.01     0.092      1  12:55       0.004     0.000
  360A-003               22.19    43.756      1  12:07      15.637     0.000
  360A-125               19.84    14.787      1  12:07       2.012     0.000
  361A-247               18.43     5.463      1  12:06       1.378     0.000
  362A-004                2.59     0.807      1  12:02       0.055     0.000
  362A-023                3.76     0.431      1  12:03       0.045     0.000
  362A-033                1.19     0.014      1  12:04       0.000     0.000
  363A-004                0.03     0.007      1  12:04       0.000     0.000
  363A-007                0.10     0.866      1  12:05       0.002     0.000
  363A-031                0.48     1.985      1  12:06       0.015     0.000
  365A-014                2.31     1.461      1  12:05       0.042     0.000
  365A-022                0.18     3.148      1  12:06       0.009     0.000
  365A-030                1.11     1.667      1  12:13       0.035     0.000
  365A-031                0.44     0.311      1  12:11       0.004     0.000
  366A-003                4.82     6.713      1  12:04       0.599     0.000
  366A-009                0.46     4.549      1  12:08       0.036     0.000
  366A-023                0.31     5.250      1  12:09       0.023     0.000
  366A-336                0.17     4.098      1  12:06       0.015     0.000
  367A-007                0.26     3.680      1  12:15       0.014     0.000
  368A-001                3.00     0.954      1  12:11       0.031     0.000
  369A-011                0.16     2.500      1  12:05       0.008     0.000
  369A-017                8.43     4.566      1  12:10       0.509     0.000
  369A-021                0.85     0.497      1  12:10       0.011     0.000
  369A-183                0.95     0.786      1  12:09       0.018     0.000
  369A-213                0.08     0.175      1  12:10       0.000     0.000
  369A-219                1.33     1.310      1  12:37       0.057     0.000
  370A-104                0.24    20.058      1  12:06       0.078     0.000
  371A-102                0.02     0.106      1  12:05       0.000     0.000
  371A-103                0.01     0.042      1  12:04       0.000     0.000
  371A-105               18.21     5.097      1  12:05       1.443     0.000
  371A-106                1.05     0.761      1  12:30       0.026     0.000
  371A-136                0.12     3.714      1  12:06       0.007     0.000
  371A-137                0.04     0.036      1  12:03       0.000     0.000
  371A-138                0.24     2.852      1  12:11       0.016     0.000
  371A-152                0.89     8.602      1  12:08       0.149     0.000
  388A-004                0.94     1.683      1  12:09       0.040     0.000
  388A-047                0.71     4.344      1  12:06       0.043     0.000
  388A-187                1.16     5.491      1  12:06       0.117     0.000
  389A-031                0.10     0.085      1  12:04       0.000     0.000
  389A-032                2.20     0.829      1  12:08       0.041     0.000
  389A-035                5.82     0.216      1  13:21       0.035     0.000
  394A-041                0.04     0.294      1  12:07       0.000     0.000
  394A-045                0.09     1.267      1  12:08       0.003     0.000
  395A-001                1.60     5.483      1  12:07       0.091     0.000
  395A-008                0.01     0.002      1  12:04       0.000     0.000
  395A-025                0.22     1.736      1  12:08       0.009     0.000
  395A-073                2.10     1.405      1  12:12       0.048     0.000
  395A-082                3.40     1.224      1  12:10       0.103     0.000
  396A-001                0.11     0.027      1  12:20       0.000     0.000
  396A-007                0.07     0.001      1  12:10       0.000     0.000
  396A-009                0.07     0.001      1  12:10       0.000     0.000
  396A-013                0.05     0.001      1  12:10       0.000     0.000
  396A-014                0.66     0.708      1  12:20       0.011     0.000
  396A-018                0.99     0.175      1  12:29       0.006     0.000
  397A-008                2.36     0.599      1  12:14       0.017     0.000
  398A-006               39.24     8.845      1  13:15       6.872     0.000
  398A-021                3.11     0.013      1  11:46       0.000     0.000
  398A-022                2.27     0.005      1  11:46       0.000     0.000
  398A-023                2.93     0.006      1  11:53       0.000     0.000
  398A-024                1.80     0.007      1  11:46       0.000     0.000
  398A-025                3.07     0.007      1  11:46       0.000     0.000
  398A-026                3.15     0.004      1  11:46       0.000     0.000
  COLUMBIA-DAVIS          0.01    21.403      1  20:33       0.000   500.000
  SAN_CARLOS              0.01     7.808      1  06:03       0.000   500.000
  WTL-001                 0.07     0.680      0  06:52       0.001   300.000
  106A-092                1.00     0.752      1  12:05       0.011     0.000
  106A-098                0.32     3.847      1  12:05       0.024     0.000
  106A-173                0.07     2.094      1  12:05       0.004     0.000
  106A-195                0.12     5.100      1  12:05       0.014     0.000
  111A-009                0.08     5.233      1  12:05       0.010     0.000
  111A-096                0.12     7.513      1  12:05       0.019     0.000
  111A-152               14.21    12.330      1  12:05       0.443     0.000
  111A-208               20.80    38.847      1  12:05       1.931     0.000
  111A-248                7.77     9.139      1  12:05       0.172     0.000
  111A-301                0.64     7.519      1  12:07       0.054     0.000
  112A-002                0.94    12.482      1  12:05       0.122     0.000
  114A-002               20.55    20.248      1  12:05       1.147     0.000
  116A-024                0.99    19.331      1  12:05       0.210     0.000
  117A-002               31.01    11.433      1  12:05       0.772     0.000
  118A-003               16.11    13.445      1  12:05       0.600     0.000
  121A-002                0.95     4.065      1  12:05       0.027     0.000
  123A-002                2.14     4.136      1  12:05       0.054     0.000
  128A-002                7.10    32.040      1  12:05       0.595     0.000
  131A-002               17.75    16.208      1  12:05       0.631     0.000
  134A-002               10.02    10.760      1  12:05       0.237     0.000
  140A-002                6.27     7.908      1  12:05       0.147     0.000
  162A-002                1.95     9.849      1  12:05       0.103     0.000
  163A-048                0.11     4.522      1  12:05       0.008     0.000
  163A-078                0.03     1.322      1  12:05       0.001     0.000
  163B-391S               0.44     0.978      1  12:05       0.003     0.000
  164A-003                3.38     6.036      1  12:05       0.070     0.000
  172A-059                1.85    12.537      1  12:05       0.137     0.000
  172A-130                0.12     4.853      1  12:05       0.017     0.000
  177A-003                3.74     4.005      1  12:07       0.268     0.000
  177A-015                6.72     7.721      1  12:05       0.582     0.000
  183A-017               19.54    41.893      1  12:05       1.641     0.000
  185A-002               16.33     3.878      1  12:05       0.133     0.000
  190A-003                0.10     1.272      1  12:05       0.003     0.000
  190A-031                0.92    10.816      1  12:05       0.115     0.000
  194A-002                5.85     2.064      1  12:05       0.045     0.000
  199A-005                2.20     6.964      1  12:05       0.078     0.000
  199A-006               21.84     8.291      1  12:05       0.359     0.000
  199A-009               15.00     5.179      1  12:05       0.131     0.000
  199A-026               18.62     8.821      1  12:05       0.469     0.000
  203A-002                5.10     3.558      1  12:05       0.054     0.000
  206A-002                0.81     8.611      1  12:05       0.056     0.000
  227A-002                5.27     9.261      1  12:05       0.187     0.000
  232A-047               20.11    11.326      1  12:05       0.513     0.000
  246A-006               40.52     5.886      1  12:05       1.459     0.000
  246A-022                0.05     0.413      1  12:07       0.000     0.000
  246A-047               20.52    10.077      1  12:05       0.807     0.000
  252-002                 0.35     1.802      1  12:05       0.009     0.000
  255A-001S               0.22     0.138      1  12:10       0.000     0.000
  266A-002                4.82    33.007      1  12:05       0.548     0.000
  267A-002                4.96     9.832      1  12:05       0.164     0.000
  281A-002               13.40     8.773      1  12:05       0.312     0.000
  281A-032                7.04     9.260      1  12:05       0.261     0.000
  281A-037                4.76     7.742      1  12:05       0.160     0.000
  282A-002                1.06     5.463      1  12:05       0.041     0.000
  283A-011                0.53     9.310      1  12:05       0.052     0.000
  314A-011                0.10     2.075      1  12:05       0.005     0.000
  314A-038                3.93    36.669      1  12:05       0.638     0.000
  316A-101                0.51     5.292      1  12:05       0.054     0.000
  329A-012               18.21    12.062      1  12:05       0.393     0.000
  329A-050                0.42     4.687      1  12:05       0.029     0.000
  329A-065                4.01    11.271      1  12:05       0.184     0.000
  330A-005                1.03     8.174      1  12:05       0.073     0.000
  330A-009                0.43    10.019      1  12:05       0.057     0.000
  330A-079                0.36     3.010      1  12:05       0.015     0.000
  330A-091                5.39     8.595      1  12:05       0.146     0.000
  330A-106                9.16     7.376      1  12:05       0.150     0.000
  330A-122               19.27    13.201      1  12:05       0.520     0.000
  331A-014                3.64    24.434      1  12:05       0.404     0.000
  331A-039                0.02     1.502      1  12:05       0.001     0.000
  331A-078                0.87    18.031      1  12:05       0.171     0.000
  331A-111               16.85     9.771      1  12:05       0.612     0.000
  331A-148                4.11    17.832      1  12:05       0.257     0.000
  331A-168                0.81    23.041      1  12:05       0.163     0.000
  331A-252                0.11     6.182      1  12:05       0.016     0.000
  332A-041                3.57    14.092      1  12:05       0.269     0.000
  332A-142                0.17     4.071      1  12:05       0.014     0.000
  332A-157                0.27    21.272      1  12:05       0.097     0.000
  332A-185                4.10     8.085      1  12:05       0.228     0.000
  333A-014                0.12     4.382      1  12:05       0.011     0.000
  333A-048                1.10     5.984      1  12:05       0.068     0.000
  334A-062                0.06     5.757      1  12:04       0.008     0.000
  336A-002               17.45    10.718      1  12:05       0.433     0.000
  336A-010                1.28    10.425      1  12:05       0.083     0.000
  336A-049               17.97    11.717      1  12:05       0.710     0.000
  336A-081                8.40    35.581      1  12:05       0.698     0.000
  337A-021                0.25     8.118      1  12:05       0.028     0.000
  337A-069                1.29     3.245      1  12:05       0.057     0.000
  337A-077               16.51    16.735      1  12:05       0.542     0.000
  338A-040                0.14     5.902      1  12:05       0.014     0.000
  338A-086                1.52     7.085      1  12:05       0.081     0.000
  338A-132                3.74     3.688      1  12:05       0.066     0.000
  338A-152                1.05     5.956      1  12:05       0.050     0.000
  338A-175                7.22    10.752      1  12:05       0.288     0.000
  338A-203                1.66    14.678      1  12:05       0.200     0.000
  350A-023               14.45    12.287      1  12:05       0.845     0.000
  350A-069                1.27     9.244      1  12:05       0.099     0.000
  350A-123                7.75    10.744      1  12:05       0.415     0.000
  352A-032                2.61     7.880      1  12:05       0.115     0.000
  352A-072                5.99    12.917      1  12:05       0.340     0.000
  353A-005                0.91    11.935      1  12:05       0.112     0.000
  354A-006                0.27     5.874      1  12:05       0.029     0.000
  354A-055                2.42    14.727      1  12:05       0.255     0.000
  355A-040                0.99    14.898      1  12:05       0.125     0.000
  356A-140                0.06     3.442      1  12:05       0.004     0.000
  358A-001                5.43    23.615      1  12:05       0.400     0.000
  359A-008                6.43    16.147      1  12:05       0.461     0.000
  359A-104                0.89     8.927      1  12:06       0.109     0.000
  362A-002                5.68    12.496      1  12:05       0.318     0.000
  362A-007                0.74    10.166      1  12:05       0.077     0.000
  362A-032                1.15    10.005      1  12:05       0.109     0.000
  363A-001                0.14     1.931      1  12:05       0.005     0.000
  363A-038                1.43    10.389      1  12:05       0.138     0.000
  364A-007                4.53    13.945      1  12:05       0.362     0.000
  365A-034                0.22     6.239      1  12:05       0.026     0.000
  365A-083                2.51    15.369      1  12:05       0.262     0.000
  366A-004                0.67     3.347      1  12:05       0.043     0.000
  366A-005                0.01     1.089      1  12:05       0.000     0.000
  366A-007                0.05     3.611      1  12:05       0.004     0.000
  366A-180                0.33    12.566      1  12:05       0.059     0.000
  368A-008                4.14    13.666      1  12:05       0.217     0.000
  368A-086                3.23    18.450      1  12:05       0.310     0.000
  369A-023                0.31     3.816      1  12:05       0.019     0.000
  369A-050                0.70     9.210      1  12:05       0.075     0.000
  369A-119                6.98    14.682      1  12:05       0.644     0.000
  369A-180                4.48     7.764      1  12:05       0.232     0.000
  369A-209                0.18     1.880      1  12:08       0.007     0.000
  369A-215                0.08     2.550      1  12:05       0.004     0.000
  369A-218                0.61     7.849      1  12:05       0.074     0.000
  371A-107                0.55     3.915      1  12:05       0.040     0.000
  371A-236               16.53    13.162      1  12:07       2.283     0.000
  374A-060                0.32     3.123      1  12:15       0.026     0.000
  388A-226                0.69    14.291      1  12:05       0.121     0.000
  391A-001                1.05     1.358      1  12:10       0.033     0.000
  391A-023                0.92     1.662      1  12:10       0.035     0.000
  391A-060               14.49    15.802      1  12:05       1.124     0.000
  394A-073                1.37    12.682      1  12:05       0.168     0.000
  394A-086                9.35    17.586      1  12:05       0.836     0.000
  395A-004                0.06     1.800      1  12:05       0.002     0.000
  395A-033                1.25     2.443      1  12:10       0.054     0.000
  395A-079                0.94     7.620      1  12:05       0.084     0.000
  396A-002                0.15     0.896      1  12:10       0.002     0.000
  396A-021               13.52    14.530      1  12:05       0.813     0.000
  397A-027               26.50    24.414      1  12:05       2.030     0.000
  398A-003                2.99     4.013      1  12:05       0.055     0.000
  398A-008                5.47    16.617      1  12:05       0.382     0.000
  398A-010                0.28     7.071      1  12:05       0.036     0.000
  398A-017                3.01    10.415      1  12:05       0.151     0.000
  COM_WETWELL             7.38     0.765      1  12:07       0.098     0.000
  FH_WETWELL              4.78     0.526      1  12:08       0.029     0.000
  GL_WETWELL              8.34     0.234      1  11:36       0.062     0.000
  GO_WETWELL              9.48     9.082      1  12:07       0.817     0.000
  KN_WETWELL             19.68     1.047      1  12:57       0.440     0.000
  LCS-007A                7.11     3.326      1  12:05       0.056     0.000
  VA_WETWELL              0.79     0.062      1  12:15       0.001     0.000
  WLA-001                16.52    10.155      1  12:05       0.493     0.000
  WTL-002                14.76     2.774      1  12:05       0.117     0.000
  
  
  **********************
  Storage Volume Summary
  **********************
  
  ------------------------------------------------------------------------------------------------
                         Average    Avg   Evap  Exfil     Maximum    Max    Time of Max    Maximum
                          Volume   Pcnt   Pcnt   Pcnt      Volume   Pcnt     Occurrence    Outflow
  Storage Unit          1000 ft³   Full   Loss   Loss    1000 ft³   Full    days hr:min        MGD
  ------------------------------------------------------------------------------------------------
  106A-002                 0.289    9.1    0.0    0.0       1.931   60.6       1  13:45     22.645
  106A-030                 0.772   28.4    0.0    0.0       2.100   77.3       1  12:22      6.354
  106A-058                 1.069   40.6    0.0    0.0       2.597   98.8       1  12:17      4.317
  106A-092                 0.246   63.6    0.0    0.0       0.386  100.0       1  11:52      0.504
  106A-098                 3.713   47.9    0.0    0.0       7.753  100.0       1  12:05      5.696
  106A-173                 1.279   51.8    0.0    0.0       2.470  100.0       1  12:03      5.577
  106A-195                 2.223   50.3    0.0    0.0       4.416  100.0       1  12:03      7.276
  106A-242                 0.489   40.9    0.0    0.0       1.175   98.3       1  12:06      2.840
  109_WETWELL              1.376   51.6    0.0    0.0       2.356   88.3       1  12:07      2.250
  111A-009                 1.445   37.5    0.0    0.0       3.856  100.0       1  12:04      7.914
  111A-072                 0.249   26.0    0.0    0.0       0.633   66.0       1  12:05      4.148
  111A-096                 1.825   34.7    0.0    0.0       5.264  100.0       1  12:04      8.919
  111A-152                 0.628   47.5    0.0    0.0       1.323  100.0       1  06:15      2.106
  111A-189                 0.043    2.8    0.0    0.0       0.866   56.0       1  12:10      4.658
  111A-208                 2.468   48.2    0.0    0.0       5.122  100.0       1  03:22      1.314
  111A-248                 0.720   38.1    0.0    0.0       1.890  100.0       1  09:24      0.686
  111A-301                 0.673    7.2    0.0    0.0       9.307  100.0       1  12:07      2.675
  112A-002                 0.216    7.1    0.0    0.0       3.030  100.0       1  11:59      2.322
  114A-002                 7.365   66.6    0.0    0.0      11.063  100.0       1  04:27      0.303
  116A-002                 0.435    6.1    0.0    0.0       1.740   24.4       1  12:05     11.162
  116A-003                 0.065   10.0    0.0    0.0       0.283   43.8       1  12:06      6.130
  116A-012                 0.125   10.9    0.0    0.0       0.792   68.7       1  12:08      5.296
  116A-024                 1.948   13.6    0.0    0.0      14.279  100.0       1  12:01      4.138
  117A-002                 2.526   67.7    0.0    0.0       3.730  100.0       1  05:49      0.397
  118A-003                 2.893   54.5    0.0    0.0       5.310  100.0       1  08:53      1.142
  121A-002                 0.043    5.4    0.0    0.0       0.800  100.0       1  12:03      1.154
  123A-002                 0.101    9.4    0.0    0.0       1.078  100.0       1  11:54      0.679
  128A-002                 4.588   27.2    0.0    0.0      16.886  100.0       1  11:09      1.549
  131A-002                 2.469   44.3    0.0    0.0       5.568  100.0       1  06:19      0.556
  134A-002                 0.693   29.2    0.0    0.0       2.372  100.0       1  10:24      0.655
  140A-002                 0.577   25.7    0.0    0.0       2.248  100.0       1  10:19      0.494
  151A-004                 7.290   33.3    0.0    0.0      16.489   75.4       1  12:05     42.131
  151A-009                 2.284   38.1    0.0    0.0       5.284   88.0       1  12:05     17.800
  151A-163                 0.150    3.3    0.0    0.0       0.674   15.0       1  12:06     18.241
  151A-235                 0.126    7.3    0.0    0.0       0.330   19.1       1  12:05     15.986
  151A-251                 0.385    5.8    0.0    0.0       1.773   26.8       1  12:11     12.992
  152A-002                 0.006    1.3    0.0    0.0       0.113   25.9       1  12:11      1.157
  162A-002                 2.236   50.8    0.0    0.0       4.404  100.0       1  11:29      1.552
  163A-002                 0.176    9.3    0.0    0.0       0.701   37.0       1  12:39     74.896
  163A-026                 0.022    6.1    0.0    0.0       0.062   17.4       1  12:11      4.979
  163A-036                 0.023    2.7    0.0    0.0       0.149   17.4       1  12:05      4.846
  163A-048                 0.072    4.3    0.0    0.0       1.680  100.0       1  12:05      2.572
  163A-078                 0.054    5.1    0.0    0.0       1.056  100.0       1  12:05      3.710
  163A-099                 0.035    2.2    0.0    0.0       0.140    8.7       1  12:18      7.337
  163A-131                 0.066    3.6    0.0    0.0       0.262   14.2       1  12:23      5.454
  163A-166                 0.020    3.4    0.0    0.0       0.078   12.9       1  12:14      4.079
  163A-174                 0.014    2.4    0.0    0.0       0.113   18.7       1  12:12      3.388
  163A-184                 0.009    1.5    0.0    0.0       0.088   14.9       1  12:13      3.829
  163A-191                 0.047    1.5    0.0    0.0       0.537   17.1       1  12:14      3.184
  163A-337                 0.007    2.3    0.0    0.0       0.016    5.5       1  12:17      0.204
  163B-391S                0.021    4.6    0.0    0.0       0.458  100.0       1  12:05      0.410
  164A-003                 0.331   26.7    0.0    0.0       1.243  100.0       1  10:26      0.460
  172A-003                 1.204   26.9    0.0    0.0       2.907   65.0       1  12:08     30.421
  172A-047                 1.291   21.5    0.0    0.0       3.441   57.2       1  12:07     26.183
  172A-059                 0.397   15.1    0.0    0.0       2.631  100.0       1  11:28      1.525
  172A-130                 2.053   35.4    0.0    0.0       5.805  100.0       1  12:04     17.486
  177A-003                 0.323   32.0    0.0    0.0       1.010  100.0       1  11:04      2.676
  177A-015                 1.412   33.9    0.0    0.0       4.168  100.0       1  10:30      2.389
  183A-002                 1.109   46.0    0.0    0.0       2.343   97.2       1  12:07      3.317
  183A-008                 0.769   46.2    0.0    0.0       1.629   97.9       1  12:07      2.687
  183A-017                 6.214   52.6    0.0    0.0      11.803  100.0       1  04:32      0.932
  185A-002                 0.338   41.9    0.0    0.0       0.806  100.0       1  07:44      0.146
  190A-003                 0.129   16.8    0.0    0.0       0.766  100.0       1  12:03      2.324
  190A-016                 0.084   11.9    0.0    0.0       0.571   80.7       1  12:05      2.044
  190A-031                 1.118   13.0    0.0    0.0       8.587  100.0       1  11:58      2.713
  194A-002                 0.152   25.0    0.0    0.0       0.607  100.0       1  10:49      0.197
  195A-047                 0.075    2.8    0.0    0.0       2.168   80.0       1  12:28      7.736
  199A-005                 0.293   25.8    0.0    0.0       1.140  100.0       1  11:08      1.331
  199A-006                 0.506   50.8    0.0    0.0       0.996  100.0       1  02:11      0.767
  199A-009                 0.257   45.0    0.0    0.0       0.570  100.0       1  05:33      0.776
  199A-026                 1.025   45.1    0.0    0.0       2.272  100.0       1  05:29      0.610
  203A-002                 0.199   20.5    0.0    0.0       0.969  100.0       1  11:09      0.251
  206A-002                 0.645   17.3    0.0    0.0       3.738  100.0       1  11:57      1.830
  225A-002                 0.001    1.2    0.0    0.0       0.045   46.6       1  12:13      0.533
  227A-002                 1.078   22.6    0.0    0.0       4.768  100.0       1  11:34      0.895
  232A-047                 2.560   56.9    0.0    0.0       4.501  100.0       1  04:06      0.253
  246A-002                 0.583   76.0    0.0    0.0       0.758   98.9       1  12:05      1.608
  246A-006                 1.721   77.1    0.0    0.0       2.231  100.0       1  06:00      0.604
  246A-022                 2.124   63.9    0.0    0.0       3.326  100.0       1  12:07      3.681
  246A-047                 3.772   72.0    0.0    0.0       5.242  100.0       1  06:23      0.648
  252-002                  0.156   23.2    0.0    0.0       0.674  100.0       1  11:58      0.659
  255A-001S                0.003    3.7    0.0    0.0       0.069  100.0       1  12:09      0.413
  266A-002                 3.783   20.5    0.0    0.0      18.460  100.0       1  11:36      1.882
  267A-002                 1.101   28.4    0.0    0.0       3.874  100.0       1  10:55      0.658
  281A-002                 3.791   61.3    0.0    0.0       6.182  100.0       1  10:26      1.382
  281A-032                 2.954   48.8    0.0    0.0       6.057  100.0       1  10:26      1.064
  281A-037                 2.066   43.1    0.0    0.0       4.797  100.0       1  10:29      0.659
  282A-002                 0.123   16.1    0.0    0.0       0.762  100.0       1  11:44      1.069
  283A-011                 2.929   66.4    0.0    0.0       4.414  100.0       1  11:56      2.090
  314A-011                 0.458   17.6    0.0    0.0       2.606  100.0       1  12:03      4.005
  314A-038                 0.642   16.0    0.0    0.0       4.026  100.0       1  11:12      2.812
  316A-004                 0.144   40.0    0.0    0.0       0.283   78.4       1  12:05      5.937
  316A-018                 0.853   12.1    0.0    0.0       5.330   75.4       1  12:06      9.644
  316A-061                 0.398    8.3    0.0    0.0       3.359   70.4       1  12:07      7.909
  316A-101                 0.104   20.7    0.0    0.0       0.505  100.0       1  12:01      5.452
  316A-118                 0.802   25.2    0.0    0.0       3.097   97.3       1  12:05     10.598
  329A-012                 2.206   48.7    0.0    0.0       4.530  100.0       1  05:49      0.835
  329A-050                 0.885   35.4    0.0    0.0       2.501  100.0       1  12:01      1.323
  329A-065                 2.331   39.7    0.0    0.0       5.865  100.0       1  10:19      0.985
  330A-002                 1.891   37.8    0.0    0.0       4.503   90.0       1  12:07      6.186
  330A-005                 1.378   48.0    0.0    0.0       2.873  100.0       1  11:41      3.168
  330A-006                 0.938   39.9    0.0    0.0       2.336   99.4       1  12:06      4.740
  330A-009                 2.491   39.8    0.0    0.0       6.258  100.0       1  11:58      2.546
  330A-079                 0.769   44.4    0.0    0.0       1.730  100.0       1  11:56      1.022
  330A-091                 2.096   49.7    0.0    0.0       4.216  100.0       1  09:31      1.036
  330A-106                 0.521   37.0    0.0    0.0       1.409  100.0       1  08:24      0.451
  330A-122                 2.054   48.0    0.0    0.0       4.279  100.0       1  04:49      0.603
  331A-006                 0.300   14.3    0.0    0.0       1.788   85.2       1  12:07      2.806
  331A-014                 2.358   24.7    0.0    0.0       9.546  100.0       1  11:02      1.608
  331A-039                 1.291   22.9    0.0    0.0       5.632  100.0       1  12:05      9.234
  331A-078                 2.248   32.6    0.0    0.0       6.896  100.0       1  11:52      4.409
  331A-111                 1.143   43.5    0.0    0.0       2.627  100.0       1  06:49      0.952
  331A-148                 3.445   37.9    0.0    0.0       9.094  100.0       1  10:29      1.179
  331A-168                 3.207   38.3    0.0    0.0       8.378  100.0       1  11:49      4.227
  331A-252                 1.259   39.7    0.0    0.0       3.169  100.0       1  12:03      6.351
  332A-002                 0.716    9.4    0.0    0.0       5.846   77.0       1  12:06     11.430
  332A-041                 0.705   18.6    0.0    0.0       3.792  100.0       1  11:13      2.736
  332A-123                 0.225    8.5    0.0    0.0       2.101   79.3       1  12:07      5.998
  332A-142                 0.283   13.4    0.0    0.0       2.118  100.0       1  12:03      4.574
  332A-157                 1.274   13.7    0.0    0.0       9.266  100.0       1  12:02      8.124
  332A-185                 0.223   17.4    0.0    0.0       1.285  100.0       1  10:46      0.997
  333A-014                 0.404   12.9    0.0    0.0       3.138  100.0       1  12:03      3.985
  333A-048                 0.352   23.7    0.0    0.0       1.481  100.0       1  11:48      1.461
  334A-001                 0.245    3.7    0.0    0.0       1.300   19.5       1  12:08     30.766
  334A-027                 0.805   11.9    0.0    0.0       4.765   70.7       1  12:08     19.721
  334A-062                 1.523   23.4    0.0    0.0       6.504  100.0       1  12:04      9.334
  336A-002                 0.710   43.1    0.0    0.0       1.645  100.0       1  06:44      2.202
  336A-010                 1.261   40.7    0.0    0.0       3.097  100.0       1  11:31      2.335
  336A-049                 1.303   44.8    0.0    0.0       2.912  100.0       1  06:05      1.247
  336A-081                 4.186   36.4    0.0    0.0      11.491  100.0       1  08:34      1.576
  337A-001                 0.097   44.9    0.0    0.0       0.211   97.8       1  12:05      2.715
  337A-021                 0.720   10.8    0.0    0.0       6.679  100.0       1  12:05      3.823
  337A-069                 0.103   27.7    0.0    0.0       0.371  100.0       1  11:55      1.165
  337A-077                 1.392   39.9    0.0    0.0       3.491  100.0       1  07:29      0.833
  338A-003                 1.809   33.5    0.0    0.0       4.062   75.3       1  12:05     20.336
  338A-040                 1.227   24.2    0.0    0.0       5.069  100.0       1  12:05      5.256
  338A-086                 0.907   31.0    0.0    0.0       2.924  100.0       1  11:34      2.767
  338A-132                 0.444   35.3    0.0    0.0       1.257  100.0       1  10:35      1.809
  338A-152                 0.950   36.4    0.0    0.0       2.614  100.0       1  11:42      1.417
  338A-175                 1.316   40.4    0.0    0.0       3.256  100.0       1  08:48      1.144
  338A-203                 2.011   18.9    0.0    0.0      10.641  100.0       1  11:48      2.296
  339A-003                 1.743   31.8    0.0    0.0       3.876   70.7       1  12:05     47.186
  350A-023                 0.538   39.6    0.0    0.0       1.359  100.0       1  06:27      3.738
  350A-069                 0.377   21.4    0.0    0.0       1.759  100.0       1  11:38      4.496
  350A-123                 0.393   25.6    0.0    0.0       1.533  100.0       1  09:34      4.058
  350A-154                 0.337    7.3    0.0    0.0       4.384   94.9       1  12:10      7.145
  351A-012                 0.702   29.2    0.0    0.0       2.072   86.2       1  12:07     28.900
  351A-030                 1.112   16.5    0.0    0.0       4.769   70.6       1  12:07     25.407
  351A-039                 1.176   15.9    0.0    0.0       5.548   75.1       1  12:06     14.054
  351A-109                 0.781   25.0    0.0    0.0       1.390   44.4       1  12:06      7.575
  352A-032                 0.377   17.9    0.0    0.0       2.103  100.0       1  11:26      2.032
  352A-072                 1.160   24.7    0.0    0.0       4.691  100.0       1  10:40      1.181
  353A-005                 0.257   12.8    0.0    0.0       2.012  100.0       1  11:55      2.401
  354A-006                 0.392   11.3    0.0    0.0       3.462  100.0       1  12:01      3.353
  354A-055                 0.660   12.8    0.0    0.0       5.152  100.0       1  11:44      1.675
  355A-040                 0.606    8.7    0.0    0.0       6.955  100.0       1  12:01      2.376
  356A-003                 1.129   21.6    0.0    0.0       2.081   39.9       1  12:06      8.667
  356A-009                 0.214   25.2    0.0    0.0       0.382   45.1       1  12:06      8.371
  356A-033                 0.236   56.4    0.0    0.0       0.403   96.6       1  12:06      9.909
  356A-036                 1.483   32.5    0.0    0.0       2.975   65.2       1  12:05     12.811
  356A-124                 0.041    8.1    0.0    0.0       0.284   56.0       1  12:09      5.370
  356A-127                 0.103   10.1    0.0    0.0       0.843   82.5       1  12:08      4.497
  356A-140                 0.190   12.0    0.0    0.0       1.580  100.0       1  12:05      4.249
  358A-001                 2.048   25.0    0.0    0.0       8.200  100.0       1  10:30      1.251
  359A-008                 0.511   26.1    0.0    0.0       1.959  100.0       1  09:50      1.034
  359A-104                 0.299    9.7    0.0    0.0       3.089  100.0       1  12:02      2.326
  360A-004                 0.754   53.1    0.0    0.0       1.249   88.0       1  12:05     37.184
  360A-032                 0.978   26.2    0.0    0.0       1.858   49.9       1  12:06     32.741
  360A-080                 0.513   23.4    0.0    0.0       0.980   44.7       1  12:06     27.507
  360A-121                 0.241   22.5    0.0    0.0       0.447   41.6       1  12:06     27.473
  360A-124                 0.293   32.1    0.0    0.0       0.541   59.3       1  12:05     27.706
  360A-126                 0.348   44.6    0.0    0.0       0.480   61.5       2  00:48     30.111
  360A-137                 0.379   21.1    0.0    0.0       0.727   40.4       1  12:06     27.527
  362A-002                 1.470   41.9    0.0    0.0       3.510  100.0       1  10:24      3.064
  362A-007                 0.650   12.9    0.0    0.0       5.055  100.0       1  11:59      2.133
  362A-032                 0.369    8.7    0.0    0.0       4.234  100.0       1  12:03      1.844
  363A-001                 0.274   14.4    0.0    0.0       1.902  100.0       1  12:04      4.336
  363A-019                 0.267   12.3    0.0    0.0       2.090   96.2       1  12:05      3.870
  363A-038                 0.835   13.0    0.0    0.0       6.436  100.0       1  11:55      1.654
  364A-007                 0.755   19.5    0.0    0.0       3.864  100.0       1  11:34      1.468
  365A-034                 0.566   13.0    0.0    0.0       4.357  100.0       1  12:02      3.622
  365A-083                 1.041   14.6    0.0    0.0       7.124  100.0       1  11:42      1.664
  365A-162                 0.486   19.3    0.0    0.0       2.514  100.0       1  12:05      9.645
  366A-004                 0.054   18.7    0.0    0.0       0.287  100.0       1  12:03     12.535
  366A-005                 0.321   10.6    0.0    0.0       3.034  100.0       1  12:05     17.124
  366A-007                 0.295   10.3    0.0    0.0       2.867  100.0       1  12:05      9.839
  366A-020                 0.440    7.2    0.0    0.0       5.489   89.3       1  12:07     10.365
  366A-180                 0.357    8.9    0.0    0.0       4.020  100.0       1  12:03      4.264
  366A-271                 1.176   24.3    0.0    0.0       2.114   43.8       1  12:05     30.102
  367A-005                 0.298    6.1    0.0    0.0       4.605   94.8       1  12:14      6.564
  367A-047                 0.070    2.7    0.0    0.0       1.505   58.8       1  12:17      3.149
  368A-008                 1.649   38.3    0.0    0.0       4.304  100.0       1  10:31      6.810
  368A-086                 1.608   23.6    0.0    0.0       6.820  100.0       1  11:03      2.129
  369A-002                 0.434   23.8    0.0    0.0       1.476   81.2       1  12:03      5.505
  369A-023                 0.394   27.8    0.0    0.0       1.420  100.0       1  12:00      5.629
  369A-050                 0.932   26.4    0.0    0.0       3.535  100.0       1  11:50      3.599
  369A-119                 0.724   27.3    0.0    0.0       2.656  100.0       1  10:38      2.748
  369A-180                 0.284   23.3    0.0    0.0       1.222  100.0       1  11:11      2.413
  369A-209                 0.238    8.9    0.0    0.0       2.678  100.0       1  12:08      3.943
  369A-215                 0.201    7.0    0.0    0.0       2.868  100.0       1  12:05      4.101
  369A-218                 0.227    7.8    0.0    0.0       2.912  100.0       1  12:03      1.904
  370A-001                 1.078   46.3    0.0    0.0       1.845   79.3       1  12:18     66.335
  370A-086                 1.382   30.7    0.0    0.0       2.425   53.9       1  12:05     28.017
  370A-105                 3.846   53.9    0.0    0.0       6.842   95.9       1  12:05     33.323
  370A-216                 3.026   38.5    0.0    0.0       5.279   67.2       1  12:05     38.129
  371A-003                 2.202   43.8    0.0    0.0       4.193   83.5       1  12:07     18.503
  371A-107                 0.961   28.0    0.0    0.0       3.436  100.0       1  12:03      2.803
  371A-134                 2.337   38.6    0.0    0.0       5.555   91.7       1  12:05     13.951
  371A-144                 0.481   40.6    0.0    0.0       1.128   95.1       1  12:04      9.115
  371A-161                 1.494   38.0    0.0    0.0       3.665   93.3       1  12:06     12.547
  371A-236                 0.385   44.3    0.0    0.0       0.869  100.0       1  07:42      0.240
  371A-357                 0.740   43.2    0.0    0.0       1.611   94.0       1  12:06     12.237
  372A-007                 0.098    2.5    0.0    0.0       0.389    9.7       1  12:11     13.294
  372A-026                 0.010    1.3    0.0    0.0       0.065    8.8       1  12:10      8.048
  372A-051                 0.033    2.8    0.0    0.0       0.190   16.1       1  12:14      6.803
  372A-056                 0.040    1.4    0.0    0.0       0.136    4.7       1  12:18     13.009
  372A-062                 0.085    2.7    0.0    0.0       0.650   20.8       1  12:21     11.822
  372A-142                 0.041    5.2    0.0    0.0       0.586   74.8       1  12:08      2.966
  372A-181                 0.083    3.5    0.0    0.0       0.543   22.4       1  12:13      7.310
  374A-030                 0.100    3.7    0.0    0.0       0.901   33.1       1  12:15     10.393
  374A-060                 0.022    6.6    0.0    0.0       0.327  100.0       1  12:10      6.209
  374A-061                 0.397    4.0    0.0    0.0       7.666   77.8       1  12:14      8.448
  375A-011                 0.059    2.7    0.0    0.0       0.969   44.0       1  12:13      3.625
  387A-003                 0.645   13.8    0.0    0.0       2.876   61.5       1  12:32      8.563
  387A-004                 0.385   12.1    0.0    0.0       1.942   60.8       1  12:33      6.628
  387A-058                 0.243    8.7    0.0    0.0       1.872   66.7       1  12:33      5.585
  387A-109                 0.200    5.9    0.0    0.0       2.263   67.1       1  12:33     10.567
  388A-022                 0.891   21.2    0.0    0.0       3.456   82.3       1  12:05      8.490
  388A-078                 1.002   21.9    0.0    0.0       3.901   85.1       1  12:05      6.602
  388A-123                 1.573   25.0    0.0    0.0       6.152   97.9       1  12:05      9.705
  388A-192                 0.503   27.2    0.0    0.0       1.796   97.1       1  12:03      4.411
  388A-226                 1.134   27.3    0.0    0.0       4.160  100.0       1  12:00      4.862
  390A-010                 0.151   24.8    0.0    0.0       0.558   91.5       1  12:05      3.359
  391A-001                 0.887   31.0    0.0    0.0       2.862  100.0       1  12:02      2.098
  391A-023                 1.304   30.2    0.0    0.0       4.318  100.0       1  12:03      2.017
  391A-060                 1.882   34.5    0.0    0.0       5.454  100.0       1  09:42      0.919
  394A-021                 0.732   15.1    0.0    0.0       4.303   88.8       1  12:06      8.563
  394A-073                 1.397   29.4    0.0    0.0       4.744  100.0       1  11:43      2.773
  394A-086                 1.090   30.6    0.0    0.0       3.558  100.0       1  09:25      0.944
  395A-004                 0.509   17.5    0.0    0.0       2.913  100.0       1  12:04      5.031
  395A-033                 0.288   11.2    0.0    0.0       2.570  100.0       1  12:00      1.135
  395A-079                 0.711   15.2    0.0    0.0       4.695  100.0       1  11:53      2.285
  396A-002                 0.623   22.2    0.0    0.0       2.808  100.0       1  12:10      2.210
  396A-021                 3.720   38.3    0.0    0.0       9.717  100.0       1  10:47      1.549
  397A-011                 1.072   46.2    0.0    0.0       2.283   98.4       1  12:12      2.307
  397A-027                 7.588   64.0    0.0    0.0      11.848  100.0       1  07:09      1.166
  398A-003                 0.712   59.3    0.0    0.0       1.200  100.0       1  11:52      3.113
  398A-008                 2.368   55.2    0.0    0.0       4.290  100.0       1  11:20      5.734
  398A-010                 2.353   34.4    0.0    0.0       6.842  100.0       1  12:03      5.642
  398A-017                 1.206   27.1    0.0    0.0       4.455  100.0       1  11:46      1.595
  BR_WETWELL               0.637   39.0    0.0    0.0       0.983   60.2       1  12:07      2.028
  BS_WETWELL               0.920   31.0    0.0    0.0       2.050   69.0       1  13:46     28.800
  BUR_WETWELL              0.766   26.4    0.0    0.0       1.277   44.0       1  12:26      4.481
  CA_WETWELL               0.523   64.8    0.0    0.0       0.732   90.7       1  04:28      0.310
  CL-WETWELL               1.148   49.7    0.0    0.0       2.276   98.6       1  10:29      1.227
  CLA_WETWELL              0.287   72.0    0.0    0.0       0.387   97.1       1  05:51      0.397
  CM_WETWELL               0.283   59.4    0.0    0.0       0.429   90.1       1  08:54      2.440
  COL_WETWELL              0.274   31.1    0.0    0.0       0.751   85.3       1  12:14      1.872
  COM_WETWELL              0.171   37.2    0.0    0.0       0.461  100.0       1  10:53      1.066
  CU_WETWELL               0.132   25.5    0.0    0.0       0.503   97.0       1  12:07      0.703
  DEX_WETWELL              0.932   40.5    0.0    0.0       2.103   91.4       1  11:11      2.016
  DM_WETWELL               0.165   23.3    0.0    0.0       0.624   88.1       1  12:33      0.487
  EL_WETWELL               0.432   57.0    0.0    0.0       0.732   96.7       1  06:20      1.001
  EP_WETWELL               0.271   39.0    0.0    0.0       0.648   93.1       1  10:26      0.600
  FH_WETWELL               0.105   38.5    0.0    0.0       0.272  100.0       1  11:13      0.231
  FM_WETWELL               0.112   39.2    0.0    0.0       0.259   90.3       1  10:49      0.475
  GL_WETWELL               0.200   42.0    0.0    0.0       0.475  100.0       1  10:55      0.464
  GO_WETWELL               1.025   59.5    0.0    0.0       1.723  100.0       1  10:01      4.459
  HA_WETWELL               5.827   47.8    0.0    0.0       8.394   68.9       1  12:06     42.815
  HL_WETWELL               0.096   10.7    0.0    0.0       0.384   42.8       1  12:10      0.608
  IB_WETWELL               0.485   79.3    0.0    0.0       0.587   96.0       1  12:05      0.464
  IND_WETWELL              0.022   20.0    0.0    0.0       0.093   85.1       1  12:10      0.140
  KN_WETWELL               0.409   65.3    0.0    0.0       0.627  100.0       1  07:53      0.504
  KS_WETWELL               0.109    2.1    0.0    0.0       2.377   45.2       1  12:38     58.007
  LA_WETWELL               0.602   29.7    0.0    0.0       1.177   58.0       1  12:08     40.844
  LCS-007A                 0.329   28.3    0.0    0.0       1.165  100.0       1  11:13      0.189
  LC_WETWELL               0.165   39.0    0.0    0.0       0.412   97.2       1  11:14      0.388
  LE_WETWELL               0.281   32.9    0.0    0.0       0.657   76.9       1  11:01      0.700
  MOR_WETWELL              1.885   48.1    0.0    0.0       3.580   91.3       1  12:06      3.242
  OA_WETWELL               0.262   40.4    0.0    0.0       0.550   84.7       1  07:45      0.070
  PE_WETWELL               0.412   41.3    0.0    0.0       0.963   96.6       1  12:04      1.843
  RB_WETWELL               0.132   38.9    0.0    0.0       0.302   89.0       1  10:49      0.462
  RO_WETWELL               0.763   35.8    0.0    0.0       1.822   85.5       1  12:08      2.858
  RT_WETWELL               0.220   36.7    0.0    0.0       0.557   93.0       1  09:37      0.684
  RW_WETWELL               0.243   19.3    0.0    0.0       1.082   85.8       1  12:25      5.678
  SEM_WETWELL              0.097   30.1    0.0    0.0       0.266   82.6       1  11:09      0.504
  SL_WETWELL               0.644   24.9    0.0    0.0       2.106   81.5       1  11:59      0.937
  ST_WETWELL               0.258   59.7    0.0    0.0       0.411   94.9       1  04:06      0.269
  VA_WETWELL               0.041   15.3    0.0    0.0       0.271  100.0       1  12:15      0.204
  VIR_WETWELL              0.058   28.3    0.0    0.0       0.173   84.6       1  12:13      0.242
  WLA-001                  1.528   41.3    0.0    0.0       3.700  100.0       1  07:32      0.593
  WL_WETWELL               0.423   54.6    0.0    0.0       0.723   93.3       1  12:12      1.755
  WTL-002                  0.966   47.6    0.0    0.0       2.032  100.0       1  09:24      0.124
  WTL_WETWELL              0.349   53.6    0.0    0.0       0.642   98.6       1  09:25      0.733
  WT_WETWELL               0.430   23.3    0.0    0.0       1.445   78.1       1  12:07      0.822
  
  
  ***********************
  Outfall Loading Summary
  ***********************
  
  -----------------------------------------------------------
                         Flow       Avg       Max       Total
                         Freq      Flow      Flow      Volume
  Outfall Node           Pcnt       MGD       MGD    10^6 gal
  -----------------------------------------------------------
  BS_OVERFLOWSTRUCT      0.61     0.030     0.044       0.001
  OFALL-HANNA           24.01     1.305    24.244       0.747
  OFALL-LA              43.63    11.223    34.808      10.805
  OVERFLOW_KS1          40.12     2.504    11.099       2.233
  OVERFLOW_KS2          40.12     2.504    11.099       2.233
  OVERFLOW_KS3          40.12     2.582    11.788       2.306
  PERRY_OVERFLOW1       48.79     5.363     6.620       5.535
  WWTP_OFALL            95.54    34.774    58.009      95.186
  WWTP_OFALL2           98.35    27.039    54.078      91.196
  -----------------------------------------------------------
  System                47.92    87.324   198.376     210.241
  
  
  ********************
  Link Flow Summary
  ********************
  
  -----------------------------------------------------------------------------
                                 Maximum  Time of Max   Maximum    Max/    Max/
                                  |Flow|   Occurrence   |Veloc|    Full    Full
  Link                 Type          MGD  days hr:min    ft/sec    Flow   Depth
  -----------------------------------------------------------------------------
  106A-001ALT_COLUMBIA-DAVIS CONDUIT    44.356     1  13:55      5.46    3.19    1.00
  106A-001_106A-001ALT CONDUIT    23.283     1  16:01     11.47    5.76    1.00
  106A-002_BS_WETWELL  CONDUIT    22.645     1  11:38      8.70    0.79    1.00
  106A-022/106A-002    CONDUIT    10.225     1  11:43      4.76    1.46    1.00
  106A-023/106A-022    CONDUIT     8.468     1  12:02      2.88    2.60    1.00
  106A-026/106A-023    CONDUIT     8.472     1  12:02      2.67    3.27    1.00
  106A-027/106A-026    CONDUIT     8.477     1  12:02      2.67    4.21    1.00
  106A-028/106A-027    CONDUIT     8.484     1  12:02      2.67    1.91    1.00
  106A-029/106A-028    CONDUIT     6.347     1  12:02      2.00    2.08    1.00
  106A-030/106A-029    CONDUIT     6.354     1  12:02      2.00    2.73    1.00
  106A-047/106A-030    CONDUIT     5.488     1  12:03      1.73    1.88    1.00
  106A-048/106A-047    CONDUIT     5.485     1  12:03      1.73    2.06    1.00
  106A-056/106A-048    CONDUIT     5.480     1  12:03      1.73    1.88    1.00
  106A-057/106A-056    CONDUIT     5.498     1  12:04      1.73    1.27    1.00
  106A-058/106A-057    CONDUIT     4.317     1  12:05      1.68    1.63    1.00
  106A-062/106A-058    CONDUIT     3.350     1  04:39      1.30    1.61    1.00
  106A-068/106A-062    CONDUIT     3.350     1  04:38      1.30    1.37    1.00
  106A-075/106A-068    CONDUIT     3.351     1  04:46      1.30    1.56    1.00
  106A-082/106A-075    CONDUIT     3.352     1  04:47      1.30    1.45    1.00
  106A-089/106A-082    CONDUIT     3.351     1  04:48      1.30    1.41    1.00
  106A-090/106A-089    CONDUIT     0.505     1  21:21      2.43    0.66    1.00
  106A-091/106A-090    CONDUIT     0.504     1  10:43      2.43    2.65    1.00
  106A-092/106A-091    CONDUIT     0.504     1  10:43      2.23    1.12    1.00
  106A-093/106A-092    CONDUIT     0.386     2  14:08      2.01    0.92    1.00
  106A-094/106A-093    CONDUIT     0.399     2  13:19      2.22    0.89    1.00
  106A-096/106A-094    CONDUIT     0.399     2  13:11      2.34    0.93    1.00
  106A-098/106A-089    CONDUIT     3.347     1  12:14      1.30    1.44    1.00
  106A-109/106A-098    CONDUIT     2.691     2  19:55      1.05    1.32    1.00
  106A-117/106A-109    CONDUIT     2.691     2  20:02      1.05    1.13    1.00
  106A-122/106A-117    CONDUIT     2.691     2  20:09      1.07    1.22    1.00
  106A-130/106A-122    CONDUIT     2.689     2  20:12      1.11    1.12    1.00
  106A-160/106A-130    CONDUIT     2.724     1  01:46      1.13    1.18    1.00
  106A-163/106A-160    CONDUIT     2.788     1  01:45      1.14    1.25    1.00
  106A-164/106A-163    CONDUIT     2.859     1  01:44      1.18    1.00    1.00
  106A-166/106A-301    CONDUIT     2.853     1  11:04      1.84    0.55    1.00
  106A-173/106A-166    CONDUIT     2.855     1  11:04      1.84   24.25    1.00
  106A-182/106A-173    CONDUIT     2.739     1  12:07      1.76    1.29    1.00
  106A-190/106A-182    CONDUIT     2.082     1  10:57      1.82    1.60    1.00
  106A-195/106A-190    CONDUIT     2.592     1  12:09      2.27    2.00    1.00
  106A-236/106A-303    CONDUIT     0.895     1  18:31      1.48    0.55    1.00
  106A-238_106A-236    CONDUIT     0.894     1  18:32      1.32    0.52    1.00
  106A-239/106A-238    CONDUIT     1.777     1  12:07      1.56    0.96    1.00
  106A-240/106A-239    CONDUIT     1.777     1  12:07      1.56    1.13    1.00
  106A-242/106A-240    CONDUIT     1.776     1  12:07      1.56    1.15    1.00
  106A-251/106A-242    CONDUIT     1.064     1  12:07      1.16    0.64    1.00
  106A-252/106A-251    CONDUIT     1.065     1  12:07      1.24    0.65    1.00
  106A-253/106A-252    CONDUIT     0.487     2  20:20      1.29    0.27    1.00
  106A-254/106A-253    CONDUIT     0.128     1  05:13      0.18    0.05    1.00
  106A-256/106A-254    CONDUIT     0.054     1  06:02      0.16    0.02    1.00
  106A-301/106A-164    CONDUIT     2.852     1  11:04      1.83    0.98    1.00
  106A-303/106A-195    CONDUIT     4.684     1  12:10      4.10    1.16    1.00
  111A-001/356A-127    CONDUIT     2.028     2  00:42      5.75    0.92    1.00
  111A-008/111A-546    CONDUIT     5.749     1  12:07      3.70    2.08    1.00
  111A-009/111A-008    CONDUIT     5.749     1  12:07      3.70    2.09    1.00
  111A-066/111A-009    CONDUIT     2.384     1  01:51      1.88    0.87    1.00
  111A-067/111A-066    CONDUIT     2.433     1  01:53      1.95    0.86    1.00
  111A-068/111A-067    CONDUIT     2.461     1  01:54      2.02    0.79    1.00
  111A-069/111A-068    CONDUIT     2.483     1  01:55      2.07    0.82    1.00
  111A-070/111A-069    CONDUIT     2.503     1  01:55      2.12    0.73    1.00
  111A-071/111A-070    CONDUIT     2.524     1  01:57      2.14    0.88    1.00
  111A-072/111A-071    CONDUIT     2.542     1  01:57      2.16    0.76    1.00
  111A-075/111A-072    CONDUIT     4.148     1  12:06      2.67    1.48    1.00
  111A-076/111A-075    CONDUIT     4.149     1  12:06      2.67    1.52    1.00
  111A-077/111A-076    CONDUIT     4.152     1  12:06      2.67    1.44    1.00
  111A-083/111A-077    CONDUIT     4.155     1  12:06      2.67    1.41    1.00
  111A-086/111A-083    CONDUIT     4.421     1  12:07      2.84    1.45    1.00
  111A-087/111A-086    CONDUIT     4.421     1  12:12      3.87    0.84    1.00
  111A-096/111A-560    CONDUIT     5.819     1  12:11      5.09    3.02    1.00
  111A-097/111A-096    CONDUIT     3.100     1  12:09      2.71    1.55    1.00
  111A-098/111A-097    CONDUIT     3.101     1  12:07      2.71    1.59    1.00
  111A-099/111A-098    CONDUIT     0.000     0  00:00      0.00    0.00    0.50
  111A-100/111A-099    CONDUIT     0.000     0  00:00      0.00    0.00    0.00
  111A-101/111A-100    CONDUIT     0.000     0  00:00      0.00    0.00    0.00
  111A-102/111A-101    CONDUIT     0.000     0  00:00      0.00    0.00    0.00
  111A-150/111A-098    CONDUIT     3.100     1  12:10      2.71    1.33    1.00
  111A-151/111A-150    CONDUIT     3.101     1  12:08      2.71    1.30    1.00
  111A-152/111A-151    CONDUIT     3.100     1  12:11      2.71    1.29    1.00
  111A-153/111A-152    CONDUIT     1.898     1  02:17      2.10    0.74    1.00
  111A-176/111A-153    CONDUIT     1.915     1  02:20      2.16    0.88    1.00
  111A-182/111A-559    CONDUIT     1.945     1  02:24      2.18    0.86    1.00
  111A-183/111A-182    CONDUIT     1.963     1  02:29      2.79    0.95    1.00
  111A-184/111A-183    CONDUIT     1.974     1  02:33      2.82    1.11    1.00
  111A-185/111A-184    CONDUIT     1.982     1  02:34      2.70    1.06    1.00
  111A-186/111A-185    CONDUIT     2.576     1  12:30      5.08    1.22    1.00
  111A-189/111A-186    CONDUIT     4.658     1  12:11      9.18    0.98    1.00
  111A-192/111A-189    CONDUIT     2.285     1  12:16      7.61    0.63    0.80
  111A-199/111A-192    CONDUIT     2.263     1  12:12      5.29    2.09    0.80
  111A-200/111A-199    CONDUIT     2.263     1  12:11      4.46    2.20    1.00
  111A-204/111A-185    CONDUIT     1.307     1  02:35      2.73    0.84    1.00
  111A-205/111A-204    CONDUIT     1.312     1  02:35      2.83    1.17    1.00
  111A-206/111A-205    CONDUIT     1.313     1  02:36      2.59    1.79    1.00
  111A-207/111A-206    CONDUIT     1.313     1  02:36      2.59    1.40    1.00
  111A-208/111A-J66    CONDUIT     1.314     1  02:36      2.59    1.32    1.00
  111A-247/111A-208    CONDUIT     0.686     1  15:48      3.04    1.47    1.00
  111A-298/111A-200    CONDUIT     2.263     1  12:11      4.46    2.20    1.00
  111A-299/111A-298    CONDUIT     2.263     1  12:12      4.46    2.22    1.00
  111A-301/111A-299    CONDUIT     2.675     1  12:14      5.27    2.61    1.00
  111A-546/111A-551    CONDUIT     5.750     1  12:07      3.70    1.91    1.00
  111A-547/111A-573    CONDUIT     2.299     1  01:37      3.46    0.74    1.00
  111A-548/111A-547    CONDUIT     2.408     1  01:41      2.43    0.63    1.00
  111A-550/111A-548    CONDUIT     2.428     1  01:41      2.36    0.81    1.00
  111A-551/111A-550    CONDUIT     5.749     1  12:08      3.70    1.91    1.00
  111A-559/111A-176    CONDUIT     1.930     1  02:22      2.15    0.88    1.00
  111A-560/111A-087    CONDUIT     5.819     1  12:07      5.10    3.00    1.00
  111A-573_BR_WETWELL  CONDUIT     2.474     1  01:35      5.59    0.13    1.00
  111A-J55/111A-247    CONDUIT     0.686     1  11:59      3.04    1.82    1.00
  111A-J66/111A-207    CONDUIT     1.313     1  02:35      2.59    2.06    1.00
  112A-001/194A-J54    CONDUIT     2.552     1  11:10      6.43    2.68    1.00
  112A-002_BUR_WETWELL CONDUIT     2.322     1  14:04     11.79    0.95    1.00
  114A-001/369A-177    CONDUIT     0.165     1  09:37      3.05   12.50    1.00
  114A-002_CA_WETWELL  CONDUIT     0.303     1  00:25      2.61    0.24    1.00
  116A-001/389A-035    CONDUIT     2.142     1  09:53      6.08    1.82    1.00
  116A-002_GO_WETWELL  CONDUIT    11.162     1  12:07     11.31    0.51    1.00
  116A-003/116A-002    CONDUIT     6.130     1  12:08      7.73    1.70    1.00
  116A-012/116A-003    CONDUIT     5.296     1  12:09      6.68    2.51    1.00
  116A-013/116A-012    CONDUIT     4.139     1  13:03      5.22    2.94    1.00
  116A-020/116A-013    CONDUIT     4.139     1  13:03      5.22    5.14    1.00
  116A-023/116A-020    CONDUIT     4.139     1  13:03      5.22    2.28    1.00
  116A-024/116A-023    CONDUIT     4.138     1  13:03      5.22    4.86    1.00
  117A-001/118A-014    CONDUIT     0.397     1  07:58      3.37    3.01    1.00
  117A-002_CLA_WETWELL CONDUIT     0.397     1  07:58      3.15    0.54    1.00
  118A-001/398A-102    CONDUIT     1.114     1  08:54      3.42    1.20    1.00
  118A-002_CM_WETWELL  CONDUIT     1.141     1  08:53      2.70    8.53    1.00
  118A-003/118A-002    CONDUIT     1.142     1  08:53      2.25    0.95    1.00
  118A-004/118A-003    CONDUIT     0.411     1  08:06      1.02    0.46    1.00
  118A-005/118A-004    CONDUIT     0.408     1  08:06      1.74    0.38    1.00
  118A-009/118A-005    CONDUIT     0.406     2  09:35      2.22    0.47    1.00
  118A-012/118A-009    CONDUIT     0.405     2  09:37      1.99    0.61    1.00
  118A-013/118A-012    CONDUIT     0.405     2  09:34      1.92    0.61    1.00
  118A-014/118A-013    CONDUIT     0.405     2  09:34      2.96    0.38    1.00
  121A-001/163A-047    CONDUIT     0.600     1  13:27      4.73    2.66    1.00
  121A-002_CU_WETWELL  CONDUIT     1.154     1  12:03      8.13    0.46    1.00
  123A-001/387A-107    CONDUIT     0.487     1  11:57      3.84    1.32    1.00
  123A-002_DM_WETWELL  CONDUIT     0.679     1  11:54      3.01    0.35    1.00
  128A-001/333A-050    CONDUIT     1.341     1  11:11      6.81    2.48    1.00
  128A-002_DEX_WETWELL CONDUIT     1.549     1  11:09      3.77    0.87    1.00
  131A-001/131A-J38    CONDUIT     1.002     0  02:35      8.86    5.26    1.00
  131A-002_EL_WETWELL  CONDUIT     0.556     1  00:46      5.62    0.15    1.00
  134A-001_351A-112    CONDUIT     0.480     1  20:29      3.78    1.43    1.00
  134A-001_EP_WETWELL  CONDUIT     0.674     1  06:42      1.10    0.51    1.00
  134A-002/134A-001    CONDUIT     0.655     1  06:42      4.09    0.15    1.00
  134A-041_134A-001    CONDUIT     0.241     1  06:43      0.38    0.04    1.00
  134A-042_134A-041    CONDUIT     0.116     2  00:26      0.17    0.01    1.00
  140A-001/199A-026    CONDUIT     0.475     1  14:38      2.10    3.28    1.00
  140A-002_FM_WETWELL  CONDUIT     0.494     1  10:19      3.51    0.56    1.00
  151A-001/151A-J47    CONDUIT    18.574     1  12:04      5.85    1.17    1.00
  151A-001_OFALL_HANNA CONDUIT    24.244     1  12:06     16.77    0.27    0.35
  151A-003/151A-002    CONDUIT    42.134     1  12:06      6.78    0.48    1.00
  151A-004/151A-003    CONDUIT    42.131     1  12:06      6.78    2.52    1.00
  151A-005/151A-004    CONDUIT    17.790     1  06:38      2.86    0.92    1.00
  151A-006/151A-005    CONDUIT    17.791     1  06:39      2.86    0.99    1.00
  151A-007/151A-006    CONDUIT    17.790     1  06:38      2.86    1.00    1.00
  151A-008/151A-007    CONDUIT    17.795     1  06:39      2.86    1.00    1.00
  151A-009/151A-008    CONDUIT    17.800     1  06:38      2.86    0.97    1.00
  151A-010/151A-009    CONDUIT    18.360     1  06:30      2.95    0.99    1.00
  151A-011/151A-010    CONDUIT    18.358     1  06:30      2.95    0.99    1.00
  151A-012/151A-011    CONDUIT    18.355     1  06:30      2.95    0.96    1.00
  151A-013/151A-012    CONDUIT    18.351     1  06:30      2.95    1.14    1.00
  151A-014/151A-013    CONDUIT    18.346     1  06:30      2.95    1.22    1.00
  151A-015/151A-014    CONDUIT    18.339     1  06:30      2.95    0.85    1.00
  151A-016/151A-015    CONDUIT    18.332     1  06:30      3.15    0.82    1.00
  151A-017/151A-016    CONDUIT    18.323     1  06:30      3.55    0.60    1.00
  151A-018/151A-017    CONDUIT    18.314     1  06:30      3.58    1.09    1.00
  151A-019/151A-018    CONDUIT    18.308     1  06:30      3.33    1.00    1.00
  151A-020/151A-019    CONDUIT    18.311     1  06:30      3.37    0.89    1.00
  151A-021/151A-020    CONDUIT    18.315     1  06:30      3.34    1.14    1.00
  151A-022/151A-021    CONDUIT    25.284     1  12:05      4.07    1.64    1.00
  151A-023/151A-022    CONDUIT    25.282     1  12:05      4.07    1.46    1.00
  151A-024/151A-023    CONDUIT    25.281     1  12:05      4.07    1.52    1.00
  151A-025/151A-189    CONDUIT    25.284     1  12:05      4.07    0.65    1.00
  151A-026/151A-025    CONDUIT    14.242     1  10:28      2.29    0.60    1.00
  151A-027/151A-026    CONDUIT    14.244     1  10:28      2.33    1.38    1.00
  151A-028/151A-002    CONDUIT     0.966     1  12:22      4.28    0.24    1.00
  151A-029/151A-028    CONDUIT     0.965     1  12:24      5.98    0.73    0.82
  151A-030/151A-029    CONDUIT     0.965     1  12:05      4.89    1.44    0.82
  151A-163/151A-025    CONDUIT    18.241     1  12:06      6.04    0.40    0.91
  151A-164/151A-163    CONDUIT    14.410     1  12:13      5.57    1.48    0.86
  151A-165/151A-164    CONDUIT    14.464     1  12:13      4.57    3.18    0.99
  151A-166/151A-165    CONDUIT    14.465     1  12:13      4.56    0.55    1.00
  151A-168/151A-166    CONDUIT    14.465     1  12:12      4.56    1.34    1.00
  151A-169/151A-168    CONDUIT    14.989     1  12:10      4.80    1.61    1.00
  151A-189/151A-024    CONDUIT    25.283     1  12:05      4.07    1.50    1.00
  151A-191/151A-287    CONDUIT    16.941     1  12:08      4.05    0.64    1.00
  151A-192/151A-191    CONDUIT    14.028     1  12:05      2.26    1.16    1.00
  151A-199/151A-192    CONDUIT    14.027     1  12:05      2.26    1.07    1.00
  151A-200/151A-199    CONDUIT     3.061     1  06:04      0.78    0.27    1.00
  151A-201/151A-200    CONDUIT     0.821     1  06:24      2.17    0.11    1.00
  151A-202/151A-200    CONDUIT     2.887     1  06:08      0.75    0.16    1.00
  151A-203/151A-202    CONDUIT     2.702     1  06:08      0.70    0.73    1.00
  151A-204/151A-203    CONDUIT     2.501     1  06:13      0.62    0.10    1.00
  151A-205/151A-204    CONDUIT     2.466     1  06:16      0.59    0.15    1.00
  151A-206/151A-205    CONDUIT     2.465     1  06:18      0.47    0.18    1.00
  151A-209/151A-169    CONDUIT    14.915     1  12:10      4.73    1.59    1.00
  151A-210/151A-209    CONDUIT    14.841     1  12:10      4.68    1.64    1.00
  151A-211/151A-210    CONDUIT    14.829     1  12:10      4.67    1.72    1.00
  151A-212/151A-211    CONDUIT    14.900     1  12:10      4.70    1.54    1.00
  151A-213/151A-212    CONDUIT    14.953     1  12:10      4.71    1.66    1.00
  151A-214/151A-213    CONDUIT    14.938     1  12:10      4.71    1.59    1.00
  151A-215/151A-214    CONDUIT    14.900     1  12:10      4.70    1.06    1.00
  151A-219/151A-215    CONDUIT    14.848     1  12:10      5.67    0.64    1.00
  151A-220/151A-219    CONDUIT    14.840     1  12:10      9.50    0.36    0.71
  151A-221/151A-220    CONDUIT    14.664     1  12:09      6.14    1.49    0.71
  151A-222/151A-221    CONDUIT    14.664     1  12:08      4.62    1.44    1.00
  151A-223/151A-222    CONDUIT    14.663     1  12:08      5.27    0.72    0.90
  151A-235/151A-223    CONDUIT    15.986     1  12:05      6.90    0.83    0.73
  151A-240/151A-235    CONDUIT    11.919     1  12:13     11.03    0.30    0.37
  151A-241/151A-240    CONDUIT    11.934     1  12:12      5.42    2.73    0.65
  151A-242/151A-241    CONDUIT    11.945     1  12:11      3.81    1.33    0.97
  151A-246/151A-242    CONDUIT    11.949     1  12:11      3.77    1.38    1.00
  151A-247/151A-246    CONDUIT    11.953     1  12:11      3.77    1.22    1.00
  151A-248/151A-247    CONDUIT    11.954     1  12:11      3.77    1.07    1.00
  151A-249/151A-248    CONDUIT    12.025     1  12:06      3.83    1.95    1.00
  151A-250/151A-249    CONDUIT    12.025     1  12:06      3.79    0.97    1.00
  151A-251/151A-250    CONDUIT    12.027     1  12:06      3.79    1.11    1.00
  151A-252/151A-251    CONDUIT     1.834     1  14:28      3.34    0.37    1.00
  151A-253/151A-251    CONDUIT     2.904     1  12:41      2.95    0.53    1.00
  151A-254/151A-253    CONDUIT     2.901     1  12:41      3.13    0.67    1.00
  151A-255/151A-254    CONDUIT     2.866     1  12:38      2.72    0.77    1.00
  151A-256/151A-255    CONDUIT     2.765     1  12:34      2.67    0.69    1.00
  151A-257/151A-256    CONDUIT     2.605     1  12:28      2.92    0.65    0.95
  151A-258/151A-257    CONDUIT     2.523     1  12:28      2.69    0.60    0.87
  151A-259/151A-251    CONDUIT     4.855     1  12:08      2.40    0.80    1.00
  151A-261_151A-259    CONDUIT     4.846     1  12:08      2.29    1.33    1.00
  151A-264_151A-261    CONDUIT     4.834     1  12:08      2.22    0.81    1.00
  151A-265/151A-264    CONDUIT     4.829     1  12:08      2.40    0.65    1.00
  151A-282/339A-071    CONDUIT    18.578     1  12:04      4.07    0.76    1.00
  151A-287/151A-027    CONDUIT    16.941     1  12:08      3.26    0.26    1.00
  151A-J40/332A-080    CONDUIT     0.427     1  06:41      4.45    3.94    1.00
  151A-J47/151A-282    CONDUIT    18.576     1  12:04      5.86    1.37    1.00
  152A-001/206A-051    CONDUIT     0.608     1  12:10      4.79    0.68    1.00
  152A-002_HL_WETWELL  CONDUIT     1.157     1  12:05      5.20    1.18    1.00
  162A-001/106A-096    CONDUIT     0.504     1  07:53      3.98    1.39    1.00
  162A-002_KN_WETWELL  CONDUIT     1.552     1  12:57      6.88    1.74    1.00
  163A-001_372A-J48    CONDUIT    58.008     1  12:38      5.64    0.81    1.00
  163A-002/163A-J52    CONDUIT    74.896     1  12:15      9.19    0.52    1.00
  163A-003/163A-J52    CONDUIT     0.000     0  00:00      0.00    0.00    0.00
  163A-004/163A-003    CONDUIT     0.000     0  00:00      0.00    0.00    0.00
  163A-005/163A-004    CONDUIT     0.000     0  00:00      0.00    0.00    0.00
  163A-006/163A-361    CONDUIT     0.000     0  00:00      0.00    0.00    0.00
  163A-007/163A-002    CONDUIT    42.249     1  12:23      8.68    0.30    0.73
  163A-008/163A-007    CONDUIT    38.578     1  12:24      6.69    0.85    0.68
  163A-009/163A-008    CONDUIT    12.204     1  12:35      6.15    0.17    1.00
  163A-010/163A-009    CONDUIT    12.890     1  12:35      7.45    0.49    0.92
  163A-011/163A-010    CONDUIT    11.093     1  12:22      6.93    0.51    0.70
  163A-012/163A-011    CONDUIT     0.000     0  00:00      0.00    0.00    0.44
  163A-017/163A-011    CONDUIT    10.583     1  12:09      4.90    1.23    0.66
  163A-018/163A-017    CONDUIT    10.594     1  12:08      3.74    1.36    0.84
  163A-019/163A-018    CONDUIT     4.785     1  12:16      4.19    1.20    1.00
  163A-020/163A-019    CONDUIT     4.793     1  12:16      4.20    0.94    1.00
  163A-021/163A-020    CONDUIT     4.797     1  12:16      4.92    0.92    1.00
  163A-022/163A-021    CONDUIT     5.398     1  12:15      5.98    0.72    0.94
  163A-023/163A-022    CONDUIT     5.191     1  12:14      5.70    1.01    0.83
  163A-025/163A-023    CONDUIT     4.972     1  12:12      6.01    0.59    0.69
  163A-026/163A-025    CONDUIT     4.979     1  12:11      3.94    1.11    0.60
  163A-028/163A-026    CONDUIT     4.285     1  12:10      2.53    0.95    0.78
  163A-029/163A-028    CONDUIT     4.333     1  12:10      2.60    0.96    0.78
  163A-030/163A-029    CONDUIT     4.442     1  12:08      2.69    0.98    0.78
  163A-031/163A-030    CONDUIT     4.562     1  12:07      2.70    1.72    0.80
  163A-032/163A-031    CONDUIT     0.204     1  12:30      1.21    0.33    0.70
  163A-034/163A-031    CONDUIT     4.573     1  12:07      2.73    0.76    0.80
  163A-035/163A-034    CONDUIT     4.762     1  12:06      2.88    1.05    0.77
  163A-036/163A-035    CONDUIT     4.846     1  12:05      6.11    1.22    1.00
  163A-038/163A-036    CONDUIT     2.742     1  12:20      3.79    1.27    1.00
  163A-043/163A-038    CONDUIT     2.742     1  12:21      3.46    1.44    1.00
  163A-044/163A-043    CONDUIT     2.742     1  12:21      3.46    2.08    1.00
  163A-045/163A-044    CONDUIT     2.742     1  12:21      3.46    2.04    1.00
  163A-046/163A-045    CONDUIT     2.742     1  12:21      3.04    1.42    1.00
  163A-047/163A-046    CONDUIT     2.765     1  12:03      3.06    1.05    1.00
  163A-048/163A-047    CONDUIT     2.572     1  12:10      5.07    1.76    1.00
  163A-051/163A-048    CONDUIT     0.088     1  11:51      0.22    0.04    1.00
  163A-075/163A-047    CONDUIT     0.904     1  12:39      1.10    0.60    1.00
  163A-077/163A-075    CONDUIT     0.904     1  12:39      1.33    0.60    1.00
  163A-078/163A-077    CONDUIT     3.710     1  12:07      4.11    2.47    1.00
  163A-098/163A-367    CONDUIT     0.000     0  00:00      0.00    0.00    0.00
  163A-099/163A-018    CONDUIT     7.337     1  12:05      4.94    0.29    0.72
  163A-099/163A-098    CONDUIT     0.000     0  00:00      0.00    0.00    0.22
  163A-100/163A-099    CONDUIT     4.567     1  12:24      5.02    1.06    0.51
  163A-101/163A-100    CONDUIT     4.554     1  12:25      6.07    0.46    0.63
  163A-109/163A-101    CONDUIT     4.555     1  12:25      5.03    1.37    0.74
  163A-110/163A-109    CONDUIT     0.286     1  12:13      0.72    0.09    0.99
  163A-111/163A-110    CONDUIT     0.095     1  12:12      0.61    0.07    0.80
  163A-125/163A-363    CONDUIT     4.874     1  12:10      2.94    0.96    1.00
  163A-130/163A-125    CONDUIT     5.132     1  12:12      3.39    0.56    0.99
  163A-131/163A-130    CONDUIT     5.454     1  12:11      3.32    1.41    0.99
  163A-145/163A-131    CONDUIT     3.801     1  12:14      2.07    0.81    0.96
  163A-154/163A-145    CONDUIT     3.895     1  12:14      2.24    0.91    0.89
  163A-164/163A-154    CONDUIT     3.964     1  12:13      2.39    0.91    0.84
  163A-166/163A-164    CONDUIT     4.079     1  12:09      2.56    0.97    0.79
  163A-172_163A-166    CONDUIT     3.388     1  12:12      2.97    1.48    1.00
  163A-173/163A-172    CONDUIT     3.388     1  12:12      2.97    1.46    1.00
  163A-174/163A-173    CONDUIT     3.388     1  12:12      2.97    1.46    1.00
  163A-178/163A-346    CONDUIT     3.011     1  12:07      2.64    1.08    1.00
  163A-182/163A-178    CONDUIT     3.220     1  12:06      2.92    1.16    1.00
  163A-183/163A-182    CONDUIT     3.616     1  12:05      3.26    1.30    1.00
  163A-184/163A-183    CONDUIT     3.829     1  12:05      3.38    1.38    1.00
  163A-191/163A-184    CONDUIT     3.184     1  12:04      2.83    1.15    1.00
  163A-241/163A-191    CONDUIT     0.374     1  12:10      1.05    0.21    0.83
  163A-242/163A-241    CONDUIT     0.020     1  12:14      0.13    0.02    0.34
  163A-243/163A-242    CONDUIT     0.000     0  00:00      0.00    0.00    0.01
  163A-244/163A-243    CONDUIT     0.000     0  00:00      0.00    0.00    0.00
  163A-337/163A-032    CONDUIT     0.204     1  12:20      2.10    0.44    0.44
  163A-346/163A-174    CONDUIT     3.059     1  12:07      2.68    1.35    1.00
  163A-348/163A-099    CONDUIT     0.019     1  12:19      0.06    0.00    0.22
  163A-349/163A-368    CONDUIT     0.000     0  00:00      0.00    0.00    0.00
  163A-350/163A-349    CONDUIT     0.000     0  00:00      0.00    0.00    0.00
  163A-351/163A-369    CONDUIT     0.000     0  00:00      0.00    0.00    0.00
  163A-361/163A-005    CONDUIT     0.000     0  00:00      0.00    0.00    0.00
  163A-363/163A-109    CONDUIT     4.696     1  12:14      2.72    0.92    1.00
  163A-367/163A-009    CONDUIT     0.000     0  00:00      0.00    0.00    0.50
  163A-368/163A-348    CONDUIT     0.000     0  00:00      0.00    0.00    0.00
  163A-369/163A-350    CONDUIT     0.000     0  00:00      0.00    0.00    0.00
  163A-370/163A-369    CONDUIT     0.000     0  00:00      0.00    0.00    0.00
  163A-372/163A-370    CONDUIT     0.000     0  00:00      0.00    0.00    0.00
  163A-391/163A-337    CONDUIT     0.204     1  12:15      3.62    1.92    0.99
  163A-J52_KS_WETWELL  CONDUIT    82.128     1  12:14      8.26    0.76    1.00
  163B-391_VA_WETWELL  CONDUIT     0.410     1  12:05      7.28    1.14    1.00
  164A-001/330A-145    CONDUIT     0.452     2  07:54      4.87    5.52    1.00
  164A-003/164A-002    CONDUIT     0.401     1  07:06      3.64    0.32    1.00
  164A-008/164A-003    CONDUIT     0.172     2  00:49      2.15    0.37    1.00
  164A-009/164A-008    CONDUIT     0.166     2  00:25      1.70    0.37    1.00
  164A-010/164A-009    CONDUIT     0.166     2  00:25      1.70    0.36    1.00
  164A-014/164A-010    CONDUIT     0.134     1  23:23      1.82    0.24    1.00
  164A-015/164A-014    CONDUIT     0.127     1  23:09      1.21    1.06    1.00
  164A-016/164A-015    CONDUIT     0.124     1  23:01      1.03    0.42    1.00
  164A-017/164A-016    CONDUIT     0.117     1  09:13      0.92    0.11    1.00
  164A-019/164A-017    CONDUIT     0.118     1  09:27      1.17    0.26    1.00
  164A_002_LE_WETWELL  CONDUIT     0.401     1  07:05      2.94    0.61    1.00
  171B-001B_172A-J59A  CONDUIT    16.848     2  08:17      5.31    2.55    1.00
  172A-001/172A-J59    CONDUIT    23.656     2  06:52     10.92    3.58    1.00
  172A-001_LA_WETWELL  CONDUIT    30.853     1  02:49     10.70    0.15    1.00
  172A-003/172A-001    CONDUIT    30.421     1  12:13      6.71    1.12    1.00
  172A-004/172A-003    CONDUIT    26.184     1  12:14      5.73    0.99    1.00
  172A-047/172A-004    CONDUIT    26.183     1  12:14      5.73    1.45    1.00
  172A-049/339A-076    CONDUIT     1.168     1  14:40      3.24    0.32    1.00
  172A-050/172A-049    CONDUIT     1.168     1  14:43      1.96    0.88    1.00
  172A-051/172A-050    CONDUIT     1.167     1  14:43      1.65    0.76    1.00
  172A-052/172A-051    CONDUIT     1.168     1  14:40      1.75    0.77    1.00
  172A-053/172A-052    CONDUIT     1.168     1  14:43      1.74    0.78    1.00
  172A-054/172A-053    CONDUIT     1.168     1  14:41      1.75    0.75    1.00
  172A-055/172A-054    CONDUIT     1.167     1  14:43      1.76    0.77    1.00
  172A-056/172A-055    CONDUIT     1.167     1  14:43      2.30    0.99    1.00
  172A-057/172A-056    CONDUIT     1.525     1  12:09      3.01    1.50    1.00
  172A-058/172A-057    CONDUIT     1.526     1  12:53      3.01    1.52    1.00
  172A-059/172A-058    CONDUIT     1.525     1  13:15      3.00    1.60    1.00
  172A-108/172A-047    CONDUIT    17.336     1  12:04      3.79    0.78    1.00
  172A-112/172A-108    CONDUIT    17.346     1  12:04      3.80    1.01    1.00
  172A-113/172A-112    CONDUIT    17.360     1  12:04      3.80    0.81    1.00
  172A-121/172A-113    CONDUIT    17.402     1  12:04      4.10    0.87    1.00
  172A-122/172A-121    CONDUIT    17.455     1  12:04      3.94    1.04    1.00
  172A-130/172A-122    CONDUIT    17.486     1  12:04      3.83    1.25    1.00
  172A-154/172A-130    CONDUIT    13.502     1  17:23      2.96    1.97    1.00
  172A-160/172A-154    CONDUIT    13.503     1  17:24      2.96    2.85    1.00
  172A-161/172A-160    CONDUIT    13.503     1  17:24      2.96    2.95    1.00
  172A-170/172A-161    CONDUIT    13.503     1  17:25      2.96    2.64    1.00
  172A-179/172A-170    CONDUIT    14.695     1  11:04      3.22    2.98    1.00
  172A-J59/360A-126    CONDUIT    28.491     1  12:08      6.24    1.52    1.00
  177A-001/390A-019    CONDUIT     3.243     1  14:22      9.20    1.61    1.00
  177A-002/390A-019    CONDUIT     6.418     1  12:06      5.62    0.61    1.00
  177A-002_MOR_WETWELL CONDUIT     3.518     1  09:35      3.17    0.35    1.00
  177A-003/177A-002    CONDUIT     3.182     1  12:07      4.46    0.67    1.00
  177A-015/177A-003    CONDUIT     2.389     2  02:30      2.33   21.28    1.00
  183A-001/331A-274    CONDUIT     2.174     1  12:07      4.28    3.24    1.00
  183A-002_109_WETWELL CONDUIT     2.906     1  12:05      3.13    0.47    1.00
  183A-008/183A-002    CONDUIT     1.847     2  02:14      2.25    0.62    1.00
  183A-009/183A-008    CONDUIT     2.687     1  12:07      2.35    1.09    1.00
  183A-016/183A-002    CONDUIT     0.887     1  00:41      2.04    0.99    1.00
  183A-017/183A-016    CONDUIT     0.932     1  00:44      1.90    1.41    1.00
  185A-001/366A-003    CONDUIT     0.103     2  00:39      2.16    0.27    1.00
  185A-002_OA_WETWELL  CONDUIT     0.146     1  03:31      9.40    0.05    1.00
  190A-001/360A-J56    CONDUIT     1.844     1  15:33      5.98    1.36    1.00
  190A-002_PE_WETWELL  CONDUIT     2.324     1  12:03      3.00    1.50    1.00
  190A-003_190A-002    CONDUIT     2.324     1  12:03      2.14    1.35    1.00
  190A-006/190A-003    CONDUIT     1.699     1  11:49      1.81    0.71    1.00
  190A-016/190A-006    CONDUIT     1.700     1  11:49      3.35    1.37    1.00
  190A-017/190A-016    CONDUIT     1.416     1  11:49      2.79    1.41    1.00
  190A-018/190A-017    CONDUIT     1.416     1  11:49      2.79    1.39    1.00
  190A-019/190A-018    CONDUIT     1.642     1  12:32      3.24    1.62    1.00
  190A-020/190A-019    CONDUIT     1.642     1  12:04      3.23    1.64    1.00
  190A-025/190A-020    CONDUIT     1.642     1  12:00      3.24    1.57    1.00
  190A-026/190A-025    CONDUIT     1.642     1  12:24      3.24    1.62    1.00
  190A-027/190A-026    CONDUIT     1.642     1  12:00      3.24    1.60    1.00
  190A-028/190A-027    CONDUIT     1.642     1  12:46      3.24    1.54    1.00
  190A-029/190A-028    CONDUIT     1.642     1  12:24      3.24    1.72    1.00
  190A-030/190A-029    CONDUIT     1.642     1  12:24      3.23    1.64    1.00
  190A-031/190A-030    CONDUIT     1.642     1  11:58      3.24    0.97    1.00
  190A-037/190A-031    CONDUIT     1.071     1  12:18      2.11    1.85    1.00
  194A-001/337A-111    CONDUIT     0.321     2  07:12      8.32    6.11    0.89
  194A-J54/151A-258    CONDUIT     2.326     1  12:35      4.54    1.56    1.00
  194A_002_RB_WETWELL  CONDUIT     0.197     1  10:49      1.48    0.56    1.00
  195A-001/366A-336    CONDUIT     1.847     1  12:30      3.64    0.60    1.00
  195A-002/195A-047    CONDUIT     3.304     1  12:06      4.35    0.40    1.00
  195A-047_RW_WETWELL  CONDUIT     7.674     1  12:09     14.14    0.41    1.00
  199A-001/172A-J59    CONDUIT     2.127     1  11:14      6.03    2.39    1.00
  199A-002_RO_WETWELL  CONDUIT     2.212     1  10:30      3.50    0.83    1.00
  199A-003/199A-002    CONDUIT     1.251     1  10:30      2.46    0.70    1.00
  199A-004/199A-002    CONDUIT     1.207     1  09:30      6.48    0.42    1.00
  199A-005/199A-004    CONDUIT     1.331     1  09:32      4.45    1.56    1.00
  199A-006/199A-J53    CONDUIT     0.767     1  20:37      3.40    1.93    1.00
  199A-007/199A-006    CONDUIT     0.666     2  00:54      2.95    1.36    1.00
  199A-008/199A-007    CONDUIT     0.717     1  05:37      3.18    0.93    1.00
  199A-009/199A-008    CONDUIT     0.776     1  12:30      3.85    0.94    1.00
  199A-015/199A-009    CONDUIT     0.610     2  00:20      3.31    0.93    1.00
  199A-016/199A-015    CONDUIT     0.610     2  00:20      2.71    1.59    1.00
  199A-017/199A-016    CONDUIT     0.610     2  00:22      2.71    1.62    1.00
  199A-021/199A-017    CONDUIT     0.610     2  00:22      2.71    1.26    1.00
  199A-022/199A-021    CONDUIT     0.610     2  00:20      2.71    1.73    1.00
  199A-026/199A-022    CONDUIT     0.610     2  00:20      2.71    1.50    1.00
  199A-J53/199A-005    CONDUIT     0.767     1  20:37      3.40    1.53    1.00
  203A-001/111A-J55    CONDUIT     0.211     1  11:09      3.75    0.94    1.00
  203A-002_SEM_WETWELL CONDUIT     0.251     1  11:08      3.49    0.22    1.00
  206A-001/206A-J16    CONDUIT     0.777     1  12:50      3.45    0.64    1.00
  206A-002_SL_WETWELL  CONDUIT     1.143     1  11:57      4.70    0.61    1.00
  206A-003/206A-002    CONDUIT     0.408     1  08:39      1.94    0.49    1.00
  206A-006/206A-003    CONDUIT     0.223     1  11:44      1.49    0.29    1.00
  206A-011/206A-002    CONDUIT     0.691     1  12:08      3.06    0.59    1.00
  206A-014/206A-011    CONDUIT     0.176     1  11:36      0.85    0.20    1.00
  206A-017/206A-014    CONDUIT     0.162     1  11:49      0.91    0.23    0.98
  206A-018/206A-023    CONDUIT     0.000     0  00:00      0.00    0.00    0.00
  206A-021/206A-017    CONDUIT     0.036     1  11:53      0.32    0.04    0.51
  206A-022/206A-021    CONDUIT     0.000     0  00:00      0.00    0.00    0.05
  206A-023/206A-054    CONDUIT     0.000     0  00:00      0.00    0.00    0.00
  206A-024/206A-023    CONDUIT     0.000     0  00:00      0.00    0.00    0.00
  206A-026/206A-022    CONDUIT     0.000     0  00:00      0.00    0.00    0.00
  206A-027/206A-026    CONDUIT     0.000     0  00:00      0.00    0.00    0.00
  206A-028/206A-027    CONDUIT     0.000     0  00:00      0.00    0.00    0.00
  206A-032/206A-006    CONDUIT     0.223     1  11:44      1.63    0.56    1.00
  206A-033/206A-032    CONDUIT     0.224     1  11:44      1.67    0.56    1.00
  206A-036/206A-033    CONDUIT     0.224     1  11:44      1.70    0.56    1.00
  206A-037/206A-036    CONDUIT     0.224     1  11:44      1.72    0.56    1.00
  206A-038/206A-037    CONDUIT     0.228     1  11:43      1.75    0.56    1.00
  206A-039/206A-038    CONDUIT     0.237     1  11:43      1.76    0.60    1.00
  206A-040/206A-039    CONDUIT     0.242     1  11:43      1.84    0.57    1.00
  206A-041/206A-040    CONDUIT     0.247     1  11:43      1.74    0.67    1.00
  206A-042/206A-041    CONDUIT     0.259     1  11:27      1.85    0.66    1.00
  206A-043/206A-042    CONDUIT     0.284     1  11:33      2.17    0.58    1.00
  206A-044/206A-043    CONDUIT     0.327     1  11:34      1.92    0.95    1.00
  206A-045/206A-044    CONDUIT     0.608     1  12:11      2.70    1.30    1.00
  206A-048/206A-045    CONDUIT     0.608     1  12:11      5.66    0.43    0.73
  206A-051/206A-048    CONDUIT     0.608     1  12:10      3.45    1.27    0.73
  206A-054/206A-028    CONDUIT     0.000     0  00:00      0.00    0.00    0.00
  206A-J16_356A-009    CONDUIT     0.777     1  12:50      3.45    0.88    1.00
  225A-001/360A-124    CONDUIT     0.236     1  12:13      1.86    0.62    1.00
  225A-001_IND_WETWELL CONDUIT     0.413     1  12:02      2.31    0.77    1.00
  225A-002_VIR_WETWELL CONDUIT     0.533     1  12:03      3.54    0.43    1.00
  227A-001/369A-045    CONDUIT     0.705     1  16:54      6.26    2.41    1.00
  227A-002_WT_WETWELL  CONDUIT     0.895     1  11:34      3.97    3.34    1.00
  232A-047/164A-019    CONDUIT     0.149     3  00:19      2.64    1.49    1.00
  232A-047_ST_WETWELL  CONDUIT     0.253     1  00:27      2.00    0.38    1.00
  246A-001/106A-253    CONDUIT     0.464     2  22:12      3.66    8.61    1.00
  246A-002_IB_WETWELL  CONDUIT     0.534     1  00:41      1.96    0.28    1.00
  246A-006/246A-002    CONDUIT     1.185     1  12:05      1.67    0.61    1.00
  246A-020/246A-006    CONDUIT     1.789     1  12:21      2.26    0.58    1.00
  246A-021/246A-020    CONDUIT     1.789     1  12:11      2.26    1.19    1.00
  246A-022/246A-021    CONDUIT     2.655     1  12:09      3.35    1.38    1.00
  246A-023/246A-022    CONDUIT     1.026     1  12:09      2.02    0.93    1.00
  246A-047/246A-023    CONDUIT     1.026     1  12:08      2.12    0.84    1.00
  252-001/330A-107     CONDUIT     0.133     1  14:28      3.44    1.03    1.00
  252-002_FH_WETWELL   CONDUIT     0.659     1  12:18      3.18    0.23    1.00
  255A-004/360A-121    CONDUIT     0.127     1  13:34      2.40    1.57    1.00
  266A-001/266A-J25    CONDUIT     1.716     1  17:06      7.61    2.06    1.00
  266A-002/266A-001    CONDUIT     1.882     1  11:36      8.34    0.63    1.00
  266A-J25/266A-VP12   CONDUIT     1.466     1  01:19      7.67    0.61    1.00
  266A-J25/266A-VP13   CONDUIT     1.629     1  00:50      3.46    0.66    1.00
  266A-VP12/-99        CONDUIT     0.582     1  06:19      2.58   22.79    1.00
  266A-VP13/332A-J28   CONDUIT     1.156     1  14:53      2.28   16.12    1.00
  267A-001/364A-069    CONDUIT     0.464     1  21:19      3.67    4.14    1.00
  267A-002_GL_WETWELL  CONDUIT     0.658     1  12:09      1.97    0.13    1.00
  281A-001_CL-WETWELL  CONDUIT     1.421     1  03:01      8.93    0.04    1.00
  281A-002/281A-001    CONDUIT     1.382     1  10:21      2.72    0.07    1.00
  281A-003/281A-002    CONDUIT     0.950     1  10:23      1.20    0.31    1.00
  281A-031/281A-077    CONDUIT     0.951     1  10:23      2.00    0.61    1.00
  281A-032/281A-031    CONDUIT     1.064     1  16:33      2.10    1.01    1.00
  281A-036/281A-032    CONDUIT     0.628     1  12:31      1.24    0.61    1.00
  281A-037/281A-036    CONDUIT     0.659     1  15:04      1.30    0.64    1.00
  281A-072/151A-252    CONDUIT     1.227     1  11:40      3.81    1.41    1.00
  281A-077/281A-003    CONDUIT     0.950     1  10:23      2.10    0.22    1.00
  282A-001/351A-029    CONDUIT     0.346     2  08:36     12.01    2.56    1.00
  282A-002_COM_WETWELL CONDUIT     1.069     1  12:30      4.74    0.24    1.00
  282A-009/282A-002    CONDUIT     0.237     1  12:10      1.39    0.35    0.70
  282A-012/282A-009    CONDUIT     0.554     1  12:13      2.53    0.41    0.93
  282A-016/282A-012    CONDUIT     0.596     1  12:09      4.16    0.74    0.74
  282A-017/282A-016    CONDUIT     0.599     1  12:08      3.03    1.27    0.82
  283A-001/351A-054    CONDUIT     0.477     1  09:37      5.10    1.09    1.00
  283A-003_RT_WETWELL  CONDUIT     0.571     1  09:09      4.08    0.12    1.00
  283A-011/283A-003    CONDUIT     2.090     1  12:26      4.12    0.56    1.00
  314A-001/350A-163    CONDUIT     3.174     1  15:27      2.78    3.04    1.00
  314A-004/314A-001    CONDUIT     3.174     1  11:13      2.78    3.30    1.00
  314A-010/314A-004    CONDUIT     3.175     1  11:13      2.78    2.50    1.00
  314A-011/314A-010    CONDUIT     3.176     1  11:13      2.78    3.25    1.00
  314A-037/314A-011    CONDUIT     2.812     1  11:12      2.46    2.90    1.00
  314A-038/314A-037    CONDUIT     2.812     1  11:12      3.09    0.37    1.00
  316A-001/366A-311    CONDUIT    33.170     1  03:52      5.30    0.11    1.00
  316A-002/316A-001    CONDUIT     5.130     1  12:10      4.89    0.46    1.00
  316A-003/316A-002    CONDUIT     5.129     1  12:10      3.71    1.10    1.00
  316A-004/316A-003    CONDUIT     5.937     1  12:05      2.96    1.05    1.00
  316A-016/361A-247    CONDUIT     9.544     1  12:07      8.36    2.63    1.00
  316A-017/316A-016    CONDUIT     9.543     1  12:07      8.36    1.91    1.00
  316A-018/316A-017    CONDUIT     9.544     1  12:07      8.36    0.62    1.00
  316A-061/316A-018    CONDUIT     5.994     1  13:28      9.14    0.55    1.00
  316A-087/316A-061    CONDUIT     6.942     1  12:08      4.47    1.80    1.00
  316A-100/316A-101    CONDUIT     5.316     1  18:24      3.42    1.37    1.00
  316A-101/316A-087    CONDUIT     5.452     1  18:25      3.51    1.38    1.00
  316A-111/316A-245    CONDUIT     5.317     1  18:23      3.42    1.33    1.00
  316A-114/316A-111    CONDUIT     5.317     1  18:23      3.42    1.47    1.00
  316A-117/316A-114    CONDUIT     5.316     1  18:24      3.42    1.52    1.00
  316A-118/316A-117    CONDUIT     5.315     1  18:26      3.42    1.56    1.00
  316A-119/316A-118    CONDUIT     5.628     1  12:06      3.62    0.56    1.00
  316A-120/316A-119    CONDUIT     5.954     1  14:39      3.83    5.18    1.00
  316A-147/316A-149    CONDUIT     1.083     1  12:06      2.13    0.80    1.00
  316A-149/316A-118    CONDUIT     1.083     1  12:06      1.37    1.40    1.00
  316A-188/316A-120    CONDUIT     5.953     1  14:32      3.83    1.31    1.00
  316A-189/316A-188    CONDUIT     8.183     1  12:05      5.26    2.38    1.00
  316A-243/316A-147    CONDUIT     1.083     1  12:06      2.13    0.53    1.00
  316A-245/316A-100    CONDUIT     5.317     1  18:26      3.42    1.38    1.00
  329A-001/183A-009    CONDUIT     2.687     1  12:07      2.59    0.83    1.00
  329A-001/329A-002    CONDUIT     0.734     1  01:43      2.51    0.57    1.00
  329A-002/329A-003    CONDUIT     0.784     1  01:36      2.63    1.09    1.00
  329A-005/329A-003    CONDUIT     0.835     1  15:56      2.37    1.18    1.00
  329A-006/329A-005    CONDUIT     0.835     1  11:48      2.46    1.01    1.00
  329A-007/329A-006    CONDUIT     0.835     1  13:45      2.39    1.38    1.00
  329A-008/329A-007    CONDUIT     0.835     1  09:10      2.37    1.30    1.00
  329A-009/329A-008    CONDUIT     0.835     1  14:10      2.37    1.23    1.00
  329A-012/329A-009    CONDUIT     0.835     1  14:39      2.37    1.18    1.00
  329A-023/329A-012    CONDUIT     0.712     1  12:01      2.02    1.10    1.00
  329A-027/329A-023    CONDUIT     0.712     1  12:01      2.07    1.00    1.00
  329A-030/329A-027    CONDUIT     0.712     1  12:03      2.13    1.10    1.00
  329A-031/329A-030    CONDUIT     0.712     1  12:23      2.19    0.97    1.00
  329A-040/329A-031    CONDUIT     0.711     1  12:03      2.26    1.02    1.00
  329A-044/329A-040    CONDUIT     0.711     1  12:05      2.21    1.04    1.00
  329A-046/329A-044    CONDUIT     0.711     1  12:23      2.15    1.09    1.00
  329A-047/329A-046    CONDUIT     0.712     1  12:01      2.23    0.95    1.00
  329A-050/329A-047    CONDUIT     0.713     1  12:01      2.28    1.02    1.00
  329A-053/329A-050    CONDUIT     0.612     1  12:22      2.71    1.19    1.00
  329A-054/329A-053    CONDUIT     0.611     1  12:04      2.71    1.58    1.00
  329A-059/329A-054    CONDUIT     0.617     1  13:58      2.73    1.57    1.00
  329A-064/329A-059    CONDUIT     0.617     1  13:58      2.74    1.48    1.00
  329A-065/329A-064    CONDUIT     0.617     1  13:04      2.73    1.52    1.00
  329A-076/329A-065    CONDUIT     0.368     1  10:29      1.63    0.88    1.00
  329A-082/329A-076    CONDUIT     0.168     2  02:48      1.54    0.42    1.00
  329A-083/329A-082    CONDUIT     0.168     2  02:49      1.50    0.42    1.00
  329A-084/329A-083    CONDUIT     0.168     2  02:48      1.55    0.40    1.00
  329A-085/329A-084    CONDUIT     0.167     2  02:22      1.58    0.40    1.00
  330A-002/329A-001    CONDUIT     3.272     1  12:07      4.12    1.84    1.00
  330A-003/330A-002    CONDUIT     2.914     1  12:07      3.67    2.12    1.00
  330A-004/330A-003    CONDUIT     2.914     1  12:08      3.67    1.93    1.00
  330A-005/330A-004    CONDUIT     3.168     1  12:38      3.99    2.24    1.00
  330A-006/330A-005    CONDUIT     4.740     1  12:06      5.98    3.26    1.00
  330A-007/330A-006    CONDUIT     1.918     1  12:25      2.42    1.26    1.00
  330A-008/330A-007    CONDUIT     1.918     1  12:25      2.42    1.19    1.00
  330A-009/330A-008    CONDUIT     1.918     1  12:25      2.42    1.46    1.00
  330A-078/330A-009    CONDUIT     0.900     1  01:36      2.55    1.10    1.00
  330A-079/330A-078    CONDUIT     1.022     1  12:10      2.90    1.49    1.00
  330A-084/330A-079    CONDUIT     0.824     1  01:49      2.34    1.20    1.00
  330A-085/330A-084    CONDUIT     0.824     1  01:49      2.39    1.07    1.00
  330A-086/330A-085    CONDUIT     0.825     1  01:47      2.34    1.33    1.00
  330A-087/330A-086    CONDUIT     0.825     1  01:48      2.34    1.20    1.00
  330A-088/330A-087    CONDUIT     0.825     1  01:46      2.34    1.14    1.00
  330A-089/330A-088    CONDUIT     0.825     1  01:46      2.34    1.21    1.00
  330A-090/330A-089    CONDUIT     1.035     1  10:49      2.94    1.45    1.00
  330A-091/330A-090    CONDUIT     1.036     1  14:34      2.94    2.10    1.00
  330A-096/330A-091    CONDUIT     0.817     1  01:01      2.32    1.06    1.00
  330A-097/330A-096    CONDUIT     0.817     1  01:01      2.41    1.12    1.00
  330A-100/330A-097    CONDUIT     0.302     1  03:10      1.65    0.35    1.00
  330A-101/330A-147    CONDUIT     0.301     1  03:10      1.49   21.51    1.00
  330A-102/330A-101    CONDUIT     0.452     1  17:21      2.00    0.50    1.00
  330A-103/330A-102    CONDUIT     0.451     1  14:46      2.00    1.01    1.00
  330A-104/330A-103    CONDUIT     0.451     1  10:56      2.00    0.99    1.00
  330A-106/330A-104    CONDUIT     0.451     1  15:50      2.00    1.00    1.00
  330A-107/330A-106    CONDUIT     0.156     2  00:41      2.00    0.21    1.00
  330A-122/330A-152    CONDUIT     0.603     1  01:04      3.32    0.94    1.00
  330A-125/330A-122    CONDUIT     0.371     2  01:19      1.80    0.79    1.00
  330A-128/330A-125    CONDUIT     0.371     2  01:18      2.03    0.89    1.00
  330A-129/330A-128    CONDUIT     0.371     2  01:19      2.01    0.85    1.00
  330A-130/330A-243    CONDUIT     0.371     2  01:19      2.04    0.87    1.00
  330A-131/330A-130    CONDUIT     0.371     2  01:19      1.99    0.89    1.00
  330A-134/330A-131    CONDUIT     0.371     2  01:19      3.13    0.23    1.00
  330A-138/330A-134    CONDUIT     0.371     2  01:19      2.62    0.87    1.00
  330A-139/330A-138    CONDUIT     0.371     2  01:19      2.00    0.89    1.00
  330A-140/330A-139    CONDUIT     0.371     2  01:19      2.61    0.38    1.00
  330A-141/330A-140    CONDUIT     0.371     2  01:19      3.52    0.44    1.00
  330A-143/330A-141    CONDUIT     0.371     2  01:19      2.72    0.71    1.00
  330A-144/330A-143    CONDUIT     0.371     2  01:19      2.28    0.82    1.00
  330A-145/330A-144    CONDUIT     0.371     2  01:19      2.33    0.69    1.00
  330A-147/330A-100    CONDUIT     0.302     1  03:10      2.42    0.65    1.00
  330A-152/330A-097    CONDUIT     0.552     1  00:57      2.77    0.76    1.00
  330A-243/330A-129    CONDUIT     0.371     2  01:19      2.08    0.82    1.00
  331A-001/334A-062    CONDUIT     6.656     1  11:05      2.72    0.24    1.00
  331A-002/331A-001    CONDUIT     1.888     1  15:02      2.38    1.06    1.00
  331A-004/331A-002    CONDUIT     1.888     1  15:01      2.38    2.03    1.00
  331A-006/331A-004    CONDUIT     1.887     1  15:02      2.38    2.00    1.00
  331A-008/331A-006    CONDUIT     1.604     1  11:02      2.02    1.71    1.00
  331A-010/331A-008    CONDUIT     1.604     1  11:02      2.02    0.98    1.00
  331A-014/331A-010    CONDUIT     1.607     1  11:02      2.03    1.14    1.00
  331A-015/331A-014    CONDUIT     0.027     2  00:27      0.06    0.03    1.00
  331A-032/331A-001    CONDUIT     4.878     1  09:32      2.89    1.12    1.00
  331A-033/331A-032    CONDUIT     5.089     1  12:06      2.51    1.56    1.00
  331A-036/331A-033    CONDUIT     5.089     1  12:06      2.51    1.35    1.00
  331A-037/331A-036    CONDUIT     5.089     1  12:06      2.51    1.92    1.00
  331A-039/331A-037    CONDUIT     5.089     1  12:06      2.51    1.25    1.00
  331A-045/331A-039    CONDUIT     4.409     1  06:56      2.17    1.97    1.00
  331A-078/331A-088    CONDUIT     4.409     1  06:53      2.17    1.63    1.00
  331A-086/331A-045    CONDUIT     4.409     1  06:53      2.17    1.20    1.00
  331A-088/331A-086    CONDUIT     4.409     1  06:53      2.17    1.29    1.00
  331A-095/331A-078    CONDUIT     3.880     2  00:00      1.91    0.47    1.00
  331A-096/331A-095    CONDUIT     3.879     2  00:00      1.91    1.42    1.00
  331A-099/331A-J22    CONDUIT     3.880     1  23:59      1.91    1.40    1.00
  331A-100/331A-099    CONDUIT     3.879     2  00:00      1.91    7.66    1.00
  331A-104/331A-100    CONDUIT     3.880     1  23:59      1.91    0.96    1.00
  331A-105/331A-104    CONDUIT     3.878     1  23:59      1.92    1.00    1.00
  331A-111/331A-112    CONDUIT     0.952     1  23:59      1.87    1.33    1.00
  331A-112/331A-105    CONDUIT     0.951     1  23:59      1.87    1.35    1.00
  331A-113/331A-111    CONDUIT     0.690     1  13:53      1.36    0.94    1.00
  331A-128/331A-113    CONDUIT     0.689     1  11:49      2.56    0.38    0.71
  331A-132/331A-128    CONDUIT     0.689     1  11:21      2.57    0.86    0.71
  331A-138/331A-132    CONDUIT     0.689     1  12:06      1.95    1.36    1.00
  331A-147/331A-138    CONDUIT     0.689     1  14:16      3.05    2.32    1.00
  331A-148/331A-147    CONDUIT     0.689     1  11:17      3.05    2.10    1.00
  331A-152/331A-148    CONDUIT     0.490     1  12:49      2.17    1.77    1.00
  331A-157/331A-152    CONDUIT     0.175     1  09:09      1.07    0.59    1.00
  331A-158/331A-157    CONDUIT     0.175     1  14:24      1.04    0.65    1.00
  331A-159/331A-158    CONDUIT     0.175     1  14:31      1.08    0.58    1.00
  331A-160/331A-159    CONDUIT     0.124     2  02:38      1.44    0.27    1.00
  331A-165/331A-105    CONDUIT     3.072     1  05:48      1.68    1.28    1.00
  331A-166/331A-165    CONDUIT     3.073     1  05:47      1.63    1.06    1.00
  331A-167/331A-166    CONDUIT     3.073     1  05:47      1.75    0.81    1.00
  331A-168/331A-167    CONDUIT     3.074     1  05:48      1.87    0.94    1.00
  331A-230/331A-168    CONDUIT     2.650     2  02:22      1.98    0.89    1.00
  331A-231/331A-230    CONDUIT     2.607     2  02:22      1.91    1.16    1.00
  331A-236/331A-231    CONDUIT     2.581     2  02:21      1.76    1.22    1.00
  331A-237/331A-236    CONDUIT     2.565     2  02:22      1.71    1.03    1.00
  331A-238/331A-237    CONDUIT     2.552     2  02:22      1.71    1.18    1.00
  331A-239/331A-238    CONDUIT     2.546     2  01:55      1.73    1.06    1.00
  331A-243/331A-239    CONDUIT     2.546     2  01:57      1.71    1.20    1.00
  331A-252/331A-243    CONDUIT     3.308     1  12:09      2.13    1.28    1.00
  331A-253/331A-252    CONDUIT     3.043     1  12:04      1.96    1.40    1.00
  331A-260/331A-253    CONDUIT     3.043     1  12:08      1.96    1.19    1.00
  331A-265/331A-260    CONDUIT     2.341     2  01:51      2.28    0.44    1.00
  331A-270/331A-265    CONDUIT     2.216     2  01:43      1.82    0.80    1.00
  331A-271/331A-270    CONDUIT     2.216     2  01:43      1.62    0.52    1.00
  331A-272/331A-271    CONDUIT     2.176     1  12:07      1.60    1.06    1.00
  331A-273/331A-272    CONDUIT     2.176     1  12:07      1.41    0.91    1.00
  331A-274/331A-273    CONDUIT     2.175     1  12:07      1.40    0.66    1.00
  331A-J22/331A-J23    CONDUIT     3.879     2  00:00      1.91    0.64    1.00
  331A-J23/331A-096    CONDUIT     3.879     2  00:00      1.91    1.24    1.00
  332A-001/334A-051    CONDUIT     8.054     1  12:07      3.97    1.12    1.00
  332A-002/332A-001    CONDUIT     8.052     1  12:07      3.97    1.60    1.00
  332A-007/332A-002    CONDUIT     3.490     1  12:07      1.72    0.69    1.00
  332A-018/332A-007    CONDUIT     3.492     1  12:07      2.08    0.69    1.00
  332A-027/332A-018    CONDUIT     3.492     1  12:07      2.23    0.68    1.00
  332A-035/332A-027    CONDUIT     2.736     1  15:02      2.50    1.10    1.00
  332A-036/332A-035    CONDUIT     2.736     1  15:02      2.40    1.32    1.00
  332A-040/332A-036    CONDUIT     2.736     1  15:01      2.40    1.31    1.00
  332A-041/332A-040    CONDUIT     2.736     1  15:02      2.40    1.32    1.00
  332A-042/332A-041    CONDUIT     2.902     1  12:08      2.54    0.74    1.00
  332A-043/332A-042    CONDUIT     2.889     1  12:08      3.23    0.77    1.00
  332A-044/332A-043    CONDUIT     3.391     1  12:08      2.97    1.36    1.00
  332A-057/332A-044    CONDUIT     3.589     1  12:08      3.18    2.75    1.00
  332A-058/332A-057    CONDUIT     3.584     1  12:08      3.14    1.01    1.00
  332A-062/332A-058    CONDUIT     3.578     1  12:08      3.30    0.85    1.00
  332A-063/332A-062    CONDUIT     5.031     1  12:07      4.42    1.49    1.00
  332A-080/332A-063    CONDUIT     5.418     1  12:06      5.19    0.90    1.00
  332A-081/151A-265    CONDUIT     4.836     1  12:08      2.97    0.48    1.00
  332A-081/332A-080    CONDUIT     6.610     1  12:07      6.84    0.98    1.00
  332A-082/332A-081    CONDUIT     5.981     1  12:07      5.37    2.36    1.00
  332A-118/332A-082    CONDUIT     5.982     1  12:07      5.24    2.42    1.00
  332A-119/332A-118    CONDUIT     5.983     1  12:07      5.24    2.64    1.00
  332A-122/332A-119    CONDUIT     5.988     1  12:05      5.24    2.79    1.00
  332A-123/332A-122    CONDUIT     5.998     1  12:05      5.25    2.81    1.00
  332A-136/332A-123    CONDUIT     3.368     1  12:02      2.95    1.56    1.00
  332A-137/332A-136    CONDUIT     3.370     1  12:02      2.95    1.53    1.00
  332A-138/332A-137    CONDUIT     3.378     1  12:02      2.96    1.41    1.00
  332A-140/332A-138    CONDUIT     3.403     1  12:02      2.98    1.57    1.00
  332A-141/332A-140    CONDUIT     3.414     1  12:02      2.99    1.42    1.00
  332A-142/332A-141    CONDUIT     4.574     1  12:11      4.00    2.00    1.00
  332A-154/332A-142    CONDUIT     2.789     1  15:04      2.44    1.27    1.00
  332A-155/332A-154    CONDUIT     2.789     1  14:56      2.44    1.25    1.00
  332A-156/332A-155    CONDUIT     2.789     1  15:03      2.44    1.27    1.00
  332A-157/332A-156    CONDUIT     2.788     1  14:56      2.44    1.27    1.00
  332A-184/332A-186    CONDUIT     5.982     1  12:11      5.24    2.08    1.00
  332A-185/332A-184    CONDUIT     0.997     1  15:15      1.72    0.46    1.00
  332A-186/332A-157    CONDUIT     5.982     1  12:10      5.24   11.24    1.00
  332A-J24_332A-185    CONDUIT     0.583     1  06:19      1.81    0.32    1.00
  332A-J28/332A-081    CONDUIT     1.620     1  14:44      7.18   66.63    1.00
  332A-J38/332A-J39    CONDUIT     0.718     3  08:04      7.01    6.14    1.00
  332A-J39/151A-J40    CONDUIT     0.486     1  00:31      4.97    4.82    1.00
  333A-001/334A-011    CONDUIT     2.854     1  12:05      5.13    0.22    0.66
  333A-002/333A-001    CONDUIT     2.861     1  12:04      5.15    1.85    0.66
  333A-003/333A-002    CONDUIT     2.859     1  12:04      3.60    1.80    1.00
  333A-004/333A-003    CONDUIT     2.856     1  12:04      3.60    1.81    1.00
  333A-006/333A-004    CONDUIT     2.855     1  12:04      3.60    1.93    1.00
  333A-007/333A-006    CONDUIT     2.854     1  12:05      3.60    1.99    1.00
  333A-008/333A-007    CONDUIT     2.856     1  12:10      3.60    1.27    1.00
  333A-009/333A-008    CONDUIT     2.854     1  12:07      3.60    2.11    1.00
  333A-010/333A-009    CONDUIT     2.854     1  12:05      3.60    1.85    1.00
  333A-012/333A-010    CONDUIT     2.854     1  12:06      3.60    1.94    1.00
  333A-013/333A-012    CONDUIT     2.855     1  12:03      3.60    1.10    1.00
  333A-014/333A-013    CONDUIT     2.859     1  12:03     12.67    2.32    1.00
  333A-047/333A-014    CONDUIT     1.461     1  22:21      2.88    1.61    1.00
  333A-048/333A-047    CONDUIT     1.461     1  22:19      2.88    1.25    1.00
  333A-049/333A-048    CONDUIT     1.329     2  01:14      4.32    0.96    1.00
  333A-050/333A-049    CONDUIT     1.286     1  23:32      3.80    1.48    1.00
  334A-001/334A-107    CONDUIT    30.766     1  12:08      9.82    0.68    1.00
  334A-011/334A-001    CONDUIT    22.578     1  12:08      7.57    1.45    1.00
  334A-023/334A-011    CONDUIT    19.722     1  12:08      6.22    2.52    1.00
  334A-024/334A-023    CONDUIT    19.721     1  12:08      6.22    2.88    1.00
  334A-025/334A-024    CONDUIT    19.721     1  12:08      6.22    4.75    1.00
  334A-027/334A-025    CONDUIT    19.721     1  12:08      6.22    1.64    1.00
  334A-031/334A-027    CONDUIT    13.396     1  12:24      4.22    1.91    1.00
  334A-037/334A-031    CONDUIT    13.392     1  12:24      4.22    2.90    1.00
  334A-042/334A-037    CONDUIT    13.384     1  12:24      4.22    1.55    1.00
  334A-050/334A-042    CONDUIT    13.375     1  12:25      4.22    2.15    1.00
  334A-051/334A-050    CONDUIT    13.376     1  12:25      4.22    2.68    1.00
  334A-060/334A-051    CONDUIT     8.413     1  12:37      2.65    1.79    1.00
  334A-061/334A-060    CONDUIT     8.414     1  12:37      2.65    2.64    1.00
  334A-062/334A-061    CONDUIT     9.174     1  12:07      2.89   35.50    1.00
  335A-001/151A-206    CONDUIT     1.566     1  06:20      0.27    0.08    1.00
  336A-001_151A-021    CONDUIT     2.047     1  05:44      5.01    0.31    1.00
  336A-002/336A-001    CONDUIT     2.202     1  05:43      5.01    1.40    1.00
  336A-005/336A-209    CONDUIT     1.580     1  06:07      3.36    1.06    1.00
  336A-006/336A-208    CONDUIT     1.580     1  06:08      3.11    1.49    1.00
  336A-007/336A-006    CONDUIT     1.580     1  06:08      3.11    1.61    1.00
  336A-008/336A-007    CONDUIT     1.580     1  06:08      3.11    1.61    1.00
  336A-009/336A-008    CONDUIT     1.580     1  06:06      3.11    1.37    1.00
  336A-010/336A-009    CONDUIT     2.335     1  12:08      4.60    2.67    1.00
  336A-047/336A-010    CONDUIT     1.247     1  06:05      2.46    1.20    1.00
  336A-048/336A-047    CONDUIT     1.247     1  06:05      2.46    1.19    1.00
  336A-049/336A-048    CONDUIT     1.247     1  06:05      2.46    1.34    1.00
  336A-075/336A-049    CONDUIT     1.576     1  13:46      3.10    0.82    1.00
  336A-078/336A-075    CONDUIT     1.576     1  14:08      3.11    1.56    1.00
  336A-081/336A-078    CONDUIT     1.576     1  12:19      3.11    1.39    1.00
  336A-208/336A-005    CONDUIT     1.580     1  06:08      3.36    1.04    1.00
  336A-209/336A-002    CONDUIT     1.580     1  06:08      3.22    1.01    1.00
  337A-001/338A-058    CONDUIT     1.706     1  12:28      3.36    1.47    1.00
  337A-004/337A-001    CONDUIT     2.715     1  12:05      5.35    1.13    1.00
  337A-005/337A-004    CONDUIT     2.868     1  12:12      5.65    0.97    1.00
  337A-006/337A-005    CONDUIT     2.868     1  12:12      5.65    2.74    1.00
  337A-007/337A-006    CONDUIT     2.868     1  12:19      5.65    2.56    1.00
  337A-021/337A-007    CONDUIT     2.868     1  12:10      5.65    2.53    1.00
  337A-039_337A-021    CONDUIT     0.955     1  12:12      2.71    1.37    1.00
  337A-051_337A-039    CONDUIT     0.955     1  12:11      2.71    1.50    1.00
  337A-052_337A-051    CONDUIT     0.928     1  12:14      2.64    1.69    1.00
  337A-053_337A-052    CONDUIT     0.827     1  12:29      2.35    1.28    1.00
  337A-069/151A-030    CONDUIT     0.966     1  12:11      4.48    0.48    1.00
  337A-069_337A-053    CONDUIT     0.827     1  12:12      2.35    1.33    1.00
  337A-070/337A-069    CONDUIT     0.833     1  23:56      2.36    1.30    1.00
  337A-071/337A-070    CONDUIT     0.833     2  00:01      2.36    1.26    1.00
  337A-072/337A-071    CONDUIT     0.833     1  23:56      2.36    1.53    1.00
  337A-073/337A-072    CONDUIT     0.833     1  23:52      3.69    1.08    1.00
  337A-075/337A-073    CONDUIT     0.833     2  00:00      3.69    1.16    1.00
  337A-077/337A-075    CONDUIT     0.833     2  00:00      3.69    1.19    1.00
  337A-088/337A-077    CONDUIT     0.210     2  00:23      1.50    0.32    1.00
  337A-089/337A-088    CONDUIT     0.210     2  00:23      2.23    0.33    1.00
  337A-090/337A-089    CONDUIT     0.168     1  11:18      1.92    0.37    0.71
  337A-091/337A-090    CONDUIT     0.168     1  11:13      1.84    0.38    0.43
  337A-101/337A-091    CONDUIT     0.168     1  11:16      1.99    0.30    0.40
  337A-102/337A-101    CONDUIT     0.168     1  11:14      2.12    0.32    0.38
  337A-106/337A-102    CONDUIT     0.168     1  11:13      1.11    0.67    0.64
  337A-108/337A-106    CONDUIT     0.168     1  11:10      1.64    0.29    0.62
  337A-109/337A-108    CONDUIT     0.168     1  11:08      1.98    0.37    0.40
  337A-110/337A-109    CONDUIT     0.168     1  11:05      2.01    0.27    0.40
  337A-111/337A-110    CONDUIT     0.168     1  11:02      2.19    0.31    0.37
  338A-001/338A-002    CONDUIT     4.890     1  12:10      7.08    1.05    1.00
  338A-002/338A-003    CONDUIT     4.890     1  12:10      6.17    0.50    1.00
  338A-003/339A-020    CONDUIT    20.336     1  03:59      3.27    1.46    1.00
  338A-039/338A-001    CONDUIT     2.613     1  12:10      5.15    2.07    1.00
  338A-040/338A-039    CONDUIT     2.613     1  12:10      5.15    2.35    1.00
  338A-058/338A-040    CONDUIT     2.643     1  12:09      5.21    2.77    1.00
  338A-076/338A-001    CONDUIT     2.437     1  14:48      4.80    0.70    1.00
  338A-080/338A-076    CONDUIT     2.437     1  14:46      4.80    1.55    1.00
  338A-084/338A-080    CONDUIT     2.437     1  14:46      4.80    1.16    1.00
  338A-086/338A-084    CONDUIT     2.767     1  11:38      5.45    1.74    1.00
  338A-110/338A-086    CONDUIT     1.808     1  07:53      3.56    1.15    1.00
  338A-111/338A-110    CONDUIT     1.808     1  07:56      4.18    0.68    1.00
  338A-125/338A-111    CONDUIT     1.808     1  07:55      5.31    0.68    1.00
  338A-131/338A-279    CONDUIT     1.809     1  08:00      3.56    1.69    1.00
  338A-132/338A-131    CONDUIT     1.809     1  08:00      3.56    1.59    1.00
  338A-150/338A-132    CONDUIT     1.417     2  00:28      2.79    1.62    1.00
  338A-151/338A-150    CONDUIT     1.417     2  00:28      2.79    1.53    1.00
  338A-152/338A-151    CONDUIT     1.417     2  00:28      2.79    1.32    1.00
  338A-165/338A-152    CONDUIT     1.144     2  00:34      2.25    1.11    1.00
  338A-175/338A-165    CONDUIT     1.144     2  00:34      2.27    1.14    1.00
  338A-179/338A-175    CONDUIT     0.770     1  04:41      1.71    0.74    1.00
  338A-180/338A-179    CONDUIT     0.770     1  04:41      2.13    0.77    1.00
  338A-181/338A-180    CONDUIT     0.769     2  00:16      2.14    0.73    1.00
  338A-182/338A-181    CONDUIT     0.769     2  00:16      2.13    0.77    1.00
  338A-185/338A-182    CONDUIT     0.896     1  12:36      2.25    0.76    1.00
  338A-191/338A-185    CONDUIT     0.896     1  15:48      2.45    0.74    1.00
  338A-192/338A-191    CONDUIT     0.896     1  15:50      2.06    1.11    1.00
  338A-193/338A-192    CONDUIT     0.896     1  10:55      1.93    0.94    1.00
  338A-194/338A-193    CONDUIT     0.896     1  15:43      2.08    0.95    1.00
  338A-195/338A-194    CONDUIT     1.004     1  14:14      2.21    0.91    1.00
  338A-197/338A-195    CONDUIT     1.894     1  12:38      3.73    1.95    1.00
  338A-201/338A-197    CONDUIT     2.296     1  12:34      4.52    2.40    1.00
  338A-202/338A-201    CONDUIT     2.296     1  13:15      4.52    2.41    1.00
  338A-203/338A-202    CONDUIT     2.296     1  11:59      4.52    1.32    1.00
  338A-279/338A-280    CONDUIT     1.809     1  07:50      3.56    1.69    1.00
  338A-280/338A-125    CONDUIT     1.808     1  07:56      3.82    1.69    1.00
  339A-002A_339A-002B  CONDUIT     6.040     1  02:39      4.28    0.20    1.00
  339A-002B_339A-002C  CONDUIT     6.040     1  02:38      4.28    0.13    1.00
  339A-002C_339A-002G  CONDUIT     6.070     1  02:38      4.30   25.17    1.00
  339A-002D_339A-002E  CONDUIT    13.961     2  02:24      4.40    0.15    1.00
  339A-002E_339A-002F  CONDUIT    13.961     2  02:24      4.40    0.11    1.00
  339A-002F_339A-002H  CONDUIT    13.963     2  02:25      4.40   19.65    1.00
  339A-002G_339A-076   CONDUIT     6.087     1  02:38      4.66    0.11    1.00
  339A-002H_339A-076   CONDUIT    13.961     2  02:24      4.40    0.09    1.00
  339A-002_339A-002A   CONDUIT     6.053     1  02:39      6.83    0.10    1.00
  339A-002_339A-002D   CONDUIT    13.961     2  02:25      9.03    0.08    1.00
  339A-002_OFALL_LA    CONDUIT    34.808     1  12:07      7.74    7.01    0.72
  339A-003/339A-002    CONDUIT    47.186     1  03:42     11.27    0.33    1.00
  339A-005/339A-003    CONDUIT    24.817     1  03:44      5.77    1.44    1.00
  339A-007/339A-005    CONDUIT    24.262     1  03:48      3.95    0.94    1.00
  339A-008/339A-007    CONDUIT    22.726     1  03:52      3.53    1.29    1.00
  339A-010/339A-008    CONDUIT    21.893     1  03:53      3.28    1.11    1.00
  339A-011/339A-010    CONDUIT    20.348     1  03:50      3.20    0.73    1.00
  339A-012/339A-011    CONDUIT    20.431     1  03:55      3.15    1.37    1.00
  339A-013/339A-012    CONDUIT    20.663     1  03:55      3.10    0.69    1.00
  339A-014/339A-013    CONDUIT    20.248     1  03:56      3.13    1.06    1.00
  339A-015/339A-014    CONDUIT    20.471     1  03:57      3.07    1.88    1.00
  339A-016/339A-015    CONDUIT    20.731     1  03:57      3.09    0.77    1.00
  339A-017/339A-016    CONDUIT    20.583     1  03:58      3.08    1.38    1.00
  339A-018/339A-017    CONDUIT    20.363     1  03:58      2.80    1.82    1.00
  339A-019/339A-018    CONDUIT    20.328     1  03:59      2.54    1.90    1.00
  339A-020/339A-019    CONDUIT    20.333     1  03:59      2.50    0.97    1.00
  339A-022/338A-003    CONDUIT    17.164     1  03:31      2.76    3.66    1.00
  339A-023/339A-022    CONDUIT    17.103     1  03:31      3.04    0.80    1.00
  339A-024/339A-023    CONDUIT    17.066     1  03:31      3.50    1.04    1.00
  339A-069/339A-024    CONDUIT    17.107     1  03:31      5.47    0.44    1.00
  339A-070/339A-069    CONDUIT    17.109     1  03:31      4.38    0.86    1.00
  339A-071/339A-070    CONDUIT    17.119     1  03:31      4.86    0.90    1.00
  339A-076/172A-001    CONDUIT    24.609     1  02:42      7.47    0.30    1.00
  350A-001/172A-047    CONDUIT     3.736     1  16:00      5.50    0.05    0.57
  350A-002/350A-001    CONDUIT     3.737     1  14:36      7.76    0.43    0.44
  350A-003/350A-002    CONDUIT     3.737     1  10:53      3.57    1.53    0.86
  350A-004/350A-003    CONDUIT     3.738     1  16:13      3.27    2.10    1.00
  350A-008/350A-004    CONDUIT     3.738     1  08:12      3.27    2.09    1.00
  350A-009/350A-008    CONDUIT     3.739     1  14:11      3.27    2.13    1.00
  350A-021/350A-009    CONDUIT     3.738     1  10:50      3.27    0.67    1.00
  350A-023/350A-021    CONDUIT     3.738     1  10:44      4.66    0.73    1.00
  350A-066/350A-023    CONDUIT     4.496     1  12:07      3.94    2.66    1.00
  350A-067/350A-066    CONDUIT     4.496     1  12:22      3.94    0.72    1.00
  350A-068/350A-067    CONDUIT     4.496     1  12:00      3.94    2.61    1.00
  350A-069/350A-068    CONDUIT     4.496     1  11:42      3.94    0.48    1.00
  350A-121/350A-069    CONDUIT     3.461     1  09:03      3.27    1.35    1.00
  350A-122/350A-121    CONDUIT     3.461     1  09:03      3.03    1.58    1.00
  350A-123/350A-122    CONDUIT     4.058     1  09:46      3.55    0.90    1.00
  350A-124/350A-123    CONDUIT     4.630     1  12:24      4.05    1.16    1.00
  350A-125/350A-198    CONDUIT     4.630     1  12:15      4.85    0.82    1.00
  350A-147/350A-125    CONDUIT     4.630     1  12:24      4.05    2.12    1.00
  350A-149/350A-147    CONDUIT     7.145     1  12:11      6.26    1.44    1.00
  350A-154/350A-149    CONDUIT     7.145     1  12:11      6.26    2.16    1.00
  350A-160/350A-154    CONDUIT     3.174     1  15:26      2.78    2.27    1.00
  350A-163/350A-160    CONDUIT     3.174     1  15:29      2.78    0.96    1.00
  350A-198/350A-124    CONDUIT     4.630     1  12:15      4.13    0.90    1.00
  351A-001/172A-179    CONDUIT    14.699     1  10:51      3.22   17.45    1.00
  351A-002/351A-001    CONDUIT     0.280     1  03:53      0.32    0.00    1.00
  351A-012/351A-001    CONDUIT    28.900     1  12:07      6.33    0.79    1.00
  351A-019/351A-012    CONDUIT    25.715     1  12:08      5.63    1.15    1.00
  351A-020/351A-019    CONDUIT    25.715     1  12:08      5.63    0.91    1.00
  351A-021/351A-020    CONDUIT    25.714     1  12:08      5.63    0.87    1.00
  351A-025/351A-021    CONDUIT    25.713     1  12:08      5.63    0.87    1.00
  351A-028/351A-025    CONDUIT    25.712     1  12:08      5.76    0.84    1.00
  351A-029/351A-028    CONDUIT     0.392     2  00:25      5.37    0.19    1.00
  351A-030/351A-028    CONDUIT    25.407     1  12:08      5.56    3.50    1.00
  351A-031/351A-030    CONDUIT    13.843     1  12:06      4.36    1.02    1.00
  351A-036/351A-130    CONDUIT    13.859     1  12:06      4.37    1.66    1.00
  351A-039/351A-036    CONDUIT    13.871     1  12:06      4.37    2.16    1.00
  351A-040/351A-129    CONDUIT     0.494     1  18:50      2.82    1.19    1.00
  351A-041/351A-040    CONDUIT     0.493     1  18:50      2.19    1.17    1.00
  351A-044/351A-041    CONDUIT     0.493     1  18:50      2.19    1.19    1.00
  351A-046/282A-017    CONDUIT     0.625     1  12:07      2.96    1.02    1.00
  351A-046/351A-044    CONDUIT     0.493     1  18:50      2.18    1.17    1.00
  351A-053/351A-046    CONDUIT     0.477     1  09:37      2.12    1.15    1.00
  351A-054/351A-053    CONDUIT     0.477     1  09:38      2.13    1.13    1.00
  351A-059/351A-039    CONDUIT     0.975     1  12:53      1.71    0.07    1.00
  351A-060/351A-059    CONDUIT     0.975     1  12:53      3.09    0.64    1.00
  351A-061/351A-060    CONDUIT     0.975     1  12:56      1.92    0.63    1.00
  351A-068/351A-061    CONDUIT     0.915     1  12:08      1.15    0.59    1.00
  351A-074/351A-068    CONDUIT     0.128     1  10:12      0.35    0.13    1.00
  351A-080/351A-133    CONDUIT     7.569     1  11:49      2.39    0.79    1.00
  351A-086/351A-039    CONDUIT     8.802     1  12:57      2.77    0.89    1.00
  351A-087/351A-086    CONDUIT     8.801     1  12:57      2.77    1.16    1.00
  351A-088/351A-087    CONDUIT     8.798     1  12:57      2.77    1.06    1.00
  351A-091/351A-080    CONDUIT     7.570     1  11:48      2.39    1.05    1.00
  351A-109/351A-091    CONDUIT     7.575     1  11:48      2.39    1.16    1.00
  351A-112/351A-109    CONDUIT     6.966     1  13:35      2.20    0.92    1.00
  351A-129/351A-039    CONDUIT     0.524     1  18:50      2.82    0.37    1.00
  351A-130/351A-031    CONDUIT    13.851     1  12:06      4.37    1.97    1.00
  351A-133/353A-004    CONDUIT     7.572     1  11:48      3.37    0.24    1.00
  351A-136/351A-112    CONDUIT     6.493     1  13:37      2.05   14.36    1.00
  352A-002/351A-030    CONDUIT     4.390     1  12:10      5.13    0.32    0.72
  352A-003/352A-002    CONDUIT     4.325     1  12:08      5.10    1.16    0.72
  352A-004/352A-003    CONDUIT     4.325     1  12:08      3.79    1.16    1.00
  352A-008/352A-07     CONDUIT     4.325     1  12:08      3.79    1.32    1.00
  352A-009/352A-008    CONDUIT     4.795     1  12:03      4.20    1.19    1.00
  352A-028/352A-155    CONDUIT     1.966     1  17:10      4.29    0.81    1.00
  352A-029/352A-028    CONDUIT     2.033     1  11:00      4.30    2.12    1.00
  352A-030/352A-029    CONDUIT     2.033     1  11:00      4.00    2.13    1.00
  352A-031/352A-030    CONDUIT     2.032     1  11:00      4.00    2.12    1.00
  352A-032/352A-031    CONDUIT     2.032     1  11:00      4.00    0.60    1.00
  352A-040/352A-032    CONDUIT     1.183     1  17:21      3.10    0.93    1.00
  352A-042/352A-040    CONDUIT     1.183     1  17:20      2.78    0.93    1.00
  352A-043/352A-042    CONDUIT     1.182     1  17:21      2.36    1.25    1.00
  352A-044/352A-043    CONDUIT     0.075     1  10:11      0.16    0.04    1.00
  352A-048/352A-044    CONDUIT     0.055     1  11:09      0.13    0.03    1.00
  352A-05/352A-004     CONDUIT     4.325     1  12:08      3.79    1.33    1.00
  352A-054/352A-043    CONDUIT     1.181     1  17:20      2.48    0.84    1.00
  352A-055/352A-054    CONDUIT     1.181     1  17:21      2.34    2.82    1.00
  352A-059/352A-055    CONDUIT     1.181     1  17:20      2.33    1.76    1.00
  352A-06/352A-05      CONDUIT     4.325     1  12:09      3.79    1.07    1.00
  352A-067/352A-059    CONDUIT     1.181     1  17:23      2.33    1.70    1.00
  352A-069/352A-067    CONDUIT     1.181     1  17:21      2.33    2.69    1.00
  352A-07/352A-06      CONDUIT     4.325     1  12:08      3.79    1.33    1.00
  352A-071/352A-069    CONDUIT     1.181     1  17:21      2.33    1.43    1.00
  352A-072/352A-071    CONDUIT     1.181     1  17:21      2.33    2.04    1.00
  352A-155/352A-009    CONDUIT     4.795     1  12:12      4.20    1.22    1.00
  353A-001/351A-061    CONDUIT     0.974     1  12:53      2.92    0.43    1.00
  353A-004/351A-088    CONDUIT     8.798     1  12:57      4.20    0.21    1.00
  353A-004/353A-001    CONDUIT     0.974     1  12:57      2.72    0.96    1.00
  353A-005/353A-004    CONDUIT     2.401     1  11:55      4.73    2.36    1.00
  354A-002/352A-155    CONDUIT     3.138     1  12:11      2.75    1.65    1.00
  354A-003/354A-002    CONDUIT     3.137     1  12:03      2.75    1.09    1.00
  354A-004/354A-003    CONDUIT     3.137     1  12:11      3.95    1.71    1.00
  354A-005/354A-004    CONDUIT     3.137     1  12:11      3.95    2.09    1.00
  354A-006/354A-005    CONDUIT     3.353     1  12:10      4.23    2.09    1.00
  354A-008/354A-006    CONDUIT     1.678     1  14:19      2.12    0.86    1.00
  354A-011/354A-008    CONDUIT     1.677     1  14:17      2.11    1.06    1.00
  354A-013/354A-011    CONDUIT     1.677     1  14:18      2.11    1.03    1.00
  354A-020/354A-013    CONDUIT     1.677     1  14:18      2.11    1.05    1.00
  354A-024/354A-020    CONDUIT     1.676     1  14:16      2.17    0.98    1.00
  354A-053/354A-024    CONDUIT     1.675     1  14:19      3.30    1.28    1.00
  354A-055/354A-053    CONDUIT     1.675     1  14:16      3.30    1.54    1.00
  355A-001/356A-003    CONDUIT     2.348     1  12:28      4.05    0.29    0.69
  355A-004/355A-001    CONDUIT     2.351     1  12:09      4.37    1.01    0.69
  355A-005/355A-004    CONDUIT     2.367     1  12:02      3.02    1.54    1.00
  355A-007/355A-005    CONDUIT     2.367     1  12:01      2.98    1.46    1.00
  355A-013/355A-007    CONDUIT     2.367     1  12:01      2.98    1.54    1.00
  355A-017/355A-013    CONDUIT     2.367     1  12:01      2.98    1.52    1.00
  355A-024/355A-017    CONDUIT     2.367     1  12:01      4.66    1.97    1.00
  355A-033/355A-024    CONDUIT     2.367     1  12:01      4.66    2.28    1.00
  355A-034/355A-033    CONDUIT     2.368     1  12:01      4.66    2.31    1.00
  355A-039/355A-034    CONDUIT     2.372     1  12:01      4.67    2.16    1.00
  355A-040/355A-039    CONDUIT     2.376     1  12:01      4.68    2.50    1.00
  356A-001/351A-136    CONDUIT     6.492     1  13:37      2.05    0.95    1.00
  356A-002/356A-001    CONDUIT     6.494     1  13:37      2.05    0.77    1.00
  356A-003/356A-002    CONDUIT     6.492     1  13:38      2.05    0.74    1.00
  356A-005/356A-003    CONDUIT     6.138     1  12:07      1.93    1.02    1.00
  356A-009/356A-005    CONDUIT     6.140     1  12:07      1.94    1.02    1.00
  356A-031/356A-009    CONDUIT     8.371     1  12:08      2.64    1.10    1.00
  356A-032/356A-031    CONDUIT     8.371     1  12:08      2.64   11.18    1.00
  356A-033/356A-032    CONDUIT     8.373     1  12:08      2.64    0.84    1.00
  356A-034/356A-033    CONDUIT     9.909     1  12:07      4.88    1.73    1.00
  356A-035/356A-034    CONDUIT     5.751     1  12:06      2.83    1.53    1.00
  356A-036/356A-035    CONDUIT     5.751     1  12:06      2.83    1.50    1.00
  356A-037/356A-036    CONDUIT     7.060     1  12:06      3.48    1.67    1.00
  356A-039/356A-037    CONDUIT     7.059     1  12:06      3.48    1.78    1.00
  356A-040/356A-039    CONDUIT     3.451     1  12:05      2.22    0.51    1.00
  356A-042/356A-041    CONDUIT     0.994     1  12:05      1.96    0.73    1.00
  356A-043/356A-042    CONDUIT     0.992     1  12:05      2.50    0.73    1.00
  356A-044/356A-043    CONDUIT     0.729     1  12:05      2.37    0.54    1.00
  356A-045/356A-044    CONDUIT     0.485     1  12:08      1.66    0.36    0.87
  356A-046/356A-045    CONDUIT     0.276     1  12:10      1.34    0.20    0.59
  356A-047/356A-046    CONDUIT     0.236     1  12:14      1.29    0.45    0.54
  356A-048/356A-047    CONDUIT     0.081     1  12:16      0.54    0.05    0.36
  356A-049/356A-048    CONDUIT     0.000     0  00:00      0.00    0.00    0.06
  356A-058/356A-108    CONDUIT     5.370     1  12:09      2.64    0.86    1.00
  356A-099/356A-040    CONDUIT     2.493     2  01:05      2.44    0.59    1.00
  356A-100/356A-099    CONDUIT     2.489     2  01:05      2.27    0.77    1.00
  356A-101/356A-100    CONDUIT     2.463     2  00:58      2.15    0.78    1.00
  356A-102/356A-101    CONDUIT     5.371     1  12:09      3.81    1.47    1.00
  356A-103/356A-102    CONDUIT     5.371     1  12:09      3.46    1.81    1.00
  356A-104/356A-103    CONDUIT     5.371     1  12:09      3.45    1.78    1.00
  356A-106/356A-104    CONDUIT     5.371     1  12:09      3.45    1.71    1.00
  356A-107/356A-106    CONDUIT     5.371     1  12:09      2.65    1.23    1.00
  356A-108/356A-107    CONDUIT     5.371     1  12:09      2.65    1.24    1.00
  356A-121/356A-058    CONDUIT     5.370     1  12:09      2.64    1.12    1.00
  356A-124/356A-121    CONDUIT     5.370     1  12:09      2.64    0.86    1.00
  356A-125/356A-124    CONDUIT     4.497     1  12:07      2.79    0.72    1.00
  356A-126/356A-125    CONDUIT     4.497     1  12:07      2.91    1.08    1.00
  356A-127/356A-126    CONDUIT     4.497     1  12:07      2.89    1.08    1.00
  356A-140/356A-040    CONDUIT     2.516     1  12:08      4.96    1.58    1.00
  356A-141/356A-041    CONDUIT     1.734     1  12:08      3.42    1.28    1.00
  356A-141/356A-140    CONDUIT     1.734     1  12:09      3.42    0.23    1.00
  356A-SB17/356A-003   CONDUIT     0.025     0  10:30      0.10    0.02    1.00
  358A-001/199A-003    CONDUIT     1.251     1  10:30      2.53    1.49    1.00
  359A-002_359A-104    CONDUIT     1.043     1  16:15      2.43    0.72    1.00
  359A-003_359A-002    CONDUIT     1.034     1  16:24      2.24    1.50    1.00
  359A-004_359A-003    CONDUIT     1.034     1  16:24      2.04    1.53    1.00
  359A-005_359A-004    CONDUIT     1.034     1  16:24      2.04    1.45    1.00
  359A-006_359A-005    CONDUIT     1.034     1  16:24      2.04    1.58    1.00
  359A-007_359A-006    CONDUIT     1.034     1  16:24      2.04    1.57    1.00
  359A-008_359A-007    CONDUIT     1.034     1  16:24      2.04    1.56    1.00
  359A-104_366A-024    CONDUIT     2.013     1  11:24      3.97    1.38    1.00
  360A-001_PERRY-07    CONDUIT    11.668     1  04:27      7.16    0.35    1.00
  360A-001_PERRY-08    CONDUIT     4.041     1  03:44      6.00    0.33    1.00
  360A-001_PERRY-09    CONDUIT    11.633     1  04:27      7.48    0.33    1.00
  360A-001_PERRY_OVERFLOW CONDUIT     6.620     1  12:05     15.35    0.15    0.27
  360A-003/360A-001    CONDUIT    26.348     1  03:57      5.15    0.56    1.00
  360A-004/360A-003    CONDUIT    37.184     1  12:06      4.67    1.22    1.00
  360A-005/360A-135    CONDUIT    32.771     1  12:07      4.49    1.30    1.00
  360A-007/360A-005    CONDUIT    32.768     1  12:07      4.24    1.55    1.00
  360A-008/360A-007    CONDUIT    32.760     1  12:07      4.32    1.63    1.00
  360A-009/360A-008    CONDUIT    32.753     1  12:07      4.08    1.36    1.00
  360A-021/360A-009    CONDUIT    32.747     1  12:07      4.03    1.33    1.00
  360A-032/360A-021    CONDUIT    32.741     1  12:07      4.03    1.07    1.00
  360A-046/360A-032    CONDUIT    26.734     1  04:38      3.92    0.98    1.00
  360A-068/360A-069    CONDUIT    27.415     1  04:41      3.80    1.11    1.00
  360A-069/360A-077    CONDUIT    27.214     1  04:42      4.45    0.81    1.00
  360A-075/360A-046    CONDUIT    26.837     1  04:38      4.21    0.93    1.00
  360A-076/360A-075    CONDUIT    26.964     1  04:40      4.20    0.66    1.00
  360A-077/360A-076    CONDUIT    27.083     1  04:41      4.07    3.00    1.00
  360A-079/360A-068    CONDUIT    27.981     1  04:42      4.53    1.28    1.00
  360A-080/360A-079    CONDUIT    27.507     1  04:44      3.76    0.97    1.00
  360A-088/360A-136    CONDUIT    27.388     1  04:45      4.69    0.91    1.00
  360A-089/360A-088    CONDUIT    27.437     1  04:45      4.33    1.03    1.00
  360A-121/360A-089    CONDUIT    27.473     1  04:45      3.85    2.12    1.00
  360A-122/360A-J57    CONDUIT    27.532     1  04:50      4.36    1.23    1.00
  360A-123/360A-122    CONDUIT    27.579     1  04:51      5.24    0.73    1.00
  360A-124/360A-123    CONDUIT    27.706     1  04:54      6.86    0.40    1.00
  360A-125/360A-138    CONDUIT    27.640     1  04:53      5.44    1.07    1.00
  360A-126/360A-125    CONDUIT    30.111     1  12:05      8.62    0.49    1.00
  360A-135/360A-004    CONDUIT    32.774     1  12:07      4.45    1.14    1.00
  360A-136/360A-080    CONDUIT    27.315     1  04:44      4.57    0.85    1.00
  360A-137/360A-121    CONDUIT    27.527     1  04:49      4.92    0.56    1.00
  360A-138/360A-124    CONDUIT    27.603     1  04:53      5.63    1.13    1.00
  360A-J56/360A-001    CONDUIT     1.844     1  14:24      5.24    1.36    1.00
  360A-J57_360A-137    CONDUIT    27.474     1  04:50      4.92    1.03    1.00
  361A-247/316A-004    CONDUIT     4.781     2  00:13      5.15    0.50    1.00
  362A-001/366A-174    CONDUIT     3.064     1  12:10      3.86    0.57    1.00
  362A-002/362A-001    CONDUIT     3.064     1  12:10      3.86    1.98    1.00
  362A-003/362A-002    CONDUIT     2.727     1  12:04      3.44    1.75    1.00
  362A-004/362A-003    CONDUIT     1.328     1  13:52      3.01    0.19    1.00
  362A-005/362A-004    CONDUIT     2.133     1  12:11      4.20    1.44    1.00
  362A-006/362A-005    CONDUIT     2.133     1  12:40      4.20    1.37    1.00
  362A-007/362A-006    CONDUIT     2.133     1  12:09      4.20    1.40    1.00
  362A-022/362A-003    CONDUIT     1.517     1  15:07      2.99    0.64    1.00
  362A-023/362A-022    CONDUIT     1.517     1  15:07      4.00    0.58    1.00
  362A-024/362A-023    CONDUIT     1.831     1  12:03      4.25    0.66    1.00
  362A-025/362A-024    CONDUIT     1.830     1  12:03      4.74    0.68    1.00
  362A-026/362A-025    CONDUIT     1.828     1  12:03      4.58    0.81    1.00
  362A-027/362A-026    CONDUIT     1.825     1  12:03      3.60    1.27    1.00
  362A-028/362A-027    CONDUIT     1.825     1  12:04      3.59    1.25    1.00
  362A-029/362A-028    CONDUIT     1.825     1  12:53      3.59    1.22    1.00
  362A-030/362A-029    CONDUIT     1.825     1  12:04      3.60    1.27    1.00
  362A-031/362A-030    CONDUIT     1.825     1  12:04      3.60    1.13    1.00
  362A-032/362A-031    CONDUIT     1.827     1  12:03      3.60    1.42    1.00
  362A-033/362A-032    CONDUIT     0.226     1  11:36      0.45    0.20    1.00
  362A-034/362A-033    CONDUIT     0.170     1  11:37      0.55    0.16    1.00
  363A-001/365A-161    CONDUIT     4.336     1  12:12      5.47    2.16    1.00
  363A-004/363A-001    CONDUIT     2.458     1  12:23      3.10    1.52    1.00
  363A-007/363A-004    CONDUIT     2.456     1  12:23      3.10    1.52    1.00
  363A-019/363A-007    CONDUIT     3.244     1  12:05      4.09    2.01    1.00
  363A-024/363A-019    CONDUIT     1.655     1  13:26      2.09    1.06    1.00
  363A-031/363A-024    CONDUIT     1.655     1  13:25      3.26    1.47    1.00
  363A-038/363A-031    CONDUIT     1.654     1  13:26      3.26    1.51    1.00
  364A-002/365A-161    CONDUIT     1.468     1  21:01      1.37    0.74    1.00
  364A-003/364A-002    CONDUIT     1.468     1  21:02      1.73    0.58    1.00
  364A-004/364A-003    CONDUIT     1.468     1  21:01      1.93    0.74    1.00
  364A-005/364A-004    CONDUIT     1.468     1  20:58      1.87    0.69    1.00
  364A-006/364A-005    CONDUIT     1.468     1  20:59      2.03    0.60    1.00
  364A-007/364A-006    CONDUIT     1.468     1  20:59      2.08    0.67    1.00
  364A-029/364A-007    CONDUIT     0.740     1  20:57      1.40    0.37    1.00
  364A-034/364A-029    CONDUIT     0.739     1  20:57      1.34    0.43    1.00
  364A-039/364A-034    CONDUIT     0.739     1  20:57      1.76    0.29    1.00
  364A-044/364A-039    CONDUIT     0.739     1  20:57      1.60    0.32    1.00
  364A-049/364A-044    CONDUIT     0.739     1  20:57      1.56    0.32    1.00
  364A-054/364A-059    CONDUIT     0.712     1  20:35      1.51    0.33    1.00
  364A-059/364A-049    CONDUIT     0.732     1  20:45      1.52    0.34    1.00
  364A-064/364A-054    CONDUIT     0.695     1  20:07      1.50    0.33    1.00
  364A-069/364A-064    CONDUIT     0.668     1  19:58      1.46    0.33    1.00
  364A-072/364A-069    CONDUIT     0.797     1  11:07      1.19    0.25    1.00
  364A-073/364A-072    CONDUIT     0.790     1  11:08      0.77    0.34    1.00
  364A-074/364A-073    CONDUIT     0.645     1  11:15      0.67    0.28    1.00
  364A-075/364A-074    CONDUIT     0.353     1  11:18      0.72    0.13    1.00
  365A-001/365A-162    CONDUIT     3.058     1  14:06      2.68    1.00    1.00
  365A-003/365A-001    CONDUIT     3.059     1  14:06      2.68    1.34    1.00
  365A-005/365A-003    CONDUIT     3.060     1  14:03      2.68    1.39    1.00
  365A-007/365A-005    CONDUIT     3.058     1  14:06      2.68    1.42    1.00
  365A-008/365A-007    CONDUIT     3.058     1  14:03      2.68    1.36    1.00
  365A-009/365A-008    CONDUIT     3.058     1  14:03      2.68    1.40    1.00
  365A-014/365A-009    CONDUIT     3.058     1  14:03      2.68    1.35    1.00
  365A-022/365A-162    CONDUIT     2.852     1  12:57      3.60    1.08    1.00
  365A-030/365A-022    CONDUIT     2.852     1  12:57      3.60    1.45    1.00
  365A-031/365A-030    CONDUIT     3.311     1  12:07      4.18    1.79    1.00
  365A-032/365A-031    CONDUIT     3.623     1  12:06      4.57    1.68    1.00
  365A-033/365A-032    CONDUIT     3.624     1  12:11      4.57    2.06    1.00
  365A-034/365A-033    CONDUIT     3.622     1  12:11      4.57    2.06    1.00
  365A-080/365A-034    CONDUIT     1.664     1  14:23      3.28    1.42    1.00
  365A-083/365A-080    CONDUIT     1.664     1  14:23      3.28    1.59    1.00
  365A-161/365A-014    CONDUIT     3.864     1  12:04      3.38    1.77    1.00
  365A-162/316A-189    CONDUIT     8.182     1  12:05      5.26    2.36    1.00
  366A-001/366A-343    CONDUIT     6.378     1  15:43      3.91    5.59    1.00
  366A-003/366A-001    CONDUIT     6.375     1  15:43      4.52    1.06    1.00
  366A-004/366A-003    CONDUIT    12.535     1  12:25      6.17    1.03    1.00
  366A-005/366A-336    CONDUIT    17.124     1  12:06      8.43    2.72    1.00
  366A-006/366A-005    CONDUIT     9.839     1  12:08      4.85    1.10    1.00
  366A-007/366A-006    CONDUIT     9.839     1  12:08      4.85    1.81    1.00
  366A-008/366A-007    CONDUIT     6.969     1  12:31      3.43    1.35    1.00
  366A-009/366A-008    CONDUIT     6.969     1  12:31      3.43    1.30    1.00
  366A-010/366A-009    CONDUIT     7.959     1  12:08      3.92    0.99    1.00
  366A-012/366A-010    CONDUIT     7.959     1  12:08      3.92    1.12    1.00
  366A-013/366A-012    CONDUIT     7.958     1  12:08      3.92    1.99    1.00
  366A-014/366A-013    CONDUIT     7.957     1  12:08      3.92    1.70    1.00
  366A-015/366A-014    CONDUIT     7.956     1  12:08      3.92    1.68    1.00
  366A-016/366A-015    CONDUIT     7.955     1  12:08      3.92    1.72    1.00
  366A-017/366A-016    CONDUIT     7.955     1  12:08      3.92    1.70    1.00
  366A-018/366A-017    CONDUIT     7.954     1  12:08      3.92    1.65    1.00
  366A-019/366A-018    CONDUIT     7.954     1  12:08      3.92    1.68    1.00
  366A-020/366A-019    CONDUIT     7.953     1  12:08      3.92    1.68    1.00
  366A-021/366A-020    CONDUIT     4.655     1  12:57      2.29    0.99    1.00
  366A-022/366A-021    CONDUIT     4.651     1  12:57      2.29    0.99    1.00
  366A-023/366A-022    CONDUIT     4.647     1  12:57      2.41    1.00    1.00
  366A-024/366A-023    CONDUIT     4.642     1  12:57      2.48    1.00    1.00
  366A-170/366A-349    CONDUIT    27.716     1  03:46      2.90    1.54    1.00
  366A-171/366A-170    CONDUIT    27.994     1  03:48      2.83    1.33    1.00
  366A-172/366A-171    CONDUIT    28.296     1  03:48      2.79    1.03    1.00
  366A-173/366A-172    CONDUIT    28.573     1  03:49      2.86    0.32    1.00
  366A-174/366A-173    CONDUIT    28.831     1  03:49      2.99    0.70    1.00
  366A-177/366A-319    CONDUIT    29.298     1  03:59      3.15    0.31    1.00
  366A-178/366A-319    CONDUIT     4.263     1  12:10      0.93    0.01    1.00
  366A-179/366A-178    CONDUIT     4.264     1  12:10      5.38    0.69    1.00
  366A-180/366A-179    CONDUIT     4.264     1  12:10      5.38    2.82    1.00
  366A-205/366A-291    CONDUIT    30.903     1  03:56      2.98    0.99    1.00
  366A-264/366A-177    CONDUIT    29.648     1  03:59      3.43    1.08    1.00
  366A-265/366A-264    CONDUIT    29.776     1  03:59      3.03    0.81    1.00
  366A-269/366A-265    CONDUIT    29.611     1  03:58      2.99    1.80    1.00
  366A-270/366A-269    CONDUIT    29.903     1  03:58      3.03    0.68    1.00
  366A-271/366A-270    CONDUIT    30.102     1  03:57      3.09    1.04    1.00
  366A-283/366A-271    CONDUIT    30.226     1  03:57      3.31    0.87    1.00
  366A-284/366A-283    CONDUIT    30.494     1  03:56      3.09    0.97    1.00
  366A-291/366A-284    CONDUIT    30.683     1  04:04      3.02    9.25    1.00
  366A-306/366A-205    CONDUIT    31.131     1  04:04      3.18    0.66    1.00
  366A-307/366A-306    CONDUIT    31.440     1  03:55      3.13    0.93    1.00
  366A-308/366A-307    CONDUIT    31.679     1  03:54      3.05    1.06    1.00
  366A-309/366A-308    CONDUIT    31.979     1  03:54      3.36    0.63    1.00
  366A-310/366A-309    CONDUIT    32.263     1  03:53      3.45    0.76    1.00
  366A-311/366A-310    CONDUIT    32.503     1  03:53      3.18    2.27    1.00
  366A-318/366A-269    CONDUIT     0.609     0  16:24      0.61    0.04    1.00
  366A-319/366A-340    CONDUIT    28.050     1  03:49      2.80    2.79    1.00
  366A-336/366A-004    CONDUIT    14.643     1  12:12      7.21    1.08    1.00
  366A-338/366A-343    CONDUIT    27.151     1  03:46      2.80    0.39    1.00
  366A-339/366A-174    CONDUIT    27.696     1  03:50      2.89    0.89    1.00
  366A-340/366A-339    CONDUIT    27.902     1  03:50      2.86    1.91    1.00
  366A-343/370A-144    CONDUIT    29.764     1  03:40      3.02    0.84    1.00
  366A-349/366A-338    CONDUIT    27.445     1  03:46      2.91    0.56    1.00
  367A-001/366A-024    CONDUIT     4.562     1  12:14      3.99    0.95    1.00
  367A-002/367A-001    CONDUIT     4.563     1  12:14      3.99    0.61    1.00
  367A-003/367A-002    CONDUIT     4.563     1  12:14      4.99    0.85    1.00
  367A-004/367A-003    CONDUIT     4.562     1  12:14      3.99    1.74    1.00
  367A-005/367A-004    CONDUIT     4.562     1  12:14      3.99    3.05    1.00
  367A-007/367A-005    CONDUIT     2.019     1  12:14      1.77    0.55    1.00
  367A-008/367A-007    CONDUIT     1.920     1  12:18      1.68    0.61    1.00
  367A-043/367A-008    CONDUIT     1.920     1  12:18      1.68    0.96    1.00
  367A-044/367A-043    CONDUIT     1.920     1  12:18      1.85    0.69    1.00
  367A-046/367A-044    CONDUIT     1.920     1  12:18      2.53    0.62    1.00
  367A-047/367A-046    CONDUIT     2.432     1  12:04      3.01    2.98    1.00
  367A-056/367A-047    CONDUIT     3.149     1  12:06      2.77    1.44    1.00
  367A-057/367A-056    CONDUIT     1.981     1  12:06      1.73    0.55    1.00
  368A-001/370A-104    CONDUIT     6.810     1  14:40      4.38    0.60    1.00
  368A-002/368A-001    CONDUIT     6.810     1  14:40      5.24    1.00    1.00
  368A-003/368A-002    CONDUIT     6.809     1  14:41      4.66    1.00    1.00
  368A-004/368A-003    CONDUIT     6.809     1  14:39      4.68    1.00    1.00
  368A-007/368A-004    CONDUIT     6.809     1  14:39      4.73    0.98    1.00
  368A-008/368A-007    CONDUIT     6.810     1  14:40      4.75    0.98    1.00
  368A-011/368A-008    CONDUIT     5.868     1  12:03      4.36    0.86    1.00
  368A-017/368A-011    CONDUIT     5.868     1  12:03      4.59    0.86    1.00
  368A-024/368A-017    CONDUIT     5.868     1  12:03      4.69    0.82    1.00
  368A-028/368A-024    CONDUIT     5.867     1  12:03      4.56    0.91    1.00
  368A-036/368A-028    CONDUIT     5.866     1  12:03      3.69    0.92    1.00
  368A-037/368A-036    CONDUIT     5.866     1  12:03      3.36    1.00    1.00
  368A-048/368A-037    CONDUIT     5.865     1  12:04      3.31    0.90    1.00
  368A-049/368A-048    CONDUIT     5.866     1  12:04      3.33    0.95    1.00
  368A-050/368A-049    CONDUIT     5.866     1  12:04      3.29    0.95    1.00
  368A-058/368A-050    CONDUIT     5.865     1  12:04      3.28    0.95    1.00
  368A-059/368A-058    CONDUIT     5.863     1  12:04      3.28    0.96    1.00
  368A-067/368A-059    CONDUIT     5.865     1  12:03      3.14    1.10    1.00
  368A-070/368A-067    CONDUIT     5.867     1  12:04      3.06    1.02    1.00
  368A-071/368A-070    CONDUIT     5.870     1  12:04      3.07    1.08    1.00
  368A-072/368A-071    CONDUIT     5.870     1  12:04      3.10    0.96    1.00
  368A-073/368A-072    CONDUIT     5.867     1  12:04      3.07    1.22    1.00
  368A-074/368A-073    CONDUIT     5.864     1  12:03      2.99    1.07    1.00
  368A-080/368A-074    CONDUIT     5.867     1  12:03      3.02    1.06    1.00
  368A-081/368A-080    CONDUIT     2.129     1  14:16      4.19    1.12    1.00
  368A-086/368A-081    CONDUIT     2.129     1  14:16      4.19    2.00    1.00
  369A-002/369A-288    CONDUIT     4.603     1  18:45      2.50    0.95    1.00
  369A-005/369A-002    CONDUIT     4.316     1  18:43      2.37    0.95    1.00
  369A-011/369A-005    CONDUIT     4.316     1  18:42      2.42    0.95    1.00
  369A-017/369A-011    CONDUIT     4.314     1  18:43      2.46    0.90    1.00
  369A-018/369A-017    CONDUIT     5.135     1  12:12      2.53    1.15    1.00
  369A-019/369A-018    CONDUIT     5.134     1  12:23      2.53    1.33    1.00
  369A-020/369A-019    CONDUIT     5.134     1  12:24      2.53    1.11    1.00
  369A-021/369A-020    CONDUIT     5.134     1  12:11      2.53    1.20    1.00
  369A-022/369A-021    CONDUIT     5.630     1  12:04      2.77    1.31    1.00
  369A-023/369A-022    CONDUIT     5.629     1  12:03      2.77    1.32    1.00
  369A-042/369A-023    CONDUIT     4.251     1  10:42      2.25    1.00    1.00
  369A-043/369A-042    CONDUIT     4.251     1  10:42      2.29    1.03    1.00
  369A-044/369A-043    CONDUIT     4.249     1  10:42      2.31    0.99    1.00
  369A-045/369A-044    CONDUIT     4.249     1  10:41      2.28    1.16    1.00
  369A-046/369A-045    CONDUIT     3.595     1  10:41      2.02    0.73    1.00
  369A-047/369A-046    CONDUIT     3.596     1  10:41      2.03    1.22    1.00
  369A-049/369A-047    CONDUIT     3.599     1  10:41      2.09    0.68    1.00
  369A-050/369A-049    CONDUIT     3.599     1  10:41      2.24    0.81    1.00
  369A-078/369A-276    CONDUIT     2.748     1  17:38      1.99    0.68    1.00
  369A-117/369A-078    CONDUIT     2.748     1  17:38      2.08    0.65    1.00
  369A-119/369A-117    CONDUIT     2.748     1  17:38      2.12    0.68    1.00
  369A-173/369A-119    CONDUIT     2.560     1  11:28      1.61    0.60    1.00
  369A-175/369A-173    CONDUIT     2.560     1  11:15      1.88    0.59    1.00
  369A-176/369A-175    CONDUIT     0.200     1  22:43      1.99    0.10    1.00
  369A-177/369A-176    CONDUIT     0.190     1  22:04      2.05    0.26    1.00
  369A-178/369A-175    CONDUIT     2.413     1  14:18      2.40    0.86    1.00
  369A-179/369A-178    CONDUIT     2.414     1  14:35      2.60    1.10    1.00
  369A-180/369A-179    CONDUIT     2.413     1  14:35      2.34    1.11    1.00
  369A-183/369A-180    CONDUIT     3.157     1  12:49      2.76    1.44    1.00
  369A-184/369A-183    CONDUIT     3.943     1  12:10      3.45    1.82    1.00
  369A-185/369A-184    CONDUIT     3.944     1  12:13      3.45    1.80    1.00
  369A-188/369A-185    CONDUIT     3.943     1  12:11      3.45    1.81    1.00
  369A-191/369A-188    CONDUIT     3.943     1  12:17      3.45    1.80    1.00
  369A-195/369A-191    CONDUIT     3.943     1  12:15      3.45    1.80    1.00
  369A-201/369A-195    CONDUIT     3.943     1  12:11      3.45    1.64    1.00
  369A-202/369A-201    CONDUIT     3.943     1  12:15      3.45    1.61    1.00
  369A-203/369A-202    CONDUIT     3.944     1  12:15      3.45    1.75    1.00
  369A-204/369A-203    CONDUIT     3.943     1  12:11      3.45    1.89    1.00
  369A-209/369A-204    CONDUIT     3.943     1  12:09      3.45    1.78    1.00
  369A-210/369A-209    CONDUIT     2.158     1  12:05      2.72    1.18    1.00
  369A-211/369A-210    CONDUIT     2.158     1  12:05      2.72    1.38    1.00
  369A-212/369A-211    CONDUIT     2.159     1  12:05      2.72   32.44    1.00
  369A-213/369A-212    CONDUIT     2.165     1  12:04      2.73    1.41    1.00
  369A-215/369A-213    CONDUIT     2.170     1  12:04      2.74    0.87    1.00
  369A-217/369A-215    CONDUIT     2.025     1  12:08      2.55    1.31    1.00
  369A-218/369A-217    CONDUIT     2.025     1  12:08      2.55    1.31    1.00
  369A-219/369A-218    CONDUIT     1.309     1  12:14      2.58    1.01    1.00
  369A-220/369A-219    CONDUIT     0.138     1  11:28      0.35    0.11    1.00
  369A-276/369A-050    CONDUIT     2.748     1  17:39      1.82    0.64    1.00
  369A-288/368A-080    CONDUIT     4.604     1  18:45      2.43    0.60    1.00
  370A-001/370A-205    CONDUIT    66.335     1  12:06      6.21    9.93    1.00
  370A-002/370A-001    CONDUIT    38.192     1  12:06      3.22    0.58    1.00
  370A-005/370A-002    CONDUIT    38.178     1  12:06      3.01    1.03    1.00
  370A-006/370A-005    CONDUIT    38.157     1  12:06      3.01    0.34    1.00
  370A-007/370A-006    CONDUIT    38.150     1  12:06      3.09    0.86    1.00
  370A-008/370A-216    CONDUIT    27.277     1  05:06      2.82    0.35    1.00
  370A-009/370A-187    CONDUIT     0.565     1  04:31      1.31    0.51    1.00
  370A-015/370A-009    CONDUIT     0.385     1  04:38      1.07    0.32    1.00
  370A-052/370A-008    CONDUIT    27.276     1  05:06      2.74    0.79    1.00
  370A-053/370A-052    CONDUIT    27.289     1  05:06      2.67    1.81    1.00
  370A-054/370A-053    CONDUIT    27.296     1  05:06      2.63    0.65    1.00
  370A-055/370A-054    CONDUIT    27.291     1  05:06      2.92    0.39    1.00
  370A-056/370A-055    CONDUIT    27.286     1  05:07      3.22    1.00    1.00
  370A-057/370A-056    CONDUIT    27.288     1  05:07      3.18    0.66    1.00
  370A-058/370A-057    CONDUIT    27.289     1  05:07      3.11    0.80    1.00
  370A-059/370A-058    CONDUIT    27.281     1  05:06      3.10    0.69    1.00
  370A-060/370A-059    CONDUIT    27.282     1  05:07      3.16    0.63    1.00
  370A-061/370A-060    CONDUIT    27.281     1  05:07      2.92    1.28    1.00
  370A-062/370A-061    CONDUIT    27.282     1  05:06      2.64    1.26    1.00
  370A-068/370A-165    CONDUIT    27.304     1  05:07      2.43    1.43    1.00
  370A-083/370A-068    CONDUIT    27.552     1  04:13      2.36    1.44    1.00
  370A-084/370A-083    CONDUIT    27.774     1  04:13      2.30    1.60    1.00
  370A-085/370A-084    CONDUIT    27.989     1  04:12      2.25    1.46    1.00
  370A-086/370A-085    CONDUIT    28.017     1  04:11      2.21    1.59    1.00
  370A-099/370A-086    CONDUIT    28.152     1  04:11      2.22    1.78    1.00
  370A-102/370A-195    CONDUIT    28.150     1  04:10      2.22    1.62    1.00
  370A-103/370A-102    CONDUIT    28.150     1  04:11      2.22    0.33    1.00
  370A-104/370A-103    CONDUIT    28.980     1  04:18      2.28    0.73    1.00
  370A-105/370A-206    CONDUIT    33.323     1  12:05      2.63    0.52    1.00
  370A-131/370A-105    CONDUIT    25.432     1  04:59      2.19    0.66    1.00
  370A-132/370A-131    CONDUIT    25.434     1  04:59      2.16    0.73    1.00
  370A-133/370A-132    CONDUIT    25.437     1  04:59      2.24    0.76    1.00
  370A-134/370A-208    CONDUIT    25.682     1  03:45      2.28    0.68    1.00
  370A-135/370A-134    CONDUIT    25.989     1  03:44      2.37    0.74    1.00
  370A-136/370A-135    CONDUIT    26.309     1  03:44      2.45    0.77    1.00
  370A-138/370A-202    CONDUIT    26.919     1  03:43      2.57    0.89    1.00
  370A-139/370A-138    CONDUIT    27.226     1  03:43      2.63    0.75    1.00
  370A-141/370A-139    CONDUIT    27.540     1  03:42      2.70    0.78    1.00
  370A-142/370A-141    CONDUIT    28.850     1  03:42      2.88    0.81    1.00
  370A-143/370A-142    CONDUIT    29.160     1  03:41      2.93    0.83    1.00
  370A-144/370A-143    CONDUIT    29.463     1  03:41      2.98    0.84    1.00
  370A-151/370A-141    CONDUIT     1.592     1  04:31      0.14    0.00    1.00
  370A-163/370A-216    CONDUIT     0.925     1  04:29      1.87    0.07    1.00
  370A-165/370A-062    CONDUIT    27.294     1  05:07      2.51    0.67    1.00
  370A-187/370A-163    CONDUIT     0.846     1  04:30      1.75    0.52    1.00
  370A-195/370A-099    CONDUIT    28.153     1  04:11      2.22    0.34    1.00
  370A-202/370A-136    CONDUIT    26.615     1  03:44      2.51    0.74    1.00
  370A-205/163A-002    CONDUIT    33.181     1  12:05     12.91    0.70    1.00
  370A-205A_370A-205B  CONDUIT    33.181     1  12:04     12.91    2.72    1.00
  370A-205B_163A-002   CONDUIT    33.185     1  12:04     13.28    0.75    1.00
  370A-205_OVERFLOWKS1 CONDUIT    11.099     1  12:07     13.51    0.10    0.22
  370A-205_OVERFLOWKS2 CONDUIT    11.099     1  12:07     13.51    0.10    0.22
  370A-205_OVERFLOWKS3 CONDUIT    11.788     1  12:07     14.35    0.10    0.22
  370A-206/370A-104    CONDUIT    33.326     1  12:05      2.63    1.14    1.00
  370A-207/370A-103    CONDUIT     1.499     1  04:27      0.15    0.00    1.00
  370A-208/370A-133    CONDUIT    25.425     1  04:59      2.26    0.29    1.00
  370A-216/370A-007    CONDUIT    38.129     1  12:06      3.06    0.78    1.00
  371A-001/370A-001    CONDUIT    24.769     1  12:08      3.98    0.55    1.00
  371A-002/371A-001    CONDUIT    24.767     1  12:08      3.98    1.48    1.00
  371A-003/371A-002    CONDUIT    18.503     1  12:08      2.98    0.99    1.00
  371A-008/371A-003    CONDUIT    12.258     1  12:08      1.97    0.83    1.00
  371A-012/371A-008    CONDUIT    12.257     1  12:08      1.97    0.86    1.00
  371A-016/371A-012    CONDUIT    12.253     1  12:08      1.97    0.94    1.00
  371A-019/371A-016    CONDUIT    12.248     1  12:08      1.97    0.75    1.00
  371A-020/371A-019    CONDUIT    12.242     1  12:08      1.97    0.89    1.00
  371A-068/371A-020    CONDUIT    12.235     1  12:08      1.97    0.72    1.00
  371A-069/371A-068    CONDUIT    12.228     1  12:08      2.00    0.92    1.00
  371A-070/371A-069    CONDUIT    12.225     1  12:08      2.02    0.90    1.00
  371A-082/371A-357    CONDUIT    10.758     1  12:04      3.30    0.55    1.00
  371A-083/371A-082    CONDUIT    10.747     1  12:04      2.77    0.80    1.00
  371A-084/371A-083    CONDUIT    10.730     1  12:04      2.43    0.79    1.00
  371A-087/371A-084    CONDUIT    10.703     1  12:04      2.33    0.78    1.00
  371A-088/371A-087    CONDUIT    10.666     1  12:04      2.30    0.78    1.00
  371A-100/371A-088    CONDUIT    10.672     1  12:04      2.28    0.78    1.00
  371A-101/371A-100    CONDUIT    10.721     1  12:04      2.27    0.80    1.00
  371A-102/371A-101    CONDUIT    10.794     1  12:04      2.27    0.79    1.00
  371A-103/371A-102    CONDUIT    10.863     1  12:04      2.27    0.80    1.00
  371A-104/371A-103    CONDUIT    10.916     1  12:04      2.27    0.81    1.00
  371A-105/371A-104    CONDUIT     3.057     1  12:05      6.02    1.56    1.00
  371A-106/371A-105    CONDUIT     2.041     1  12:43      4.02    1.04    1.00
  371A-107/371A-106    CONDUIT     2.802     1  12:16      5.52    2.52    1.00
  371A-108/371A-107    CONDUIT     0.240     1  05:06      0.71    0.22    1.00
  371A-109/371A-108    CONDUIT     0.165     1  05:07      0.50    0.16    1.00
  371A-134/371A-104    CONDUIT    13.951     1  12:04      2.24    0.94    1.00
  371A-135/371A-134    CONDUIT     9.127     1  12:57      2.05    0.62    1.00
  371A-136/371A-135    CONDUIT     9.123     1  12:57      2.09    0.71    1.00
  371A-137/371A-136    CONDUIT     9.119     1  12:56      2.10    0.69    1.00
  371A-138/371A-137    CONDUIT     9.120     1  12:57      2.11    0.72    1.00
  371A-139/371A-138    CONDUIT     9.117     1  12:57      2.12    0.69    1.00
  371A-143/371A-139    CONDUIT     9.121     1  12:57      2.16    0.61    1.00
  371A-144/371A-143    CONDUIT     9.115     1  12:57      2.18    0.72    1.00
  371A-146/371A-144    CONDUIT     8.314     1  13:42      2.12    0.66    1.00
  371A-147/371A-146    CONDUIT     8.312     1  13:42      2.12    0.64    1.00
  371A-151/371A-147    CONDUIT     8.308     1  13:42      2.11    0.67    1.00
  371A-152/371A-151    CONDUIT     8.306     1  13:42      2.12    0.62    1.00
  371A-153/371A-152    CONDUIT    12.551     1  12:07      2.13    1.00    1.00
  371A-159/371A-153    CONDUIT    12.555     1  12:07      2.02    2.74    1.00
  371A-160/371A-159    CONDUIT    12.548     1  12:07      2.02    2.12    1.00
  371A-161/371A-160    CONDUIT    12.547     1  12:07      2.02    2.21    1.00
  371A-162/371A-161    CONDUIT     7.682     2  00:15      1.40    1.35    1.00
  371A-163/371A-162    CONDUIT     7.682     2  00:14      1.35    1.35    1.00
  371A-164/371A-163    CONDUIT     7.683     2  00:15      1.32    1.33    1.00
  371A-228/371A-164    CONDUIT     7.682     2  00:15      1.30    1.35    1.00
  371A-229/371A-228    CONDUIT     7.682     2  00:15      1.28    1.33    1.00
  371A-230A            CONDUIT     7.683     2  00:15      1.26    1.28    1.00
  371A-230B_371A-230D  CONDUIT     4.950     2  00:15      1.56    9.97    1.00
  371A-230C_371A-230E  CONDUIT     2.731     2  00:15      1.35    9.97    1.00
  371A-230D_371A-230A  CONDUIT     4.950     2  00:15      1.56    0.05    1.00
  371A-230E_371A-230A  CONDUIT     2.731     2  00:15      1.35    0.05    1.00
  371A-230_371A-230B   CONDUIT     4.950     2  00:15      1.56    0.05    1.00
  371A-230_371A-230C   CONDUIT     2.732     2  00:15      1.35    0.05    1.00
  371A-234/371A-230    CONDUIT     7.681     2  00:15      2.41    0.46    1.00
  371A-235/371A-234    CONDUIT     7.682     2  00:15      1.56    1.24    1.00
  371A-236/371A-235    CONDUIT    10.556     1  12:07      2.31    1.00    1.00
  371A-357/371A-358    CONDUIT    12.237     1  12:07      3.75    0.41    1.00
  371A-358/371A-070    CONDUIT    12.226     1  12:07      2.89    0.29    1.00
  371A-358B_371A-358E  CONDUIT     3.444     1  12:07      2.22    5.21    1.00
  371A-358C_371A-358F  CONDUIT     0.565     1  12:07      1.60    6.19    1.00
  371A-358D_371A-358G  CONDUIT     8.228     1  12:07      2.59    4.81    1.00
  371A-358E_371A-358A  CONDUIT     3.444     1  12:07      2.22    0.06    1.00
  371A-358F_371A-358A  CONDUIT     0.565     1  12:07      1.60    0.07    1.00
  371A-358G_371A-358A  CONDUIT     8.226     1  12:07      2.59    0.05    1.00
  371A-358_371A-357B   CONDUIT     3.445     1  12:07      2.22    0.06    1.00
  371A-358_371A-358C   CONDUIT     0.566     1  12:07      1.61    0.07    1.00
  371A-358_371A-358D   CONDUIT     8.227     1  12:07      2.59    0.05    1.00
  372A-001/163A-008    CONDUIT    28.163     1  12:30      6.56    0.33    0.70
  372A-002/372A-001    CONDUIT    26.380     1  12:28      7.10    0.79    0.58
  372A-003/372A-002    CONDUIT    24.956     1  12:33      5.49    0.73    0.58
  372A-004/372A-003    CONDUIT    24.934     1  12:18      4.90    0.73    0.60
  372A-005/372A-004    CONDUIT    24.971     1  12:17      4.78    0.73    0.62
  372A-006/372A-005    CONDUIT    12.382     1  12:12      4.04    0.42    0.64
  372A-007/372A-006    CONDUIT    12.567     1  12:11      4.89    0.95    0.55
  372A-017/372A-056    CONDUIT    11.739     1  12:22      7.83    0.91    0.69
  372A-018/372A-190    CONDUIT    11.747     1  12:22      5.80    1.14    1.00
  372A-026/372A-007    CONDUIT     8.048     1  12:11      4.38    0.45    0.86
  372A-028/372A-026    CONDUIT     7.323     1  12:10      6.08    0.41    0.61
  372A-029/372A-028    CONDUIT     6.326     1  12:17      4.74    1.12    0.63
  372A-030/372A-029    CONDUIT     6.327     1  12:16      3.40    1.19    0.88
  372A-032/372A-030    CONDUIT     6.338     1  12:13      3.38    1.10    0.92
  372A-033/372A-032    CONDUIT     6.463     1  12:09      3.40    1.25    0.95
  372A-048/372A-033    CONDUIT     6.606     1  12:09      3.40    1.18    0.98
  372A-051/372A-048    CONDUIT     6.803     1  12:08      3.49    1.18    1.00
  372A-056/372A-005    CONDUIT    13.009     1  12:18      5.12    0.23    0.58
  372A-060/372A-018    CONDUIT    11.748     1  12:21      6.00    1.08    1.00
  372A-061/372A-060    CONDUIT    11.804     1  12:14      5.90    1.19    1.00
  372A-062/372A-061    CONDUIT    11.822     1  12:14      5.82    1.18    1.00
  372A-091/372A-007    CONDUIT     1.363     1  12:07      0.83    0.11    0.62
  372A-092/372A-091    CONDUIT     1.030     1  12:12      1.03    0.14    0.44
  372A-093/372A-092    CONDUIT     0.000     0  00:00      0.00    0.00    0.26
  372A-097/372A-093    CONDUIT     0.000     0  00:00      0.00    0.00    0.00
  372A-098/372A-097    CONDUIT     0.000     0  00:00      0.00    0.00    0.00
  372A-099/372A-098    CONDUIT     0.000     0  00:00      0.00    0.00    0.00
  372A-100/372A-099    CONDUIT     0.000     0  00:00      0.00    0.00    0.00
  372A-102/372A-100    CONDUIT     0.000     0  00:00      0.00    0.00    0.00
  372A-103/372A-102    CONDUIT     0.000     0  00:00      0.00    0.00    0.00
  372A-104/372A-103    CONDUIT     0.000     0  00:00      0.00    0.00    0.00
  372A-138/372A-183    CONDUIT     2.888     1  12:11      2.84    0.64    0.64
  372A-139/372A-138    CONDUIT     2.921     1  12:10      3.42    0.52    0.55
  372A-140/372A-139    CONDUIT     2.967     1  12:08      4.11    1.30    0.86
  372A-141/372A-140    CONDUIT     2.966     1  12:08      3.74    1.99    1.00
  372A-142/372A-141    CONDUIT     2.966     1  12:08      3.74    1.99    1.00
  372A-181/372A-191    CONDUIT     6.727     1  12:05      3.55    1.28    1.00
  372A-182/372A-181    CONDUIT     2.783     1  12:15      2.07    0.43    0.83
  372A-183/372A-182    CONDUIT     2.801     1  12:12      2.77    1.03    0.68
  372A-184/372A-181    CONDUIT     0.587     1  12:05      0.84    0.21    1.00
  372A-185/372A-184    CONDUIT     0.388     1  12:06      1.12    0.12    0.75
  372A-186/372A-185    CONDUIT     0.000     0  00:00      0.00    0.00    0.26
  372A-187/372A-186    CONDUIT     0.000     0  00:00      0.00    0.00    0.00
  372A-188/372A-187    CONDUIT     0.000     0  00:00      0.00    0.00    0.00
  372A-190/372A-017    CONDUIT    11.746     1  12:22      5.94    1.15    0.95
  372A-191/372A-192    CONDUIT     6.489     1  12:06      3.54    1.21    1.00
  372A-192/372A-051    CONDUIT     5.487     1  12:21      2.71    1.10    1.00
  372A-193/372A-192    CONDUIT     1.387     1  12:06      1.11    0.09    0.82
  372A-196/372A-104    CONDUIT     0.000     0  00:00      0.00    0.00    0.00
  372A-198/372A-097    CONDUIT     0.000     0  00:00      0.00    0.00    0.00
  372A-199/372A-139    CONDUIT     0.000     0  00:00      0.00    0.00    0.26
  372A-J48_MAIN-J49    CONDUIT    58.008     1  12:38      5.64    1.20    1.00
  372A-SB13/372A-193   CONDUIT     0.000     0  00:00      0.00    0.00    0.32
  374A-013/372A-062    CONDUIT    10.070     1  12:25      4.96    1.22    1.00
  374A-014/374A-013    CONDUIT    10.070     1  12:25      5.74    0.73    0.97
  374A-016/374A-014    CONDUIT    10.397     1  12:17      5.71    1.53    0.97
  374A-025/374A-197    CONDUIT    10.394     1  12:17      5.12    1.77    1.00
  374A-030/374A-025    CONDUIT    10.393     1  12:17      5.12    1.53    1.00
  374A-036/374A-030    CONDUIT     8.545     1  12:08      4.21    1.44    1.00
  374A-037/374A-196    CONDUIT     6.051     1  12:33      4.63    1.89    1.00
  374A-038/374A-037    CONDUIT     6.155     1  12:07      4.38    1.73    1.00
  374A-039/374A-038    CONDUIT     0.000     0  00:00      0.00    0.00    0.50
  374A-040/374A-038    CONDUIT     1.078     1  12:11      1.16    0.04    0.93
  374A-054/374A-206    CONDUIT     6.161     1  12:07      4.37    1.44    1.00
  374A-055/374A-054    CONDUIT     6.171     1  12:07      4.38    1.83    1.00
  374A-058/374A-055    CONDUIT     6.194     1  12:07      4.39    0.95    1.00
  374A-059/374A-058    CONDUIT     6.205     1  12:07      4.40    1.76    1.00
  374A-060/374A-059    CONDUIT     6.209     1  12:07      4.40    1.87    1.00
  374A-061/374A-060    CONDUIT     8.448     1  12:14      5.99    2.74    1.00
  374A-196/374A-036    CONDUIT     6.054     1  12:33      4.29    0.96    1.00
  374A-197/374A-016    CONDUIT    10.395     1  12:17      5.12    1.37    1.00
  374A-206/374A-038    CONDUIT     6.156     1  12:07      4.37    1.83    1.00
  375A-001/374A-036    CONDUIT     2.881     1  12:08      2.52    0.28    1.00
  375A-002/375A-001    CONDUIT     2.846     1  12:08      2.50    1.21    1.00
  375A-003/375A-042    CONDUIT     3.386     1  12:07      3.08    1.28    1.00
  375A-007/375A-003    CONDUIT     3.621     1  12:07      3.27    1.54    1.00
  375A-009/375A-007    CONDUIT     3.622     1  12:07      3.21    1.51    1.00
  375A-010/375A-009    CONDUIT     3.623     1  12:07      3.17    1.53    1.00
  375A-011/375A-010    CONDUIT     3.625     1  12:07      3.17    1.55    1.00
  375A-042/375A-002    CONDUIT     2.881     1  12:07      2.80    1.21    1.00
  387A-001/392A-040    CONDUIT     8.565     1  12:33      1.87    0.27    1.00
  387A-002/387A-001    CONDUIT     8.563     1  12:33      1.87    1.44    1.00
  387A-003/387A-002    CONDUIT     8.563     1  12:32      1.87    1.91    1.00
  387A-004/387A-003    CONDUIT     6.628     1  12:35      1.45    0.98    1.00
  387A-005/387A-004    CONDUIT     4.802     1  12:33      1.05    1.11    1.00
  387A-006/387A-005    CONDUIT     4.803     1  12:33      1.05    0.73    1.00
  387A-055/387A-006    CONDUIT     4.800     1  12:33      1.31    0.34    1.00
  387A-056/387A-055    CONDUIT     4.800     1  12:33      1.33    0.96    1.00
  387A-057/387A-056    CONDUIT     4.802     1  12:33      1.05    0.85    1.00
  387A-058/387A-057    CONDUIT     4.799     1  12:33      1.05    0.87    1.00
  387A-097/387A-058    CONDUIT     4.449     1  12:06      0.97    0.76    1.00
  387A-098/387A-097    CONDUIT     4.427     1  12:06      0.97    1.28    1.00
  387A-099/387A-098    CONDUIT     4.410     1  12:06      0.97    0.69    1.00
  387A-100/387A-099    CONDUIT     4.396     1  12:09      1.01    0.76    1.00
  387A-101/387A-100    CONDUIT     4.394     1  12:09      1.22    0.37    1.00
  387A-102/387A-101    CONDUIT     4.388     1  12:09      1.53    0.42    1.00
  387A-103/387A-102    CONDUIT     0.544     1  14:25      3.23    0.56    1.00
  387A-104/387A-103    CONDUIT     0.528     1  14:25      3.34    0.92    1.00
  387A-105/387A-104    CONDUIT     0.512     1  12:07      2.46    1.11    1.00
  387A-106/387A-105    CONDUIT     0.497     1  14:24      2.28    1.08    1.00
  387A-107/387A-106    CONDUIT     0.498     1  14:22      2.37    1.06    1.00
  387A-108/387A-102    CONDUIT     5.165     1  12:09      1.58    0.50    1.00
  387A-109/387A-108    CONDUIT     6.627     1  12:08      2.34    0.55    1.00
  387A-123/387A-109    CONDUIT    10.567     1  12:09      2.76    0.84    1.00
  387A-124/387A-123    CONDUIT     8.612     1  12:10      2.67    0.81    1.00
  387A-125/387A-124    CONDUIT     6.779     1  12:11      2.52    0.58    1.00
  387A-126/387A-125    CONDUIT     3.455     1  12:11      1.62    0.45    1.00
  388A-001/392A-040    CONDUIT     8.431     1  12:04      4.15    1.76    1.00
  388A-004/388A-001    CONDUIT     8.425     1  12:04      4.15    2.27    1.00
  388A-006/388A-004    CONDUIT     8.441     1  12:05      4.16    1.74    1.00
  388A-010/388A-006    CONDUIT     8.442     1  12:05      4.16    4.02    1.00
  388A-012/388A-010    CONDUIT     8.447     1  12:04      4.16    1.22    1.00
  388A-016/388A-012    CONDUIT     8.466     1  12:04      4.17    1.69    1.00
  388A-017/388A-016    CONDUIT     8.481     1  12:04      4.18    2.10    1.00
  388A-022/388A-017    CONDUIT     8.490     1  12:04      4.18    1.58    1.00
  388A-047/388A-022    CONDUIT     6.549     1  11:58      3.23    1.35    1.00
  388A-059/388A-047    CONDUIT     6.552     1  12:05      3.23    1.43    1.00
  388A-060/388A-059    CONDUIT     6.550     1  11:58      3.23    1.02    1.00
  388A-065/388A-060    CONDUIT     6.567     1  12:00      3.23    1.68    1.00
  388A-069/388A-065    CONDUIT     6.583     1  12:00      3.24    1.25    1.00
  388A-077/388A-069    CONDUIT     6.595     1  12:00      3.25    1.05    1.00
  388A-078/388A-077    CONDUIT     6.602     1  12:00      3.25    1.23    1.00
  388A-094/388A-078    CONDUIT     5.618     1  10:48      2.77    2.68    1.00
  388A-095/388A-094    CONDUIT     5.617     1  10:48      2.78    0.77    1.00
  388A-100/388A-095    CONDUIT     5.614     1  10:49      2.84    1.49    1.00
  388A-114/388A-187    CONDUIT     7.326     1  12:05      3.61    1.27    1.00
  388A-123/388A-114    CONDUIT     7.327     1  12:05      3.61    1.55    1.00
  388A-133/388A-201    CONDUIT     4.793     1  06:13      2.50    1.01    1.00
  388A-139/388A-133    CONDUIT     4.813     1  06:14      2.51    1.20    1.00
  388A-149/388A-139    CONDUIT     4.834     1  06:14      2.72    0.65    1.00
  388A-150/388A-226    CONDUIT     4.361     2  02:05      2.82    0.55    1.00
  388A-151/388A-150    CONDUIT     4.379     1  06:17      2.77    0.91    1.00
  388A-152/388A-151    CONDUIT     4.399     1  06:18      2.78    0.85    1.00
  388A-187/388A-100    CONDUIT     5.612     1  10:45      2.76    2.33    1.00
  388A-192/388A-152    CONDUIT     4.411     1  06:20      2.74    0.98    1.00
  388A-201/388A-123    CONDUIT     4.772     1  06:13      2.50    1.22    1.00
  388A-226/388A-149    CONDUIT     4.862     1  06:15      3.08    0.89    1.00
  389A-001/388A-192    CONDUIT     2.141     1  09:52      2.32    0.48    1.00
  389A-021/389A-001    CONDUIT     2.141     1  09:52      2.88    0.83    1.00
  389A-022/389A-021    CONDUIT     2.142     1  09:55      2.46    0.89    1.00
  389A-023/389A-022    CONDUIT     2.142     1  09:46      2.42    0.87    1.00
  389A-031/389A-023    CONDUIT     2.143     1  09:46      2.43    0.89    1.00
  389A-032/389A-031    CONDUIT     2.142     1  09:54      3.17    0.86    1.00
  389A-035/389A-032    CONDUIT     2.142     1  09:52      3.27    0.99    1.00
  390A-002/388A-192    CONDUIT     3.543     2  02:04      2.49    1.06    1.00
  390A-003/390A-002    CONDUIT     3.513     2  01:59      2.48    0.99    1.00
  390A-004/390A-003    CONDUIT     3.482     2  01:58      2.53    0.98    1.00
  390A-006/390A-004    CONDUIT     3.417     2  01:58      2.54    0.96    1.00
  390A-010/390A-006    CONDUIT     3.359     2  01:55      2.55    0.95    1.00
  390A-018/390A-010    CONDUIT     3.222     2  01:52      2.54    0.90    1.00
  390A-019/390A-018    CONDUIT     3.176     1  12:06      2.96    0.59    1.00
  391A-001/177A-015    CONDUIT     2.098     1  12:25      2.64    1.27    1.00
  391A-008/391A-001    CONDUIT     1.448     2  02:40      1.87    1.11    1.00
  391A-023/391A-008    CONDUIT     1.430     1  07:17      1.87    1.03    1.00
  391A-028/391A-023    CONDUIT     0.956     1  12:53      2.00    0.67    1.00
  391A-031/391A-028    CONDUIT     0.956     1  12:41      2.34    0.91    1.00
  391A-054/391A-031    CONDUIT     0.956     1  12:36      1.93    1.42    1.00
  391A-059/391A-054    CONDUIT     0.956     1  12:53      2.18    0.57    1.00
  391A-060/391A-059    CONDUIT     0.956     1  12:26      2.48    1.02    1.00
  392A-001/371A-235    CONDUIT    15.179     1  12:34      2.44    1.21    1.00
  392A-002/392A-001    CONDUIT    15.181     1  12:36      2.44    2.03    1.00
  392A-003/392A-002    CONDUIT    15.179     1  12:36      2.44    1.82    1.00
  392A-007/392A-003    CONDUIT    15.179     1  12:33      2.44    1.92    1.00
  392A-008/392A-007    CONDUIT    15.180     1  12:36      2.44    2.27    1.00
  392A-040/392A-008    CONDUIT    15.180     1  12:33      2.44    2.11    1.00
  394A-001/394A-246    CONDUIT     6.288     1  12:07      3.15    0.22    1.00
  394A-002/394A-001    CONDUIT     6.289     1  12:07      3.26    1.88    1.00
  394A-004/394A-002    CONDUIT     6.288     1  12:07      3.10    1.36    1.00
  394A-008/394A-004    CONDUIT     6.288     1  12:07      3.10    1.20    1.00
  394A-009/394A-008    CONDUIT     6.288     1  12:07      3.10    0.92    1.00
  394A-011/394A-009    CONDUIT     0.000     0  00:00      0.00    0.00    0.50
  394A-012/394A-011    CONDUIT     0.000     0  00:00      0.00    0.00    0.00
  394A-014/394A-009    CONDUIT     6.286     1  12:07      3.10    2.18    1.00
  394A-017/394A-014    CONDUIT     6.286     1  12:07      3.10    2.59    1.00
  394A-018/394A-017    CONDUIT     6.284     1  12:07      3.10    2.78    1.00
  394A-019/394A-018    CONDUIT     6.283     1  12:06      3.09    7.09    1.00
  394A-021/394A-019    CONDUIT     6.283     1  12:06      3.09    2.17    1.00
  394A-038/394A-021    CONDUIT     3.962     1  13:59      1.95    2.56    1.00
  394A-041/394A-038    CONDUIT     3.961     1  14:08      1.95    1.44    1.00
  394A-042/394A-041    CONDUIT     3.961     1  14:03      1.95    1.30    1.00
  394A-045/394A-042    CONDUIT     3.960     1  14:02      1.95    0.99    1.00
  394A-046/394A-045    CONDUIT     1.968     1  09:30      2.18    2.78    1.00
  394A-049/394A-046    CONDUIT     1.967     1  09:30      2.18    1.41    1.00
  394A-050/394A-049    CONDUIT     1.967     1  09:30      2.18    1.01    1.00
  394A-051/394A-050    CONDUIT     1.967     1  09:31      2.18    0.92    1.00
  394A-052/394A-051    CONDUIT     1.967     1  09:31      2.25    0.99    1.00
  394A-066/394A-052    CONDUIT     1.968     1  09:31      2.30    1.00    1.00
  394A-070/394A-066    CONDUIT     1.969     1  09:31      2.22    1.24    1.00
  394A-073/394A-247    CONDUIT     1.972     1  09:29      2.46    0.96    1.00
  394A-074/394A-070    CONDUIT     1.970     1  09:31      2.18    3.90    1.00
  394A-077/394A-073    CONDUIT     1.327     1  11:59      1.47    2.35    1.00
  394A-086/394A-077    CONDUIT     1.327     1  12:24      1.67    0.61    1.00
  394A-138/394A-086    CONDUIT     0.299     2  00:24      0.44    0.15    1.00
  394A-145/394A-138    CONDUIT     0.234     2  00:16      0.43    0.14    1.00
  394A-154/394A-145    CONDUIT     0.143     1  08:04      0.33    0.09    1.00
  394A-158/394A-154    CONDUIT     0.113     1  08:27      0.23    0.07    1.00
  394A-247/394A-074    CONDUIT     1.970     1  09:29      2.18    0.96    1.00
  395A-001/394A-045    CONDUIT     2.606     1  13:45      2.28    2.95    1.00
  395A-008/395A-004    CONDUIT     1.858     1  13:53      1.63    0.68    1.00
  395A-012/395A-008    CONDUIT     1.858     1  13:53      2.03    0.68    1.00
  395A-019/395A-012    CONDUIT     1.857     1  13:53      2.01    0.77    1.00
  395A-025/395A-019    CONDUIT     1.856     1  13:52      1.99    0.77    1.00
  395A-026/395A-025    CONDUIT     1.135     1  13:16      2.24    1.18    1.00
  395A-029/395A-026    CONDUIT     1.135     1  13:16      2.24    1.22    1.00
  395A-033/395A-029    CONDUIT     1.135     1  13:16      2.24    1.27    1.00
  395A-072/395A-025    CONDUIT     1.079     1  15:24      2.13    0.84    1.00
  395A-073/395A-072    CONDUIT     1.079     1  15:26      2.12    1.47    1.00
  395A-076/395A-073    CONDUIT     1.078     1  15:24      2.12    1.47    1.00
  395A-077/395A-141    CONDUIT     1.078     1  11:34      2.12    2.10    1.00
  395A-079/395A-138    CONDUIT     1.084     1  11:33      2.14    3.73    1.00
  395A-082/395A-140    CONDUIT     1.223     1  12:28      2.41    8.17    1.00
  395A-093/395A-082    CONDUIT     0.098     1  09:09      0.51    0.84    1.00
  395A-098/395A-093    CONDUIT     0.100     1  09:08      0.21    0.14    1.00
  395A-104/395A-098    CONDUIT     0.079     1  09:20      0.18    0.10    1.00
  395A-137/395A-077    CONDUIT     1.080     1  11:33      2.13    1.58    1.00
  395A-138/395A-137    CONDUIT     1.082     1  11:33      2.13    1.53    1.00
  395A-139/395A-079    CONDUIT     1.223     1  11:59      2.41    1.08    1.00
  395A-140/395A-139    CONDUIT     1.224     1  11:59      2.41    2.26    1.00
  395A-141/395A-076    CONDUIT     1.078     1  15:27      2.12    1.47    1.00
  395A-155/395A-001    CONDUIT     4.012     1  12:07      3.51    2.54    1.00
  395A-155/395A-004    CONDUIT     4.012     1  12:07      3.51    2.54    1.00
  396A-001/106A-028    CONDUIT     2.209     1  12:10      4.35    1.13    1.00
  396A-002/396A-001    CONDUIT     2.210     1  12:10      4.35    2.15    1.00
  396A-007/396A-002    CONDUIT     1.550     2  00:42      3.05    1.47    1.00
  396A-009/396A-007    CONDUIT     1.550     2  00:42      3.05    1.63    1.00
  396A-013/396A-009    CONDUIT     1.549     2  00:42      3.05    1.65    1.00
  396A-014/396A-013    CONDUIT     1.549     2  00:42      3.05    1.51    1.00
  396A-015/396A-014    CONDUIT     1.549     2  00:42      3.05    1.50    1.00
  396A-018/396A-015    CONDUIT     1.549     2  00:40      3.05    1.35    1.00
  396A-019/396A-018    CONDUIT     1.549     2  00:42      3.05    1.28    1.00
  396A-020/396A-019    CONDUIT     1.549     2  00:43      3.05    6.28    1.00
  396A-021/396A-020    CONDUIT     1.549     2  00:43      3.05    1.50    1.00
  397A-008/106A-057    CONDUIT     1.392     2  10:09      2.74    1.24    1.00
  397A-009/397A-008    CONDUIT     1.535     1  12:12      3.02    1.59    1.00
  397A-010/397A-009    CONDUIT     1.535     1  12:12      3.02    1.65    1.00
  397A-011/397A-010    CONDUIT     1.534     1  12:12      3.02    1.69    1.00
  397A-015/397A-011    CONDUIT     1.166     2  07:00      2.30    1.44    1.00
  397A-016/397A-015    CONDUIT     1.166     2  07:00      2.30    1.21    1.00
  397A-025/397A-016    CONDUIT     1.166     2  06:59      2.30    1.14    1.00
  397A-026/397A-025    CONDUIT     1.166     2  06:59      2.30    1.21    1.00
  397A-027/397A-026    CONDUIT     1.166     2  06:59      2.30    1.29    1.00
  398A-001/106A-164    CONDUIT     2.806     1  12:05      2.46    0.68    1.00
  398A-002/398A-001    CONDUIT     2.808     1  12:05      2.46    1.33    1.00
  398A-003/398A-002    CONDUIT     2.810     1  12:05      2.46    0.83    1.00
  398A-004/398A-003    CONDUIT     3.113     1  13:48      2.73   16.48    1.00
  398A-005/398A-004    CONDUIT     3.112     1  13:50      2.72    1.32    1.00
  398A-006/398A-005    CONDUIT     3.112     1  13:15      2.72    1.32    1.00
  398A-007/398A-006    CONDUIT     5.734     1  16:15      5.02    1.93    1.00
  398A-008/398A-007    CONDUIT     5.734     1  15:45      5.02    2.99    1.00
  398A-009/398A-008    CONDUIT     6.756     1  12:11      4.35    1.46    1.00
  398A-010/398A-009    CONDUIT     5.642     1  12:08      7.11    3.19    1.00
  398A-011/398A-010    CONDUIT     1.593     1  15:04      2.01    1.28    1.00
  398A-012/398A-011    CONDUIT     1.593     1  15:00      2.01    0.97    1.00
  398A-013/398A-012    CONDUIT     1.593     1  15:02      2.01    1.04    1.00
  398A-014/398A-013    CONDUIT     1.593     1  15:04      2.01    1.06    1.00
  398A-015/398A-014    CONDUIT     1.593     1  15:04      2.01    0.99    1.00
  398A-016/398A-015    CONDUIT     1.593     1  15:03      2.01    1.12    1.00
  398A-017/398A-016    CONDUIT     1.593     1  14:55      2.01    0.97    1.00
  398A-018/398A-017    CONDUIT     0.156     2  00:36      0.32    0.11    1.00
  398A-019/398A-018    CONDUIT     0.156     2  00:35      0.20    0.09    1.00
  398A-020/398A-019    CONDUIT     0.156     2  00:36      0.20    0.11    1.00
  398A-021/398A-020    CONDUIT     0.156     2  00:36      0.20    0.10    1.00
  398A-022/398A-021    CONDUIT     0.156     2  00:36      0.20    0.10    1.00
  398A-023/398A-022    CONDUIT     0.156     2  00:36      0.20    0.09    1.00
  398A-024/398A-023    CONDUIT     0.117     1  10:12      0.26    0.10    1.00
  398A-025/398A-024    CONDUIT     0.102     1  10:33      0.37    0.10    1.00
  398A-026/398A-025    CONDUIT     0.101     1  10:34      0.31    0.09    1.00
  398A-097/398A-009    CONDUIT     1.150     1  19:25      2.97    0.33    1.00
  398A-098/398A-097    CONDUIT     1.116     1  09:52      5.07    0.46    0.74
  398A-099/398A-098    CONDUIT     1.114     1  08:54      2.77    1.21    0.75
  398A-100/398A-099    CONDUIT     1.114     1  08:54      2.20    1.19    1.00
  398A-101/398A-100    CONDUIT     1.114     1  08:54      2.20    1.25    1.00
  398A-102/398A-101    CONDUIT     1.114     2  01:00      2.20    1.23    1.00
  BS_WETWELL_BS_OVERFLOWSTRUCT CONDUIT     0.044     1  13:46      0.74    0.08    0.07
  CDT-11               CONDUIT    26.366     1  12:08      5.77    3.86    1.00
  COLUMBIA-DAVIS_WWTP_OFALL CONDUIT    54.078     1  13:47      6.66    4.04    1.00
  LCS-006_392A-085     CONDUIT     0.248     2  14:52      8.12    3.13    1.00
  LCS-007A_LC_WETWELL  CONDUIT     0.189     1  11:13      1.72    0.10    1.00
  MAIN-J49_WWTP_OFALL  CONDUIT    58.009     1  12:38      5.64    3.33    1.00
  PERRY-01_PERRY-04    CONDUIT    11.665     1  04:27      2.55    8.18    1.00
  PERRY-02_PERRY-05    CONDUIT     4.042     1  03:44      2.85   13.52    1.00
  PERRY-03_PERRY-06    CONDUIT    11.629     1  04:27      2.55    8.16    1.00
  PERRY-04_PERRY-10    CONDUIT    11.665     1  04:27      2.55    0.06    1.00
  PERRY-05_PERRY-11    CONDUIT     4.042     1  03:44      2.85    0.10    1.00
  PERRY-06_PERRY-12    CONDUIT    11.628     1  04:27      2.55    0.06    1.00
  PERRY-07_PERRY-1     CONDUIT    11.667     1  04:27      3.39    0.05    1.00
  PERRY-08_PERRY-02    CONDUIT     4.041     1  03:44      3.42    0.08    1.00
  PERRY-09_PERRY-03    CONDUIT    11.632     1  04:27      3.44    0.05    1.00
  PERRY-10_366A-311    CONDUIT    11.665     1  04:27      5.96    0.23    1.00
  PERRY-11_366A-311    CONDUIT     4.042     1  03:44      3.24    0.23    1.00
  PERRY-12_366A-311    CONDUIT    11.630     1  04:27      6.07    0.22    1.00
  PPS3/332A-J28        CONDUIT     0.494     2  00:55      2.88    3.92    1.00
  SAN_CARLOS_106A-001ALT CONDUIT    37.631     1  13:00      4.63    6.90    1.00
  WL-001_WL-001A       CONDUIT     1.333     0  00:54     11.37    5.88    1.00
  WL-001_WL-001C       CONDUIT     0.571     0  02:09      5.07    3.68    1.00
  WLA-001_WL_WETWELL   CONDUIT     0.593     1  02:03      1.90    0.72    1.00
  WTL-001_331A-160     CONDUIT     0.410     2  22:20     12.28    7.83    1.00
  WTL-002_WTL_WETWELL  CONDUIT     0.124     1  09:24      2.58    0.09    1.00
  109_PUMP1            PUMP        2.250     2  09:16              1.00
  109_PUMP2            PUMP        1.087     1  12:07              0.48
  BR_PUMP1             PUMP        0.914     0  04:45              1.00
  BR_PUMP2             PUMP        0.760     2  00:42              0.65
  BR_PUMP3             PUMP        0.760     2  00:42              0.65
  BS_PUMP1             PUMP       14.400     0  07:06              1.00
  BS_PUMP2             PUMP       14.400     1  11:39              1.00
  BUR_PUMP1            PUMP        4.481     1  04:05              1.00
  BUR_PUMP2            PUMP        1.163     1  12:35              0.26
  CA_PUMP1             PUMP        0.310     1  00:19              0.93
  CA_PUMP2             PUMP        0.082     1  09:37              0.25
  CLA_PUMP1            PUMP        0.199     1  07:58              0.35
  CLA_PUMP2            PUMP        0.221     1  00:39              0.39
  CL_PUMP1             PUMP        0.919     1  00:52              1.00
  CL_PUMP2             PUMP        0.726     2  05:32              0.79
  CM_PUMP1             PUMP        1.220     0  09:50              1.00
  CM_PUMP2             PUMP        1.220     1  00:52              1.00
  COL_PUMP1            PUMP        1.872     0  19:34              1.00
  COL_PUMP2            PUMP        0.858     1  17:02              0.46
  COM_PUMP1            PUMP        1.066     1  00:29              1.00
  COM_PUMP2            PUMP        0.162     2  00:23              0.15
  CU_PUMP1             PUMP        0.703     0  08:27              1.00
  CU_PUMP2             PUMP        0.300     1  13:27              0.43
  DEX_PUMP1            PUMP        2.016     1  03:42              1.00
  DEX_PUMP2            PUMP        0.671     1  11:11              0.33
  DM_PUMP1             PUMP        0.325     0  08:27              1.00
  DM_PUMP2             PUMP        0.244     1  11:57              0.75
  EL_PUMP1             PUMP        1.001     0  02:35              0.57
  EL_PUMP2             PUMP        0.218     1  05:07              0.12
  EP_PUMP1             PUMP        0.600     0  07:50              1.00
  EP_PUMP2             PUMP        0.240     1  20:29              0.40
  FH_PUMP1             PUMP        0.231     2  06:48              1.00
  FH_PUMP2             PUMP        0.067     1  13:42              0.29
  FM_PUMP1             PUMP        0.237     1  15:10              0.90
  FM_PUMP2             PUMP        0.237     1  15:10              0.90
  GL_PUMP1             PUMP        0.396     1  00:39              0.81
  GL_PUMP2             PUMP        0.232     1  21:18              0.48
  GO_PUMP1             PUMP        0.746     1  01:07              0.89
  GO_PUMP2             PUMP        0.677     1  03:11              0.81
  GO_PUMP3             PUMP        0.823     1  03:53              0.58
  GO_PUMP4             PUMP        0.598     1  09:53              0.42
  HA_PUMP1             PUMP        5.270     0  11:16              1.00
  HA_PUMP2             PUMP        5.270     1  01:48              1.00
  HA_PUMP3             PUMP        4.016     1  12:04              1.00
  HA_PUMP4             PUMP        4.016     1  12:04              1.00
  HL_PUMP1             PUMP        0.394     0  00:53              0.60
  HL_PUMP2             PUMP        0.304     1  12:10              0.46
  IB_PUMP1             PUMP        0.391     0  06:15              1.00
  IB_PUMP2             PUMP        0.232     2  22:11              0.59
  IND_PUMP1            PUMP        0.070     0  11:41              1.00
  IND_PUMP2            PUMP        0.070     1  11:37              1.00
  KN_PUMP1             PUMP        0.286     1  00:49              0.56
  KN_PUMP2             PUMP        0.284     1  01:03              0.56
  KS_PUMP1             PUMP       26.157     1  12:12              0.54
  KS_PUMP2             PUMP        0.000     0  00:00              0.00
  KS_PUMP3             PUMP       35.527     1  12:38              0.64
  KS_PUMP4             PUMP       26.157     1  12:12              0.54
  LA_PUMP1             PUMP       28.800     0  22:30              1.00
  LA_PUMP2             PUMP       28.800     1  02:40              1.00
  LA_PUMP3             PUMP        6.622     1  12:08              0.53
  LC_PUMP1             PUMP        0.388     0  10:31              1.00
  LC_PUMP2             PUMP        0.127     1  11:14              0.23
  LE_PUMP1             PUMP        0.142     1  07:26              0.24
  LE_PUMP2             PUMP        0.700     0  04:54              1.00
  MOR_PUMP1            PUMP        0.642     1  01:25              1.00
  MOR_PUMP2            PUMP        0.979     1  01:26              1.00
  MOR_PUMP3            PUMP        0.642     1  08:34              1.00
  MOR_PUMP4            PUMP        0.979     1  08:06              1.00
  OA_PUMP1             PUMP        0.070     1  00:17              1.00
  PE_PUMP1             PUMP        0.614     0  02:01              1.00
  PE_PUMP2             PUMP        0.614     1  01:54              1.00
  PE_PUMP3             PUMP        0.614     1  11:33              1.00
  RB_PUMP1             PUMP        0.462     0  12:07              1.00
  RB_PUMP2             PUMP        0.084     1  10:54              0.18
  RO_PUMP1             PUMP        2.858     2  00:47              1.00
  RO_PUMP2             PUMP        1.063     1  13:10              0.37
  RT_PUMP1             PUMP        0.684     1  01:59              1.00
  RT_PUMP2             PUMP        0.238     1  09:37              0.35
  RW_PUMP1             PUMP        1.238     1  00:22              1.00
  RW_PUMP2             PUMP        0.924     1  12:30              0.75
  SEM_PUMP1            PUMP        0.504     2  02:30              1.00
  SEM_PUMP2            PUMP        0.106     1  11:09              0.21
  SL_PUMP1             PUMP        0.937     0  07:07              1.00
  SL_PUMP2             PUMP        0.500     1  12:50              0.44
  ST_PUMP1             PUMP        0.269     2  23:52              1.00
  ST_PUMP2             PUMP        0.059     1  04:09              0.22
  VA_PUMP1             PUMP        0.089     1  17:25              0.34
  VA_PUMP2             PUMP        0.172     1  12:15              0.49
  VIR_PUMP1            PUMP        0.242     1  00:46              1.00
  VIR_PUMP2            PUMP        0.118     1  12:13              0.49
  WL_PUMP1             PUMP        1.755     0  00:52              1.00
  WL_PUMP2             PUMP        0.247     2  00:56              0.14
  WTL_PUMP1            PUMP        0.733     0  04:04              1.00
  WTL_PUMP2            PUMP        0.046     2  02:34              0.06
  WT_PUMP1             PUMP        0.822     2  04:24              0.88
  WT_PUMP2             PUMP        0.352     1  16:54              0.38
  
  
  ***************************
  Flow Classification Summary
  ***************************
  
  -------------------------------------------------------------------------------------
                      Adjusted    ---------- Fraction of Time in Flow Class ---------- 
                       /Actual         Up    Down  Sub   Sup   Up    Down  Norm  Inlet 
  Conduit               Length    Dry  Dry   Dry   Crit  Crit  Crit  Crit  Ltd   Ctrl  
  -------------------------------------------------------------------------------------
  106A-001ALT_COLUMBIA-DAVIS    1.00   0.00  0.00  0.00  1.00  0.00  0.00  0.00  0.02  0.00
  106A-001_106A-001ALT    1.00   0.00  0.02  0.00  0.98  0.00  0.00  0.00  0.04  0.00
  106A-002_BS_WETWELL     8.83   0.00  0.00  0.00  0.77  0.07  0.00  0.16  0.15  0.00
  106A-022/106A-002       1.12   0.00  0.01  0.00  0.99  0.00  0.00  0.00  0.04  0.00
  106A-023/106A-022       1.00   0.00  0.00  0.00  1.00  0.00  0.00  0.00  0.02  0.00
  106A-026/106A-023       1.00   0.00  0.00  0.00  1.00  0.00  0.00  0.00  0.01  0.00
  106A-027/106A-026       1.00   0.00  0.00  0.00  1.00  0.00  0.00  0.00  0.00  0.00
  106A-028/106A-027       1.00   0.00  0.00  0.00  1.00  0.00  0.00  0.00  0.08  0.00
  106A-029/106A-028       1.00   0.00  0.00  0.00  1.00  0.00  0.00  0.00  0.04  0.00
  106A-030/106A-029       1.00   0.00  0.00  0.00  1.00  0.00  0.00  0.00  0.00  0.00
  106A-047/106A-030       1.00   0.00  0.00  0.00  1.00  0.00  0.00  0.00  0.04  0.00
  106A-048/106A-047       1.00   0.00  0.00  0.00  1.00  0.00  0.00  0.00  0.01  0.00
  106A-056/106A-048       1.00   0.00  0.00  0.00  1.00  0.00  0.00  0.00  0.04  0.00
  106A-057/106A-056       1.00   0.00  0.00  0.00  1.00  0.00  0.00  0.00  0.08  0.00
  106A-058/106A-057       1.00   0.00  0.00  0.00  1.00  0.00  0.00  0.00  0.03  0.00
  106A-062/106A-058       1.00   0.00  0.00  0.00  1.00  0.00  0.00  0.00  0.02  0.00
  106A-068/106A-062       1.00   0.00  0.00  0.00  0.99  0.00  0.00  0.00  0.03  0.00
  106A-075/106A-068       1.00   0.00  0.00  0.00  1.00  0.00  0.00  0.00  0.00  0.00
  106A-082/106A-075       1.00   0.00  0.00  0.00  1.00  0.00  0.00  0.00  0.02  0.00
  106A-089/106A-082       1.00   0.00  0.00  0.00  1.00  0.00  0.00  0.00  0.03  0.00
  106A-090/106A-089       1.00   0.00  0.00  0.00  1.00  0.00  0.00  0.00  0.83  0.00
  106A-091/106A-090       1.00   0.00  0.00  0.00  1.00  0.00  0.00  0.00  0.00  0.00
  106A-092/106A-091       1.00   0.00  0.00  0.00  1.00  0.00  0.00  0.00  0.52  0.00
  106A-093/106A-092       1.00   0.00  0.03  0.00  0.97  0.00  0.00  0.00  0.34  0.00
  106A-094/106A-093       1.00   0.02  0.00  0.00  0.97  0.00  0.00  0.00  0.36  0.00
  106A-096/106A-094       1.00   0.02  0.00  0.00  0.97  0.01  0.00  0.00  0.38  0.00
  106A-098/106A-089       1.00   0.00  0.00  0.00  1.00  0.00  0.00  0.00  0.06  0.00
  106A-109/106A-098       1.00   0.00  0.01  0.00  0.99  0.00  0.00  0.00  0.01  0.00
  106A-117/106A-109       1.00   0.01  0.00  0.00  0.99  0.00  0.00  0.00  0.04  0.00
  106A-122/106A-117       1.00   0.01  0.00  0.00  0.99  0.00  0.00  0.00  0.00  0.00
  106A-130/106A-122       1.00   0.00  0.00  0.00  1.00  0.00  0.00  0.00  0.05  0.00
  106A-160/106A-130       1.00   0.00  0.00  0.00  1.00  0.00  0.00  0.00  0.00  0.00
  106A-163/106A-160       1.00   0.00  0.00  0.00  1.00  0.00  0.00  0.00  0.00  0.00
  106A-164/106A-163       1.00   0.00  0.00  0.00  1.00  0.00  0.00  0.00  0.16  0.00
  106A-166/106A-301       1.00   0.00  0.00  0.00  1.00  0.00  0.00  0.00  0.49  0.00
  106A-173/106A-166       1.00   0.00  0.00  0.00  1.00  0.00  0.00  0.00  0.00  0.00
  106A-182/106A-173       1.00   0.00  0.00  0.00  1.00  0.00  0.00  0.00  0.16  0.00
  106A-190/106A-182       1.00   0.00  0.00  0.00  1.00  0.00  0.00  0.00  0.00  0.00
  106A-195/106A-190       1.00   0.00  0.00  0.00  1.00  0.00  0.00  0.00  0.13  0.00
  106A-236/106A-303       1.00   0.00  0.00  0.00  1.00  0.00  0.00  0.00  0.00  0.00
  106A-238_106A-236       1.00   0.00  0.00  0.00  1.00  0.00  0.00  0.00  0.51  0.00
  106A-239/106A-238       1.00   0.00  0.00  0.00  1.00  0.00  0.00  0.00  0.46  0.00
  106A-240/106A-239       1.00   0.00  0.00  0.00  1.00  0.00  0.00  0.00  0.00  0.00
  106A-242/106A-240       1.00   0.00  0.00  0.00  1.00  0.00  0.00  0.00  0.27  0.00
  106A-251/106A-242       1.00   0.00  0.03  0.00  0.97  0.00  0.00  0.00  0.50  0.00
  106A-252/106A-251       1.00   0.03  0.00  0.00  0.97  0.00  0.00  0.00  0.20  0.00
  106A-253/106A-252       1.00   0.03  0.00  0.00  0.97  0.00  0.00  0.00  0.50  0.00
  106A-254/106A-253       1.00   0.03  0.48  0.00  0.49  0.00  0.00  0.00  0.28  0.00
  106A-256/106A-254       1.00   0.51  0.06  0.00  0.43  0.00  0.00  0.00  0.31  0.00
  106A-301/106A-164       1.00   0.00  0.00  0.00  1.00  0.00  0.00  0.00  0.04  0.00
  106A-303/106A-195       2.95   0.00  0.00  0.00  1.00  0.00  0.00  0.00  0.50  0.00
  111A-001/356A-127       1.00   0.00  0.00  0.00  1.00  0.00  0.00  0.00  0.32  0.00
  111A-008/111A-546       1.00   0.00  0.00  0.00  1.00  0.00  0.00  0.00  0.00  0.00
  111A-009/111A-008       1.00   0.00  0.00  0.00  1.00  0.00  0.00  0.00  0.65  0.00
  111A-066/111A-009       1.00   0.00  0.01  0.00  0.99  0.00  0.00  0.00  0.68  0.00
  111A-067/111A-066       1.00   0.00  0.00  0.00  1.00  0.00  0.00  0.00  0.63  0.00
  111A-068/111A-067       2.26   0.00  0.00  0.00  1.00  0.00  0.00  0.00  0.09  0.00
  111A-069/111A-068       1.73   0.00  0.00  0.00  1.00  0.00  0.00  0.00  0.00  0.00
  111A-070/111A-069      12.70   0.00  0.00  0.00  1.00  0.00  0.00  0.00  0.00  0.00
  111A-071/111A-070       1.40   0.00  0.00  0.00  1.00  0.00  0.00  0.00  0.00  0.00
  111A-072/111A-071       2.16   0.00  0.00  0.00  1.00  0.00  0.00  0.00  0.22  0.00
  111A-075/111A-072       1.00   0.00  0.01  0.00  0.99  0.00  0.00  0.00  0.01  0.00
  111A-076/111A-075       1.00   0.00  0.00  0.00  1.00  0.00  0.00  0.00  0.51  0.00
  111A-077/111A-076       1.71   0.00  0.00  0.00  1.00  0.00  0.00  0.00  0.11  0.00
  111A-083/111A-077       1.51   0.00  0.00  0.00  1.00  0.00  0.00  0.00  0.30  0.00
  111A-086/111A-083       1.22   0.00  0.00  0.00  1.00  0.00  0.00  0.00  0.57  0.00
  111A-087/111A-086       6.93   0.00  0.00  0.00  1.00  0.00  0.00  0.00  0.71  0.00
  111A-096/111A-560       1.00   0.00  0.00  0.00  1.00  0.00  0.00  0.00  0.64  0.00
  111A-097/111A-096       1.00   0.00  0.00  0.00  1.00  0.00  0.00  0.00  0.63  0.00
  111A-098/111A-097       1.50   0.00  0.00  0.00  1.00  0.00  0.00  0.00  0.00  0.00
  111A-099/111A-098      29.04   0.00  1.00  0.00  0.00  0.00  0.00  0.00  0.00  0.00
  111A-100/111A-099       2.16   1.00  0.00  0.00  0.00  0.00  0.00  0.00  0.00  0.00
  111A-101/111A-100       1.00   1.00  0.00  0.00  0.00  0.00  0.00  0.00  0.00  0.00
  111A-102/111A-101       1.00   1.00  0.00  0.00  0.00  0.00  0.00  0.00  0.00  0.00
  111A-150/111A-098       1.29   0.00  0.00  0.00  1.00  0.00  0.00  0.00  0.70  0.00
  111A-151/111A-150       1.35   0.00  0.00  0.00  1.00  0.00  0.00  0.00  0.69  0.00
  111A-152/111A-151       1.00   0.00  0.00  0.00  1.00  0.00  0.00  0.00  0.66  0.00
  111A-153/111A-152       1.68   0.00  0.01  0.00  0.99  0.00  0.00  0.00  0.71  0.00
  111A-176/111A-153       1.00   0.00  0.00  0.00  1.00  0.00  0.00  0.00  0.00  0.00
  111A-182/111A-559       1.00   0.00  0.00  0.00  1.00  0.00  0.00  0.00  0.67  0.00
  111A-183/111A-182       1.00   0.00  0.00  0.00  1.00  0.00  0.00  0.00  0.74  0.00
  111A-184/111A-183       1.00   0.00  0.00  0.00  1.00  0.00  0.00  0.00  0.00  0.00
  111A-185/111A-184       1.74   0.00  0.00  0.00  1.00  0.00  0.00  0.00  0.72  0.00
  111A-186/111A-185       1.50   0.00  0.00  0.00  1.00  0.00  0.00  0.00  0.76  0.00
  111A-189/111A-186       1.00   0.00  0.00  0.00  0.20  0.80  0.00  0.00  0.99  0.00
  111A-192/111A-189       1.00   0.00  0.00  0.00  0.01  0.99  0.00  0.00  0.27  0.00
  111A-199/111A-192       1.00   0.00  0.00  0.00  0.98  0.02  0.00  0.00  0.00  0.00
  111A-200/111A-199       1.00   0.00  0.00  0.00  1.00  0.00  0.00  0.00  0.90  0.00
  111A-204/111A-185       2.29   0.00  0.01  0.00  0.99  0.00  0.00  0.00  0.73  0.00
  111A-205/111A-204       1.29   0.01  0.00  0.00  0.99  0.00  0.00  0.00  0.00  0.00
  111A-206/111A-205       1.00   0.00  0.00  0.00  1.00  0.00  0.00  0.00  0.00  0.00
  111A-207/111A-206       1.00   0.00  0.00  0.00  1.00  0.00  0.00  0.00  0.72  0.00
  111A-208/111A-J66       1.00   0.00  0.00  0.00  1.00  0.00  0.00  0.00  0.73  0.00
  111A-247/111A-208       1.00   0.00  0.00  0.00  1.00  0.00  0.00  0.00  0.66  0.00
  111A-298/111A-200       1.00   0.00  0.00  0.00  1.00  0.00  0.00  0.00  0.68  0.00
  111A-299/111A-298       1.00   0.00  0.00  0.00  1.00  0.00  0.00  0.00  0.19  0.00
  111A-301/111A-299       1.00   0.00  0.00  0.00  1.00  0.00  0.00  0.00  0.84  0.00
  111A-546/111A-551       2.26   0.00  0.00  0.00  1.00  0.00  0.00  0.00  0.01  0.00
  111A-547/111A-573       1.00   0.01  0.00  0.00  0.99  0.00  0.00  0.00  0.00  0.00
  111A-548/111A-547       6.43   0.01  0.00  0.00  0.99  0.00  0.00  0.00  0.01  0.00
  111A-550/111A-548       1.00   0.00  0.00  0.00  1.00  0.00  0.00  0.00  0.64  0.00
  111A-551/111A-550       1.67   0.00  0.00  0.00  1.00  0.00  0.00  0.00  0.08  0.00
  111A-559/111A-176       1.00   0.00  0.00  0.00  1.00  0.00  0.00  0.00  0.71  0.00
  111A-560/111A-087       1.48   0.00  0.00  0.00  1.00  0.00  0.00  0.00  0.00  0.00
  111A-573_BR_WETWELL    14.03   0.01  0.00  0.00  0.79  0.10  0.00  0.10  0.58  0.00
  111A-J55/111A-247       1.00   0.00  0.00  0.00  1.00  0.00  0.00  0.00  0.01  0.00
  111A-J66/111A-207       1.03   0.00  0.00  0.00  1.00  0.00  0.00  0.00  0.00  0.00
  112A-001/194A-J54       1.00   0.07  0.00  0.00  0.93  0.00  0.00  0.00  0.00  0.00
  112A-002_BUR_WETWELL    2.48   0.00  0.00  0.00  0.74  0.22  0.00  0.04  0.92  0.00
  114A-001/369A-177       1.00   0.07  0.00  0.00  0.93  0.00  0.00  0.00  0.00  0.00
  114A-002_CA_WETWELL     3.10   0.00  0.00  0.00  0.55  0.00  0.00  0.45  0.00  0.00
  116A-001/389A-035       1.00   0.08  0.00  0.00  0.92  0.00  0.00  0.00  0.49  0.00
  116A-002_GO_WETWELL    30.57   0.00  0.00  0.00  0.75  0.14  0.00  0.11  0.69  0.00
  116A-003/116A-002       4.58   0.00  0.00  0.00  0.18  0.82  0.00  0.00  0.00  0.00
  116A-012/116A-003       1.00   0.00  0.00  0.00  1.00  0.00  0.00  0.00  0.07  0.00
  116A-013/116A-012       1.00   0.00  0.00  0.00  1.00  0.00  0.00  0.00  0.44  0.00
  116A-020/116A-013       6.34   0.00  0.00  0.00  1.00  0.00  0.00  0.00  0.00  0.00
  116A-023/116A-020       1.00   0.00  0.00  0.00  1.00  0.00  0.00  0.00  0.78  0.00
  116A-024/116A-023       1.00   0.00  0.00  0.00  1.00  0.00  0.00  0.00  0.00  0.00
  117A-001/118A-014       1.00   0.02  0.00  0.00  0.98  0.00  0.00  0.00  0.37  0.00
  117A-002_CLA_WETWELL    1.58   0.00  0.00  0.00  0.49  0.00  0.00  0.51  0.00  0.00
  118A-001/398A-102       1.00   0.02  0.00  0.00  0.98  0.00  0.00  0.00  0.33  0.00
  118A-002_CM_WETWELL     4.64   0.00  0.00  0.00  0.42  0.00  0.00  0.58  0.00  0.00
  118A-003/118A-002       4.19   0.00  0.00  0.00  1.00  0.00  0.00  0.00  0.00  0.00
  118A-004/118A-003       1.00   0.00  0.02  0.00  0.98  0.00  0.00  0.00  0.57  0.00
  118A-005/118A-004       1.00   0.02  0.00  0.00  0.98  0.00  0.00  0.00  0.46  0.00
  118A-009/118A-005       1.91   0.02  0.00  0.00  0.98  0.00  0.00  0.00  0.50  0.00
  118A-012/118A-009       1.00   0.02  0.00  0.00  0.98  0.00  0.00  0.00  0.20  0.00
  118A-013/118A-012       1.00   0.02  0.00  0.00  0.98  0.00  0.00  0.00  0.51  0.00
  118A-014/118A-013       1.00   0.02  0.00  0.00  0.78  0.21  0.00  0.00  0.71  0.00
  121A-001/163A-047       1.00   0.00  0.00  0.00  0.98  0.02  0.00  0.00  0.52  0.00
  121A-002_CU_WETWELL     5.09   0.00  0.00  0.00  0.12  0.05  0.00  0.83  0.14  0.00
  123A-001/387A-107       1.00   0.09  0.00  0.00  0.91  0.00  0.00  0.00  0.60  0.00
  123A-002_DM_WETWELL     4.73   0.00  0.00  0.00  1.00  0.00  0.00  0.00  0.92  0.00
  128A-001/333A-050       1.00   0.15  0.00  0.00  0.84  0.01  0.00  0.00  0.57  0.00
  128A-002_DEX_WETWELL    3.00   0.00  0.00  0.00  0.59  0.00  0.00  0.41  0.13  0.00
  131A-001/131A-J38       1.00   0.03  0.00  0.00  0.97  0.00  0.00  0.00  0.00  0.00
  131A-002_EL_WETWELL     7.24   0.00  0.00  0.00  0.91  0.02  0.00  0.06  0.63  0.00
  134A-001_351A-112       1.00   0.00  0.00  0.00  1.00  0.00  0.00  0.00  0.00  0.00
  134A-001_EP_WETWELL    71.18   0.00  0.00  0.00  1.00  0.00  0.00  0.00  0.00  0.00
  134A-002/134A-001      45.72   0.00  0.00  0.00  0.99  0.01  0.00  0.00  0.80  0.00
  134A-041_134A-001       1.00   0.00  0.74  0.00  0.26  0.00  0.00  0.00  0.48  0.00
  134A-042_134A-041       4.76   0.74  0.08  0.00  0.17  0.00  0.00  0.00  0.49  0.00
  140A-001/199A-026       1.00   0.00  0.00  0.00  1.00  0.00  0.00  0.00  0.00  0.00
  140A-002_FM_WETWELL     1.56   0.00  0.00  0.00  0.22  0.00  0.00  0.78  0.01  0.00
  151A-001/151A-J47       5.32   0.12  0.00  0.00  0.88  0.00  0.00  0.00  0.00  0.00
  151A-001_OFALL_HANNA    7.24   0.86  0.00  0.00  0.00  0.14  0.00  0.00  0.04  0.00
  151A-003/151A-002       1.61   0.00  0.00  0.00  0.99  0.01  0.00  0.00  0.08  0.00
  151A-004/151A-003       1.57   0.00  0.00  0.00  1.00  0.00  0.00  0.00  0.00  0.00
  151A-005/151A-004       1.00   0.00  0.00  0.00  1.00  0.00  0.00  0.00  0.09  0.00
  151A-006/151A-005       1.00   0.00  0.00  0.00  1.00  0.00  0.00  0.00  0.00  0.00
  151A-007/151A-006       1.00   0.00  0.00  0.00  1.00  0.00  0.00  0.00  0.06  0.00
  151A-008/151A-007       1.00   0.00  0.00  0.00  1.00  0.00  0.00  0.00  0.02  0.00
  151A-009/151A-008       1.00   0.00  0.00  0.00  1.00  0.00  0.00  0.00  0.10  0.00
  151A-010/151A-009       1.00   0.00  0.01  0.00  0.99  0.00  0.00  0.00  0.21  0.00
  151A-011/151A-010       1.00   0.01  0.00  0.00  0.99  0.00  0.00  0.00  0.04  0.00
  151A-012/151A-011       1.19   0.01  0.00  0.00  0.99  0.00  0.00  0.00  0.10  0.00
  151A-013/151A-012       1.00   0.00  0.00  0.00  1.00  0.00  0.00  0.00  0.00  0.00
  151A-014/151A-013       1.00   0.00  0.00  0.00  1.00  0.00  0.00  0.00  0.01  0.00
  151A-015/151A-014       1.00   0.00  0.00  0.00  1.00  0.00  0.00  0.00  0.48  0.00
  151A-016/151A-015       1.29   0.00  0.00  0.00  1.00  0.00  0.00  0.00  0.36  0.00
  151A-017/151A-016       2.46   0.00  0.00  0.00  1.00  0.00  0.00  0.00  0.61  0.00
  151A-018/151A-017       1.00   0.00  0.00  0.00  1.00  0.00  0.00  0.00  0.00  0.00
  151A-019/151A-018       1.00   0.00  0.00  0.00  1.00  0.00  0.00  0.00  0.31  0.00
  151A-020/151A-019       1.00   0.00  0.00  0.00  1.00  0.00  0.00  0.00  0.68  0.00
  151A-021/151A-020       1.00   0.00  0.00  0.00  1.00  0.00  0.00  0.00  0.00  0.00
  151A-022/151A-021       1.06   0.00  0.01  0.00  0.99  0.00  0.00  0.00  0.06  0.00
  151A-023/151A-022       1.05   0.01  0.00  0.00  0.99  0.00  0.00  0.00  0.06  0.00
  151A-024/151A-023       1.00   0.01  0.00  0.00  0.99  0.00  0.00  0.00  0.01  0.00
  151A-025/151A-189      11.64   0.00  0.01  0.00  0.99  0.00  0.00  0.00  0.00  0.00
  151A-026/151A-025       1.00   0.00  0.00  0.00  1.00  0.00  0.00  0.00  0.30  0.00
  151A-027/151A-026       1.00   0.00  0.00  0.00  1.00  0.00  0.00  0.00  0.00  0.00
  151A-028/151A-002       8.61   0.00  0.74  0.00  0.26  0.00  0.00  0.00  0.53  0.00
  151A-029/151A-028       1.00   0.28  0.00  0.00  0.63  0.09  0.00  0.00  0.67  0.00
  151A-030/151A-029       1.00   0.28  0.00  0.00  0.49  0.23  0.00  0.00  0.48  0.00
  151A-163/151A-025       1.68   0.00  0.00  0.00  1.00  0.00  0.00  0.00  0.97  0.00
  151A-164/151A-163       1.00   0.00  0.01  0.00  0.86  0.14  0.00  0.00  0.00  0.00
  151A-165/151A-164       1.00   0.01  0.00  0.00  0.99  0.00  0.00  0.00  0.00  0.00
  151A-166/151A-165       7.69   0.01  0.00  0.00  0.99  0.00  0.00  0.00  0.75  0.00
  151A-168/151A-166       1.00   0.01  0.00  0.00  0.99  0.00  0.00  0.00  0.00  0.00
  151A-169/151A-168       1.00   0.01  0.00  0.00  0.99  0.00  0.00  0.00  0.61  0.00
  151A-189/151A-024       1.00   0.01  0.00  0.00  0.99  0.00  0.00  0.00  0.08  0.00
  151A-191/151A-287       1.00   0.00  0.00  0.00  1.00  0.00  0.00  0.00  0.02  0.00
  151A-192/151A-191       1.00   0.00  0.00  0.00  1.00  0.00  0.00  0.00  0.02  0.00
  151A-199/151A-192       1.00   0.00  0.02  0.00  0.98  0.00  0.00  0.00  0.00  0.00
  151A-200/151A-199       1.00   0.02  0.02  0.00  0.96  0.00  0.00  0.00  0.00  0.00
  151A-201/151A-200       8.95   0.04  0.75  0.00  0.21  0.00  0.00  0.00  0.49  0.00
  151A-202/151A-200       1.00   0.04  0.05  0.00  0.91  0.00  0.00  0.00  0.04  0.00
  151A-203/151A-202       1.00   0.09  0.01  0.00  0.90  0.00  0.00  0.00  0.02  0.00
  151A-204/151A-203       2.52   0.10  0.15  0.00  0.75  0.00  0.00  0.00  0.26  0.00
  151A-205/151A-204       1.00   0.25  0.40  0.00  0.36  0.00  0.00  0.00  0.45  0.00
  151A-206/151A-205       1.00   0.64  0.06  0.00  0.30  0.00  0.00  0.00  0.47  0.00
  151A-209/151A-169       1.00   0.00  0.00  0.00  1.00  0.00  0.00  0.00  0.55  0.00
  151A-210/151A-209       1.00   0.00  0.00  0.00  1.00  0.00  0.00  0.00  0.01  0.00
  151A-211/151A-210       1.00   0.00  0.00  0.00  1.00  0.00  0.00  0.00  0.00  0.00
  151A-212/151A-211       1.00   0.00  0.00  0.00  1.00  0.00  0.00  0.00  0.74  0.00
  151A-213/151A-212       1.00   0.00  0.00  0.00  1.00  0.00  0.00  0.00  0.00  0.00
  151A-214/151A-213       1.00   0.00  0.00  0.00  1.00  0.00  0.00  0.00  0.72  0.00
  151A-215/151A-214       1.00   0.00  0.00  0.00  1.00  0.00  0.00  0.00  0.97  0.00
  151A-219/151A-215       1.70   0.00  0.00  0.00  0.56  0.44  0.00  0.00  0.99  0.00
  151A-220/151A-219       1.98   0.00  0.00  0.00  0.01  0.99  0.00  0.00  1.00  0.00
  151A-221/151A-220       1.00   0.00  0.00  0.00  1.00  0.00  0.00  0.00  0.00  0.00
  151A-222/151A-221       1.00   0.00  0.00  0.00  1.00  0.00  0.00  0.00  0.76  0.00
  151A-223/151A-222       1.00   0.00  0.00  0.00  1.00  0.00  0.00  0.00  1.00  0.00
  151A-235/151A-223       1.75   0.00  0.00  0.00  0.06  0.94  0.00  0.00  0.00  0.00
  151A-240/151A-235       1.71   0.01  0.00  0.00  0.00  0.00  0.00  0.99  0.00  0.00
  151A-241/151A-240       1.00   0.01  0.00  0.00  0.99  0.00  0.00  0.00  0.00  0.00
  151A-242/151A-241       1.00   0.01  0.00  0.00  0.99  0.00  0.00  0.00  0.66  0.00
  151A-246/151A-242       1.11   0.01  0.00  0.00  0.99  0.00  0.00  0.00  0.03  0.00
  151A-247/151A-246       1.16   0.01  0.00  0.00  0.99  0.00  0.00  0.00  0.71  0.00
  151A-248/151A-247       1.00   0.01  0.00  0.00  0.99  0.00  0.00  0.00  0.76  0.00
  151A-249/151A-248       1.00   0.00  0.01  0.00  0.99  0.00  0.00  0.00  0.00  0.00
  151A-250/151A-249       1.00   0.00  0.00  0.00  1.00  0.00  0.00  0.00  0.83  0.00
  151A-251/151A-250       1.00   0.00  0.00  0.00  1.00  0.00  0.00  0.00  0.00  0.00
  151A-252/151A-251       3.99   0.00  0.27  0.00  0.73  0.00  0.00  0.00  0.68  0.00
  151A-253/151A-251       1.00   0.00  0.09  0.00  0.91  0.00  0.00  0.00  0.70  0.00
  151A-254/151A-253       1.00   0.08  0.00  0.00  0.91  0.00  0.00  0.00  0.12  0.00
  151A-255/151A-254       1.00   0.08  0.00  0.00  0.92  0.00  0.00  0.00  0.71  0.00
  151A-256/151A-255       1.00   0.08  0.00  0.00  0.92  0.00  0.00  0.00  0.80  0.00
  151A-257/151A-256       1.00   0.08  0.00  0.00  0.92  0.00  0.00  0.00  0.77  0.00
  151A-258/151A-257       3.05   0.08  0.00  0.00  0.92  0.00  0.00  0.00  0.61  0.00
  151A-259/151A-251       1.00   0.00  0.01  0.00  0.99  0.00  0.00  0.00  0.44  0.00
  151A-261_151A-259       1.00   0.01  0.00  0.00  0.99  0.00  0.00  0.00  0.00  0.00
  151A-264_151A-261       1.00   0.01  0.00  0.00  0.99  0.00  0.00  0.00  0.72  0.00
  151A-265/151A-264       1.50   0.01  0.00  0.00  0.99  0.00  0.00  0.00  0.73  0.00
  151A-282/339A-071       1.00   0.12  0.00  0.00  0.88  0.00  0.00  0.00  0.00  0.00
  151A-287/151A-027      11.02   0.00  0.00  0.00  1.00  0.00  0.00  0.00  0.71  0.00
  151A-J40/332A-080       1.00   0.03  0.00  0.00  0.81  0.16  0.00  0.00  0.00  0.00
  151A-J47/151A-282       1.00   0.12  0.00  0.00  0.88  0.00  0.00  0.00  0.00  0.00
  152A-001/206A-051       1.00   0.01  0.00  0.00  0.93  0.06  0.00  0.00  0.74  0.00
  152A-002_HL_WETWELL     9.40   0.00  0.00  0.00  0.01  0.00  0.00  0.99  0.00  0.00
  162A-001/106A-096       1.00   0.02  0.00  0.00  0.97  0.00  0.00  0.00  0.42  0.00
  162A-002_KN_WETWELL     3.93   0.00  0.00  0.00  0.97  0.01  0.00  0.02  0.56  0.00
  163A-001_372A-J48       1.00   0.00  0.06  0.00  0.94  0.00  0.00  0.00  0.00  0.00
  163A-002/163A-J52      20.03   0.00  0.00  0.00  0.07  0.93  0.00  0.00  0.97  0.00
  163A-003/163A-J52       8.03   1.00  0.00  0.00  0.00  0.00  0.00  0.00  0.00  0.00
  163A-004/163A-003       2.44   1.00  0.00  0.00  0.00  0.00  0.00  0.00  0.00  0.00
  163A-005/163A-004       1.81   1.00  0.00  0.00  0.00  0.00  0.00  0.00  0.00  0.00
  163A-006/163A-361       1.00   1.00  0.00  0.00  0.00  0.00  0.00  0.00  0.00  0.00
  163A-007/163A-002       8.98   0.00  0.00  0.00  0.01  0.01  0.00  0.98  0.00  0.00
  163A-008/163A-007       1.84   0.00  0.00  0.00  1.00  0.00  0.00  0.00  0.00  0.00
  163A-009/163A-008      58.07   0.00  0.00  0.00  0.99  0.01  0.00  0.00  0.99  0.00
  163A-010/163A-009      11.11   0.00  0.00  0.00  0.01  0.99  0.00  0.00  0.00  0.00
  163A-011/163A-010       2.79   0.00  0.00  0.00  0.20  0.80  0.00  0.00  0.98  0.00
  163A-012/163A-011       1.00   0.00  1.00  0.00  0.00  0.00  0.00  0.00  0.00  0.00
  163A-017/163A-011       1.00   0.00  0.00  0.00  1.00  0.00  0.00  0.00  0.00  0.00
  163A-018/163A-017       1.00   0.00  0.00  0.00  1.00  0.00  0.00  0.00  0.66  0.00
  163A-019/163A-018       4.68   0.00  0.00  0.00  1.00  0.00  0.00  0.00  0.23  0.00
  163A-020/163A-019       1.00   0.00  0.00  0.00  1.00  0.00  0.00  0.00  0.99  0.00
  163A-021/163A-020       1.16   0.00  0.00  0.00  0.22  0.78  0.00  0.00  0.96  0.00
  163A-022/163A-021      17.45   0.00  0.00  0.00  0.00  0.99  0.00  0.00  0.99  0.00
  163A-023/163A-022       1.97   0.00  0.00  0.00  0.00  1.00  0.00  0.00  0.00  0.00
  163A-025/163A-023       1.06   0.00  0.00  0.00  0.00  1.00  0.00  0.00  1.00  0.00
  163A-026/163A-025       1.00   0.00  0.00  0.00  1.00  0.00  0.00  0.00  0.00  0.00
  163A-028/163A-026       1.00   0.00  0.00  0.00  1.00  0.00  0.00  0.00  0.84  0.00
  163A-029/163A-028       1.41   0.00  0.00  0.00  1.00  0.00  0.00  0.00  0.40  0.00
  163A-030/163A-029       1.00   0.00  0.00  0.00  1.00  0.00  0.00  0.00  0.54  0.00
  163A-031/163A-030       1.42   0.00  0.00  0.00  1.00  0.00  0.00  0.00  0.00  0.00
  163A-032/163A-031       1.00   0.00  0.01  0.00  0.99  0.00  0.00  0.00  0.99  0.00
  163A-034/163A-031       2.18   0.00  0.00  0.00  1.00  0.00  0.00  0.00  0.74  0.00
  163A-035/163A-034       1.00   0.00  0.00  0.00  1.00  0.00  0.00  0.00  0.00  0.00
  163A-036/163A-035       3.89   0.00  0.00  0.00  1.00  0.00  0.00  0.00  0.99  0.00
  163A-038/163A-036       1.00   0.00  0.01  0.00  0.99  0.00  0.00  0.00  0.10  0.00
  163A-043/163A-038       1.00   0.00  0.00  0.00  1.00  0.00  0.00  0.00  0.47  0.00
  163A-044/163A-043       1.00   0.00  0.00  0.00  1.00  0.00  0.00  0.00  0.00  0.00
  163A-045/163A-044       1.00   0.00  0.00  0.00  1.00  0.00  0.00  0.00  0.78  0.00
  163A-046/163A-045       2.80   0.00  0.00  0.00  1.00  0.00  0.00  0.00  0.56  0.00
  163A-047/163A-046       2.94   0.00  0.00  0.00  1.00  0.00  0.00  0.00  0.75  0.00
  163A-048/163A-047       1.00   0.00  0.00  0.00  1.00  0.00  0.00  0.00  0.95  0.00
  163A-051/163A-048       2.58   0.00  0.95  0.00  0.05  0.00  0.00  0.00  0.60  0.00
  163A-075/163A-047       1.00   0.00  0.00  0.00  1.00  0.00  0.00  0.00  0.84  0.00
  163A-077/163A-075       1.00   0.00  0.00  0.00  1.00  0.00  0.00  0.00  0.78  0.00
  163A-078/163A-077       1.00   0.00  0.00  0.00  1.00  0.00  0.00  0.00  0.73  0.00
  163A-098/163A-367       1.00   1.00  0.00  0.00  0.00  0.00  0.00  0.00  0.00  0.00
  163A-099/163A-018      12.89   0.00  0.00  0.00  1.00  0.00  0.00  0.00  1.00  0.00
  163A-099/163A-098       1.13   0.00  1.00  0.00  0.00  0.00  0.00  0.00  0.00  0.00
  163A-100/163A-099       5.09   0.00  0.00  0.00  0.96  0.04  0.00  0.00  0.00  0.00
  163A-101/163A-100       1.07   0.00  0.00  0.00  0.30  0.69  0.00  0.00  1.00  0.00
  163A-109/163A-101       1.00   0.00  0.00  0.00  0.81  0.19  0.00  0.00  0.00  0.00
  163A-110/163A-109       4.38   0.00  0.96  0.00  0.03  0.00  0.00  0.00  0.61  0.00
  163A-111/163A-110       1.99   0.38  0.00  0.00  0.62  0.00  0.00  0.00  0.61  0.00
  163A-125/163A-363       1.00   0.00  0.00  0.00  1.00  0.00  0.00  0.00  0.77  0.00
  163A-130/163A-125       4.57   0.00  0.00  0.00  1.00  0.00  0.00  0.00  0.96  0.00
  163A-131/163A-130       1.00   0.00  0.00  0.00  1.00  0.00  0.00  0.00  0.00  0.00
  163A-145/163A-131       1.00   0.00  0.00  0.00  1.00  0.00  0.00  0.00  0.92  0.00
  163A-154/163A-145       1.00   0.00  0.00  0.00  1.00  0.00  0.00  0.00  0.02  0.00
  163A-164/163A-154       1.00   0.00  0.00  0.00  1.00  0.00  0.00  0.00  0.93  0.00
  163A-166/163A-164       1.00   0.00  0.00  0.00  1.00  0.00  0.00  0.00  0.07  0.00
  163A-172_163A-166       1.00   0.00  0.00  0.00  1.00  0.00  0.00  0.00  0.98  0.00
  163A-173/163A-172       1.00   0.00  0.00  0.00  1.00  0.00  0.00  0.00  0.87  0.00
  163A-174/163A-173       2.72   0.00  0.00  0.00  1.00  0.00  0.00  0.00  0.20  0.00
  163A-178/163A-346       1.00   0.00  0.00  0.00  1.00  0.00  0.00  0.00  0.98  0.00
  163A-182/163A-178       1.00   0.00  0.00  0.00  1.00  0.00  0.00  0.00  0.56  0.00
  163A-183/163A-182       1.00   0.00  0.00  0.00  1.00  0.00  0.00  0.00  0.68  0.00
  163A-184/163A-183       3.13   0.00  0.00  0.00  1.00  0.00  0.00  0.00  0.47  0.00
  163A-191/163A-184       1.00   0.00  0.00  0.00  1.00  0.00  0.00  0.00  0.96  0.00
  163A-241/163A-191       1.00   0.00  0.95  0.00  0.05  0.00  0.00  0.00  0.62  0.00
  163A-242/163A-241       1.00   0.95  0.03  0.00  0.02  0.00  0.00  0.00  0.62  0.00
  163A-243/163A-242       1.00   0.98  0.02  0.00  0.00  0.00  0.00  0.00  0.00  0.00
  163A-244/163A-243       1.99   1.00  0.00  0.00  0.00  0.00  0.00  0.00  0.00  0.00
  163A-337/163A-032       1.00   0.01  0.00  0.00  0.98  0.01  0.00  0.00  0.47  0.00
  163A-346/163A-174       2.55   0.00  0.00  0.00  1.00  0.00  0.00  0.00  0.16  0.00
  163A-348/163A-099       6.10   0.00  0.98  0.00  0.02  0.00  0.00  0.00  0.62  0.00
  163A-349/163A-368       1.66   1.00  0.00  0.00  0.00  0.00  0.00  0.00  0.00  0.00
  163A-350/163A-349       2.28   1.00  0.00  0.00  0.00  0.00  0.00  0.00  0.00  0.00
  163A-351/163A-369      10.36   1.00  0.00  0.00  0.00  0.00  0.00  0.00  0.00  0.00
  163A-361/163A-005       1.71   1.00  0.00  0.00  0.00  0.00  0.00  0.00  0.00  0.00
  163A-363/163A-109       8.55   0.00  0.00  0.00  1.00  0.00  0.00  0.00  0.06  0.00
  163A-367/163A-009      11.75   0.00  1.00  0.00  0.00  0.00  0.00  0.00  0.00  0.00
  163A-368/163A-348       2.29   0.98  0.02  0.00  0.00  0.00  0.00  0.00  0.00  0.00
  163A-369/163A-350       1.00   1.00  0.00  0.00  0.00  0.00  0.00  0.00  0.00  0.00
  163A-370/163A-369       1.00   1.00  0.00  0.00  0.00  0.00  0.00  0.00  0.00  0.00
  163A-372/163A-370       2.84   1.00  0.00  0.00  0.00  0.00  0.00  0.00  0.00  0.00
  163A-391/163A-337       1.00   0.01  0.00  0.00  0.99  0.00  0.00  0.00  0.58  0.00
  163A-J52_KS_WETWELL    10.20   0.00  0.00  0.00  0.03  0.00  0.00  0.97  0.00  0.00
  163B-391_VA_WETWELL     4.08   0.00  0.00  0.00  0.04  0.01  0.00  0.95  0.01  0.00
  164A-001/330A-145       1.00   0.04  0.00  0.00  0.96  0.00  0.00  0.00  0.00  0.00
  164A-003/164A-002       1.59   0.00  0.00  0.00  0.20  0.80  0.00  0.00  0.81  0.00
  164A-008/164A-003       1.82   0.00  0.04  0.00  0.90  0.06  0.00  0.00  0.08  0.00
  164A-009/164A-008       1.00   0.03  0.00  0.00  0.97  0.00  0.00  0.00  0.60  0.00
  164A-010/164A-009       1.01   0.03  0.00  0.00  0.97  0.00  0.00  0.00  0.65  0.00
  164A-014/164A-010       1.00   0.03  0.00  0.00  0.97  0.00  0.00  0.00  0.74  0.00
  164A-015/164A-014       1.00   0.03  0.00  0.00  0.97  0.00  0.00  0.00  0.00  0.00
  164A-016/164A-015       1.03   0.03  0.00  0.00  0.97  0.00  0.00  0.00  0.68  0.00
  164A-017/164A-016       1.17   0.01  0.02  0.00  0.97  0.00  0.00  0.00  0.00  0.00
  164A-019/164A-017       1.16   0.01  0.00  0.00  0.99  0.00  0.00  0.00  0.00  0.00
  164A_002_LE_WETWELL     5.36   0.00  0.00  0.00  0.21  0.00  0.00  0.79  0.00  0.00
  171B-001B_172A-J59A     1.00   0.12  0.01  0.00  0.87  0.00  0.00  0.00  0.00  0.00
  172A-001/172A-J59       1.00   0.12  0.00  0.00  0.88  0.00  0.00  0.00  0.04  0.00
  172A-001_LA_WETWELL   136.16   0.00  0.00  0.00  0.98  0.02  0.00  0.00  0.20  0.00
  172A-003/172A-001       4.55   0.00  0.00  0.00  0.79  0.21  0.00  0.00  0.12  0.00
  172A-004/172A-003      12.51   0.00  0.00  0.00  1.00  0.00  0.00  0.00  0.21  0.00
  172A-047/172A-004       1.00   0.00  0.00  0.00  1.00  0.00  0.00  0.00  0.24  0.00
  172A-049/339A-076       1.35   0.01  0.00  0.00  0.26  0.00  0.00  0.73  0.01  0.00
  172A-050/172A-049       1.00   0.01  0.00  0.00  0.99  0.00  0.00  0.00  0.00  0.00
  172A-051/172A-050       1.00   0.01  0.00  0.00  0.99  0.00  0.00  0.00  0.75  0.00
  172A-052/172A-051       1.00   0.01  0.00  0.00  0.99  0.00  0.00  0.00  0.18  0.00
  172A-053/172A-052       1.00   0.01  0.00  0.00  0.99  0.00  0.00  0.00  0.05  0.00
  172A-054/172A-053       1.00   0.00  0.00  0.00  1.00  0.00  0.00  0.00  0.74  0.00
  172A-055/172A-054       1.00   0.00  0.00  0.00  1.00  0.00  0.00  0.00  0.04  0.00
  172A-056/172A-055       1.00   0.00  0.00  0.00  1.00  0.00  0.00  0.00  0.79  0.00
  172A-057/172A-056       1.00   0.00  0.00  0.00  1.00  0.00  0.00  0.00  0.02  0.00
  172A-058/172A-057       1.00   0.00  0.00  0.00  1.00  0.00  0.00  0.00  0.81  0.00
  172A-059/172A-058       1.00   0.00  0.00  0.00  1.00  0.00  0.00  0.00  0.02  0.00
  172A-108/172A-047       3.45   0.00  0.00  0.00  1.00  0.00  0.00  0.00  0.65  0.00
  172A-112/172A-108       3.36   0.00  0.00  0.00  1.00  0.00  0.00  0.00  0.00  0.00
  172A-113/172A-112       2.66   0.00  0.00  0.00  1.00  0.00  0.00  0.00  0.70  0.00
  172A-121/172A-113       2.29   0.00  0.00  0.00  1.00  0.00  0.00  0.00  0.00  0.00
  172A-122/172A-121       1.63   0.00  0.00  0.00  1.00  0.00  0.00  0.00  0.00  0.00
  172A-130/172A-122       1.00   0.00  0.00  0.00  1.00  0.00  0.00  0.00  0.00  0.00
  172A-154/172A-130       1.00   0.00  0.00  0.00  1.00  0.00  0.00  0.00  0.02  0.00
  172A-160/172A-154       1.40   0.00  0.00  0.00  1.00  0.00  0.00  0.00  0.00  0.00
  172A-161/172A-160       1.63   0.00  0.00  0.00  1.00  0.00  0.00  0.00  0.00  0.00
  172A-170/172A-161       1.00   0.00  0.00  0.00  1.00  0.00  0.00  0.00  0.06  0.00
  172A-179/172A-170       1.00   0.00  0.00  0.00  1.00  0.00  0.00  0.00  0.00  0.00
  172A-J59/360A-126       1.32   0.00  0.00  0.00  1.00  0.00  0.00  0.00  0.08  0.00
  177A-001/390A-019       4.27   0.04  0.00  0.00  0.96  0.00  0.00  0.00  0.27  0.00
  177A-002/390A-019      10.80   0.04  0.75  0.00  0.16  0.00  0.04  0.00  0.00  0.00
  177A-002_MOR_WETWELL    7.26   0.00  0.00  0.00  0.98  0.00  0.00  0.02  0.18  0.00
  177A-003/177A-002       2.15   0.00  0.00  0.00  0.75  0.25  0.00  0.00  0.49  0.00
  177A-015/177A-003       1.00   0.00  0.00  0.00  1.00  0.00  0.00  0.00  0.00  0.00
  183A-001/331A-274       1.00   0.03  0.00  0.00  0.97  0.00  0.00  0.00  0.01  0.00
  183A-002_109_WETWELL    2.85   0.00  0.00  0.00  0.77  0.00  0.00  0.23  0.19  0.00
  183A-008/183A-002       2.09   0.00  0.00  0.00  1.00  0.00  0.00  0.00  0.43  0.00
  183A-009/183A-008       1.00   0.00  0.00  0.00  1.00  0.00  0.00  0.00  0.03  0.00
  183A-016/183A-002       1.00   0.00  0.00  0.00  1.00  0.00  0.00  0.00  0.65  0.00
  183A-017/183A-016       1.00   0.00  0.00  0.00  1.00  0.00  0.00  0.00  0.00  0.00
  185A-001/366A-003       1.00   0.00  0.00  0.00  1.00  0.00  0.00  0.00  0.79  0.00
  185A-002_OA_WETWELL    16.44   0.00  0.00  0.00  0.33  0.67  0.00  0.00  0.05  0.00
  190A-001/360A-J56       3.04   0.02  0.00  0.00  0.87  0.11  0.00  0.00  0.60  0.00
  190A-002_PE_WETWELL     5.02   0.00  0.00  0.00  0.79  0.00  0.00  0.21  0.03  0.00
  190A-003_190A-002       1.80   0.00  0.00  0.00  1.00  0.00  0.00  0.00  0.05  0.00
  190A-006/190A-003       1.00   0.00  0.00  0.00  1.00  0.00  0.00  0.00  0.77  0.00
  190A-016/190A-006       1.00   0.00  0.00  0.00  1.00  0.00  0.00  0.00  0.82  0.00
  190A-017/190A-016       1.00   0.00  0.01  0.00  0.99  0.00  0.00  0.00  0.46  0.00
  190A-018/190A-017       1.00   0.01  0.00  0.00  0.99  0.00  0.00  0.00  0.82  0.00
  190A-019/190A-018       1.00   0.00  0.00  0.00  1.00  0.00  0.00  0.00  0.10  0.00
  190A-020/190A-019       1.00   0.00  0.00  0.00  1.00  0.00  0.00  0.00  0.07  0.00
  190A-025/190A-020       1.00   0.00  0.00  0.00  1.00  0.00  0.00  0.00  0.84  0.00
  190A-026/190A-025       1.00   0.00  0.00  0.00  1.00  0.00  0.00  0.00  0.00  0.00
  190A-027/190A-026       1.36   0.00  0.00  0.00  1.00  0.00  0.00  0.00  0.75  0.00
  190A-028/190A-027       1.00   0.00  0.00  0.00  1.00  0.00  0.00  0.00  0.83  0.00
  190A-029/190A-028       1.00   0.00  0.00  0.00  1.00  0.00  0.00  0.00  0.00  0.00
  190A-030/190A-029       1.00   0.00  0.00  0.00  1.00  0.00  0.00  0.00  0.85  0.00
  190A-031/190A-030       1.00   0.00  0.00  0.00  1.00  0.00  0.00  0.00  0.87  0.00
  190A-037/190A-031       1.00   0.00  0.00  0.00  1.00  0.00  0.00  0.00  0.00  0.00
  194A-001/337A-111       1.00   0.01  0.00  0.00  0.91  0.08  0.00  0.00  0.45  0.00
  194A-J54/151A-258       1.00   0.07  0.02  0.00  0.91  0.01  0.00  0.00  0.00  0.00
  194A_002_RB_WETWELL     4.84   0.00  0.00  0.00  0.19  0.00  0.81  0.00  0.00  0.00
  195A-001/366A-336       1.00   0.00  0.00  0.00  1.00  0.00  0.00  0.00  0.46  0.00
  195A-002/195A-047      41.44   0.00  0.97  0.00  0.03  0.00  0.00  0.00  0.60  0.00
  195A-047_RW_WETWELL    24.33   0.00  0.00  0.00  0.03  0.00  0.00  0.97  0.01  0.00
  199A-001/172A-J59       1.00   0.05  0.08  0.00  0.87  0.00  0.00  0.00  0.00  0.00
  199A-002_RO_WETWELL     1.00   0.00  0.00  0.00  0.20  0.00  0.00  0.79  0.00  0.00
  199A-003/199A-002       1.77   0.00  0.00  0.00  1.00  0.00  0.00  0.00  0.80  0.00
  199A-004/199A-002       6.93   0.00  0.00  0.00  0.12  0.88  0.00  0.00  0.86  0.00
  199A-005/199A-004       1.00   0.00  0.00  0.00  0.15  0.85  0.00  0.00  0.00  0.00
  199A-006/199A-J53       1.00   0.00  0.00  0.00  1.00  0.00  0.00  0.00  0.00  0.00
  199A-007/199A-006       1.00   0.00  0.00  0.00  1.00  0.00  0.00  0.00  0.73  0.00
  199A-008/199A-007       1.00   0.00  0.00  0.00  0.98  0.01  0.00  0.00  0.73  0.00
  199A-009/199A-008       1.00   0.00  0.00  0.00  0.26  0.74  0.00  0.00  0.73  0.00
  199A-015/199A-009       1.00   0.00  0.00  0.00  0.28  0.72  0.00  0.00  0.03  0.00
  199A-016/199A-015       1.00   0.00  0.00  0.00  1.00  0.00  0.00  0.00  0.00  0.00
  199A-017/199A-016       1.00   0.00  0.00  0.00  1.00  0.00  0.00  0.00  0.72  0.00
  199A-021/199A-017       1.21   0.00  0.00  0.00  1.00  0.00  0.00  0.00  0.73  0.00
  199A-022/199A-021       1.00   0.00  0.00  0.00  1.00  0.00  0.00  0.00  0.00  0.00
  199A-026/199A-022       1.00   0.00  0.00  0.00  1.00  0.00  0.00  0.00  0.73  0.00
  199A-J53/199A-005       1.83   0.00  0.00  0.00  1.00  0.00  0.00  0.00  0.73  0.00
  203A-001/111A-J55       1.00   0.00  0.00  0.00  0.97  0.03  0.00  0.00  0.59  0.00
  203A-002_SEM_WETWELL    6.33   0.00  0.00  0.00  0.19  0.00  0.00  0.81  0.01  0.00
  206A-001/206A-J16       1.00   0.00  0.00  0.00  1.00  0.00  0.00  0.00  0.00  0.00
  206A-002_SL_WETWELL    13.74   0.00  0.00  0.00  0.20  0.01  0.00  0.80  0.02  0.00
  206A-003/206A-002       3.82   0.00  0.02  0.00  0.98  0.00  0.00  0.00  0.28  0.00
  206A-006/206A-003       1.00   0.02  0.00  0.00  0.98  0.00  0.00  0.00  0.60  0.00
  206A-011/206A-002       1.11   0.00  0.86  0.00  0.14  0.00  0.00  0.00  0.52  0.00
  206A-014/206A-011       1.00   0.86  0.03  0.00  0.11  0.00  0.00  0.00  0.55  0.00
  206A-017/206A-014       1.00   0.89  0.03  0.00  0.08  0.00  0.00  0.00  0.57  0.00
  206A-018/206A-023       1.00   1.00  0.00  0.00  0.00  0.00  0.00  0.00  0.00  0.00
  206A-021/206A-017       4.21   0.92  0.03  0.00  0.06  0.00  0.00  0.00  0.62  0.00
  206A-022/206A-021       1.00   0.94  0.06  0.00  0.00  0.00  0.00  0.00  0.00  0.00
  206A-023/206A-054       1.63   1.00  0.00  0.00  0.00  0.00  0.00  0.00  0.00  0.00
  206A-024/206A-023       1.00   1.00  0.00  0.00  0.00  0.00  0.00  0.00  0.00  0.00
  206A-026/206A-022       1.00   1.00  0.00  0.00  0.00  0.00  0.00  0.00  0.00  0.00
  206A-027/206A-026       1.00   1.00  0.00  0.00  0.00  0.00  0.00  0.00  0.00  0.00
  206A-028/206A-027       6.80   1.00  0.00  0.00  0.00  0.00  0.00  0.00  0.00  0.00
  206A-032/206A-006       1.00   0.02  0.00  0.00  0.98  0.00  0.00  0.00  0.08  0.00
  206A-033/206A-032       1.00   0.01  0.00  0.00  0.99  0.00  0.00  0.00  0.81  0.00
  206A-036/206A-033       1.00   0.01  0.00  0.00  0.99  0.00  0.00  0.00  0.59  0.00
  206A-037/206A-036       1.00   0.01  0.00  0.00  0.99  0.00  0.00  0.00  0.51  0.00
  206A-038/206A-037       1.28   0.01  0.00  0.00  0.99  0.00  0.00  0.00  0.64  0.00
  206A-039/206A-038       1.00   0.01  0.00  0.00  0.99  0.00  0.00  0.00  0.39  0.00
  206A-040/206A-039       1.00   0.01  0.00  0.00  0.99  0.00  0.00  0.00  0.82  0.00
  206A-041/206A-040       1.00   0.01  0.00  0.00  0.99  0.00  0.00  0.00  0.23  0.00
  206A-042/206A-041       1.00   0.01  0.00  0.00  0.99  0.00  0.00  0.00  0.72  0.00
  206A-043/206A-042       1.00   0.01  0.00  0.00  0.99  0.00  0.00  0.00  0.75  0.00
  206A-044/206A-043       1.00   0.01  0.00  0.00  0.99  0.00  0.00  0.00  0.17  0.00
  206A-045/206A-044       1.00   0.01  0.00  0.00  0.99  0.00  0.00  0.00  0.78  0.00
  206A-048/206A-045       1.00   0.01  0.00  0.00  0.76  0.24  0.00  0.00  0.97  0.00
  206A-051/206A-048       1.00   0.01  0.00  0.00  0.73  0.26  0.00  0.00  0.00  0.00
  206A-054/206A-028       1.00   1.00  0.00  0.00  0.00  0.00  0.00  0.00  0.00  0.00
  206A-J16_356A-009       1.00   0.00  0.00  0.00  1.00  0.00  0.00  0.00  0.03  0.00
  225A-001/360A-124       1.00   0.00  0.00  0.00  1.00  0.00  0.00  0.00  0.06  0.00
  225A-001_IND_WETWELL    1.00   0.00  0.00  0.00  0.02  0.00  0.00  0.98  0.00  0.00
  225A-002_VIR_WETWELL    5.89   0.00  0.00  0.00  0.01  0.00  0.00  0.99  0.00  0.00
  227A-001/369A-045       1.00   0.00  0.01  0.00  0.95  0.03  0.00  0.00  0.62  0.00
  227A-002_WT_WETWELL     1.99   0.00  0.00  0.00  0.17  0.00  0.00  0.83  0.00  0.00
  232A-047/164A-019       1.00   0.01  0.00  0.00  0.99  0.00  0.00  0.00  0.01  0.00
  232A-047_ST_WETWELL    31.71   0.00  0.00  0.00  0.43  0.00  0.57  0.00  0.00  0.00
  246A-001/106A-253       1.00   0.03  0.00  0.00  0.97  0.00  0.00  0.00  0.00  0.00
  246A-002_IB_WETWELL     4.85   0.00  0.00  0.00  0.91  0.00  0.00  0.09  0.00  0.00
  246A-006/246A-002       2.20   0.00  0.00  0.00  1.00  0.00  0.00  0.00  0.12  0.00
  246A-020/246A-006       1.00   0.00  0.00  0.00  1.00  0.00  0.00  0.00  0.37  0.00
  246A-021/246A-020       1.00   0.00  0.00  0.00  1.00  0.00  0.00  0.00  0.01  0.00
  246A-022/246A-021       1.00   0.00  0.00  0.00  1.00  0.00  0.00  0.00  0.38  0.00
  246A-023/246A-022       1.00   0.00  0.00  0.00  1.00  0.00  0.00  0.00  0.40  0.00
  246A-047/246A-023       1.00   0.00  0.00  0.00  1.00  0.00  0.00  0.00  0.40  0.00
  252-001/330A-107        1.00   0.06  0.00  0.00  0.94  0.00  0.00  0.00  0.41  0.00
  252-002_FH_WETWELL      9.22   0.00  0.00  0.00  1.00  0.00  0.00  0.00  0.81  0.00
  255A-004/360A-121       1.00   0.12  0.61  0.00  0.24  0.00  0.02  0.00  0.02  0.00
  266A-001/266A-J25       1.00   0.04  0.00  0.00  0.96  0.00  0.00  0.00  0.00  0.00
  266A-002/266A-001       7.42   0.00  0.00  0.00  0.91  0.09  0.00  0.00  0.79  0.00
  266A-J25/266A-VP12      8.04   0.12  0.14  0.00  0.73  0.00  0.01  0.00  0.49  0.00
  266A-J25/266A-VP13      4.38   0.02  0.00  0.00  0.98  0.00  0.00  0.00  0.05  0.00
  266A-VP12/-99           1.00   0.00  0.00  0.00  1.00  0.00  0.00  0.00  0.00  0.00
  266A-VP13/332A-J28      1.00   0.01  0.00  0.00  0.99  0.00  0.00  0.00  0.00  0.00
  267A-001/364A-069       1.00   0.26  0.00  0.00  0.74  0.00  0.00  0.00  0.21  0.00
  267A-002_GL_WETWELL     9.76   0.00  0.00  0.00  1.00  0.00  0.00  0.00  0.78  0.00
  281A-001_CL-WETWELL    57.80   0.23  0.00  0.00  0.73  0.01  0.00  0.03  0.46  0.00
  281A-002/281A-001      21.09   0.00  0.23  0.00  0.22  0.00  0.55  0.00  0.00  0.00
  281A-003/281A-002       1.54   0.00  0.00  0.00  1.00  0.00  0.00  0.00  0.09  0.00
  281A-031/281A-077       1.00   0.00  0.00  0.00  0.95  0.05  0.00  0.00  0.02  0.00
  281A-032/281A-031       1.00   0.00  0.00  0.00  1.00  0.00  0.00  0.00  0.01  0.00
  281A-036/281A-032       1.00   0.00  0.00  0.00  1.00  0.00  0.00  0.00  0.14  0.00
  281A-037/281A-036       1.00   0.00  0.00  0.00  1.00  0.00  0.00  0.00  0.16  0.00
  281A-072/151A-252       1.00   0.26  0.00  0.00  0.73  0.00  0.00  0.00  0.37  0.00
  281A-077/281A-003       7.01   0.00  0.00  0.00  0.91  0.09  0.00  0.00  0.10  0.00
  282A-001/351A-029       1.00   0.07  0.00  0.00  0.78  0.15  0.00  0.00  0.59  0.00
  282A-002_COM_WETWELL   21.32   0.00  0.00  0.00  1.00  0.00  0.00  0.00  0.87  0.00
  282A-009/282A-002       1.00   0.36  0.54  0.00  0.00  0.00  0.10  0.00  0.00  0.00
  282A-012/282A-009       1.42   0.36  0.53  0.00  0.11  0.00  0.00  0.00  0.64  0.00
  282A-016/282A-012       1.29   0.36  0.00  0.00  0.56  0.08  0.00  0.00  0.56  0.00
  282A-017/282A-016       1.00   0.36  0.00  0.00  0.64  0.00  0.00  0.00  0.56  0.00
  283A-001/351A-054       1.00   0.27  0.00  0.00  0.72  0.01  0.00  0.00  0.43  0.00
  283A-003_RT_WETWELL     1.63   0.27  0.00  0.00  0.73  0.00  0.00  0.00  0.55  0.00
  283A-011/283A-003       1.00   0.00  0.27  0.00  0.14  0.00  0.60  0.00  0.00  0.00
  314A-001/350A-163       1.00   0.00  0.00  0.00  1.00  0.00  0.00  0.00  0.00  0.00
  314A-004/314A-001       1.00   0.00  0.00  0.00  1.00  0.00  0.00  0.00  0.60  0.00
  314A-010/314A-004       1.00   0.00  0.00  0.00  1.00  0.00  0.00  0.00  0.72  0.00
  314A-011/314A-010       1.00   0.00  0.00  0.00  1.00  0.00  0.00  0.00  0.00  0.00
  314A-037/314A-011       1.00   0.00  0.00  0.00  1.00  0.00  0.00  0.00  0.48  0.00
  314A-038/314A-037       1.00   0.00  0.00  0.00  1.00  0.00  0.00  0.00  0.92  0.00
  316A-001/366A-311      15.54   0.00  0.00  0.00  0.99  0.00  0.00  0.00  0.70  0.00
  316A-002/316A-001       1.48   0.00  0.00  0.00  0.84  0.16  0.00  0.00  0.55  0.00
  316A-003/316A-002       1.00   0.00  0.00  0.00  1.00  0.00  0.00  0.00  0.00  0.00
  316A-004/316A-003       2.20   0.00  0.00  0.00  1.00  0.00  0.00  0.00  0.54  0.00
  316A-016/361A-247       1.00   0.00  0.00  0.00  0.74  0.25  0.00  0.00  0.00  0.00
  316A-017/316A-016       1.00   0.00  0.00  0.00  1.00  0.00  0.00  0.00  0.78  0.00
  316A-018/316A-017      27.31   0.00  0.00  0.00  0.21  0.79  0.00  0.00  0.79  0.00
  316A-061/316A-018       2.64   0.00  0.00  0.00  0.21  0.79  0.00  0.00  0.05  0.00
  316A-087/316A-061       1.00   0.00  0.00  0.00  1.00  0.00  0.00  0.00  0.00  0.00
  316A-100/316A-101       1.00   0.00  0.00  0.00  1.00  0.00  0.00  0.00  0.59  0.00
  316A-101/316A-087       1.00   0.00  0.00  0.00  1.00  0.00  0.00  0.00  0.75  0.00
  316A-111/316A-245       1.61   0.00  0.00  0.00  1.00  0.00  0.00  0.00  0.68  0.00
  316A-114/316A-111       1.49   0.00  0.00  0.00  1.00  0.00  0.00  0.00  0.00  0.00
  316A-117/316A-114       1.00   0.00  0.00  0.00  1.00  0.00  0.00  0.00  0.49  0.00
  316A-118/316A-117       1.00   0.00  0.00  0.00  1.00  0.00  0.00  0.00  0.02  0.00
  316A-119/316A-118       1.26   0.00  0.01  0.00  0.99  0.00  0.00  0.00  0.83  0.00
  316A-120/316A-119       1.00   0.00  0.01  0.00  0.99  0.00  0.00  0.00  0.00  0.00
  316A-147/316A-149       3.21   0.01  0.45  0.00  0.54  0.00  0.00  0.00  0.25  0.00
  316A-149/316A-118       1.17   0.00  0.01  0.00  0.99  0.00  0.00  0.00  0.00  0.00
  316A-188/316A-120       1.00   0.00  0.00  0.00  1.00  0.00  0.00  0.00  0.76  0.00
  316A-189/316A-188       1.00   0.00  0.00  0.00  1.00  0.00  0.00  0.00  0.00  0.00
  316A-243/316A-147       6.72   0.46  0.24  0.00  0.30  0.00  0.00  0.00  0.45  0.00
  316A-245/316A-100       1.44   0.00  0.00  0.00  1.00  0.00  0.00  0.00  0.44  0.00
  329A-001/183A-009       1.00   0.00  0.00  0.00  1.00  0.00  0.00  0.00  0.66  0.00
  329A-001/329A-002       1.00   0.00  0.01  0.00  0.99  0.00  0.00  0.00  0.68  0.00
  329A-002/329A-003       1.00   0.01  0.00  0.00  0.99  0.00  0.00  0.00  0.00  0.00
  329A-005/329A-003       1.00   0.01  0.00  0.00  0.99  0.00  0.00  0.00  0.68  0.00
  329A-006/329A-005       1.00   0.00  0.00  0.00  1.00  0.00  0.00  0.00  0.69  0.00
  329A-007/329A-006       1.00   0.00  0.00  0.00  1.00  0.00  0.00  0.00  0.00  0.00
  329A-008/329A-007       1.00   0.00  0.00  0.00  1.00  0.00  0.00  0.00  0.69  0.00
  329A-009/329A-008       1.00   0.00  0.00  0.00  1.00  0.00  0.00  0.00  0.68  0.00
  329A-012/329A-009       1.00   0.00  0.00  0.00  1.00  0.00  0.00  0.00  0.67  0.00
  329A-023/329A-012       1.00   0.00  0.01  0.00  0.99  0.00  0.00  0.00  0.69  0.00
  329A-027/329A-023       1.00   0.01  0.00  0.00  0.99  0.00  0.00  0.00  0.69  0.00
  329A-030/329A-027       1.00   0.01  0.00  0.00  0.99  0.00  0.00  0.00  0.00  0.00
  329A-031/329A-030       1.00   0.00  0.00  0.00  1.00  0.00  0.00  0.00  0.70  0.00
  329A-040/329A-031       1.00   0.00  0.00  0.00  1.00  0.00  0.00  0.00  0.01  0.00
  329A-044/329A-040       1.00   0.00  0.00  0.00  1.00  0.00  0.00  0.00  0.62  0.00
  329A-046/329A-044       1.00   0.00  0.00  0.00  1.00  0.00  0.00  0.00  0.01  0.00
  329A-047/329A-046       1.00   0.00  0.00  0.00  1.00  0.00  0.00  0.00  0.71  0.00
  329A-050/329A-047       1.00   0.00  0.00  0.00  1.00  0.00  0.00  0.00  0.01  0.00
  329A-053/329A-050       1.26   0.00  0.00  0.00  1.00  0.00  0.00  0.00  0.72  0.00
  329A-054/329A-053       1.00   0.00  0.00  0.00  1.00  0.00  0.00  0.00  0.00  0.00
  329A-059/329A-054       1.00   0.00  0.00  0.00  1.00  0.00  0.00  0.00  0.71  0.00
  329A-064/329A-059       1.00   0.00  0.00  0.00  1.00  0.00  0.00  0.00  0.67  0.00
  329A-065/329A-064       1.00   0.00  0.00  0.00  1.00  0.00  0.00  0.00  0.06  0.00
  329A-076/329A-065       1.00   0.00  0.11  0.00  0.89  0.00  0.00  0.00  0.61  0.00
  329A-082/329A-076       1.00   0.11  0.00  0.00  0.88  0.00  0.00  0.00  0.56  0.00
  329A-083/329A-082       1.00   0.11  0.00  0.00  0.89  0.00  0.00  0.00  0.59  0.00
  329A-084/329A-083       1.00   0.11  0.00  0.00  0.89  0.00  0.00  0.00  0.61  0.00
  329A-085/329A-084       1.00   0.11  0.00  0.00  0.89  0.00  0.00  0.00  0.59  0.00
  330A-002/329A-001       1.00   0.00  0.00  0.00  1.00  0.00  0.00  0.00  0.65  0.00
  330A-003/330A-002       1.00   0.00  0.00  0.00  1.00  0.00  0.00  0.00  0.13  0.00
  330A-004/330A-003       1.00   0.00  0.00  0.00  1.00  0.00  0.00  0.00  0.66  0.00
  330A-005/330A-004       1.00   0.00  0.00  0.00  1.00  0.00  0.00  0.00  0.01  0.00
  330A-006/330A-005       1.00   0.00  0.00  0.00  1.00  0.00  0.00  0.00  0.67  0.00
  330A-007/330A-006       1.00   0.00  0.00  0.00  1.00  0.00  0.00  0.00  0.68  0.00
  330A-008/330A-007       1.00   0.00  0.00  0.00  1.00  0.00  0.00  0.00  0.64  0.00
  330A-009/330A-008       1.00   0.00  0.00  0.00  1.00  0.00  0.00  0.00  0.00  0.00
  330A-078/330A-009       1.00   0.00  0.00  0.00  1.00  0.00  0.00  0.00  0.67  0.00
  330A-079/330A-078       1.00   0.00  0.00  0.00  1.00  0.00  0.00  0.00  0.00  0.00
  330A-084/330A-079       1.00   0.00  0.01  0.00  0.99  0.00  0.00  0.00  0.68  0.00
  330A-085/330A-084       1.00   0.01  0.00  0.00  0.99  0.00  0.00  0.00  0.68  0.00
  330A-086/330A-085       1.00   0.01  0.00  0.00  0.99  0.00  0.00  0.00  0.00  0.00
  330A-087/330A-086       1.00   0.00  0.00  0.00  1.00  0.00  0.00  0.00  0.68  0.00
  330A-088/330A-087       1.00   0.00  0.00  0.00  1.00  0.00  0.00  0.00  0.68  0.00
  330A-089/330A-088       1.00   0.00  0.00  0.00  1.00  0.00  0.00  0.00  0.00  0.00
  330A-090/330A-089       1.00   0.00  0.00  0.00  1.00  0.00  0.00  0.00  0.69  0.00
  330A-091/330A-090       1.42   0.00  0.00  0.00  1.00  0.00  0.00  0.00  0.00  0.00
  330A-096/330A-091       1.00   0.00  0.00  0.00  1.00  0.00  0.00  0.00  0.70  0.00
  330A-097/330A-096       1.04   0.00  0.00  0.00  1.00  0.00  0.00  0.00  0.00  0.00
  330A-100/330A-097       1.00   0.00  0.02  0.00  0.98  0.00  0.00  0.00  0.70  0.00
  330A-101/330A-147       1.00   0.02  0.00  0.00  0.98  0.00  0.00  0.00  0.00  0.00
  330A-102/330A-101       1.00   0.02  0.00  0.00  0.98  0.00  0.00  0.00  0.73  0.00
  330A-103/330A-102       1.00   0.00  0.02  0.00  0.98  0.00  0.00  0.00  0.00  0.00
  330A-104/330A-103       1.00   0.00  0.00  0.00  1.00  0.00  0.00  0.00  0.39  0.00
  330A-106/330A-104       1.00   0.00  0.00  0.00  1.00  0.00  0.00  0.00  0.44  0.00
  330A-107/330A-106       1.00   0.00  0.06  0.00  0.93  0.00  0.00  0.00  0.72  0.00
  330A-122/330A-152       2.32   0.00  0.00  0.00  0.32  0.68  0.00  0.00  0.00  0.00
  330A-125/330A-122       1.00   0.00  0.04  0.00  0.96  0.00  0.00  0.00  0.65  0.00
  330A-128/330A-125       1.00   0.04  0.00  0.00  0.96  0.00  0.00  0.00  0.01  0.00
  330A-129/330A-128       1.00   0.04  0.00  0.00  0.96  0.00  0.00  0.00  0.69  0.00
  330A-130/330A-243       1.00   0.04  0.00  0.00  0.96  0.00  0.00  0.00  0.00  0.00
  330A-131/330A-130       1.00   0.04  0.00  0.00  0.96  0.00  0.00  0.00  0.42  0.00
  330A-134/330A-131       6.15   0.04  0.00  0.00  0.26  0.70  0.00  0.00  0.72  0.00
  330A-138/330A-134       1.00   0.04  0.00  0.00  0.36  0.60  0.00  0.00  0.00  0.00
  330A-139/330A-138       1.00   0.04  0.00  0.00  0.96  0.00  0.00  0.00  0.72  0.00
  330A-140/330A-139       6.64   0.04  0.00  0.00  0.88  0.08  0.00  0.00  0.73  0.00
  330A-141/330A-140       1.00   0.04  0.00  0.00  0.23  0.73  0.00  0.00  0.01  0.00
  330A-143/330A-141       1.00   0.04  0.00  0.00  0.95  0.01  0.00  0.00  0.00  0.00
  330A-144/330A-143       1.90   0.04  0.00  0.00  0.96  0.00  0.00  0.00  0.02  0.00
  330A-145/330A-144       1.06   0.04  0.00  0.00  0.96  0.00  0.00  0.00  0.76  0.00
  330A-147/330A-100       1.00   0.02  0.00  0.00  0.98  0.00  0.00  0.00  0.01  0.00
  330A-152/330A-097       1.00   0.00  0.00  0.00  1.00  0.00  0.00  0.00  0.71  0.00
  330A-243/330A-129       1.78   0.04  0.00  0.00  0.96  0.00  0.00  0.00  0.67  0.00
  331A-001/334A-062       8.66   0.00  0.00  0.00  1.00  0.00  0.00  0.00  0.67  0.00
  331A-002/331A-001       1.00   0.00  0.00  0.00  1.00  0.00  0.00  0.00  0.68  0.00
  331A-004/331A-002       1.00   0.00  0.00  0.00  1.00  0.00  0.00  0.00  0.01  0.00
  331A-006/331A-004       1.00   0.00  0.00  0.00  1.00  0.00  0.00  0.00  0.73  0.00
  331A-008/331A-006       1.00   0.00  0.02  0.00  0.98  0.00  0.00  0.00  0.63  0.00
  331A-010/331A-008       1.00   0.02  0.00  0.00  0.98  0.00  0.00  0.00  0.76  0.00
  331A-014/331A-010       1.00   0.00  0.02  0.00  0.98  0.00  0.00  0.00  0.00  0.00
  331A-015/331A-014       1.53   0.00  0.02  0.00  0.98  0.00  0.00  0.00  0.00  0.00
  331A-032/331A-001       1.00   0.00  0.00  0.00  1.00  0.00  0.00  0.00  0.01  0.00
  331A-033/331A-032       1.00   0.00  0.00  0.00  1.00  0.00  0.00  0.00  0.10  0.00
  331A-036/331A-033       1.00   0.00  0.00  0.00  1.00  0.00  0.00  0.00  0.64  0.00
  331A-037/331A-036       1.00   0.00  0.00  0.00  1.00  0.00  0.00  0.00  0.00  0.00
  331A-039/331A-037       1.00   0.00  0.00  0.00  1.00  0.00  0.00  0.00  0.64  0.00
  331A-045/331A-039       1.00   0.00  0.00  0.00  1.00  0.00  0.00  0.00  0.02  0.00
  331A-078/331A-088       1.00   0.00  0.00  0.00  1.00  0.00  0.00  0.00  0.00  0.00
  331A-086/331A-045       1.00   0.00  0.00  0.00  1.00  0.00  0.00  0.00  0.51  0.00
  331A-088/331A-086       1.00   0.00  0.00  0.00  1.00  0.00  0.00  0.00  0.00  0.00
  331A-095/331A-078      11.37   0.00  0.01  0.00  0.99  0.00  0.00  0.00  0.06  0.00
  331A-096/331A-095       1.00   0.01  0.00  0.00  0.99  0.00  0.00  0.00  0.00  0.00
  331A-099/331A-J22       1.14   0.00  0.00  0.00  1.00  0.00  0.00  0.00  0.00  0.00
  331A-100/331A-099       4.70   0.00  0.00  0.00  1.00  0.00  0.00  0.00  0.00  0.00
  331A-104/331A-100       7.26   0.00  0.00  0.00  1.00  0.00  0.00  0.00  0.00  0.00
  331A-105/331A-104       1.00   0.00  0.00  0.00  1.00  0.00  0.00  0.00  0.63  0.00
  331A-111/331A-112       1.00   0.00  0.00  0.00  1.00  0.00  0.00  0.00  0.64  0.00
  331A-112/331A-105       1.00   0.00  0.00  0.00  1.00  0.00  0.00  0.00  0.64  0.00
  331A-113/331A-111       4.32   0.00  0.03  0.00  0.97  0.00  0.00  0.00  0.11  0.00
  331A-128/331A-113       1.00   0.03  0.04  0.00  0.93  0.00  0.00  0.00  0.93  0.00
  331A-132/331A-128       1.00   0.00  0.07  0.00  0.93  0.00  0.00  0.00  0.00  0.00
  331A-138/331A-132       1.00   0.00  0.00  0.00  1.00  0.00  0.00  0.00  0.02  0.00
  331A-147/331A-138       1.00   0.00  0.00  0.00  1.00  0.00  0.00  0.00  0.03  0.00
  331A-148/331A-147       1.00   0.00  0.00  0.00  1.00  0.00  0.00  0.00  0.62  0.00
  331A-152/331A-148       1.00   0.00  0.05  0.00  0.95  0.00  0.00  0.00  0.63  0.00
  331A-157/331A-152       1.00   0.04  0.00  0.00  0.96  0.00  0.00  0.00  0.52  0.00
  331A-158/331A-157       1.00   0.04  0.00  0.00  0.96  0.00  0.00  0.00  0.39  0.00
  331A-159/331A-158       1.00   0.04  0.00  0.00  0.96  0.00  0.00  0.00  0.60  0.00
  331A-160/331A-159       2.52   0.04  0.00  0.00  0.96  0.00  0.00  0.00  0.66  0.00
  331A-165/331A-105       1.00   0.00  0.00  0.00  1.00  0.00  0.00  0.00  0.01  0.00
  331A-166/331A-165       1.00   0.00  0.00  0.00  1.00  0.00  0.00  0.00  0.10  0.00
  331A-167/331A-166       1.00   0.00  0.00  0.00  1.00  0.00  0.00  0.00  0.63  0.00
  331A-168/331A-167       1.00   0.00  0.00  0.00  1.00  0.00  0.00  0.00  0.00  0.00
  331A-230/331A-168       1.00   0.00  0.01  0.00  0.99  0.00  0.00  0.00  0.64  0.00
  331A-231/331A-230       1.00   0.01  0.00  0.00  0.99  0.00  0.00  0.00  0.00  0.00
  331A-236/331A-231       1.00   0.00  0.00  0.00  1.00  0.00  0.00  0.00  0.09  0.00
  331A-237/331A-236       1.07   0.00  0.00  0.00  1.00  0.00  0.00  0.00  0.12  0.00
  331A-238/331A-237       1.00   0.00  0.00  0.00  1.00  0.00  0.00  0.00  0.00  0.00
  331A-239/331A-238       1.00   0.00  0.00  0.00  1.00  0.00  0.00  0.00  0.62  0.00
  331A-243/331A-239       1.00   0.00  0.00  0.00  1.00  0.00  0.00  0.00  0.01  0.00
  331A-252/331A-243       1.00   0.00  0.00  0.00  1.00  0.00  0.00  0.00  0.63  0.00
  331A-253/331A-252       1.00   0.00  0.04  0.00  0.96  0.00  0.00  0.00  0.07  0.00
  331A-260/331A-253       1.00   0.04  0.00  0.00  0.96  0.00  0.00  0.00  0.51  0.00
  331A-265/331A-260       1.00   0.04  0.00  0.00  0.96  0.00  0.00  0.00  0.72  0.00
  331A-270/331A-265       1.00   0.03  0.01  0.00  0.96  0.00  0.00  0.00  0.00  0.00
  331A-271/331A-270       1.00   0.03  0.00  0.00  0.97  0.00  0.00  0.00  0.63  0.00
  331A-272/331A-271       1.00   0.03  0.00  0.00  0.97  0.00  0.00  0.00  0.00  0.00
  331A-273/331A-272       1.00   0.03  0.00  0.00  0.97  0.00  0.00  0.00  0.03  0.00
  331A-274/331A-273       1.00   0.03  0.00  0.00  0.97  0.00  0.00  0.00  0.00  0.00
  331A-J22/331A-J23       9.08   0.01  0.00  0.00  0.99  0.00  0.00  0.00  0.05  0.00
  331A-J23/331A-096       1.38   0.01  0.00  0.00  0.99  0.00  0.00  0.00  0.05  0.00
  332A-001/334A-051       1.00   0.00  0.00  0.00  1.00  0.00  0.00  0.00  0.66  0.00
  332A-002/332A-001       1.26   0.00  0.00  0.00  1.00  0.00  0.00  0.00  0.01  0.00
  332A-007/332A-002       1.00   0.00  0.00  0.00  1.00  0.00  0.00  0.00  0.67  0.00
  332A-018/332A-007       1.00   0.00  0.00  0.00  1.00  0.00  0.00  0.00  0.57  0.00
  332A-027/332A-018       1.00   0.00  0.00  0.00  1.00  0.00  0.00  0.00  0.62  0.00
  332A-035/332A-027       1.00   0.00  0.00  0.00  1.00  0.00  0.00  0.00  0.03  0.00
  332A-036/332A-035       1.00   0.00  0.00  0.00  1.00  0.00  0.00  0.00  0.00  0.00
  332A-040/332A-036       1.00   0.00  0.00  0.00  1.00  0.00  0.00  0.00  0.75  0.00
  332A-041/332A-040       1.00   0.00  0.00  0.00  1.00  0.00  0.00  0.00  0.57  0.00
  332A-042/332A-041       1.00   0.00  0.03  0.00  0.97  0.00  0.00  0.00  0.89  0.00
  332A-043/332A-042       1.00   0.03  0.00  0.00  0.97  0.00  0.00  0.00  0.56  0.00
  332A-044/332A-043       1.55   0.03  0.00  0.00  0.97  0.00  0.00  0.00  0.00  0.00
  332A-057/332A-044       1.00   0.03  0.00  0.00  0.97  0.00  0.00  0.00  0.00  0.00
  332A-058/332A-057       1.00   0.03  0.00  0.00  0.97  0.00  0.00  0.00  0.91  0.00
  332A-062/332A-058       1.00   0.03  0.00  0.00  0.97  0.00  0.00  0.00  0.88  0.00
  332A-063/332A-062       1.14   0.03  0.00  0.00  0.97  0.00  0.00  0.00  0.01  0.00
  332A-080/332A-063       2.59   0.03  0.00  0.00  0.95  0.03  0.00  0.00  0.96  0.00
  332A-081/151A-265       1.00   0.00  0.00  0.00  1.00  0.00  0.00  0.00  0.97  0.00
  332A-081/332A-080       3.92   0.03  0.72  0.00  0.05  0.20  0.00  0.00  0.73  0.00
  332A-082/332A-081       1.35   0.00  0.00  0.00  1.00  0.00  0.00  0.00  0.69  0.00
  332A-118/332A-082       1.00   0.00  0.00  0.00  1.00  0.00  0.00  0.00  0.06  0.00
  332A-119/332A-118       1.00   0.00  0.00  0.00  1.00  0.00  0.00  0.00  0.00  0.00
  332A-122/332A-119       1.00   0.00  0.00  0.00  1.00  0.00  0.00  0.00  0.08  0.00
  332A-123/332A-122       1.00   0.00  0.00  0.00  1.00  0.00  0.00  0.00  0.51  0.00
  332A-136/332A-123       1.00   0.00  0.00  0.00  1.00  0.00  0.00  0.00  0.74  0.00
  332A-137/332A-136       1.00   0.00  0.00  0.00  1.00  0.00  0.00  0.00  0.66  0.00
  332A-138/332A-137       2.03   0.00  0.00  0.00  1.00  0.00  0.00  0.00  0.73  0.00
  332A-140/332A-138       1.00   0.00  0.00  0.00  1.00  0.00  0.00  0.00  0.00  0.00
  332A-141/332A-140       1.00   0.00  0.00  0.00  1.00  0.00  0.00  0.00  0.76  0.00
  332A-142/332A-141       1.00   0.00  0.00  0.00  1.00  0.00  0.00  0.00  0.02  0.00
  332A-154/332A-142       1.00   0.00  0.00  0.00  1.00  0.00  0.00  0.00  0.75  0.00
  332A-155/332A-154       1.18   0.00  0.00  0.00  1.00  0.00  0.00  0.00  0.64  0.00
  332A-156/332A-155       1.00   0.00  0.00  0.00  1.00  0.00  0.00  0.00  0.07  0.00
  332A-157/332A-156       1.00   0.00  0.00  0.00  1.00  0.00  0.00  0.00  0.67  0.00
  332A-184/332A-186       1.00   0.00  0.00  0.00  1.00  0.00  0.00  0.00  0.75  0.00
  332A-185/332A-184       1.00   0.00  0.00  0.00  1.00  0.00  0.00  0.00  0.10  0.00
  332A-186/332A-157       1.06   0.00  0.00  0.00  1.00  0.00  0.00  0.00  0.00  0.00
  332A-J24_332A-185       1.00   0.00  0.00  0.00  0.99  0.01  0.00  0.00  0.75  0.00
  332A-J28/332A-081       1.00   0.00  0.00  0.00  1.00  0.00  0.00  0.00  0.00  0.00
  332A-J38/332A-J39       1.00   0.03  0.00  0.00  0.95  0.02  0.00  0.00  0.00  0.00
  332A-J39/151A-J40       1.00   0.03  0.00  0.00  0.96  0.01  0.00  0.00  0.47  0.00
  333A-001/334A-011      11.46   0.00  0.01  0.00  0.97  0.02  0.00  0.00  0.99  0.00
  333A-002/333A-001       1.00   0.01  0.00  0.00  0.99  0.00  0.00  0.00  0.00  0.00
  333A-003/333A-002       1.55   0.01  0.00  0.00  0.99  0.00  0.00  0.00  0.71  0.00
  333A-004/333A-003       3.06   0.01  0.00  0.00  0.99  0.00  0.00  0.00  0.18  0.00
  333A-006/333A-004       1.00   0.01  0.00  0.00  0.99  0.00  0.00  0.00  0.05  0.00
  333A-007/333A-006       1.00   0.00  0.00  0.00  1.00  0.00  0.00  0.00  0.64  0.00
  333A-008/333A-007       3.84   0.00  0.00  0.00  1.00  0.00  0.00  0.00  0.72  0.00
  333A-009/333A-008       1.00   0.00  0.00  0.00  1.00  0.00  0.00  0.00  0.00  0.00
  333A-010/333A-009       1.00   0.00  0.00  0.00  1.00  0.00  0.00  0.00  0.72  0.00
  333A-012/333A-010       1.00   0.00  0.00  0.00  1.00  0.00  0.00  0.00  0.08  0.00
  333A-013/333A-012       4.57   0.00  0.00  0.00  1.00  0.00  0.00  0.00  0.72  0.00
  333A-014/333A-013      12.68   0.00  0.00  0.00  0.26  0.74  0.00  0.00  0.73  0.00
  333A-047/333A-014       1.00   0.00  0.00  0.00  1.00  0.00  0.00  0.00  0.00  0.00
  333A-048/333A-047       1.00   0.00  0.00  0.00  1.00  0.00  0.00  0.00  0.72  0.00
  333A-049/333A-048       1.00   0.00  0.15  0.00  0.84  0.01  0.00  0.00  0.63  0.00
  333A-050/333A-049       1.00   0.15  0.00  0.00  0.85  0.01  0.00  0.00  0.00  0.00
  334A-001/334A-107       1.48   0.00  0.00  0.00  0.30  0.70  0.00  0.00  0.98  0.00
  334A-011/334A-001       1.00   0.00  0.00  0.00  0.04  0.95  0.00  0.00  0.01  0.00
  334A-023/334A-011       1.54   0.00  0.00  0.00  1.00  0.00  0.00  0.00  0.02  0.00
  334A-024/334A-023       1.00   0.00  0.00  0.00  1.00  0.00  0.00  0.00  0.00  0.00
  334A-025/334A-024       1.00   0.00  0.00  0.00  1.00  0.00  0.00  0.00  0.00  0.00
  334A-027/334A-025       2.19   0.00  0.00  0.00  1.00  0.00  0.00  0.00  0.11  0.00
  334A-031/334A-027       1.00   0.00  0.00  0.00  1.00  0.00  0.00  0.00  0.02  0.00
  334A-037/334A-031       1.00   0.00  0.00  0.00  1.00  0.00  0.00  0.00  0.00  0.00
  334A-042/334A-037       1.00   0.00  0.00  0.00  1.00  0.00  0.00  0.00  0.17  0.00
  334A-050/334A-042       1.00   0.00  0.00  0.00  1.00  0.00  0.00  0.00  0.00  0.00
  334A-051/334A-050       1.00   0.00  0.00  0.00  1.00  0.00  0.00  0.00  0.00  0.00
  334A-060/334A-051       1.00   0.00  0.00  0.00  1.00  0.00  0.00  0.00  0.15  0.00
  334A-061/334A-060       1.00   0.00  0.00  0.00  1.00  0.00  0.00  0.00  0.00  0.00
  334A-062/334A-061       1.00   0.00  0.00  0.00  1.00  0.00  0.00  0.00  0.00  0.00
  335A-001/151A-206       1.00   0.70  0.05  0.00  0.25  0.00  0.00  0.00  0.47  0.00
  336A-001_151A-021       8.81   0.00  0.00  0.00  0.95  0.05  0.00  0.00  0.78  0.00
  336A-002/336A-001       1.00   0.00  0.00  0.00  0.22  0.78  0.00  0.00  0.00  0.00
  336A-005/336A-209       1.00   0.01  0.00  0.00  0.99  0.00  0.00  0.00  0.01  0.00
  336A-006/336A-208       1.00   0.00  0.00  0.00  1.00  0.00  0.00  0.00  0.00  0.00
  336A-007/336A-006       1.00   0.00  0.00  0.00  1.00  0.00  0.00  0.00  0.72  0.00
  336A-008/336A-007       1.00   0.00  0.00  0.00  1.00  0.00  0.00  0.00  0.37  0.00
  336A-009/336A-008       1.00   0.00  0.00  0.00  1.00  0.00  0.00  0.00  0.72  0.00
  336A-010/336A-009       1.00   0.00  0.00  0.00  1.00  0.00  0.00  0.00  0.00  0.00
  336A-047/336A-010       1.00   0.00  0.00  0.00  1.00  0.00  0.00  0.00  0.73  0.00
  336A-048/336A-047       1.00   0.00  0.00  0.00  1.00  0.00  0.00  0.00  0.41  0.00
  336A-049/336A-048       1.00   0.00  0.00  0.00  1.00  0.00  0.00  0.00  0.01  0.00
  336A-075/336A-049       1.00   0.00  0.00  0.00  1.00  0.00  0.00  0.00  0.74  0.00
  336A-078/336A-075       1.00   0.00  0.00  0.00  1.00  0.00  0.00  0.00  0.00  0.00
  336A-081/336A-078       1.00   0.00  0.00  0.00  1.00  0.00  0.00  0.00  0.73  0.00
  336A-208/336A-005       1.00   0.00  0.00  0.00  1.00  0.00  0.00  0.00  0.73  0.00
  336A-209/336A-002       1.00   0.00  0.01  0.00  0.99  0.00  0.00  0.00  0.74  0.00
  337A-001/338A-058       1.00   0.00  0.00  0.00  1.00  0.00  0.00  0.00  0.72  0.00
  337A-004/337A-001       9.05   0.00  0.00  0.00  1.00  0.00  0.00  0.00  0.73  0.00
  337A-005/337A-004       1.08   0.00  0.00  0.00  0.27  0.73  0.00  0.00  0.78  0.00
  337A-006/337A-005       1.00   0.00  0.00  0.00  1.00  0.00  0.00  0.00  0.00  0.00
  337A-007/337A-006       1.00   0.00  0.00  0.00  1.00  0.00  0.00  0.00  0.75  0.00
  337A-021/337A-007       1.11   0.00  0.00  0.00  1.00  0.00  0.00  0.00  0.69  0.00
  337A-039_337A-021       1.00   0.00  0.00  0.00  1.00  0.00  0.00  0.00  0.74  0.00
  337A-051_337A-039       1.00   0.00  0.00  0.00  1.00  0.00  0.00  0.00  0.00  0.00
  337A-052_337A-051       1.00   0.00  0.00  0.00  1.00  0.00  0.00  0.00  0.00  0.00
  337A-053_337A-052       1.00   0.00  0.00  0.00  1.00  0.00  0.00  0.00  0.73  0.00
  337A-069/151A-030       9.64   0.28  0.48  0.00  0.03  0.20  0.00  0.00  0.68  0.00
  337A-069_337A-053       1.00   0.00  0.00  0.00  1.00  0.00  0.00  0.00  0.01  0.00
  337A-070/337A-069       1.00   0.00  0.00  0.00  1.00  0.00  0.00  0.00  0.74  0.00
  337A-071/337A-070       1.00   0.00  0.00  0.00  1.00  0.00  0.00  0.00  0.69  0.00
  337A-072/337A-071       1.00   0.00  0.00  0.00  1.00  0.00  0.00  0.00  0.00  0.00
  337A-073/337A-072       1.79   0.00  0.00  0.00  1.00  0.00  0.00  0.00  0.74  0.00
  337A-075/337A-073       1.00   0.00  0.00  0.00  0.26  0.74  0.00  0.00  0.01  0.00
  337A-077/337A-075       1.00   0.00  0.00  0.00  0.26  0.74  0.00  0.00  0.07  0.00
  337A-088/337A-077       1.00   0.00  0.02  0.00  0.98  0.00  0.00  0.00  0.78  0.00
  337A-089/337A-088       1.00   0.02  0.00  0.00  0.64  0.34  0.00  0.00  0.42  0.00
  337A-090/337A-089       1.00   0.02  0.00  0.00  0.98  0.00  0.00  0.00  0.18  0.00
  337A-091/337A-090       1.00   0.02  0.00  0.00  0.98  0.00  0.00  0.00  0.59  0.00
  337A-101/337A-091       1.00   0.02  0.00  0.00  0.98  0.00  0.00  0.00  0.91  0.00
  337A-102/337A-101       1.00   0.02  0.00  0.00  0.98  0.00  0.00  0.00  0.28  0.00
  337A-106/337A-102       1.00   0.01  0.00  0.00  0.98  0.00  0.00  0.00  0.00  0.00
  337A-108/337A-106       1.00   0.01  0.00  0.00  0.99  0.00  0.00  0.00  0.98  0.00
  337A-109/337A-108       1.00   0.01  0.00  0.00  0.99  0.00  0.00  0.00  0.00  0.00
  337A-110/337A-109       1.00   0.01  0.00  0.00  0.98  0.01  0.00  0.00  0.89  0.00
  337A-111/337A-110       1.00   0.01  0.00  0.00  0.85  0.13  0.00  0.00  0.47  0.00
  338A-001/338A-002      12.98   0.00  0.00  0.00  0.26  0.74  0.00  0.00  0.00  0.00
  338A-002/338A-003       8.07   0.00  0.00  0.00  0.81  0.19  0.00  0.00  0.74  0.00
  338A-003/339A-020       1.50   0.00  0.00  0.00  1.00  0.00  0.00  0.00  0.00  0.00
  338A-039/338A-001       1.00   0.00  0.00  0.00  1.00  0.00  0.00  0.00  0.67  0.00
  338A-040/338A-039       1.00   0.00  0.00  0.00  1.00  0.00  0.00  0.00  0.00  0.00
  338A-058/338A-040       1.00   0.00  0.00  0.00  1.00  0.00  0.00  0.00  0.72  0.00
  338A-076/338A-001       1.81   0.00  0.00  0.00  0.85  0.15  0.00  0.00  0.76  0.00
  338A-080/338A-076       1.00   0.00  0.00  0.00  0.27  0.73  0.00  0.00  0.00  0.00
  338A-084/338A-080       2.75   0.00  0.00  0.00  1.00  0.00  0.00  0.00  0.74  0.00
  338A-086/338A-084       1.00   0.00  0.00  0.00  0.34  0.66  0.00  0.00  0.00  0.00
  338A-110/338A-086       1.00   0.00  0.00  0.00  1.00  0.00  0.00  0.00  0.74  0.00
  338A-111/338A-110       5.30   0.00  0.00  0.00  0.25  0.75  0.00  0.00  0.76  0.00
  338A-125/338A-111       3.28   0.00  0.00  0.00  0.24  0.76  0.00  0.00  0.74  0.00
  338A-131/338A-279       1.47   0.00  0.00  0.00  1.00  0.00  0.00  0.00  0.45  0.00
  338A-132/338A-131       1.00   0.00  0.00  0.00  1.00  0.00  0.00  0.00  0.73  0.00
  338A-150/338A-132       1.65   0.00  0.00  0.00  1.00  0.00  0.00  0.00  0.14  0.00
  338A-151/338A-150       1.00   0.00  0.00  0.00  1.00  0.00  0.00  0.00  0.73  0.00
  338A-152/338A-151       1.00   0.00  0.00  0.00  1.00  0.00  0.00  0.00  0.72  0.00
  338A-165/338A-152       1.00   0.00  0.00  0.00  1.00  0.00  0.00  0.00  0.71  0.00
  338A-175/338A-165       1.00   0.00  0.00  0.00  1.00  0.00  0.00  0.00  0.02  0.00
  338A-179/338A-175       1.00   0.00  0.02  0.00  0.98  0.00  0.00  0.00  0.72  0.00
  338A-180/338A-179       1.69   0.02  0.00  0.00  0.98  0.00  0.00  0.00  0.00  0.00
  338A-181/338A-180       1.00   0.02  0.00  0.00  0.98  0.00  0.00  0.00  0.72  0.00
  338A-182/338A-181       1.00   0.02  0.00  0.00  0.98  0.00  0.00  0.00  0.01  0.00
  338A-185/338A-182       1.00   0.02  0.00  0.00  0.98  0.00  0.00  0.00  0.73  0.00
  338A-191/338A-185       1.00   0.01  0.00  0.00  0.99  0.00  0.00  0.00  0.71  0.00
  338A-192/338A-191       1.00   0.01  0.00  0.00  0.99  0.00  0.00  0.00  0.00  0.00
  338A-193/338A-192       1.00   0.01  0.00  0.00  0.99  0.00  0.00  0.00  0.75  0.00
  338A-194/338A-193       1.00   0.01  0.00  0.00  0.99  0.00  0.00  0.00  0.25  0.00
  338A-195/338A-194       1.00   0.00  0.00  0.00  1.00  0.00  0.00  0.00  0.76  0.00
  338A-197/338A-195       1.00   0.00  0.00  0.00  1.00  0.00  0.00  0.00  0.00  0.00
  338A-201/338A-197       1.00   0.00  0.00  0.00  1.00  0.00  0.00  0.00  0.76  0.00
  338A-202/338A-201       1.00   0.00  0.00  0.00  1.00  0.00  0.00  0.00  0.47  0.00
  338A-203/338A-202       2.80   0.00  0.00  0.00  1.00  0.00  0.00  0.00  0.78  0.00
  338A-279/338A-280       2.90   0.00  0.00  0.00  1.00  0.00  0.00  0.00  0.26  0.00
  338A-280/338A-125       3.06   0.00  0.00  0.00  1.00  0.00  0.00  0.00  0.00  0.00
  339A-002A_339A-002B     8.97   0.00  0.00  0.00  0.99  0.01  0.00  0.00  0.06  0.00
  339A-002B_339A-002C    26.21   0.00  0.01  0.00  0.99  0.00  0.00  0.00  0.04  0.00
  339A-002C_339A-002G     1.25   0.01  0.00  0.00  0.99  0.00  0.00  0.00  0.00  0.00
  339A-002D_339A-002E    11.56   0.00  0.00  0.00  0.99  0.01  0.00  0.00  0.08  0.00
  339A-002E_339A-002F    33.92   0.00  0.01  0.00  0.99  0.00  0.00  0.00  0.07  0.00
  339A-002F_339A-002H     1.53   0.01  0.00  0.00  0.99  0.00  0.00  0.00  0.00  0.00
  339A-002G_339A-076     23.22   0.01  0.00  0.00  0.98  0.00  0.00  0.00  0.08  0.00
  339A-002H_339A-076     30.12   0.01  0.00  0.00  0.98  0.01  0.00  0.00  0.10  0.00
  339A-002_339A-002A     29.22   0.00  0.00  0.00  0.93  0.07  0.00  0.00  0.71  0.00
  339A-002_339A-002D     37.92   0.00  0.00  0.00  0.91  0.09  0.00  0.00  0.72  0.00
  339A-002_OFALL_LA      18.25   0.77  0.00  0.00  0.23  0.00  0.00  0.00  0.00  0.00
  339A-003/339A-002      13.95   0.00  0.00  0.00  0.27  0.73  0.00  0.00  0.01  0.00
  339A-005/339A-003       1.00   0.00  0.02  0.00  0.98  0.00  0.00  0.00  0.00  0.00
  339A-007/339A-005       1.00   0.02  0.00  0.00  0.98  0.00  0.00  0.00  0.31  0.00
  339A-008/339A-007       1.00   0.02  0.00  0.00  0.98  0.00  0.00  0.00  0.00  0.00
  339A-010/339A-008       1.00   0.02  0.00  0.00  0.98  0.00  0.00  0.00  0.13  0.00
  339A-011/339A-010       1.00   0.02  0.00  0.00  0.98  0.00  0.00  0.00  0.34  0.00
  339A-012/339A-011       1.32   0.00  0.01  0.00  0.98  0.00  0.00  0.00  0.00  0.00
  339A-013/339A-012       1.73   0.00  0.00  0.00  1.00  0.00  0.00  0.00  0.03  0.00
  339A-014/339A-013       1.00   0.00  0.00  0.00  1.00  0.00  0.00  0.00  0.00  0.00
  339A-015/339A-014       2.02   0.00  0.00  0.00  1.00  0.00  0.00  0.00  0.00  0.00
  339A-016/339A-015       2.23   0.00  0.00  0.00  1.00  0.00  0.00  0.00  0.01  0.00
  339A-017/339A-016       1.12   0.00  0.00  0.00  1.00  0.00  0.00  0.00  0.00  0.00
  339A-018/339A-017       1.00   0.00  0.00  0.00  1.00  0.00  0.00  0.00  0.00  0.00
  339A-019/339A-018       1.00   0.00  0.00  0.00  1.00  0.00  0.00  0.00  0.04  0.00
  339A-020/339A-019       1.27   0.00  0.00  0.00  1.00  0.00  0.00  0.00  0.37  0.00
  339A-022/338A-003       1.00   0.00  0.00  0.00  1.00  0.00  0.00  0.00  0.00  0.00
  339A-023/339A-022       1.09   0.00  0.03  0.00  0.97  0.00  0.00  0.00  0.07  0.00
  339A-024/339A-023       1.50   0.03  0.04  0.00  0.93  0.00  0.00  0.00  0.04  0.00
  339A-069/339A-024       8.86   0.07  0.05  0.00  0.87  0.01  0.00  0.00  0.29  0.00
  339A-070/339A-069       1.00   0.12  0.00  0.00  0.87  0.01  0.00  0.00  0.10  0.00
  339A-071/339A-070       1.33   0.12  0.00  0.00  0.87  0.01  0.00  0.00  0.38  0.00
  339A-076/172A-001      11.33   0.00  0.01  0.00  0.64  0.35  0.00  0.00  0.13  0.00
  350A-001/172A-047      92.72   0.00  0.01  0.00  0.77  0.21  0.00  0.00  0.99  0.00
  350A-002/350A-001       4.11   0.01  0.00  0.00  0.01  0.99  0.00  0.00  0.00  0.00
  350A-003/350A-002       1.00   0.01  0.00  0.00  0.99  0.00  0.00  0.00  0.00  0.00
  350A-004/350A-003       1.00   0.00  0.00  0.00  1.00  0.00  0.00  0.00  0.59  0.00
  350A-008/350A-004       1.00   0.00  0.00  0.00  1.00  0.00  0.00  0.00  0.61  0.00
  350A-009/350A-008       1.00   0.00  0.00  0.00  1.00  0.00  0.00  0.00  0.02  0.00
  350A-021/350A-009       1.35   0.00  0.00  0.00  1.00  0.00  0.00  0.00  0.76  0.00
  350A-023/350A-021       1.30   0.00  0.00  0.00  0.42  0.58  0.00  0.00  0.02  0.00
  350A-066/350A-023       1.00   0.00  0.00  0.00  1.00  0.00  0.00  0.00  0.03  0.00
  350A-067/350A-066       1.00   0.00  0.00  0.00  1.00  0.00  0.00  0.00  0.83  0.00
  350A-068/350A-067       1.00   0.00  0.00  0.00  1.00  0.00  0.00  0.00  0.00  0.00
  350A-069/350A-068       5.80   0.00  0.00  0.00  1.00  0.00  0.00  0.00  0.85  0.00
  350A-121/350A-069       1.00   0.00  0.00  0.00  1.00  0.00  0.00  0.00  0.01  0.00
  350A-122/350A-121       1.00   0.00  0.00  0.00  1.00  0.00  0.00  0.00  0.74  0.00
  350A-123/350A-122       1.32   0.00  0.00  0.00  1.00  0.00  0.00  0.00  0.85  0.00
  350A-124/350A-123       1.00   0.00  0.00  0.00  1.00  0.00  0.00  0.00  0.67  0.00
  350A-125/350A-198       1.00   0.00  0.00  0.00  0.57  0.43  0.00  0.00  0.92  0.00
  350A-147/350A-125       1.00   0.00  0.00  0.00  1.00  0.00  0.00  0.00  0.00  0.00
  350A-149/350A-147       1.00   0.00  0.00  0.00  1.00  0.00  0.00  0.00  0.92  0.00
  350A-154/350A-149       1.40   0.00  0.00  0.00  1.00  0.00  0.00  0.00  0.00  0.00
  350A-160/350A-154       1.00   0.00  0.01  0.00  0.99  0.00  0.00  0.00  0.02  0.00
  350A-163/350A-160       1.15   0.01  0.00  0.00  0.99  0.00  0.00  0.00  0.84  0.00
  350A-198/350A-124       1.00   0.00  0.00  0.00  1.00  0.00  0.00  0.00  0.89  0.00
  351A-001/172A-179       4.07   0.00  0.00  0.00  1.00  0.00  0.00  0.00  0.00  0.00
  351A-002/351A-001      14.28   0.00  0.44  0.00  0.56  0.00  0.00  0.00  0.26  0.00
  351A-012/351A-001       1.70   0.00  0.00  0.00  1.00  0.00  0.00  0.00  0.73  0.00
  351A-019/351A-012       2.63   0.00  0.00  0.00  0.98  0.02  0.00  0.00  0.01  0.00
  351A-020/351A-019       1.00   0.00  0.00  0.00  1.00  0.00  0.00  0.00  0.75  0.00
  351A-021/351A-020       2.59   0.00  0.00  0.00  0.56  0.44  0.00  0.00  0.72  0.00
  351A-025/351A-021       1.00   0.00  0.00  0.00  0.44  0.56  0.00  0.00  0.45  0.00
  351A-028/351A-025       4.06   0.00  0.00  0.00  0.42  0.58  0.00  0.00  0.73  0.00
  351A-029/351A-028       6.73   0.00  0.07  0.00  0.88  0.05  0.00  0.00  0.74  0.00
  351A-030/351A-028       2.51   0.00  0.00  0.00  1.00  0.00  0.00  0.00  0.00  0.00
  351A-031/351A-030       1.66   0.00  0.00  0.00  1.00  0.00  0.00  0.00  0.74  0.00
  351A-036/351A-130       1.40   0.00  0.00  0.00  1.00  0.00  0.00  0.00  0.34  0.00
  351A-039/351A-036       1.25   0.00  0.00  0.00  1.00  0.00  0.00  0.00  0.00  0.00
  351A-040/351A-129       1.00   0.28  0.00  0.00  0.72  0.01  0.00  0.00  0.00  0.00
  351A-041/351A-040       1.00   0.27  0.00  0.00  0.72  0.00  0.00  0.00  0.49  0.00
  351A-044/351A-041       1.00   0.27  0.00  0.00  0.73  0.00  0.00  0.00  0.45  0.00
  351A-046/282A-017       1.00   0.36  0.56  0.00  0.08  0.00  0.00  0.00  0.64  0.00
  351A-046/351A-044       1.00   0.27  0.00  0.00  0.73  0.00  0.00  0.00  0.50  0.00
  351A-053/351A-046       1.00   0.27  0.00  0.00  0.73  0.00  0.00  0.00  0.44  0.00
  351A-054/351A-053       1.00   0.27  0.00  0.00  0.73  0.00  0.00  0.00  0.50  0.00
  351A-059/351A-039       8.74   0.00  0.01  0.00  0.99  0.00  0.00  0.00  0.88  0.00
  351A-060/351A-059       1.00   0.00  0.00  0.00  1.00  0.00  0.00  0.00  0.00  0.00
  351A-061/351A-060       1.00   0.00  0.00  0.00  1.00  0.00  0.00  0.00  0.89  0.00
  351A-068/351A-061       1.00   0.00  0.68  0.00  0.32  0.00  0.00  0.00  0.47  0.00
  351A-074/351A-068       1.00   0.68  0.14  0.00  0.18  0.00  0.00  0.00  0.56  0.00
  351A-080/351A-133       1.00   0.00  0.00  0.00  1.00  0.00  0.00  0.00  0.04  0.00
  351A-086/351A-039       1.11   0.00  0.00  0.00  1.00  0.00  0.00  0.00  0.67  0.00
  351A-087/351A-086       1.09   0.00  0.00  0.00  1.00  0.00  0.00  0.00  0.01  0.00
  351A-088/351A-087       1.00   0.00  0.00  0.00  1.00  0.00  0.00  0.00  0.70  0.00
  351A-091/351A-080       1.00   0.00  0.00  0.00  1.00  0.00  0.00  0.00  0.01  0.00
  351A-109/351A-091       1.00   0.00  0.00  0.00  1.00  0.00  0.00  0.00  0.04  0.00
  351A-112/351A-109       1.00   0.00  0.00  0.00  1.00  0.00  0.00  0.00  0.08  0.00
  351A-129/351A-039       1.06   0.00  0.28  0.00  0.72  0.00  0.00  0.00  0.61  0.00
  351A-130/351A-031       1.53   0.00  0.00  0.00  1.00  0.00  0.00  0.00  0.00  0.00
  351A-133/353A-004       1.15   0.00  0.00  0.00  1.00  0.00  0.00  0.00  0.17  0.00
  351A-136/351A-112       1.00   0.00  0.00  0.00  1.00  0.00  0.00  0.00  0.00  0.00
  352A-002/351A-030       1.16   0.00  0.01  0.00  0.99  0.00  0.00  0.00  0.99  0.00
  352A-003/352A-002       1.00   0.01  0.00  0.00  0.10  0.89  0.00  0.00  0.00  0.00
  352A-004/352A-003       1.00   0.01  0.00  0.00  0.99  0.00  0.00  0.00  0.90  0.00
  352A-008/352A-07        1.00   0.00  0.00  0.00  1.00  0.00  0.00  0.00  0.88  0.00
  352A-009/352A-008       1.00   0.00  0.00  0.00  1.00  0.00  0.00  0.00  0.90  0.00
  352A-028/352A-155       1.00   0.00  0.00  0.00  0.99  0.00  0.00  0.00  0.92  0.00
  352A-029/352A-028       1.00   0.00  0.00  0.00  1.00  0.00  0.00  0.00  0.00  0.00
  352A-030/352A-029       1.00   0.00  0.00  0.00  1.00  0.00  0.00  0.00  0.74  0.00
  352A-031/352A-030       1.00   0.00  0.00  0.00  1.00  0.00  0.00  0.00  0.66  0.00
  352A-032/352A-031       3.13   0.00  0.00  0.00  1.00  0.00  0.00  0.00  0.84  0.00
  352A-040/352A-032       1.00   0.00  0.01  0.00  0.99  0.00  0.00  0.00  0.02  0.00
  352A-042/352A-040       9.94   0.01  0.00  0.00  0.99  0.00  0.00  0.00  0.24  0.00
  352A-043/352A-042       1.00   0.01  0.00  0.00  0.99  0.00  0.00  0.00  0.00  0.00
  352A-044/352A-043       1.00   0.01  0.82  0.00  0.17  0.00  0.00  0.00  0.54  0.00
  352A-048/352A-044       1.00   0.83  0.07  0.00  0.10  0.00  0.00  0.00  0.57  0.00
  352A-05/352A-004        1.00   0.01  0.00  0.00  0.99  0.00  0.00  0.00  0.00  0.00
  352A-054/352A-043       1.00   0.01  0.00  0.00  0.99  0.00  0.00  0.00  0.86  0.00
  352A-055/352A-054       1.00   0.01  0.00  0.00  0.99  0.00  0.00  0.00  0.00  0.00
  352A-059/352A-055       1.00   0.00  0.00  0.00  1.00  0.00  0.00  0.00  0.52  0.00
  352A-06/352A-05         1.25   0.01  0.00  0.00  0.99  0.00  0.00  0.00  0.89  0.00
  352A-067/352A-059       1.00   0.00  0.00  0.00  1.00  0.00  0.00  0.00  0.70  0.00
  352A-069/352A-067       1.00   0.00  0.00  0.00  1.00  0.00  0.00  0.00  0.00  0.00
  352A-07/352A-06         1.00   0.01  0.00  0.00  0.99  0.00  0.00  0.00  0.00  0.00
  352A-071/352A-069       1.00   0.00  0.00  0.00  1.00  0.00  0.00  0.00  0.76  0.00
  352A-072/352A-071       1.00   0.00  0.00  0.00  1.00  0.00  0.00  0.00  0.00  0.00
  352A-155/352A-009       1.00   0.00  0.00  0.00  1.00  0.00  0.00  0.00  0.01  0.00
  353A-001/351A-061       1.00   0.00  0.00  0.00  1.00  0.00  0.00  0.00  0.96  0.00
  353A-004/351A-088       1.29   0.00  0.00  0.00  1.00  0.00  0.00  0.00  0.97  0.00
  353A-004/353A-001       1.00   0.00  0.00  0.00  1.00  0.00  0.00  0.00  0.00  0.00
  353A-005/353A-004       1.00   0.00  0.00  0.00  0.90  0.10  0.00  0.00  0.71  0.00
  354A-002/352A-155       1.05   0.00  0.00  0.00  1.00  0.00  0.00  0.00  0.70  0.00
  354A-003/354A-002       1.00   0.00  0.00  0.00  1.00  0.00  0.00  0.00  0.90  0.00
  354A-004/354A-003       1.00   0.00  0.00  0.00  1.00  0.00  0.00  0.00  0.00  0.00
  354A-005/354A-004       1.00   0.00  0.00  0.00  1.00  0.00  0.00  0.00  0.00  0.00
  354A-006/354A-005       1.25   0.00  0.00  0.00  1.00  0.00  0.00  0.00  0.74  0.00
  354A-008/354A-006       6.35   0.00  0.00  0.00  1.00  0.00  0.00  0.00  0.47  0.00
  354A-011/354A-008       1.00   0.00  0.00  0.00  1.00  0.00  0.00  0.00  0.09  0.00
  354A-013/354A-011       1.56   0.00  0.00  0.00  1.00  0.00  0.00  0.00  0.74  0.00
  354A-020/354A-013       1.22   0.00  0.00  0.00  1.00  0.00  0.00  0.00  0.01  0.00
  354A-024/354A-020       2.78   0.00  0.00  0.00  1.00  0.00  0.00  0.00  0.73  0.00
  354A-053/354A-024       1.18   0.00  0.00  0.00  1.00  0.00  0.00  0.00  0.90  0.00
  354A-055/354A-053       1.15   0.00  0.00  0.00  1.00  0.00  0.00  0.00  0.00  0.00
  355A-001/356A-003       1.00   0.00  0.02  0.00  0.98  0.00  0.00  0.00  0.98  0.00
  355A-004/355A-001       1.00   0.02  0.00  0.00  0.55  0.43  0.00  0.00  0.00  0.00
  355A-005/355A-004       1.09   0.02  0.00  0.00  0.98  0.00  0.00  0.00  0.37  0.00
  355A-007/355A-005       1.01   0.02  0.00  0.00  0.98  0.00  0.00  0.00  0.81  0.00
  355A-013/355A-007       1.00   0.02  0.00  0.00  0.98  0.00  0.00  0.00  0.00  0.00
  355A-017/355A-013       1.00   0.01  0.00  0.00  0.99  0.00  0.00  0.00  0.88  0.00
  355A-024/355A-017       1.00   0.01  0.00  0.00  0.99  0.00  0.00  0.00  0.90  0.00
  355A-033/355A-024       1.10   0.01  0.00  0.00  0.99  0.00  0.00  0.00  0.00  0.00
  355A-034/355A-033       1.18   0.01  0.00  0.00  0.99  0.00  0.00  0.00  0.80  0.00
  355A-039/355A-034       1.25   0.00  0.00  0.00  1.00  0.00  0.00  0.00  0.82  0.00
  355A-040/355A-039       1.00   0.00  0.00  0.00  1.00  0.00  0.00  0.00  0.00  0.00
  356A-001/351A-136       1.00   0.00  0.00  0.00  1.00  0.00  0.00  0.00  0.08  0.00
  356A-002/356A-001       1.06   0.00  0.00  0.00  1.00  0.00  0.00  0.00  0.09  0.00
  356A-003/356A-002       1.29   0.00  0.00  0.00  1.00  0.00  0.00  0.00  0.06  0.00
  356A-005/356A-003       1.00   0.00  0.00  0.00  1.00  0.00  0.00  0.00  0.03  0.00
  356A-009/356A-005       1.00   0.00  0.00  0.00  1.00  0.00  0.00  0.00  0.04  0.00
  356A-031/356A-009       1.03   0.00  0.00  0.00  1.00  0.00  0.00  0.00  0.07  0.00
  356A-032/356A-031       1.71   0.00  0.00  0.00  1.00  0.00  0.00  0.00  0.00  0.00
  356A-033/356A-032       2.22   0.00  0.00  0.00  1.00  0.00  0.00  0.00  0.09  0.00
  356A-034/356A-033       4.83   0.00  0.00  0.00  1.00  0.00  0.00  0.00  0.02  0.00
  356A-035/356A-034       1.00   0.00  0.00  0.00  1.00  0.00  0.00  0.00  0.00  0.00
  356A-036/356A-035       1.00   0.00  0.00  0.00  1.00  0.00  0.00  0.00  0.12  0.00
  356A-037/356A-036       1.78   0.00  0.00  0.00  1.00  0.00  0.00  0.00  0.06  0.00
  356A-039/356A-037       1.00   0.00  0.00  0.00  1.00  0.00  0.00  0.00  0.03  0.00
  356A-040/356A-039       1.00   0.00  0.00  0.00  1.00  0.00  0.00  0.00  0.69  0.00
  356A-042/356A-041       1.00   0.37  0.01  0.00  0.62  0.00  0.00  0.00  0.61  0.00
  356A-043/356A-042       1.00   0.38  0.00  0.00  0.62  0.00  0.00  0.00  0.07  0.00
  356A-044/356A-043       1.23   0.38  0.00  0.00  0.62  0.00  0.00  0.00  0.62  0.00
  356A-045/356A-044       2.22   0.38  0.00  0.00  0.62  0.00  0.00  0.00  0.55  0.00
  356A-046/356A-045       2.67   0.38  0.00  0.00  0.62  0.00  0.00  0.00  0.62  0.00
  356A-047/356A-046       1.00   0.38  0.00  0.00  0.62  0.00  0.00  0.00  0.01  0.00
  356A-048/356A-047       1.70   0.38  0.59  0.00  0.02  0.00  0.00  0.00  0.62  0.00
  356A-049/356A-048       1.00   0.98  0.02  0.00  0.00  0.00  0.00  0.00  0.00  0.00
  356A-058/356A-108       1.00   0.00  0.00  0.00  1.00  0.00  0.00  0.00  0.72  0.00
  356A-099/356A-040       3.12   0.00  0.01  0.00  0.99  0.00  0.00  0.00  0.01  0.00
  356A-100/356A-099       1.00   0.01  0.00  0.00  0.99  0.00  0.00  0.00  0.01  0.00
  356A-101/356A-100       1.00   0.01  0.00  0.00  0.99  0.00  0.00  0.00  0.51  0.00
  356A-102/356A-101       1.19   0.01  0.00  0.00  0.99  0.00  0.00  0.00  0.68  0.00
  356A-103/356A-102       1.00   0.00  0.00  0.00  1.00  0.00  0.00  0.00  0.00  0.00
  356A-104/356A-103       1.00   0.00  0.00  0.00  1.00  0.00  0.00  0.00  0.53  0.00
  356A-106/356A-104       1.00   0.00  0.00  0.00  1.00  0.00  0.00  0.00  0.47  0.00
  356A-107/356A-106       1.00   0.00  0.00  0.00  1.00  0.00  0.00  0.00  0.50  0.00
  356A-108/356A-107       1.00   0.00  0.00  0.00  1.00  0.00  0.00  0.00  0.39  0.00
  356A-121/356A-058       1.22   0.00  0.00  0.00  1.00  0.00  0.00  0.00  0.00  0.00
  356A-124/356A-121       1.15   0.00  0.00  0.00  1.00  0.00  0.00  0.00  0.72  0.00
  356A-125/356A-124       1.19   0.00  0.00  0.00  1.00  0.00  0.00  0.00  0.63  0.00
  356A-126/356A-125       1.00   0.00  0.00  0.00  1.00  0.00  0.00  0.00  0.32  0.00
  356A-127/356A-126       1.00   0.00  0.00  0.00  1.00  0.00  0.00  0.00  0.71  0.00
  356A-140/356A-040       1.00   0.00  0.00  0.00  1.00  0.00  0.00  0.00  0.75  0.00
  356A-141/356A-041       1.50   0.35  0.02  0.00  0.63  0.00  0.00  0.00  0.05  0.00
  356A-141/356A-140      25.68   0.00  0.88  0.00  0.12  0.00  0.00  0.00  0.56  0.00
  356A-SB17/356A-003      3.98   0.00  0.00  0.00  1.00  0.00  0.00  0.00  0.00  0.00
  358A-001/199A-003       1.00   0.00  0.00  0.00  1.00  0.00  0.00  0.00  0.00  0.00
  359A-002_359A-104       1.00   0.00  0.02  0.00  0.98  0.00  0.00  0.00  0.89  0.00
  359A-003_359A-002       1.00   0.02  0.00  0.00  0.98  0.00  0.00  0.00  0.00  0.00
  359A-004_359A-003       1.00   0.01  0.00  0.00  0.99  0.00  0.00  0.00  0.72  0.00
  359A-005_359A-004       1.00   0.01  0.00  0.00  0.99  0.00  0.00  0.00  0.65  0.00
  359A-006_359A-005       1.00   0.01  0.00  0.00  0.99  0.00  0.00  0.00  0.00  0.00
  359A-007_359A-006       1.00   0.00  0.00  0.00  1.00  0.00  0.00  0.00  0.68  0.00
  359A-008_359A-007       1.04   0.00  0.00  0.00  1.00  0.00  0.00  0.00  0.60  0.00
  359A-104_366A-024       1.00   0.00  0.00  0.00  1.00  0.00  0.00  0.00  0.89  0.00
  360A-001_PERRY-07       3.25   0.02  0.00  0.00  0.83  0.15  0.00  0.00  0.03  0.00
  360A-001_PERRY-08       2.63   0.02  0.00  0.00  0.85  0.13  0.00  0.00  0.01  0.00
  360A-001_PERRY-09       3.34   0.02  0.00  0.00  0.84  0.14  0.00  0.00  0.02  0.00
  360A-001_PERRY_OVERFLOW   16.70   0.74  0.00  0.00  0.00  0.26  0.00  0.00  0.00  0.00
  360A-003/360A-001       8.48   0.00  0.02  0.00  0.98  0.00  0.00  0.00  0.01  0.00
  360A-004/360A-003       3.42   0.00  0.00  0.00  1.00  0.00  0.00  0.00  0.04  0.00
  360A-005/360A-135      12.29   0.00  0.00  0.00  1.00  0.00  0.00  0.00  0.01  0.00
  360A-007/360A-005       2.81   0.00  0.00  0.00  1.00  0.00  0.00  0.00  0.00  0.00
  360A-008/360A-007      14.94   0.00  0.00  0.00  1.00  0.00  0.00  0.00  0.01  0.00
  360A-009/360A-008       1.59   0.00  0.00  0.00  1.00  0.00  0.00  0.00  0.14  0.00
  360A-021/360A-009       1.00   0.00  0.00  0.00  1.00  0.00  0.00  0.00  0.10  0.00
  360A-032/360A-021       1.00   0.00  0.00  0.00  1.00  0.00  0.00  0.00  0.32  0.00
  360A-046/360A-032       1.00   0.00  0.00  0.00  1.00  0.00  0.00  0.00  0.17  0.00
  360A-068/360A-069       1.13   0.00  0.00  0.00  1.00  0.00  0.00  0.00  0.07  0.00
  360A-069/360A-077       9.38   0.00  0.00  0.00  1.00  0.00  0.00  0.00  0.03  0.00
  360A-075/360A-046       5.50   0.00  0.00  0.00  1.00  0.00  0.00  0.00  0.09  0.00
  360A-076/360A-075       1.29   0.00  0.00  0.00  1.00  0.00  0.00  0.00  0.54  0.00
  360A-077/360A-076       1.00   0.00  0.00  0.00  1.00  0.00  0.00  0.00  0.00  0.00
  360A-079/360A-068       9.06   0.00  0.00  0.00  1.00  0.00  0.00  0.00  0.03  0.00
  360A-080/360A-079       1.14   0.00  0.00  0.00  1.00  0.00  0.00  0.00  0.18  0.00
  360A-088/360A-136       3.06   0.00  0.00  0.00  1.00  0.00  0.00  0.00  0.03  0.00
  360A-089/360A-088       1.75   0.00  0.00  0.00  1.00  0.00  0.00  0.00  0.04  0.00
  360A-121/360A-089       1.46   0.00  0.00  0.00  1.00  0.00  0.00  0.00  0.00  0.00
  360A-122/360A-J57       1.11   0.00  0.00  0.00  1.00  0.00  0.00  0.00  0.05  0.00
  360A-123/360A-122       1.86   0.00  0.00  0.00  0.99  0.00  0.00  0.00  0.28  0.00
  360A-124/360A-123      15.22   0.00  0.00  0.00  0.96  0.04  0.00  0.00  0.32  0.00
  360A-125/360A-138       1.00   0.14  0.00  0.00  0.86  0.00  0.00  0.00  0.19  0.00
  360A-126/360A-125      13.47   0.14  0.00  0.00  0.84  0.02  0.00  0.00  0.10  0.00
  360A-135/360A-004       1.00   0.00  0.00  0.00  1.00  0.00  0.00  0.00  0.27  0.00
  360A-136/360A-080       2.36   0.00  0.00  0.00  1.00  0.00  0.00  0.00  0.18  0.00
  360A-137/360A-121       3.08   0.00  0.00  0.00  1.00  0.00  0.00  0.00  0.25  0.00
  360A-138/360A-124       1.43   0.00  0.14  0.00  0.85  0.01  0.00  0.00  0.00  0.00
  360A-J56/360A-001       6.11   0.02  0.00  0.00  0.85  0.13  0.00  0.00  0.19  0.00
  360A-J57_360A-137       1.74   0.00  0.00  0.00  1.00  0.00  0.00  0.00  0.14  0.00
  361A-247/316A-004       3.92   0.00  0.00  0.00  0.79  0.21  0.00  0.00  0.73  0.00
  362A-001/366A-174       1.57   0.00  0.00  0.00  0.99  0.01  0.00  0.00  0.69  0.00
  362A-002/362A-001       1.00   0.00  0.00  0.00  1.00  0.00  0.00  0.00  0.00  0.00
  362A-003/362A-002       1.00   0.00  0.00  0.00  1.00  0.00  0.00  0.00  0.70  0.00
  362A-004/362A-003      38.72   0.00  0.00  0.00  0.98  0.02  0.00  0.00  0.72  0.00
  362A-005/362A-004       1.00   0.00  0.00  0.00  0.28  0.72  0.00  0.00  0.01  0.00
  362A-006/362A-005       1.33   0.00  0.00  0.00  1.00  0.00  0.00  0.00  0.73  0.00
  362A-007/362A-006       1.00   0.00  0.00  0.00  1.00  0.00  0.00  0.00  0.06  0.00
  362A-022/362A-003       1.00   0.00  0.01  0.00  0.99  0.00  0.00  0.00  0.73  0.00
  362A-023/362A-022       2.11   0.01  0.00  0.00  0.26  0.73  0.00  0.00  0.78  0.00
  362A-024/362A-023       1.72   0.01  0.00  0.00  0.20  0.79  0.00  0.00  0.89  0.00
  362A-025/362A-024       1.12   0.01  0.00  0.00  0.09  0.90  0.00  0.00  0.03  0.00
  362A-026/362A-025       7.22   0.01  0.00  0.00  0.06  0.93  0.00  0.00  0.00  0.00
  362A-027/362A-026       1.00   0.00  0.00  0.00  1.00  0.00  0.00  0.00  0.00  0.00
  362A-028/362A-027       1.00   0.00  0.00  0.00  1.00  0.00  0.00  0.00  0.93  0.00
  362A-029/362A-028       1.00   0.00  0.00  0.00  1.00  0.00  0.00  0.00  0.90  0.00
  362A-030/362A-029       1.00   0.00  0.00  0.00  1.00  0.00  0.00  0.00  0.00  0.00
  362A-031/362A-030       1.00   0.00  0.00  0.00  1.00  0.00  0.00  0.00  0.94  0.00
  362A-032/362A-031       1.00   0.00  0.00  0.00  1.00  0.00  0.00  0.00  0.00  0.00
  362A-033/362A-032       1.00   0.00  0.86  0.00  0.14  0.00  0.00  0.00  0.58  0.00
  362A-034/362A-033       1.00   0.86  0.08  0.00  0.06  0.00  0.00  0.00  0.59  0.00
  363A-001/365A-161       1.00   0.00  0.00  0.00  1.00  0.00  0.00  0.00  0.81  0.00
  363A-004/363A-001       1.26   0.00  0.00  0.00  1.00  0.00  0.00  0.00  0.03  0.00
  363A-007/363A-004       1.26   0.00  0.00  0.00  1.00  0.00  0.00  0.00  0.69  0.00
  363A-019/363A-007       1.26   0.00  0.00  0.00  1.00  0.00  0.00  0.00  0.49  0.00
  363A-024/363A-019       1.00   0.00  0.00  0.00  1.00  0.00  0.00  0.00  0.85  0.00
  363A-031/363A-024       1.00   0.00  0.00  0.00  1.00  0.00  0.00  0.00  0.84  0.00
  363A-038/363A-031       1.00   0.00  0.00  0.00  1.00  0.00  0.00  0.00  0.02  0.00
  364A-002/365A-161       1.00   0.00  0.01  0.00  0.99  0.00  0.00  0.00  0.74  0.00
  364A-003/364A-002       1.00   0.00  0.00  0.00  1.00  0.00  0.00  0.00  0.79  0.00
  364A-004/364A-003       1.00   0.00  0.00  0.00  1.00  0.00  0.00  0.00  0.00  0.00
  364A-005/364A-004       1.00   0.00  0.00  0.00  1.00  0.00  0.00  0.00  0.80  0.00
  364A-006/364A-005       1.00   0.00  0.00  0.00  1.00  0.00  0.00  0.00  0.82  0.00
  364A-007/364A-006       1.00   0.00  0.00  0.00  1.00  0.00  0.00  0.00  0.00  0.00
  364A-029/364A-007       1.00   0.00  0.36  0.00  0.64  0.00  0.00  0.00  0.48  0.00
  364A-034/364A-029       1.00   0.35  0.04  0.00  0.60  0.00  0.00  0.00  0.43  0.00
  364A-039/364A-034       1.00   0.26  0.00  0.00  0.74  0.00  0.00  0.00  0.59  0.00
  364A-044/364A-039       1.00   0.26  0.00  0.00  0.74  0.00  0.00  0.00  0.44  0.00
  364A-049/364A-044       1.00   0.26  0.00  0.00  0.74  0.00  0.00  0.00  0.60  0.00
  364A-054/364A-059       1.00   0.26  0.00  0.00  0.74  0.00  0.00  0.00  0.60  0.00
  364A-059/364A-049       1.00   0.26  0.00  0.00  0.74  0.00  0.00  0.00  0.45  0.00
  364A-064/364A-054       1.00   0.26  0.00  0.00  0.74  0.00  0.00  0.00  0.45  0.00
  364A-069/364A-064       1.00   0.26  0.00  0.00  0.74  0.00  0.00  0.00  0.44  0.00
  364A-072/364A-069       9.79   0.26  0.31  0.00  0.43  0.00  0.00  0.00  0.39  0.00
  364A-073/364A-072       1.00   0.57  0.25  0.00  0.18  0.00  0.00  0.00  0.53  0.00
  364A-074/364A-073       1.00   0.82  0.06  0.00  0.12  0.00  0.00  0.00  0.54  0.00
  364A-075/364A-074       3.30   0.88  0.01  0.00  0.11  0.00  0.00  0.00  0.54  0.00
  365A-001/365A-162       1.00   0.00  0.01  0.00  0.99  0.00  0.00  0.00  0.74  0.00
  365A-003/365A-001       1.00   0.01  0.00  0.00  0.99  0.00  0.00  0.00  0.00  0.00
  365A-005/365A-003       1.36   0.01  0.00  0.00  0.99  0.00  0.00  0.00  0.67  0.00
  365A-007/365A-005       1.37   0.01  0.00  0.00  0.99  0.00  0.00  0.00  0.01  0.00
  365A-008/365A-007       1.00   0.00  0.00  0.00  1.00  0.00  0.00  0.00  0.71  0.00
  365A-009/365A-008       1.00   0.00  0.00  0.00  1.00  0.00  0.00  0.00  0.05  0.00
  365A-014/365A-009       1.00   0.00  0.00  0.00  1.00  0.00  0.00  0.00  0.71  0.00
  365A-022/365A-162       1.78   0.00  0.01  0.00  0.99  0.00  0.00  0.00  0.75  0.00
  365A-030/365A-022       1.27   0.00  0.00  0.00  1.00  0.00  0.00  0.00  0.03  0.00
  365A-031/365A-030       1.00   0.00  0.00  0.00  1.00  0.00  0.00  0.00  0.76  0.00
  365A-032/365A-031       2.44   0.00  0.00  0.00  1.00  0.00  0.00  0.00  0.74  0.00
  365A-033/365A-032       7.05   0.00  0.00  0.00  1.00  0.00  0.00  0.00  0.00  0.00
  365A-034/365A-033       1.00   0.00  0.00  0.00  1.00  0.00  0.00  0.00  0.54  0.00
  365A-080/365A-034       1.00   0.00  0.00  0.00  1.00  0.00  0.00  0.00  0.86  0.00
  365A-083/365A-080       1.00   0.00  0.00  0.00  1.00  0.00  0.00  0.00  0.00  0.00
  365A-161/365A-014       1.00   0.00  0.00  0.00  1.00  0.00  0.00  0.00  0.05  0.00
  365A-162/316A-189       1.00   0.00  0.00  0.00  1.00  0.00  0.00  0.00  0.73  0.00
  366A-001/366A-343      12.11   0.00  0.00  0.00  0.32  0.00  0.00  0.68  0.00  0.00
  366A-003/366A-001       1.00   0.00  0.00  0.00  1.00  0.00  0.00  0.00  0.72  0.00
  366A-004/366A-003       1.00   0.00  0.00  0.00  0.97  0.03  0.00  0.00  0.79  0.00
  366A-005/366A-336       3.18   0.00  0.00  0.00  1.00  0.00  0.00  0.00  0.01  0.00
  366A-006/366A-005       8.28   0.00  0.00  0.00  1.00  0.00  0.00  0.00  0.73  0.00
  366A-007/366A-006       1.80   0.00  0.00  0.00  1.00  0.00  0.00  0.00  0.00  0.00
  366A-008/366A-007       1.00   0.00  0.01  0.00  0.99  0.00  0.00  0.00  0.87  0.00
  366A-009/366A-008       1.00   0.01  0.00  0.00  0.99  0.00  0.00  0.00  0.81  0.00
  366A-010/366A-009       2.04   0.01  0.00  0.00  0.99  0.00  0.00  0.00  0.88  0.00
  366A-012/366A-010       1.05   0.01  0.00  0.00  0.99  0.00  0.00  0.00  0.01  0.00
  366A-013/366A-012       1.24   0.01  0.00  0.00  0.99  0.00  0.00  0.00  0.00  0.00
  366A-014/366A-013       1.00   0.01  0.00  0.00  0.99  0.00  0.00  0.00  0.74  0.00
  366A-015/366A-014       1.00   0.00  0.00  0.00  1.00  0.00  0.00  0.00  0.64  0.00
  366A-016/366A-015       1.33   0.00  0.00  0.00  1.00  0.00  0.00  0.00  0.01  0.00
  366A-017/366A-016       3.49   0.00  0.00  0.00  1.00  0.00  0.00  0.00  0.44  0.00
  366A-018/366A-017       4.35   0.00  0.00  0.00  1.00  0.00  0.00  0.00  0.43  0.00
  366A-019/366A-018       1.00   0.00  0.00  0.00  1.00  0.00  0.00  0.00  0.05  0.00
  366A-020/366A-019       1.00   0.00  0.00  0.00  1.00  0.00  0.00  0.00  0.67  0.00
  366A-021/366A-020       1.00   0.00  0.00  0.00  1.00  0.00  0.00  0.00  0.75  0.00
  366A-022/366A-021       1.00   0.00  0.00  0.00  1.00  0.00  0.00  0.00  0.56  0.00
  366A-023/366A-022       1.00   0.00  0.00  0.00  1.00  0.00  0.00  0.00  0.09  0.00
  366A-024/366A-023       1.43   0.00  0.00  0.00  1.00  0.00  0.00  0.00  0.66  0.00
  366A-170/366A-349       1.00   0.00  0.00  0.00  1.00  0.00  0.00  0.00  0.00  0.00
  366A-171/366A-170       1.00   0.00  0.00  0.00  1.00  0.00  0.00  0.00  0.04  0.00
  366A-172/366A-171       1.00   0.00  0.00  0.00  1.00  0.00  0.00  0.00  0.07  0.00
  366A-173/366A-172      10.86   0.00  0.00  0.00  1.00  0.00  0.00  0.00  0.11  0.00
  366A-174/366A-173       1.07   0.00  0.00  0.00  1.00  0.00  0.00  0.00  0.00  0.00
  366A-177/366A-319      10.32   0.00  0.00  0.00  1.00  0.00  0.00  0.00  0.08  0.00
  366A-178/366A-319      51.16   0.00  0.00  0.00  1.00  0.00  0.00  0.00  0.18  0.00
  366A-179/366A-178       1.00   0.00  0.00  0.00  0.82  0.18  0.00  0.00  0.80  0.00
  366A-180/366A-179       1.00   0.00  0.00  0.00  1.00  0.00  0.00  0.00  0.00  0.00
  366A-205/366A-291       2.43   0.01  0.00  0.00  0.99  0.00  0.00  0.00  0.03  0.00
  366A-264/366A-177       9.22   0.00  0.00  0.00  1.00  0.00  0.00  0.00  0.02  0.00
  366A-265/366A-264       2.16   0.00  0.00  0.00  1.00  0.00  0.00  0.00  0.08  0.00
  366A-269/366A-265       1.00   0.00  0.00  0.00  1.00  0.00  0.00  0.00  0.00  0.00
  366A-270/366A-269       1.02   0.00  0.00  0.00  1.00  0.00  0.00  0.00  0.17  0.00
  366A-271/366A-270       1.47   0.00  0.00  0.00  1.00  0.00  0.00  0.00  0.00  0.00
  366A-283/366A-271       7.66   0.00  0.01  0.00  0.99  0.00  0.00  0.00  0.01  0.00
  366A-284/366A-283       1.00   0.01  0.01  0.00  0.99  0.00  0.00  0.00  0.11  0.00
  366A-291/366A-284       1.17   0.01  0.00  0.00  0.99  0.00  0.00  0.00  0.00  0.00
  366A-306/366A-205       9.87   0.01  0.00  0.00  0.99  0.00  0.00  0.00  0.02  0.00
  366A-307/366A-306       2.40   0.01  0.00  0.00  0.99  0.00  0.00  0.00  0.00  0.00
  366A-308/366A-307       1.00   0.01  0.00  0.00  0.99  0.00  0.00  0.00  0.00  0.00
  366A-309/366A-308       1.51   0.01  0.00  0.00  0.99  0.00  0.00  0.00  0.16  0.00
  366A-310/366A-309       2.92   0.01  0.00  0.00  0.99  0.00  0.00  0.00  0.00  0.00
  366A-311/366A-310       1.16   0.00  0.01  0.00  0.99  0.00  0.00  0.00  0.00  0.00
  366A-318/366A-269       4.55   0.00  0.00  0.00  1.00  0.00  0.00  0.00  0.00  0.00
  366A-319/366A-340       1.12   0.00  0.00  0.00  1.00  0.00  0.00  0.00  0.00  0.00
  366A-336/366A-004       1.00   0.00  0.00  0.00  0.61  0.39  0.00  0.00  0.91  0.00
  366A-338/366A-343       5.59   0.00  0.00  0.00  1.00  0.00  0.00  0.00  0.10  0.00
  366A-339/366A-174       1.00   0.00  0.00  0.00  1.00  0.00  0.00  0.00  0.16  0.00
  366A-340/366A-339       1.21   0.00  0.00  0.00  1.00  0.00  0.00  0.00  0.00  0.00
  366A-343/370A-144       1.22   0.00  0.00  0.00  1.00  0.00  0.00  0.00  0.07  0.00
  366A-349/366A-338       6.62   0.00  0.00  0.00  1.00  0.00  0.00  0.00  0.00  0.00
  367A-001/366A-024       4.00   0.00  0.00  0.00  1.00  0.00  0.00  0.00  0.75  0.00
  367A-002/367A-001       1.00   0.00  0.00  0.00  0.60  0.39  0.00  0.00  0.97  0.00
  367A-003/367A-002       1.00   0.00  0.00  0.00  0.20  0.80  0.00  0.00  0.00  0.00
  367A-004/367A-003       1.00   0.00  0.00  0.00  1.00  0.00  0.00  0.00  0.00  0.00
  367A-005/367A-004       1.00   0.00  0.00  0.00  1.00  0.00  0.00  0.00  0.00  0.00
  367A-007/367A-005       1.41   0.00  0.01  0.00  0.99  0.00  0.00  0.00  0.84  0.00
  367A-008/367A-007       1.41   0.00  0.00  0.00  1.00  0.00  0.00  0.00  0.10  0.00
  367A-043/367A-008       1.00   0.00  0.00  0.00  1.00  0.00  0.00  0.00  0.00  0.00
  367A-044/367A-043       1.00   0.00  0.00  0.00  1.00  0.00  0.00  0.00  0.97  0.00
  367A-046/367A-044       1.00   0.00  0.00  0.00  1.00  0.00  0.00  0.00  0.94  0.00
  367A-047/367A-046       2.58   0.00  0.00  0.00  1.00  0.00  0.00  0.00  0.00  0.00
  367A-056/367A-047       1.00   0.00  0.83  0.00  0.17  0.00  0.00  0.00  0.56  0.00
  367A-057/367A-056       2.45   0.83  0.14  0.00  0.04  0.00  0.00  0.00  0.60  0.00
  368A-001/370A-104       1.00   0.00  0.00  0.00  1.00  0.00  0.00  0.00  0.68  0.00
  368A-002/368A-001       1.54   0.00  0.00  0.00  0.37  0.63  0.00  0.00  0.01  0.00
  368A-003/368A-002       1.56   0.00  0.00  0.00  1.00  0.00  0.00  0.00  0.70  0.00
  368A-004/368A-003       1.56   0.00  0.00  0.00  1.00  0.00  0.00  0.00  0.39  0.00
  368A-007/368A-004       4.58   0.00  0.00  0.00  1.00  0.00  0.00  0.00  0.67  0.00
  368A-008/368A-007       1.89   0.00  0.00  0.00  1.00  0.00  0.00  0.00  0.04  0.00
  368A-011/368A-008       1.00   0.00  0.02  0.00  0.98  0.00  0.00  0.00  0.71  0.00
  368A-017/368A-011       1.00   0.02  0.00  0.00  0.98  0.00  0.00  0.00  0.43  0.00
  368A-024/368A-017       1.93   0.02  0.00  0.00  0.98  0.01  0.00  0.00  0.75  0.00
  368A-028/368A-024       1.67   0.01  0.00  0.00  0.99  0.00  0.00  0.00  0.00  0.00
  368A-036/368A-028       1.56   0.01  0.00  0.00  0.99  0.00  0.00  0.00  0.00  0.00
  368A-037/368A-036       1.70   0.01  0.00  0.00  0.99  0.00  0.00  0.00  0.41  0.00
  368A-048/368A-037       1.67   0.01  0.00  0.00  0.99  0.00  0.00  0.00  0.71  0.00
  368A-049/368A-048       1.57   0.01  0.00  0.00  0.99  0.00  0.00  0.00  0.00  0.00
  368A-050/368A-049       1.68   0.01  0.00  0.00  0.99  0.00  0.00  0.00  0.69  0.00
  368A-058/368A-050       1.08   0.01  0.00  0.00  0.99  0.00  0.00  0.00  0.39  0.00
  368A-059/368A-058       1.08   0.01  0.00  0.00  0.99  0.00  0.00  0.00  0.33  0.00
  368A-067/368A-059       1.00   0.01  0.00  0.00  0.99  0.00  0.00  0.00  0.00  0.00
  368A-070/368A-067       1.06   0.01  0.00  0.00  0.99  0.00  0.00  0.00  0.72  0.00
  368A-071/368A-070       1.04   0.00  0.00  0.00  1.00  0.00  0.00  0.00  0.00  0.00
  368A-072/368A-071       1.59   0.00  0.00  0.00  1.00  0.00  0.00  0.00  0.72  0.00
  368A-073/368A-072       1.52   0.00  0.00  0.00  1.00  0.00  0.00  0.00  0.00  0.00
  368A-074/368A-073       1.00   0.00  0.00  0.00  1.00  0.00  0.00  0.00  0.73  0.00
  368A-080/368A-074       1.00   0.00  0.00  0.00  1.00  0.00  0.00  0.00  0.65  0.00
  368A-081/368A-080       1.41   0.00  0.00  0.00  1.00  0.00  0.00  0.00  0.79  0.00
  368A-086/368A-081       1.17   0.00  0.00  0.00  1.00  0.00  0.00  0.00  0.00  0.00
  369A-002/369A-288       1.56   0.00  0.00  0.00  1.00  0.00  0.00  0.00  0.00  0.00
  369A-005/369A-002       1.00   0.00  0.01  0.00  0.99  0.00  0.00  0.00  0.57  0.00
  369A-011/369A-005       1.00   0.01  0.00  0.00  0.99  0.00  0.00  0.00  0.43  0.00
  369A-017/369A-011       1.62   0.01  0.00  0.00  0.99  0.00  0.00  0.00  0.53  0.00
  369A-018/369A-017       1.00   0.00  0.00  0.00  1.00  0.00  0.00  0.00  0.02  0.00
  369A-019/369A-018       1.00   0.00  0.00  0.00  1.00  0.00  0.00  0.00  0.02  0.00
  369A-020/369A-019       1.00   0.00  0.00  0.00  1.00  0.00  0.00  0.00  0.72  0.00
  369A-021/369A-020       1.00   0.00  0.00  0.00  1.00  0.00  0.00  0.00  0.05  0.00
  369A-022/369A-021       1.00   0.00  0.00  0.00  1.00  0.00  0.00  0.00  0.54  0.00
  369A-023/369A-022       1.00   0.00  0.00  0.00  1.00  0.00  0.00  0.00  0.35  0.00
  369A-042/369A-023       1.00   0.00  0.01  0.00  0.99  0.00  0.00  0.00  0.46  0.00
  369A-043/369A-042       1.00   0.01  0.00  0.00  0.99  0.00  0.00  0.00  0.35  0.00
  369A-044/369A-043       1.00   0.00  0.00  0.00  1.00  0.00  0.00  0.00  0.49  0.00
  369A-045/369A-044       1.00   0.00  0.00  0.00  1.00  0.00  0.00  0.00  0.26  0.00
  369A-046/369A-045       1.27   0.00  0.00  0.00  1.00  0.00  0.00  0.00  0.50  0.00
  369A-047/369A-046       1.11   0.00  0.00  0.00  1.00  0.00  0.00  0.00  0.02  0.00
  369A-049/369A-047       1.29   0.00  0.00  0.00  1.00  0.00  0.00  0.00  0.73  0.00
  369A-050/369A-049       1.22   0.00  0.00  0.00  1.00  0.00  0.00  0.00  0.00  0.00
  369A-078/369A-276       1.00   0.00  0.00  0.00  1.00  0.00  0.00  0.00  0.05  0.00
  369A-117/369A-078       1.00   0.00  0.00  0.00  1.00  0.00  0.00  0.00  0.69  0.00
  369A-119/369A-117       1.00   0.00  0.00  0.00  1.00  0.00  0.00  0.00  0.10  0.00
  369A-173/369A-119       1.00   0.00  0.00  0.00  1.00  0.00  0.00  0.00  0.71  0.00
  369A-175/369A-173       1.00   0.00  0.00  0.00  1.00  0.00  0.00  0.00  0.62  0.00
  369A-176/369A-175       5.53   0.00  0.07  0.00  0.91  0.01  0.00  0.00  0.78  0.00
  369A-177/369A-176       1.00   0.07  0.00  0.00  0.93  0.00  0.00  0.00  0.01  0.00
  369A-178/369A-175       1.00   0.00  0.00  0.00  1.00  0.00  0.00  0.00  0.84  0.00
  369A-179/369A-178      10.75   0.00  0.00  0.00  1.00  0.00  0.00  0.00  0.00  0.00
  369A-180/369A-179       1.00   0.00  0.00  0.00  1.00  0.00  0.00  0.00  0.01  0.00
  369A-183/369A-180       1.00   0.00  0.01  0.00  0.99  0.00  0.00  0.00  0.83  0.00
  369A-184/369A-183       7.00   0.01  0.00  0.00  0.99  0.00  0.00  0.00  0.01  0.00
  369A-185/369A-184       1.00   0.01  0.00  0.00  0.99  0.00  0.00  0.00  0.63  0.00
  369A-188/369A-185       1.00   0.01  0.00  0.00  0.99  0.00  0.00  0.00  0.48  0.00
  369A-191/369A-188       1.00   0.01  0.00  0.00  0.99  0.00  0.00  0.00  0.65  0.00
  369A-195/369A-191       1.00   0.01  0.00  0.00  0.99  0.00  0.00  0.00  0.52  0.00
  369A-201/369A-195       1.00   0.00  0.00  0.00  1.00  0.00  0.00  0.00  0.85  0.00
  369A-202/369A-201       1.00   0.00  0.00  0.00  1.00  0.00  0.00  0.00  0.80  0.00
  369A-203/369A-202       3.81   0.00  0.00  0.00  1.00  0.00  0.00  0.00  0.00  0.00
  369A-204/369A-203       1.00   0.00  0.00  0.00  1.00  0.00  0.00  0.00  0.00  0.00
  369A-209/369A-204       1.00   0.00  0.00  0.00  1.00  0.00  0.00  0.00  0.83  0.00
  369A-210/369A-209       1.00   0.00  0.01  0.00  0.99  0.00  0.00  0.00  0.90  0.00
  369A-211/369A-210       1.00   0.00  0.00  0.00  1.00  0.00  0.00  0.00  0.00  0.00
  369A-212/369A-211       1.00   0.00  0.00  0.00  1.00  0.00  0.00  0.00  0.00  0.00
  369A-213/369A-212       1.00   0.00  0.00  0.00  1.00  0.00  0.00  0.00  0.86  0.00
  369A-215/369A-213       1.00   0.00  0.00  0.00  1.00  0.00  0.00  0.00  0.92  0.00
  369A-217/369A-215       1.00   0.00  0.00  0.00  1.00  0.00  0.00  0.00  0.93  0.00
  369A-218/369A-217       1.00   0.00  0.00  0.00  1.00  0.00  0.00  0.00  0.63  0.00
  369A-219/369A-218       1.00   0.00  0.86  0.00  0.14  0.00  0.00  0.00  0.57  0.00
  369A-220/369A-219       1.00   0.86  0.07  0.00  0.07  0.00  0.00  0.00  0.58  0.00
  369A-276/369A-050       1.00   0.00  0.00  0.00  1.00  0.00  0.00  0.00  0.74  0.00
  369A-288/368A-080       9.58   0.00  0.00  0.00  1.00  0.00  0.00  0.00  0.13  0.00
  370A-001/370A-205       4.83   0.00  0.00  0.00  0.60  0.40  0.00  0.00  0.00  0.00
  370A-002/370A-001       4.91   0.00  0.00  0.00  1.00  0.00  0.00  0.00  0.01  0.00
  370A-005/370A-002       5.84   0.00  0.00  0.00  1.00  0.00  0.00  0.00  0.00  0.00
  370A-006/370A-005      19.84   0.00  0.01  0.00  0.99  0.00  0.00  0.00  0.00  0.00
  370A-007/370A-006       1.00   0.01  0.01  0.00  0.99  0.00  0.00  0.00  0.14  0.00
  370A-008/370A-216      11.38   0.00  0.00  0.00  1.00  0.00  0.00  0.00  0.01  0.00
  370A-009/370A-187       2.25   0.30  0.00  0.00  0.70  0.00  0.00  0.00  0.39  0.00
  370A-015/370A-009       1.20   0.30  0.38  0.00  0.32  0.00  0.00  0.00  0.40  0.00
  370A-052/370A-008       1.35   0.00  0.01  0.00  0.99  0.00  0.00  0.00  0.01  0.00
  370A-053/370A-052       1.29   0.01  0.04  0.00  0.95  0.00  0.00  0.00  0.01  0.00
  370A-054/370A-053      22.83   0.05  0.00  0.00  0.95  0.00  0.00  0.00  0.01  0.00
  370A-055/370A-054       1.81   0.05  0.00  0.00  0.95  0.00  0.00  0.00  0.15  0.00
  370A-056/370A-055       4.57   0.05  0.00  0.00  0.95  0.00  0.00  0.00  0.00  0.00
  370A-057/370A-056       1.00   0.05  0.00  0.00  0.95  0.00  0.00  0.00  0.06  0.00
  370A-058/370A-057       1.00   0.04  0.00  0.00  0.96  0.00  0.00  0.00  0.00  0.00
  370A-059/370A-058       1.00   0.04  0.00  0.00  0.96  0.00  0.00  0.00  0.15  0.00
  370A-060/370A-059       4.16   0.04  0.00  0.00  0.96  0.00  0.00  0.00  0.00  0.00
  370A-061/370A-060       1.02   0.04  0.00  0.00  0.96  0.00  0.00  0.00  0.00  0.00
  370A-062/370A-061       1.26   0.04  0.00  0.00  0.96  0.00  0.00  0.00  0.05  0.00
  370A-068/370A-165       1.76   0.00  0.00  0.00  1.00  0.00  0.00  0.00  0.05  0.00
  370A-083/370A-068       1.00   0.00  0.00  0.00  1.00  0.00  0.00  0.00  0.04  0.00
  370A-084/370A-083       1.44   0.00  0.00  0.00  1.00  0.00  0.00  0.00  0.00  0.00
  370A-085/370A-084       1.00   0.00  0.00  0.00  1.00  0.00  0.00  0.00  0.13  0.00
  370A-086/370A-085       1.00   0.00  0.00  0.00  1.00  0.00  0.00  0.00  0.00  0.00
  370A-099/370A-086       1.00   0.00  0.00  0.00  1.00  0.00  0.00  0.00  0.02  0.00
  370A-102/370A-195       1.16   0.00  0.00  0.00  1.00  0.00  0.00  0.00  0.00  0.00
  370A-103/370A-102      22.84   0.00  0.00  0.00  1.00  0.00  0.00  0.00  0.02  0.00
  370A-104/370A-103       1.13   0.00  0.00  0.00  1.00  0.00  0.00  0.00  0.04  0.00
  370A-105/370A-206       8.46   0.00  0.00  0.00  1.00  0.00  0.00  0.00  0.07  0.00
  370A-131/370A-105       1.05   0.00  0.03  0.00  0.97  0.00  0.00  0.00  0.10  0.00
  370A-132/370A-131       1.00   0.03  0.00  0.00  0.97  0.00  0.00  0.00  0.00  0.00
  370A-133/370A-132       1.56   0.03  0.00  0.00  0.97  0.00  0.00  0.00  0.00  0.00
  370A-134/370A-208       2.60   0.01  0.00  0.00  0.99  0.00  0.00  0.00  0.03  0.00
  370A-135/370A-134       1.00   0.01  0.00  0.00  0.99  0.00  0.00  0.00  0.14  0.00
  370A-136/370A-135       2.48   0.01  0.00  0.00  0.99  0.00  0.00  0.00  0.01  0.00
  370A-138/370A-202       3.72   0.00  0.00  0.00  1.00  0.00  0.00  0.00  0.01  0.00
  370A-139/370A-138       1.29   0.00  0.00  0.00  1.00  0.00  0.00  0.00  0.15  0.00
  370A-141/370A-139       1.21   0.00  0.00  0.00  1.00  0.00  0.00  0.00  0.00  0.00
  370A-142/370A-141       2.31   0.00  0.00  0.00  1.00  0.00  0.00  0.00  0.02  0.00
  370A-143/370A-142       1.29   0.00  0.00  0.00  1.00  0.00  0.00  0.00  0.01  0.00
  370A-144/370A-143       1.05   0.00  0.00  0.00  1.00  0.00  0.00  0.00  0.09  0.00
  370A-151/370A-141      20.26   0.00  0.61  0.00  0.39  0.00  0.00  0.00  0.36  0.00
  370A-163/370A-216      36.94   0.00  0.66  0.00  0.34  0.00  0.00  0.00  0.38  0.00
  370A-165/370A-062       7.58   0.00  0.04  0.00  0.96  0.00  0.00  0.00  0.00  0.00
  370A-187/370A-163       5.24   0.30  0.00  0.00  0.70  0.00  0.00  0.00  0.38  0.00
  370A-195/370A-099      27.28   0.00  0.00  0.00  1.00  0.00  0.00  0.00  0.02  0.00
  370A-202/370A-136       1.63   0.00  0.00  0.00  1.00  0.00  0.00  0.00  0.03  0.00
  370A-205/163A-002       6.32   0.00  0.00  0.00  0.97  0.03  0.00  0.00  0.60  0.00
  370A-205A_370A-205B     1.27   0.00  0.00  0.00  1.00  0.00  0.00  0.00  0.02  0.00
  370A-205B_163A-002      7.93   0.00  0.00  0.00  0.63  0.37  0.00  0.00  0.04  0.00
  370A-205_OVERFLOWKS1   23.47   0.78  0.00  0.00  0.00  0.22  0.00  0.00  0.02  0.00
  370A-205_OVERFLOWKS2   23.47   0.78  0.00  0.00  0.00  0.22  0.00  0.00  0.02  0.00
  370A-205_OVERFLOWKS3   27.57   0.78  0.00  0.00  0.00  0.22  0.00  0.00  0.01  0.00
  370A-206/370A-104       1.00   0.00  0.00  0.00  1.00  0.00  0.00  0.00  0.07  0.00
  370A-207/370A-103      17.00   0.00  0.53  0.00  0.46  0.00  0.00  0.00  0.30  0.00
  370A-208/370A-133      13.46   0.01  0.03  0.00  0.97  0.00  0.00  0.00  0.00  0.00
  370A-216/370A-007       7.98   0.00  0.01  0.00  0.99  0.00  0.00  0.00  0.01  0.00
  371A-001/370A-001       1.84   0.00  0.00  0.00  1.00  0.00  0.00  0.00  0.60  0.00
  371A-002/371A-001       1.45   0.00  0.00  0.00  1.00  0.00  0.00  0.00  0.00  0.00
  371A-003/371A-002       1.74   0.00  0.00  0.00  1.00  0.00  0.00  0.00  0.04  0.00
  371A-008/371A-003       1.28   0.00  0.09  0.00  0.91  0.00  0.00  0.00  0.00  0.00
  371A-012/371A-008       1.00   0.09  0.05  0.00  0.86  0.00  0.00  0.00  0.00  0.00
  371A-016/371A-012       1.00   0.14  0.00  0.00  0.86  0.00  0.00  0.00  0.00  0.00
  371A-019/371A-016       2.75   0.14  0.00  0.00  0.86  0.00  0.00  0.00  0.00  0.00
  371A-020/371A-019       1.12   0.14  0.00  0.00  0.86  0.00  0.00  0.00  0.00  0.00
  371A-068/371A-020       1.50   0.14  0.00  0.00  0.86  0.00  0.00  0.00  0.00  0.00
  371A-069/371A-068       1.00   0.14  0.00  0.00  0.86  0.00  0.00  0.00  0.00  0.00
  371A-070/371A-069       1.08   0.14  0.00  0.00  0.86  0.00  0.00  0.00  0.00  0.00
  371A-082/371A-357       2.04   0.00  0.01  0.00  0.99  0.00  0.00  0.00  0.02  0.00
  371A-083/371A-082       1.00   0.01  0.00  0.00  0.99  0.00  0.00  0.00  0.00  0.00
  371A-084/371A-083       1.00   0.00  0.00  0.00  1.00  0.00  0.00  0.00  0.16  0.00
  371A-087/371A-084       1.00   0.00  0.00  0.00  1.00  0.00  0.00  0.00  0.04  0.00
  371A-088/371A-087       1.00   0.00  0.00  0.00  1.00  0.00  0.00  0.00  0.03  0.00
  371A-100/371A-088       1.00   0.00  0.00  0.00  1.00  0.00  0.00  0.00  0.06  0.00
  371A-101/371A-100       1.00   0.00  0.00  0.00  1.00  0.00  0.00  0.00  0.01  0.00
  371A-102/371A-101       1.00   0.00  0.00  0.00  1.00  0.00  0.00  0.00  0.07  0.00
  371A-103/371A-102       1.00   0.00  0.00  0.00  1.00  0.00  0.00  0.00  0.03  0.00
  371A-104/371A-103       1.16   0.00  0.00  0.00  1.00  0.00  0.00  0.00  0.03  0.00
  371A-105/371A-104       1.99   0.00  0.00  0.00  1.00  0.00  0.00  0.00  0.65  0.00
  371A-106/371A-105       1.74   0.00  0.00  0.00  0.46  0.54  0.00  0.00  0.40  0.00
  371A-107/371A-106       1.00   0.00  0.00  0.00  1.00  0.00  0.00  0.00  0.01  0.00
  371A-108/371A-107       1.00   0.00  0.67  0.00  0.33  0.00  0.00  0.00  0.42  0.00
  371A-109/371A-108       1.00   0.67  0.04  0.00  0.29  0.00  0.00  0.00  0.43  0.00
  371A-134/371A-104       1.00   0.00  0.00  0.00  1.00  0.00  0.00  0.00  0.15  0.00
  371A-135/371A-134       1.09   0.00  0.00  0.00  1.00  0.00  0.00  0.00  0.10  0.00
  371A-136/371A-135       1.00   0.00  0.00  0.00  1.00  0.00  0.00  0.00  0.00  0.00
  371A-137/371A-136       1.12   0.00  0.00  0.00  1.00  0.00  0.00  0.00  0.10  0.00
  371A-138/371A-137       1.02   0.00  0.00  0.00  1.00  0.00  0.00  0.00  0.01  0.00
  371A-139/371A-138       1.02   0.00  0.00  0.00  1.00  0.00  0.00  0.00  0.09  0.00
  371A-143/371A-139       1.14   0.00  0.00  0.00  1.00  0.00  0.00  0.00  0.10  0.00
  371A-144/371A-143       1.10   0.00  0.00  0.00  1.00  0.00  0.00  0.00  0.00  0.00
  371A-146/371A-144       1.00   0.00  0.01  0.00  0.99  0.00  0.00  0.00  0.10  0.00
  371A-147/371A-146       1.00   0.00  0.00  0.00  1.00  0.00  0.00  0.00  0.04  0.00
  371A-151/371A-147       1.00   0.00  0.00  0.00  1.00  0.00  0.00  0.00  0.01  0.00
  371A-152/371A-151       1.00   0.00  0.00  0.00  1.00  0.00  0.00  0.00  0.07  0.00
  371A-153/371A-152       1.00   0.00  0.00  0.00  1.00  0.00  0.00  0.00  0.00  0.00
  371A-159/371A-153       1.00   0.00  0.00  0.00  1.00  0.00  0.00  0.00  0.00  0.00
  371A-160/371A-159       5.10   0.00  0.00  0.00  1.00  0.00  0.00  0.00  0.00  0.00
  371A-161/371A-160       1.00   0.00  0.00  0.00  1.00  0.00  0.00  0.00  0.06  0.00
  371A-162/371A-161       1.00   0.00  0.04  0.00  0.96  0.00  0.00  0.00  0.05  0.00
  371A-163/371A-162       1.00   0.04  0.05  0.00  0.91  0.00  0.00  0.00  0.01  0.00
  371A-164/371A-163       1.00   0.09  0.00  0.00  0.91  0.00  0.00  0.00  0.00  0.00
  371A-228/371A-164       1.57   0.09  0.00  0.00  0.91  0.00  0.00  0.00  0.00  0.00
  371A-229/371A-228       1.00   0.09  0.00  0.00  0.91  0.00  0.00  0.00  0.00  0.00
  371A-230A               1.00   0.09  0.00  0.00  0.91  0.00  0.00  0.00  0.00  0.00
  371A-230B_371A-230D     3.41   0.00  0.00  0.00  1.00  0.00  0.00  0.00  0.00  0.00
  371A-230C_371A-230E     3.05   0.01  0.00  0.00  0.99  0.00  0.00  0.00  0.00  0.00
  371A-230D_371A-230A    95.61   0.00  0.08  0.00  0.91  0.00  0.00  0.00  0.00  0.00
  371A-230E_371A-230A    83.15   0.01  0.08  0.00  0.91  0.00  0.00  0.00  0.00  0.00
  371A-230_371A-230B     95.61   0.00  0.00  0.00  1.00  0.00  0.00  0.00  0.09  0.00
  371A-230_371A-230C     83.15   0.00  0.00  0.00  1.00  0.00  0.00  0.00  0.09  0.00
  371A-234/371A-230       2.11   0.00  0.00  0.00  1.00  0.00  0.00  0.00  0.13  0.00
  371A-235/371A-234       1.00   0.00  0.00  0.00  1.00  0.00  0.00  0.00  0.00  0.00
  371A-236/371A-235       1.00   0.00  0.00  0.00  1.00  0.00  0.00  0.00  0.66  0.00
  371A-357/371A-358       5.08   0.00  0.00  0.00  0.90  0.10  0.00  0.00  0.50  0.00
  371A-358/371A-070       2.08   0.14  0.00  0.00  0.86  0.00  0.00  0.00  0.50  0.00
  371A-358B_371A-358E     7.68   0.00  0.00  0.00  1.00  0.00  0.00  0.00  0.00  0.00
  371A-358C_371A-358F     5.26   0.03  0.00  0.00  0.97  0.00  0.00  0.00  0.00  0.00
  371A-358D_371A-358G     9.21   0.00  0.00  0.00  1.00  0.00  0.00  0.00  0.00  0.00
  371A-358E_371A-358A    83.97   0.01  0.13  0.00  0.86  0.00  0.00  0.00  0.00  0.00
  371A-358F_371A-358A    52.29   0.03  0.11  0.00  0.86  0.00  0.00  0.00  0.00  0.00
  371A-358G_371A-358A   105.51   0.00  0.14  0.00  0.86  0.00  0.00  0.00  0.00  0.00
  371A-358_371A-357B    103.26   0.00  0.00  0.00  1.00  0.00  0.00  0.00  0.12  0.00
  371A-358_371A-358C     64.29   0.00  0.00  0.00  0.99  0.01  0.00  0.00  0.07  0.00
  371A-358_371A-358D    129.75   0.00  0.00  0.00  0.99  0.00  0.00  0.00  0.13  0.00
  372A-001/163A-008       4.26   0.00  0.00  0.00  1.00  0.00  0.00  0.00  0.99  0.00
  372A-002/372A-001      15.46   0.00  0.00  0.00  0.76  0.24  0.00  0.00  0.00  0.00
  372A-003/372A-002       1.44   0.00  0.00  0.00  1.00  0.00  0.00  0.00  0.00  0.00
  372A-004/372A-003       1.37   0.00  0.00  0.00  1.00  0.00  0.00  0.00  0.91  0.00
  372A-005/372A-004       1.00   0.00  0.00  0.00  1.00  0.00  0.00  0.00  0.61  0.00
  372A-006/372A-005       1.14   0.00  0.00  0.00  1.00  0.00  0.00  0.00  1.00  0.00
  372A-007/372A-006       1.16   0.00  0.00  0.00  1.00  0.00  0.00  0.00  0.00  0.00
  372A-017/372A-056       1.33   0.00  0.00  0.00  0.00  1.00  0.00  0.00  0.00  0.00
  372A-018/372A-190       1.92   0.00  0.00  0.00  0.77  0.23  0.00  0.00  0.98  0.00
  372A-026/372A-007      13.31   0.00  0.00  0.00  1.00  0.00  0.00  0.00  0.98  0.00
  372A-028/372A-026      13.56   0.00  0.00  0.00  0.02  0.98  0.00  0.00  1.00  0.00
  372A-029/372A-028       1.00   0.00  0.00  0.00  1.00  0.00  0.00  0.00  0.00  0.00
  372A-030/372A-029       1.00   0.00  0.00  0.00  1.00  0.00  0.00  0.00  0.98  0.00
  372A-032/372A-030       1.06   0.00  0.00  0.00  1.00  0.00  0.00  0.00  0.97  0.00
  372A-033/372A-032       1.06   0.00  0.00  0.00  1.00  0.00  0.00  0.00  0.00  0.00
  372A-048/372A-033       1.11   0.00  0.00  0.00  1.00  0.00  0.00  0.00  0.97  0.00
  372A-051/372A-048       1.00   0.00  0.00  0.00  1.00  0.00  0.00  0.00  0.97  0.00
  372A-056/372A-005       8.83   0.00  0.00  0.00  1.00  0.00  0.00  0.00  1.00  0.00
  372A-060/372A-018       2.70   0.00  0.00  0.00  0.38  0.62  0.00  0.00  0.98  0.00
  372A-061/372A-060       2.00   0.00  0.00  0.00  0.72  0.28  0.00  0.00  0.00  0.00
  372A-062/372A-061       1.00   0.00  0.00  0.00  0.81  0.19  0.00  0.00  0.97  0.00
  372A-091/372A-007       1.00   0.00  0.91  0.00  0.09  0.00  0.00  0.00  0.59  0.00
  372A-092/372A-091       1.00   0.91  0.05  0.00  0.04  0.00  0.00  0.00  0.60  0.00
  372A-093/372A-092       3.86   0.96  0.04  0.00  0.00  0.00  0.00  0.00  0.00  0.00
  372A-097/372A-093       1.39   1.00  0.00  0.00  0.00  0.00  0.00  0.00  0.00  0.00
  372A-098/372A-097       1.00   1.00  0.00  0.00  0.00  0.00  0.00  0.00  0.00  0.00
  372A-099/372A-098       1.00   1.00  0.00  0.00  0.00  0.00  0.00  0.00  0.00  0.00
  372A-100/372A-099       1.00   1.00  0.00  0.00  0.00  0.00  0.00  0.00  0.00  0.00
  372A-102/372A-100       4.60   1.00  0.00  0.00  0.00  0.00  0.00  0.00  0.00  0.00
  372A-103/372A-102       1.00   1.00  0.00  0.00  0.00  0.00  0.00  0.00  0.00  0.00
  372A-104/372A-103       1.08   1.00  0.00  0.00  0.00  0.00  0.00  0.00  0.00  0.00
  372A-138/372A-183       1.00   0.00  0.00  0.00  1.00  0.00  0.00  0.00  0.99  0.00
  372A-139/372A-138       1.32   0.00  0.00  0.00  1.00  0.00  0.00  0.00  0.99  0.00
  372A-140/372A-139       1.00   0.00  0.00  0.00  1.00  0.00  0.00  0.00  0.00  0.00
  372A-141/372A-140       1.00   0.00  0.00  0.00  1.00  0.00  0.00  0.00  0.00  0.00
  372A-142/372A-141       1.00   0.00  0.00  0.00  1.00  0.00  0.00  0.00  0.99  0.00
  372A-181/372A-191       1.33   0.00  0.00  0.00  1.00  0.00  0.00  0.00  0.03  0.00
  372A-182/372A-181       1.00   0.00  0.00  0.00  1.00  0.00  0.00  0.00  0.99  0.00
  372A-183/372A-182       1.51   0.00  0.00  0.00  1.00  0.00  0.00  0.00  0.00  0.00
  372A-184/372A-181       1.07   0.00  0.96  0.00  0.04  0.00  0.00  0.00  0.61  0.00
  372A-185/372A-184       2.58   0.96  0.03  0.00  0.01  0.00  0.00  0.00  0.62  0.00
  372A-186/372A-185       1.00   0.99  0.01  0.00  0.00  0.00  0.00  0.00  0.00  0.00
  372A-187/372A-186       1.00   1.00  0.00  0.00  0.00  0.00  0.00  0.00  0.00  0.00
  372A-188/372A-187       1.00   1.00  0.00  0.00  0.00  0.00  0.00  0.00  0.00  0.00
  372A-190/372A-017       1.16   0.00  0.00  0.00  0.30  0.70  0.00  0.00  0.00  0.00
  372A-191/372A-192       1.15   0.00  0.00  0.00  1.00  0.00  0.00  0.00  0.96  0.00
  372A-192/372A-051       1.42   0.00  0.00  0.00  1.00  0.00  0.00  0.00  0.90  0.00
  372A-193/372A-192       4.70   0.00  0.97  0.00  0.03  0.00  0.00  0.00  0.61  0.00
  372A-196/372A-104       1.00   1.00  0.00  0.00  0.00  0.00  0.00  0.00  0.00  0.00
  372A-198/372A-097      15.89   1.00  0.00  0.00  0.00  0.00  0.00  0.00  0.00  0.00
  372A-199/372A-139       1.00   0.00  1.00  0.00  0.00  0.00  0.00  0.00  0.00  0.00
  372A-J48_MAIN-J49       1.00   0.06  0.01  0.00  0.93  0.00  0.00  0.00  0.00  0.00
  372A-SB13/372A-193      2.94   0.97  0.03  0.00  0.00  0.00  0.00  0.00  0.00  0.00
  374A-013/372A-062       6.91   0.00  0.00  0.00  1.00  0.00  0.00  0.00  0.74  0.00
  374A-014/374A-013       1.06   0.00  0.00  0.00  0.68  0.32  0.00  0.00  0.99  0.00
  374A-016/374A-014       1.00   0.00  0.00  0.00  1.00  0.00  0.00  0.00  0.00  0.00
  374A-025/374A-197       1.51   0.00  0.00  0.00  1.00  0.00  0.00  0.00  0.00  0.00
  374A-030/374A-025       1.00   0.00  0.00  0.00  1.00  0.00  0.00  0.00  0.98  0.00
  374A-036/374A-030       1.00   0.00  0.01  0.00  0.99  0.00  0.00  0.00  0.97  0.00
  374A-037/374A-196       3.12   0.00  0.00  0.00  1.00  0.00  0.00  0.00  0.00  0.00
  374A-038/374A-037       1.00   0.00  0.00  0.00  1.00  0.00  0.00  0.00  0.81  0.00
  374A-039/374A-038       1.73   0.00  1.00  0.00  0.00  0.00  0.00  0.00  0.00  0.00
  374A-040/374A-038       9.96   0.00  0.97  0.00  0.02  0.00  0.00  0.00  0.61  0.00
  374A-054/374A-206       1.03   0.00  0.00  0.00  1.00  0.00  0.00  0.00  0.97  0.00
  374A-055/374A-054       4.52   0.00  0.00  0.00  1.00  0.00  0.00  0.00  0.00  0.00
  374A-058/374A-055       2.34   0.00  0.00  0.00  1.00  0.00  0.00  0.00  0.98  0.00
  374A-059/374A-058       1.00   0.00  0.00  0.00  1.00  0.00  0.00  0.00  0.00  0.00
  374A-060/374A-059       1.00   0.00  0.00  0.00  1.00  0.00  0.00  0.00  0.95  0.00
  374A-061/374A-060       1.00   0.00  0.00  0.00  1.00  0.00  0.00  0.00  0.67  0.00
  374A-196/374A-036       1.00   0.01  0.00  0.00  0.99  0.00  0.00  0.00  0.98  0.00
  374A-197/374A-016       1.60   0.00  0.00  0.00  1.00  0.00  0.00  0.00  0.97  0.00
  374A-206/374A-038       1.00   0.00  0.00  0.00  1.00  0.00  0.00  0.00  0.04  0.00
  375A-001/374A-036      13.25   0.01  0.00  0.00  0.99  0.00  0.00  0.00  0.97  0.00
  375A-002/375A-001       1.00   0.01  0.00  0.00  0.99  0.00  0.00  0.00  0.00  0.00
  375A-003/375A-042       1.73   0.00  0.00  0.00  1.00  0.00  0.00  0.00  0.94  0.00
  375A-007/375A-003       1.00   0.00  0.00  0.00  1.00  0.00  0.00  0.00  0.00  0.00
  375A-009/375A-007       1.00   0.00  0.00  0.00  1.00  0.00  0.00  0.00  0.97  0.00
  375A-010/375A-009       1.00   0.00  0.00  0.00  1.00  0.00  0.00  0.00  0.10  0.00
  375A-011/375A-010       1.00   0.00  0.00  0.00  1.00  0.00  0.00  0.00  0.56  0.00
  375A-042/375A-002       1.00   0.00  0.00  0.00  1.00  0.00  0.00  0.00  0.96  0.00
  387A-001/392A-040       5.13   0.00  0.00  0.00  1.00  0.00  0.00  0.00  0.75  0.00
  387A-002/387A-001       1.00   0.00  0.00  0.00  1.00  0.00  0.00  0.00  0.00  0.00
  387A-003/387A-002       1.00   0.00  0.00  0.00  1.00  0.00  0.00  0.00  0.09  0.00
  387A-004/387A-003       1.00   0.00  0.00  0.00  1.00  0.00  0.00  0.00  0.72  0.00
  387A-005/387A-004       1.00   0.00  0.00  0.00  1.00  0.00  0.00  0.00  0.02  0.00
  387A-006/387A-005       1.00   0.00  0.00  0.00  1.00  0.00  0.00  0.00  0.71  0.00
  387A-055/387A-006       1.00   0.00  0.00  0.00  1.00  0.00  0.00  0.00  0.82  0.00
  387A-056/387A-055       1.00   0.00  0.00  0.00  1.00  0.00  0.00  0.00  0.00  0.00
  387A-057/387A-056       1.00   0.00  0.00  0.00  1.00  0.00  0.00  0.00  0.73  0.00
  387A-058/387A-057       1.00   0.00  0.00  0.00  1.00  0.00  0.00  0.00  0.24  0.00
  387A-097/387A-058       1.05   0.00  0.01  0.00  0.99  0.00  0.00  0.00  0.72  0.00
  387A-098/387A-097       1.00   0.00  0.00  0.00  1.00  0.00  0.00  0.00  0.00  0.00
  387A-099/387A-098       1.00   0.00  0.00  0.00  1.00  0.00  0.00  0.00  0.75  0.00
  387A-100/387A-099       1.00   0.00  0.00  0.00  1.00  0.00  0.00  0.00  0.14  0.00
  387A-101/387A-100       1.00   0.00  0.00  0.00  1.00  0.00  0.00  0.00  0.74  0.00
  387A-102/387A-101       1.00   0.00  0.00  0.00  1.00  0.00  0.00  0.00  0.11  0.00
  387A-103/387A-102       1.37   0.00  0.10  0.00  0.88  0.02  0.00  0.00  0.88  0.00
  387A-104/387A-103       4.27   0.09  0.00  0.00  0.57  0.34  0.00  0.00  0.00  0.00
  387A-105/387A-104       1.00   0.09  0.00  0.00  0.90  0.01  0.00  0.00  0.60  0.00
  387A-106/387A-105       1.00   0.09  0.00  0.00  0.90  0.01  0.00  0.00  0.82  0.00
  387A-107/387A-106       1.00   0.09  0.00  0.00  0.90  0.01  0.00  0.00  0.85  0.00
  387A-108/387A-102       1.00   0.00  0.00  0.00  1.00  0.00  0.00  0.00  0.72  0.00
  387A-109/387A-108       1.00   0.00  0.00  0.00  1.00  0.00  0.00  0.00  0.92  0.00
  387A-123/387A-109       1.00   0.00  0.72  0.00  0.28  0.00  0.00  0.00  0.49  0.00
  387A-124/387A-123       1.00   0.72  0.18  0.00  0.11  0.00  0.00  0.00  0.58  0.00
  387A-125/387A-124       1.00   0.89  0.05  0.00  0.06  0.00  0.00  0.00  0.59  0.00
  387A-126/387A-125       1.00   0.94  0.01  0.00  0.05  0.00  0.00  0.00  0.59  0.00
  388A-001/392A-040       1.00   0.00  0.00  0.00  0.27  0.00  0.00  0.73  0.00  0.00
  388A-004/388A-001       7.36   0.00  0.00  0.00  1.00  0.00  0.00  0.00  0.00  0.00
  388A-006/388A-004       1.00   0.00  0.00  0.00  1.00  0.00  0.00  0.00  0.64  0.00
  388A-010/388A-006       4.35   0.00  0.00  0.00  1.00  0.00  0.00  0.00  0.00  0.00
  388A-012/388A-010       1.10   0.00  0.00  0.00  1.00  0.00  0.00  0.00  0.72  0.00
  388A-016/388A-012       1.67   0.00  0.00  0.00  1.00  0.00  0.00  0.00  0.00  0.00
  388A-017/388A-016       1.61   0.00  0.00  0.00  1.00  0.00  0.00  0.00  0.00  0.00
  388A-022/388A-017       1.00   0.00  0.00  0.00  1.00  0.00  0.00  0.00  0.72  0.00
  388A-047/388A-022       1.00   0.00  0.00  0.00  1.00  0.00  0.00  0.00  0.20  0.00
  388A-059/388A-047       1.66   0.00  0.00  0.00  1.00  0.00  0.00  0.00  0.00  0.00
  388A-060/388A-059       1.85   0.00  0.00  0.00  1.00  0.00  0.00  0.00  0.68  0.00
  388A-065/388A-060       1.00   0.00  0.00  0.00  1.00  0.00  0.00  0.00  0.00  0.00
  388A-069/388A-065       1.00   0.00  0.00  0.00  1.00  0.00  0.00  0.00  0.71  0.00
  388A-077/388A-069       1.06   0.00  0.00  0.00  1.00  0.00  0.00  0.00  0.71  0.00
  388A-078/388A-077       1.00   0.00  0.00  0.00  1.00  0.00  0.00  0.00  0.00  0.00
  388A-094/388A-078       1.44   0.00  0.00  0.00  1.00  0.00  0.00  0.00  0.00  0.00
  388A-095/388A-094       1.85   0.00  0.00  0.00  1.00  0.00  0.00  0.00  0.71  0.00
  388A-100/388A-095       1.00   0.00  0.00  0.00  1.00  0.00  0.00  0.00  0.00  0.00
  388A-114/388A-187       1.00   0.00  0.00  0.00  1.00  0.00  0.00  0.00  0.73  0.00
  388A-123/388A-114       1.00   0.00  0.00  0.00  1.00  0.00  0.00  0.00  0.00  0.00
  388A-133/388A-201       1.58   0.00  0.00  0.00  1.00  0.00  0.00  0.00  0.12  0.00
  388A-139/388A-133       1.58   0.00  0.00  0.00  1.00  0.00  0.00  0.00  0.00  0.00
  388A-149/388A-139       1.78   0.00  0.00  0.00  1.00  0.00  0.00  0.00  0.72  0.00
  388A-150/388A-226      16.14   0.00  0.00  0.00  1.00  0.00  0.00  0.00  0.00  0.00
  388A-151/388A-150       1.00   0.00  0.00  0.00  1.00  0.00  0.00  0.00  0.16  0.00
  388A-152/388A-151       1.00   0.00  0.00  0.00  1.00  0.00  0.00  0.00  0.61  0.00
  388A-187/388A-100       5.77   0.00  0.00  0.00  1.00  0.00  0.00  0.00  0.00  0.00
  388A-192/388A-152       1.00   0.00  0.00  0.00  1.00  0.00  0.00  0.00  0.01  0.00
  388A-201/388A-123       1.28   0.00  0.00  0.00  1.00  0.00  0.00  0.00  0.08  0.00
  388A-226/388A-149       1.82   0.00  0.00  0.00  1.00  0.00  0.00  0.00  0.00  0.00
  389A-001/388A-192       1.00   0.00  0.08  0.00  0.92  0.00  0.00  0.00  0.71  0.00
  389A-021/389A-001       1.00   0.08  0.00  0.00  0.92  0.00  0.00  0.00  0.00  0.00
  389A-022/389A-021       1.00   0.08  0.00  0.00  0.92  0.00  0.00  0.00  0.53  0.00
  389A-023/389A-022       1.00   0.08  0.00  0.00  0.92  0.00  0.00  0.00  0.53  0.00
  389A-031/389A-023       1.00   0.08  0.00  0.00  0.92  0.00  0.00  0.00  0.51  0.00
  389A-032/389A-031       1.00   0.08  0.00  0.00  0.92  0.00  0.00  0.00  0.63  0.00
  389A-035/389A-032       1.00   0.08  0.00  0.00  0.91  0.02  0.00  0.00  0.50  0.00
  390A-002/388A-192       1.00   0.00  0.00  0.00  1.00  0.00  0.00  0.00  0.70  0.00
  390A-003/390A-002       1.00   0.00  0.00  0.00  1.00  0.00  0.00  0.00  0.52  0.00
  390A-004/390A-003       1.00   0.00  0.00  0.00  1.00  0.00  0.00  0.00  0.54  0.00
  390A-006/390A-004       1.00   0.00  0.00  0.00  1.00  0.00  0.00  0.00  0.56  0.00
  390A-010/390A-006       1.00   0.00  0.00  0.00  1.00  0.00  0.00  0.00  0.53  0.00
  390A-018/390A-010       1.00   0.00  0.04  0.00  0.96  0.00  0.00  0.00  0.57  0.00
  390A-019/390A-018       1.00   0.04  0.00  0.00  0.96  0.00  0.00  0.00  0.67  0.00
  391A-001/177A-015       1.00   0.00  0.00  0.00  1.00  0.00  0.00  0.00  0.74  0.00
  391A-008/391A-001       1.00   0.00  0.00  0.00  1.00  0.00  0.00  0.00  0.01  0.00
  391A-023/391A-008       1.00   0.00  0.00  0.00  1.00  0.00  0.00  0.00  0.74  0.00
  391A-028/391A-023       1.98   0.00  0.00  0.00  1.00  0.00  0.00  0.00  0.75  0.00
  391A-031/391A-028       1.00   0.00  0.00  0.00  1.00  0.00  0.00  0.00  0.01  0.00
  391A-054/391A-031       1.00   0.00  0.00  0.00  1.00  0.00  0.00  0.00  0.00  0.00
  391A-059/391A-054       2.08   0.00  0.00  0.00  1.00  0.00  0.00  0.00  0.78  0.00
  391A-060/391A-059       1.00   0.00  0.00  0.00  1.00  0.00  0.00  0.00  0.00  0.00
  392A-001/371A-235       1.00   0.00  0.01  0.00  0.99  0.00  0.00  0.00  0.69  0.00
  392A-002/392A-001       1.51   0.00  0.00  0.00  1.00  0.00  0.00  0.00  0.00  0.00
  392A-003/392A-002       1.49   0.00  0.00  0.00  1.00  0.00  0.00  0.00  0.02  0.00
  392A-007/392A-003       1.00   0.00  0.00  0.00  1.00  0.00  0.00  0.00  0.00  0.00
  392A-008/392A-007       1.10   0.00  0.00  0.00  1.00  0.00  0.00  0.00  0.00  0.00
  392A-040/392A-008       1.28   0.00  0.00  0.00  1.00  0.00  0.00  0.00  0.01  0.00
  394A-001/394A-246       2.41   0.00  0.01  0.00  0.99  0.00  0.00  0.00  0.74  0.00
  394A-002/394A-001       1.00   0.01  0.00  0.00  0.99  0.00  0.00  0.00  0.00  0.00
  394A-004/394A-002       1.00   0.01  0.00  0.00  0.99  0.00  0.00  0.00  0.73  0.00
  394A-008/394A-004       1.00   0.01  0.00  0.00  0.99  0.00  0.00  0.00  0.76  0.00
  394A-009/394A-008       1.00   0.00  0.00  0.00  1.00  0.00  0.00  0.00  0.87  0.00
  394A-011/394A-009     162.24   0.00  1.00  0.00  0.00  0.00  0.00  0.00  0.00  0.00
  394A-012/394A-011       1.47   1.00  0.00  0.00  0.00  0.00  0.00  0.00  0.00  0.00
  394A-014/394A-009       1.00   0.00  0.00  0.00  1.00  0.00  0.00  0.00  0.00  0.00
  394A-017/394A-014       1.00   0.00  0.00  0.00  1.00  0.00  0.00  0.00  0.61  0.00
  394A-018/394A-017       1.00   0.00  0.00  0.00  1.00  0.00  0.00  0.00  0.01  0.00
  394A-019/394A-018       1.15   0.00  0.00  0.00  1.00  0.00  0.00  0.00  0.00  0.00
  394A-021/394A-019       1.25   0.00  0.00  0.00  1.00  0.00  0.00  0.00  0.13  0.00
  394A-038/394A-021       1.04   0.00  0.00  0.00  1.00  0.00  0.00  0.00  0.00  0.00
  394A-041/394A-038       1.16   0.00  0.00  0.00  0.99  0.00  0.00  0.00  0.17  0.00
  394A-042/394A-041       1.14   0.00  0.00  0.00  1.00  0.00  0.00  0.00  0.65  0.00
  394A-045/394A-042       1.15   0.00  0.00  0.00  1.00  0.00  0.00  0.00  0.73  0.00
  394A-046/394A-045       1.00   0.00  0.01  0.00  0.99  0.00  0.00  0.00  0.00  0.00
  394A-049/394A-046       1.86   0.01  0.00  0.00  0.99  0.00  0.00  0.00  0.00  0.00
  394A-050/394A-049       1.00   0.01  0.00  0.00  0.99  0.00  0.00  0.00  0.70  0.00
  394A-051/394A-050       1.00   0.01  0.00  0.00  0.99  0.00  0.00  0.00  0.73  0.00
  394A-052/394A-051       1.00   0.00  0.00  0.00  1.00  0.00  0.00  0.00  0.01  0.00
  394A-066/394A-052       1.00   0.00  0.00  0.00  1.00  0.00  0.00  0.00  0.73  0.00
  394A-070/394A-066       1.00   0.00  0.00  0.00  1.00  0.00  0.00  0.00  0.00  0.00
  394A-073/394A-247       1.23   0.00  0.00  0.00  1.00  0.00  0.00  0.00  0.46  0.00
  394A-074/394A-070       1.00   0.00  0.00  0.00  1.00  0.00  0.00  0.00  0.00  0.00
  394A-077/394A-073       1.00   0.00  0.00  0.00  1.00  0.00  0.00  0.00  0.00  0.00
  394A-086/394A-077       1.00   0.00  0.00  0.00  1.00  0.00  0.00  0.00  0.79  0.00
  394A-138/394A-086       1.00   0.00  0.74  0.00  0.26  0.00  0.00  0.00  0.49  0.00
  394A-145/394A-138       1.00   0.74  0.04  0.00  0.21  0.00  0.00  0.00  0.49  0.00
  394A-154/394A-145       1.00   0.32  0.01  0.00  0.67  0.00  0.00  0.00  0.49  0.00
  394A-158/394A-154       1.00   0.33  0.48  0.00  0.19  0.00  0.00  0.00  0.50  0.00
  394A-247/394A-074       1.00   0.00  0.00  0.00  1.00  0.00  0.00  0.00  0.77  0.00
  395A-001/394A-045       1.00   0.00  0.00  0.00  1.00  0.00  0.00  0.00  0.49  0.00
  395A-008/395A-004       1.00   0.00  0.01  0.00  0.99  0.00  0.00  0.00  0.77  0.00
  395A-012/395A-008       1.00   0.00  0.00  0.00  1.00  0.00  0.00  0.00  0.49  0.00
  395A-019/395A-012       1.00   0.00  0.00  0.00  1.00  0.00  0.00  0.00  0.01  0.00
  395A-025/395A-019       1.00   0.00  0.00  0.00  1.00  0.00  0.00  0.00  0.80  0.00
  395A-026/395A-025       1.00   0.00  0.00  0.00  1.00  0.00  0.00  0.00  0.81  0.00
  395A-029/395A-026       1.00   0.00  0.00  0.00  1.00  0.00  0.00  0.00  0.05  0.00
  395A-033/395A-029       1.00   0.00  0.00  0.00  1.00  0.00  0.00  0.00  0.11  0.00
  395A-072/395A-025       1.00   0.00  0.02  0.00  0.98  0.00  0.00  0.00  0.83  0.00
  395A-073/395A-072       1.09   0.02  0.00  0.00  0.98  0.00  0.00  0.00  0.00  0.00
  395A-076/395A-073       1.00   0.02  0.00  0.00  0.98  0.00  0.00  0.00  0.72  0.00
  395A-077/395A-141       1.10   0.01  0.00  0.00  0.99  0.00  0.00  0.00  0.00  0.00
  395A-079/395A-138       1.00   0.00  0.01  0.00  0.99  0.00  0.00  0.00  0.00  0.00
  395A-082/395A-140       1.00   0.26  0.00  0.00  0.74  0.00  0.00  0.00  0.00  0.00
  395A-093/395A-082       1.00   0.26  0.00  0.00  0.74  0.00  0.00  0.00  0.00  0.00
  395A-098/395A-093       1.00   0.26  0.43  0.00  0.31  0.00  0.00  0.00  0.49  0.00
  395A-104/395A-098       1.00   0.69  0.13  0.00  0.18  0.00  0.00  0.00  0.53  0.00
  395A-137/395A-077       1.60   0.01  0.00  0.00  0.99  0.00  0.00  0.00  0.60  0.00
  395A-138/395A-137       1.19   0.01  0.00  0.00  0.99  0.00  0.00  0.00  0.68  0.00
  395A-139/395A-079       1.91   0.00  0.27  0.00  0.73  0.00  0.00  0.00  0.30  0.00
  395A-140/395A-139       2.88   0.26  0.00  0.00  0.74  0.00  0.00  0.00  0.06  0.00
  395A-141/395A-076       1.00   0.01  0.00  0.00  0.99  0.00  0.00  0.00  0.54  0.00
  395A-155/395A-001       1.00   0.00  0.00  0.00  1.00  0.00  0.00  0.00  0.72  0.00
  395A-155/395A-004       1.00   0.00  0.00  0.00  1.00  0.00  0.00  0.00  0.45  0.00
  396A-001/106A-028       1.00   0.00  0.00  0.00  1.00  0.00  0.00  0.00  0.75  0.00
  396A-002/396A-001       1.00   0.00  0.00  0.00  1.00  0.00  0.00  0.00  0.00  0.00
  396A-007/396A-002       1.00   0.00  0.01  0.00  0.99  0.00  0.00  0.00  0.71  0.00
  396A-009/396A-007       1.00   0.01  0.00  0.00  0.99  0.00  0.00  0.00  0.00  0.00
  396A-013/396A-009       1.00   0.01  0.00  0.00  0.99  0.00  0.00  0.00  0.58  0.00
  396A-014/396A-013       1.00   0.00  0.00  0.00  1.00  0.00  0.00  0.00  0.70  0.00
  396A-015/396A-014       1.00   0.00  0.00  0.00  1.00  0.00  0.00  0.00  0.63  0.00
  396A-018/396A-015       1.03   0.00  0.00  0.00  1.00  0.00  0.00  0.00  0.70  0.00
  396A-019/396A-018       6.45   0.00  0.00  0.00  1.00  0.00  0.00  0.00  0.46  0.00
  396A-020/396A-019      16.43   0.00  0.00  0.00  1.00  0.00  0.00  0.00  0.00  0.00
  396A-021/396A-020       1.00   0.00  0.00  0.00  1.00  0.00  0.00  0.00  0.54  0.00
  397A-008/106A-057       1.00   0.00  0.00  0.00  1.00  0.00  0.00  0.00  0.52  0.00
  397A-009/397A-008       1.00   0.00  0.00  0.00  1.00  0.00  0.00  0.00  0.01  0.00
  397A-010/397A-009       1.00   0.00  0.00  0.00  1.00  0.00  0.00  0.00  0.50  0.00
  397A-011/397A-010       1.00   0.00  0.00  0.00  1.00  0.00  0.00  0.00  0.02  0.00
  397A-015/397A-011       1.00   0.00  0.01  0.00  0.99  0.00  0.00  0.00  0.44  0.00
  397A-016/397A-015       1.00   0.00  0.00  0.00  1.00  0.00  0.00  0.00  0.50  0.00
  397A-025/397A-016       1.00   0.00  0.00  0.00  1.00  0.00  0.00  0.00  0.51  0.00
  397A-026/397A-025       1.00   0.00  0.00  0.00  1.00  0.00  0.00  0.00  0.00  0.00
  397A-027/397A-026       1.00   0.00  0.00  0.00  1.00  0.00  0.00  0.00  0.00  0.00
  398A-001/106A-164       2.93   0.00  0.00  0.00  1.00  0.00  0.00  0.00  0.08  0.00
  398A-002/398A-001       1.00   0.00  0.00  0.00  1.00  0.00  0.00  0.00  0.19  0.00
  398A-003/398A-002       1.15   0.00  0.00  0.00  1.00  0.00  0.00  0.00  0.48  0.00
  398A-004/398A-003       1.28   0.00  0.00  0.00  1.00  0.00  0.00  0.00  0.00  0.00
  398A-005/398A-004       1.00   0.00  0.00  0.00  1.00  0.00  0.00  0.00  0.49  0.00
  398A-006/398A-005       1.00   0.00  0.00  0.00  1.00  0.00  0.00  0.00  0.25  0.00
  398A-007/398A-006       1.00   0.00  0.00  0.00  1.00  0.00  0.00  0.00  0.49  0.00
  398A-008/398A-007       1.00   0.00  0.00  0.00  1.00  0.00  0.00  0.00  0.00  0.00
  398A-009/398A-008       1.31   0.00  0.00  0.00  1.00  0.00  0.00  0.00  0.49  0.00
  398A-010/398A-009       1.00   0.00  0.00  0.00  1.00  0.00  0.00  0.00  0.49  0.00
  398A-011/398A-010       1.00   0.00  0.01  0.00  0.99  0.00  0.00  0.00  0.48  0.00
  398A-012/398A-011       1.00   0.01  0.00  0.00  0.99  0.00  0.00  0.00  0.49  0.00
  398A-013/398A-012       1.00   0.01  0.00  0.00  0.99  0.00  0.00  0.00  0.01  0.00
  398A-014/398A-013       1.00   0.00  0.00  0.00  1.00  0.00  0.00  0.00  0.48  0.00
  398A-015/398A-014       1.00   0.00  0.00  0.00  1.00  0.00  0.00  0.00  0.51  0.00
  398A-016/398A-015       1.00   0.00  0.00  0.00  1.00  0.00  0.00  0.00  0.01  0.00
  398A-017/398A-016       1.00   0.00  0.00  0.00  1.00  0.00  0.00  0.00  0.57  0.00
  398A-018/398A-017       1.00   0.00  0.53  0.00  0.47  0.00  0.00  0.00  0.32  0.00
  398A-019/398A-018       1.00   0.53  0.09  0.00  0.38  0.00  0.00  0.00  0.38  0.00
  398A-020/398A-019       1.00   0.62  0.07  0.00  0.31  0.00  0.00  0.00  0.44  0.00
  398A-021/398A-020       1.00   0.69  0.06  0.00  0.25  0.00  0.00  0.00  0.46  0.00
  398A-022/398A-021       1.00   0.75  0.03  0.00  0.22  0.00  0.00  0.00  0.47  0.00
  398A-023/398A-022       1.00   0.78  0.02  0.00  0.20  0.00  0.00  0.00  0.48  0.00
  398A-024/398A-023       1.00   0.80  0.01  0.00  0.18  0.00  0.00  0.00  0.49  0.00
  398A-025/398A-024       1.27   0.35  0.00  0.00  0.64  0.00  0.00  0.00  0.49  0.00
  398A-026/398A-025       1.00   0.36  0.01  0.00  0.64  0.00  0.00  0.00  0.49  0.00
  398A-097/398A-009       1.01   0.00  0.02  0.00  0.98  0.00  0.00  0.00  0.82  0.00
  398A-098/398A-097       1.00   0.02  0.00  0.00  0.14  0.85  0.00  0.00  0.15  0.00
  398A-099/398A-098       1.00   0.02  0.00  0.00  0.98  0.00  0.00  0.00  0.00  0.00
  398A-100/398A-099       1.00   0.02  0.00  0.00  0.98  0.00  0.00  0.00  0.61  0.00
  398A-101/398A-100       1.00   0.02  0.00  0.00  0.98  0.00  0.00  0.00  0.07  0.00
  398A-102/398A-101       1.00   0.02  0.00  0.00  0.98  0.00  0.00  0.00  0.41  0.00
  BS_WETWELL_BS_OVERFLOWSTRUCT    2.56   0.99  0.00  0.00  0.01  0.00  0.00  0.00  0.00  0.00
  CDT-11                  1.00   0.00  0.00  0.00  1.00  0.00  0.00  0.00  0.00  0.00
  COLUMBIA-DAVIS_WWTP_OFALL    1.00   0.00  0.00  0.00  1.00  0.00  0.00  0.00  0.00  0.00
  LCS-006_392A-085        1.00   0.11  0.00  0.00  0.89  0.00  0.00  0.00  0.55  0.00
  LCS-007A_LC_WETWELL     5.09   0.00  0.00  0.00  1.00  0.00  0.00  0.00  0.79  0.00
  MAIN-J49_WWTP_OFALL     1.00   0.00  0.00  0.00  1.00  0.00  0.00  0.00  0.00  0.00
  PERRY-01_PERRY-04       2.57   0.01  0.00  0.00  0.99  0.00  0.00  0.00  0.00  0.00
  PERRY-02_PERRY-05       1.91   0.01  0.00  0.00  0.99  0.00  0.00  0.00  0.00  0.00
  PERRY-03_PERRY-06       2.57   0.01  0.00  0.00  0.99  0.00  0.00  0.00  0.00  0.00
  PERRY-04_PERRY-10      11.63   0.01  0.00  0.00  0.99  0.00  0.00  0.00  0.15  0.00
  PERRY-05_PERRY-11       7.92   0.01  0.00  0.00  0.99  0.00  0.00  0.00  0.11  0.00
  PERRY-06_PERRY-12      11.31   0.01  0.00  0.00  0.99  0.00  0.00  0.00  0.15  0.00
  PERRY-07_PERRY-1       12.00   0.01  0.02  0.00  0.98  0.00  0.00  0.00  0.14  0.00
  PERRY-08_PERRY-02       8.21   0.01  0.01  0.00  0.98  0.00  0.00  0.00  0.13  0.00
  PERRY-09_PERRY-03      11.93   0.01  0.02  0.00  0.98  0.00  0.00  0.00  0.14  0.00
  PERRY-10_366A-311       4.95   0.00  0.00  0.00  0.85  0.15  0.00  0.00  0.01  0.00
  PERRY-11_366A-311       3.92   0.00  0.00  0.00  0.88  0.11  0.00  0.00  0.03  0.00
  PERRY-12_366A-311       4.94   0.00  0.00  0.00  0.85  0.15  0.00  0.00  0.01  0.00
  PPS3/332A-J28           1.00   0.01  0.00  0.00  0.99  0.00  0.00  0.00  0.03  0.00
  SAN_CARLOS_106A-001ALT    1.00   0.00  0.00  0.00  1.00  0.00  0.00  0.00  0.00  0.00
  WL-001_WL-001A          1.00   0.01  0.00  0.00  0.99  0.00  0.00  0.00  0.00  0.00
  WL-001_WL-001C          1.00   0.01  0.00  0.00  0.99  0.00  0.00  0.00  0.00  0.00
  WLA-001_WL_WETWELL      1.00   0.00  0.00  0.00  0.27  0.00  0.00  0.73  0.00  0.00
  WTL-001_331A-160        1.00   0.04  0.00  0.00  0.95  0.01  0.00  0.00  0.42  0.00
  WTL-002_WTL_WETWELL     6.01   0.00  0.00  0.00  0.91  0.01  0.00  0.08  0.52  0.00
  
  
  *************************
  Conduit Surcharge Summary
  *************************
  
  ----------------------------------------------------------------------------
                                                           Hours        Hours 
                         --------- Hours Full --------   Above Full   Capacity
  Conduit                Both Ends  Upstream  Dnstream   Normal Flow   Limited
  ----------------------------------------------------------------------------
  106A-001ALT_COLUMBIA-DAVIS       87.80     88.85     89.39     72.13        59.66
  106A-001_106A-001ALT       54.47     54.47     92.68     40.23        34.35
  106A-002_BS_WETWELL         3.30      3.30      5.94      0.01         0.01
  106A-022/106A-002           3.30      3.31      3.30     10.89         1.31
  106A-023/106A-022           3.31     21.30      3.31     48.16         3.31
  106A-026/106A-023          21.30     41.25     21.30     49.34        21.30
  106A-027/106A-026          41.25     45.06     41.25     50.34        41.25
  106A-028/106A-027          44.91     44.91     45.06     44.61        44.60
  106A-029/106A-028          44.91     45.13     44.91     47.98        44.91
  106A-030/106A-029          45.13     45.58     45.13     49.27        45.13
  106A-047/106A-030          45.58     45.82     45.58     48.17        45.58
  106A-048/106A-047          45.82     46.09     45.82     48.67        45.82
  106A-056/106A-048          46.09     46.29     46.09     48.22        46.09
  106A-057/106A-056          45.97     45.97     46.29     38.17        38.17
  106A-058/106A-057          46.52     46.66     46.52     46.81        45.49
  106A-062/106A-058          46.66     46.88     46.66     46.00        43.83
  106A-068/106A-062          46.88     46.98     46.88     45.12        43.82
  106A-075/106A-068          46.98     47.14     46.98     45.80        44.07
  106A-082/106A-075          47.14     47.25     47.14     45.46        44.15
  106A-089/106A-082          47.25     47.35     47.25     45.34        44.23
  106A-090/106A-089          10.15     10.15     83.31      0.01         0.01
  106A-091/106A-090          10.15     46.42     10.15     46.06        10.15
  106A-092/106A-091          43.73     43.73     46.42     16.82        16.86
  106A-093/106A-092          42.04     42.04     43.73      0.01         0.01
  106A-094/106A-093          41.16     41.16     42.04      0.01         0.01
  106A-096/106A-094          40.71     40.71     41.15      0.01         0.01
  106A-098/106A-089          47.35     47.42     47.35     45.41        44.61
  106A-109/106A-098          47.42     47.48     47.42     25.69        24.15
  106A-117/106A-109          47.45     47.45     47.48     11.99        11.81
  106A-122/106A-117          47.45     47.47     47.45     19.47        18.41
  106A-130/106A-122          47.42     47.43     47.47     11.47        11.12
  106A-160/106A-130          47.40     47.42     47.43     15.44        14.62
  106A-163/106A-160          47.42     47.45     47.42     19.08        17.93
  106A-164/106A-163          47.33     47.33     47.45      0.02         0.01
  106A-166/106A-301          46.11     46.11     47.72      0.01         0.01
  106A-173/106A-166          46.11     46.21     46.11     88.86        46.11
  106A-182/106A-173          45.84     45.84     46.21      0.12         0.01
  106A-190/106A-182          46.02     46.02     46.19     20.62        20.64
  106A-195/106A-190          45.86     45.86     46.02     20.78        20.79
  106A-236/106A-303          44.31     44.31     45.05      0.01         0.01
  106A-238_106A-236          43.43     43.43     44.31      0.01         0.01
  106A-239/106A-238          42.60     42.60     43.43      0.01         0.01
  106A-240/106A-239          42.10     42.10     42.60      0.23         0.24
  106A-242/106A-240          40.88     40.88     42.10      0.26         0.25
  106A-251/106A-242          38.59     38.59     40.88      0.01         0.01
  106A-252/106A-251          34.38     34.38     38.59      0.01         0.01
  106A-253/106A-252          31.60     31.60     34.38      0.01         0.01
  106A-254/106A-253          22.73     22.73     31.59      0.01         0.01
  106A-256/106A-254          18.49     18.49     22.73      0.01         0.01
  106A-301/106A-164          47.72     47.72     48.03      0.01         0.01
  106A-303/106A-195          45.05     45.05     45.86      0.19         0.01
  111A-001/356A-127          24.15     24.15     90.23      0.01         0.01
  111A-008/111A-546          26.01     26.01     26.18      6.20         6.19
  111A-009/111A-008          25.86     25.86     26.01      6.54         6.50
  111A-066/111A-009          25.67     25.67     25.86      0.01         0.01
  111A-067/111A-066          25.47     25.47     25.67      0.01         0.01
  111A-068/111A-067          25.41     25.41     25.47      0.01         0.01
  111A-069/111A-068          25.33     25.33     25.41      0.01         0.01
  111A-070/111A-069          25.31     25.31     25.33      0.01         0.32
  111A-071/111A-070          25.24     25.24     25.31      0.01         0.01
  111A-072/111A-071          25.16     25.16     25.24      0.01         0.01
  111A-075/111A-072          25.01     25.01     25.16      0.15         0.01
  111A-076/111A-075          24.89     24.89     25.01      0.15         0.01
  111A-077/111A-076          24.82     24.82     24.89      0.15         0.01
  111A-083/111A-077          24.75     24.75     24.82      0.14         0.01
  111A-086/111A-083          24.63     24.63     24.75      4.46         4.50
  111A-087/111A-086          24.67     24.67     24.85      0.01         0.01
  111A-096/111A-560          24.57     24.58     24.63     23.20        21.94
  111A-097/111A-096          24.48     24.48     24.58      0.68         0.01
  111A-098/111A-097          24.42     24.42     24.48      0.97         2.79
  111A-150/111A-098          24.32     24.32     24.42      0.23         0.01
  111A-151/111A-150          24.21     24.21     24.32      0.23         0.01
  111A-152/111A-151          24.04     24.04     24.21      0.22         0.01
  111A-153/111A-152          23.92     23.92     24.04      0.01         0.01
  111A-176/111A-153          23.71     23.71     23.92      0.01         0.01
  111A-182/111A-559          23.40     23.40     23.57      0.01         0.01
  111A-183/111A-182          23.28     23.28     23.55      0.01         0.01
  111A-184/111A-183          23.19     23.19     23.28      1.40         0.24
  111A-185/111A-184          23.07     23.07     23.19      0.83         0.01
  111A-186/111A-185          22.21     22.21     24.27      3.39         3.39
  111A-189/111A-186           0.47      0.47     22.21      0.01         0.01
  111A-192/111A-189           0.01      0.01      0.47      0.01         0.01
  111A-199/111A-192           0.01      6.28      0.01      7.22         0.01
  111A-200/111A-199           6.28      6.52      6.28      7.75         6.28
  111A-204/111A-185          23.09     23.09     24.27      0.01         0.01
  111A-205/111A-204          22.96     23.07     23.09      1.69         0.26
  111A-206/111A-205          23.07     24.77     23.07     10.67         8.41
  111A-207/111A-206          24.72     24.81     24.77      3.83         3.54
  111A-208/111A-J66          24.94     24.94     25.05      2.92         2.93
  111A-247/111A-208          24.67     24.67     25.29     18.92        18.92
  111A-298/111A-200           6.52      6.65      6.52      7.74         6.52
  111A-299/111A-298           6.65      6.80      6.65      7.78         6.65
  111A-301/111A-299           6.80      6.96      6.80      7.73         6.80
  111A-546/111A-551          26.18     26.18     26.23      2.62         3.07
  111A-547/111A-573          26.47     26.47     26.64      0.01         0.01
  111A-548/111A-547          26.43     26.43     26.47      0.01         0.01
  111A-550/111A-548          26.30     26.30     26.43      0.01         0.01
  111A-551/111A-550          26.23     26.23     26.30      2.62         2.69
  111A-559/111A-176          23.57     23.57     23.71      0.01         0.01
  111A-560/111A-087          24.63     24.63     24.67     23.11        21.95
  111A-573_BR_WETWELL        26.64     26.64     27.48      0.01         0.01
  111A-J55/111A-247          24.30     24.30     24.67     20.83        20.80
  111A-J66/111A-207          24.81     25.05     24.81     25.37        24.81
  112A-001/194A-J54          70.03     87.06     71.73     16.79        53.49
  112A-002_BUR_WETWELL        2.61      2.61     84.38      0.01         0.01
  114A-001/369A-177          12.36     12.36     56.03     56.21         0.01
  114A-002_CA_WETWELL        50.35     50.35     51.39      0.01         0.01
  116A-001/389A-035          21.15     21.16     84.89     23.48         0.01
  116A-002_GO_WETWELL        15.92     15.92     18.78      0.01         0.01
  116A-003/116A-002          15.85     15.86     16.17      2.92         2.93
  116A-012/116A-003          15.44     15.44     15.86      6.55         6.55
  116A-013/116A-012          15.40     15.42     15.44     12.47        10.84
  116A-020/116A-013          15.42     15.44     15.42     23.19        15.39
  116A-023/116A-020          15.01     15.01     15.44      6.91         6.91
  116A-024/116A-023          15.01     15.69     15.01     22.97        15.01
  117A-001/118A-014          22.76     22.76     91.65     56.45         0.01
  117A-002_CLA_WETWELL       45.38     45.38     46.27      0.01         0.01
  118A-001/398A-102          29.94     29.94     93.11     29.49         0.01
  118A-002_CM_WETWELL        37.53     37.68     37.53     59.99        37.53
  118A-003/118A-002          37.68     37.68     38.54      0.01         0.01
  118A-004/118A-003          36.43     36.43     38.54      0.01         0.01
  118A-005/118A-004          34.21     34.21     36.43      0.01         0.01
  118A-009/118A-005          33.95     33.95     34.63      0.01         0.01
  118A-012/118A-009          32.54     32.54     33.95      0.01         0.01
  118A-013/118A-012          31.64     31.64     32.54      0.01         0.01
  118A-014/118A-013          22.03     22.03     31.96      0.01         0.01
  121A-001/163A-047          13.06     13.17     77.48     22.23         0.01
  121A-002_CU_WETWELL         2.63      2.63      4.49      0.01         0.01
  123A-001/387A-107           4.46      4.46     85.09      7.13         0.01
  123A-002_DM_WETWELL         6.80      6.80     91.04      0.01         0.01
  128A-001/333A-050          24.82     24.86     81.03     25.88         0.01
  128A-002_DEX_WETWELL       19.18     19.18     19.80      0.01         0.01
  131A-001/131A-J38          87.89     92.37     87.95     43.62         1.94
  131A-002_EL_WETWELL        26.40     26.40     74.36      0.01         0.01
  134A-001_351A-112          80.56     86.63     81.04     33.68        21.15
  134A-001_EP_WETWELL        49.30     49.48     49.51      0.01        27.90
  134A-002/134A-001          18.56     18.56     90.65      0.01         0.01
  134A-041_134A-001          16.49     16.49     21.55      0.01         0.01
  134A-042_134A-041          13.63     13.63     15.72      0.01         0.01
  140A-001/199A-026          24.99     25.15     25.60     24.82         0.65
  140A-002_FM_WETWELL        19.38     19.38     20.85      0.01         0.01
  151A-001/151A-J47          80.48     83.61     80.48     20.99        10.86
  151A-003/151A-002          38.23     38.23     87.61      0.01         0.01
  151A-004/151A-003          33.45     33.45     38.23     18.67        18.96
  151A-005/151A-004          25.91     25.91     33.45      0.01         0.01
  151A-006/151A-005          25.61     25.61     25.91      0.01         0.01
  151A-007/151A-006          24.99     24.99     25.61      0.03         0.09
  151A-008/151A-007          24.83     24.83     24.99      0.01         0.04
  151A-009/151A-008          24.64     24.64     24.83      0.01         0.01
  151A-010/151A-009          24.12     24.12     24.64      0.01         0.03
  151A-011/151A-010          23.93     23.93     24.12      0.01         0.04
  151A-012/151A-011          23.78     23.78     23.93      0.01         0.01
  151A-013/151A-012          23.71     23.71     23.78      4.38         4.23
  151A-014/151A-013          23.67     23.67     23.71     16.63        16.41
  151A-015/151A-014          23.43     23.43     23.67      0.01         0.01
  151A-016/151A-015          23.09     23.09     23.43      0.01         0.01
  151A-017/151A-016          22.47     22.47     23.09      0.01         0.01
  151A-018/151A-017          22.37     22.37     22.47      0.63         0.72
  151A-019/151A-018          22.16     22.16     22.37      0.01         0.03
  151A-020/151A-019          21.76     21.76     22.16      0.01         0.01
  151A-021/151A-020          21.67     21.67     21.76      5.69         5.57
  151A-022/151A-021          21.60     21.60     21.67     17.93        17.93
  151A-023/151A-022          21.47     21.47     21.60     15.14        15.09
  151A-024/151A-023          21.25     21.25     21.47     16.91        16.83
  151A-025/151A-189          21.09     21.09     21.27      0.01         0.01
  151A-026/151A-025          20.67     20.67     21.27      0.01         0.01
  151A-027/151A-026          20.64     20.64     20.67     17.72        17.43
  151A-028/151A-002          17.57     17.57     68.38      0.01         0.01
  151A-029/151A-028           0.01      0.01     17.57      0.01         0.01
  151A-030/151A-029           0.01      4.23      0.01      3.94         0.01
  151A-163/151A-025           0.01      0.01     23.75      0.01         0.01
  151A-164/151A-163           0.01      0.01      0.01      1.79         0.01
  151A-165/151A-164           0.01      1.12      0.01     21.64         0.01
  151A-166/151A-165           0.22      0.22      1.12      0.01         0.01
  151A-168/151A-166           0.22      0.32      0.22      1.19         0.22
  151A-169/151A-168           0.32      0.52      0.32      2.23         0.32
  151A-189/151A-024          21.09     21.09     21.25     16.39        16.46
  151A-191/151A-287          19.45     19.45     20.14      0.01         0.01
  151A-192/151A-191          19.45     19.45     19.57      0.19         0.19
  151A-199/151A-192          19.44     19.44     19.57      0.13         0.01
  151A-200/151A-199          19.35     19.35     19.44      0.01         0.01
  151A-201/151A-200          18.21     18.21     64.63      0.01         0.01
  151A-202/151A-200          19.13     19.13     19.35      0.01         0.01
  151A-203/151A-202          19.12     19.12     19.13      0.01         1.45
  151A-204/151A-203          19.00     19.00     19.12      0.01         0.01
  151A-205/151A-204          18.87     18.87     19.00      0.01         0.01
  151A-206/151A-205          18.76     18.76     18.87      0.01         0.01
  151A-209/151A-169           0.52      0.80      0.52      2.15         0.52
  151A-210/151A-209           0.80      1.05      0.80      2.59         0.80
  151A-211/151A-210           1.05      1.17      1.05      3.43         1.05
  151A-212/151A-211           1.17      1.23      1.17      1.88         1.17
  151A-213/151A-212           1.23      1.32      1.23      2.73         1.23
  151A-214/151A-213           1.32      1.38      1.32      2.12         1.32
  151A-215/151A-214           1.13      1.13      1.38      0.12         0.11
  151A-219/151A-215           0.56      0.56      1.13      0.01         0.01
  151A-220/151A-219           0.01      0.01      0.56      0.01         0.01
  151A-221/151A-220           0.01      0.24      0.01      1.65         0.01
  151A-222/151A-221           0.24      0.35      0.24      1.43         0.24
  151A-223/151A-222           0.01      0.01      0.35      0.01         0.01
  151A-241/151A-240           0.01      0.01      0.01     21.30         0.01
  151A-242/151A-241           0.01      0.08      0.01      1.62         0.01
  151A-246/151A-242           0.08      0.28      0.08      2.07         0.08
  151A-247/151A-246           0.28      0.39      0.28      1.04         0.28
  151A-248/151A-247           0.34      0.34      0.39      0.31         0.26
  151A-249/151A-248           0.34      0.34      1.54      9.33         0.01
  151A-250/151A-249           0.76      0.76      1.54      0.01         0.01
  151A-251/151A-250           0.67      0.67      0.76      0.48         0.46
  151A-252/151A-251           0.85      0.85     15.24      0.01         0.01
  151A-253/151A-251           0.74      0.74      1.81      0.01         0.01
  151A-254/151A-253           0.56      0.56      0.74      0.01         0.01
  151A-255/151A-254           0.44      0.44      0.56      0.01         0.01
  151A-256/151A-255           0.20      0.20      0.44      0.01         0.01
  151A-257/151A-256           0.01      0.01      0.20      0.01         0.01
  151A-259/151A-251           0.72      0.72      0.84      0.01         0.01
  151A-261_151A-259           0.72      0.74      0.72      6.38         0.66
  151A-264_151A-261           0.65      0.65      0.74      0.01         0.01
  151A-265/151A-264           0.54      0.54      0.65      0.01         0.01
  151A-282/339A-071          24.06     24.06     26.18      0.01         0.01
  151A-287/151A-027          20.14     20.14     20.64      0.01         0.01
  151A-J40/332A-080          10.46     46.95     10.46     41.00        10.46
  151A-J47/151A-282          54.59     54.59     83.61     25.19         0.01
  152A-001/206A-051           0.68      0.68     94.07      0.01         0.01
  152A-002_HL_WETWELL         0.43      0.43      0.48      0.06         0.04
  162A-001/106A-096          40.99     40.99     92.31     35.56         0.01
  162A-002_KN_WETWELL        38.34     38.34     39.74     14.63        14.63
  163A-001_372A-J48          83.60     83.60     89.24      0.01         0.01
  163A-002/163A-J52           0.85      0.85      0.96      0.01         0.02
  163A-009/163A-008           0.01      0.01      0.97      0.01         0.01
  163A-010/163A-009           0.01      0.01      0.01      0.01         0.01
  163A-017/163A-011           0.01      0.01      0.01      0.80         0.01
  163A-018/163A-017           0.01      0.01      0.01      1.04         0.01
  163A-019/163A-018           1.38      1.38      1.59      0.47         0.46
  163A-020/163A-019           0.35      0.35      1.38      0.01         0.01
  163A-021/163A-020           0.06      0.06      0.35      0.01         0.01
  163A-022/163A-021           0.01      0.01      0.06      0.01         0.01
  163A-023/163A-022           0.01      0.01      0.01      0.01         0.01
  163A-026/163A-025           0.01      0.01      0.01      0.18         0.01
  163A-031/163A-030           0.01      0.01      0.01      1.54         0.01
  163A-032/163A-031           0.01      0.01     14.73      0.01         0.01
  163A-035/163A-034           0.01      0.01      0.01      0.05         0.01
  163A-036/163A-035           0.20      0.20      0.60      0.11         0.10
  163A-038/163A-036           0.20      0.89      0.20      1.45         0.20
  163A-043/163A-038           0.89      1.38      0.89      2.01         0.89
  163A-044/163A-043           1.38      2.45      1.38      4.69         1.38
  163A-045/163A-044           2.45      3.34      2.45      4.51         2.45
  163A-046/163A-045           2.99      2.99      3.08      1.90         1.93
  163A-047/163A-046           2.72      2.72      2.99      0.66         0.65
  163A-048/163A-047           1.94      1.94      3.50      0.44         0.44
  163A-051/163A-048           1.50      1.50      1.94      0.01         0.01
  163A-075/163A-047           2.19      2.19      2.72      0.01         0.01
  163A-077/163A-075           1.75      1.75      2.19      0.01         0.01
  163A-078/163A-077           1.59      1.59      1.75      0.22         0.22
  163A-099/163A-018           0.01      0.01      0.61      0.01         0.01
  163A-100/163A-099           0.01      0.01      0.01      0.51         0.01
  163A-109/163A-101           0.01      0.91      0.01      1.02         0.01
  163A-110/163A-109           0.01      0.01      1.20      0.01         0.01
  163A-125/163A-363           0.36      0.36      0.50      0.01         0.01
  163A-130/163A-125           0.01      0.01      0.36      0.01         0.01
  163A-131/163A-130           0.01      0.12      0.01      0.76         0.01
  163A-145/163A-131           0.01      0.01      0.12      0.01         0.01
  163A-172_163A-166           0.32      0.52      0.32      0.71         0.32
  163A-173/163A-172           0.52      0.58      0.52      0.70         0.52
  163A-174/163A-173           0.58      0.59      0.58      0.70         0.57
  163A-178/163A-346           0.53      0.53      0.59      0.19         0.18
  163A-182/163A-178           0.48      0.48      0.53      0.21         0.18
  163A-183/163A-182           0.44      0.46      0.48      0.23         0.17
  163A-184/163A-183           0.45      0.46      0.45      0.25         0.16
  163A-191/163A-184           0.38      0.38      0.46      0.07         0.05
  163A-241/163A-191           0.01      0.01      0.42      0.01         0.01
  163A-346/163A-174           0.59      0.59      0.59      0.57         0.55
  163A-363/163A-109           0.50      0.50      0.51      0.01         0.02
  163A-391/163A-337           0.01      0.01     91.43      7.31         0.01
  163A-J52_KS_WETWELL         0.92      0.96      1.05      0.01         0.03
  163B-391_VA_WETWELL         3.58      3.58      4.81      0.07         0.07
  164A-001/330A-145          17.07     33.75     17.07     35.95        17.07
  164A-003/164A-002          17.13     17.13     18.99      0.01         0.01
  164A-008/164A-003          16.76     16.76     17.13      0.01         0.01
  164A-009/164A-008          15.80     15.80     16.76      0.01         0.01
  164A-010/164A-009          15.28     15.28     15.80      0.01         0.01
  164A-014/164A-010          13.41     13.41     15.28      0.01         0.01
  164A-015/164A-014          13.40     13.41     13.41      1.03         4.51
  164A-016/164A-015          13.05     13.05     13.41      0.01         0.01
  164A-017/164A-016          13.05     13.05     92.11      0.01         0.01
  164A-019/164A-017          92.21     92.21     93.10      0.01         0.01
  164A_002_LE_WETWELL        18.99     18.99     19.15      0.01         0.01
  171B-001B_172A-J59A        66.14     66.14     82.41     27.43        28.43
  172A-001/172A-J59          47.11     47.20     82.41     50.11        45.45
  172A-001_LA_WETWELL        25.93     25.93     59.27      0.01         0.01
  172A-003/172A-001          25.75     25.75     25.93      0.24         0.23
  172A-004/172A-003          25.70     25.70     25.75      0.01         0.11
  172A-047/172A-004          25.28     25.28     25.70      8.79         8.78
  172A-049/339A-076          22.54     22.54     24.02      0.01         0.01
  172A-050/172A-049          22.27     22.27     22.54      0.01         0.01
  172A-051/172A-050          21.59     21.59     22.27      0.01         0.01
  172A-052/172A-051          21.22     21.22     21.59      0.01         0.01
  172A-053/172A-052          20.87     20.87     21.22      0.01         0.01
  172A-054/172A-053          20.38     20.38     20.87      0.01         0.01
  172A-055/172A-054          19.34     19.34     20.38      0.01         0.01
  172A-056/172A-055          16.66     16.66     19.88      0.01         0.01
  172A-057/172A-056          12.78     12.78     16.66      5.33         5.33
  172A-058/172A-057          11.60     11.60     12.78      5.50         5.48
  172A-059/172A-058          10.36     10.36     11.60      6.10         6.10
  172A-108/172A-047          25.10     25.10     25.28      0.01         0.01
  172A-112/172A-108          25.03     25.03     25.10      0.01         0.05
  172A-113/172A-112          24.83     24.83     25.03      0.01         0.01
  172A-121/172A-113          24.60     24.60     24.83      0.01         0.01
  172A-122/172A-121          24.35     24.35     24.60      0.09         0.10
  172A-130/172A-122          23.98     23.98     24.35      8.25         8.24
  172A-154/172A-130          23.72     23.73     23.98     22.98        21.57
  172A-160/172A-154          23.69     23.74     23.73     24.43        22.12
  172A-161/172A-160          23.72     23.75     23.74     24.56        22.24
  172A-170/172A-161          23.67     23.87     23.75     24.22        22.06
  172A-179/172A-170          23.81     24.43     23.87     24.37        22.32
  172A-J59/360A-126          81.94     81.94     81.94     27.37         0.11
  177A-001/390A-019          19.39     19.39     79.04     21.22         0.01
  177A-002/390A-019          13.95     13.95     16.73      0.01         0.01
  177A-002_MOR_WETWELL       20.76     20.76     58.80      0.01         0.01
  177A-003/177A-002          18.96     18.96     20.76      0.01         0.01
  177A-015/177A-003          18.96     19.74     18.96     80.85        15.18
  183A-001/331A-274          80.94     87.11     86.32     56.35         4.29
  183A-002_109_WETWELL       31.78     31.78     32.17      0.01         0.01
  183A-008/183A-002          31.71     31.71     31.92      0.01         0.01
  183A-009/183A-008          31.34     31.34     31.71      0.07         0.01
  183A-016/183A-002          31.84     31.84     32.23      0.01         0.01
  183A-017/183A-016          31.67     31.95     31.84     21.37        21.00
  185A-001/366A-003          19.57     19.57     28.91      0.01         0.01
  185A-002_OA_WETWELL        25.51     25.51     30.62      0.01         0.01
  190A-001/360A-J56          28.16     28.16     30.13     14.40        14.48
  190A-002_PE_WETWELL        12.63     12.63     12.72      9.85         9.31
  190A-003_190A-002          12.26     12.26     12.63      7.20         7.15
  190A-006/190A-003          10.35     10.35     12.26      0.01         0.01
  190A-016/190A-006          11.85     11.86     14.48     11.75        10.40
  190A-017/190A-016          11.75     11.78     11.86     11.98         9.86
  190A-018/190A-017          11.78     11.80     11.78     11.76         9.83
  190A-019/190A-018          11.80     11.85     11.80     13.75        11.80
  190A-020/190A-019          11.85     11.99     11.85     13.80        11.85
  190A-025/190A-020          11.99     12.11     11.99     13.33        11.92
  190A-026/190A-025          12.11     12.24     12.11     13.75        12.11
  190A-027/190A-026          12.24     12.30     12.24     13.61        12.22
  190A-028/190A-027          12.23     12.25     12.30     12.99        12.07
  190A-029/190A-028          12.25     12.38     12.25     13.90        12.25
  190A-030/190A-029          12.36     12.48     12.38     13.74        12.35
  190A-031/190A-030          11.28     11.28     12.48      0.01         0.01
  190A-037/190A-031          11.28     11.28     11.58      1.35         1.36
  194A-001/337A-111           0.01      0.01     91.49     43.50         0.01
  194A-J54/151A-258           0.30      0.30     86.82     16.15         0.01
  194A_002_RB_WETWELL        16.90     16.90     16.99      0.01         0.01
  195A-001/366A-336           7.79      7.79     70.15      0.01         0.01
  195A-002/195A-047           1.54      1.54      1.63      0.01         0.01
  195A-047_RW_WETWELL         1.63      1.63      2.51      0.01         0.01
  199A-001/172A-J59          62.97     82.18     70.94     28.88        29.12
  199A-002_RO_WETWELL        18.60     18.60     19.03      0.01         0.01
  199A-003/199A-002          18.23     18.23     18.96      0.01         0.01
  199A-004/199A-002          11.07     11.07     23.89      0.01         0.01
  199A-005/199A-004          10.69     23.08     10.69     23.01        10.69
  199A-006/199A-J53          25.16     25.69     25.16     22.71        22.10
  199A-007/199A-006          25.34     25.34     25.69     25.01        25.00
  199A-008/199A-007          24.46     24.46     25.34      0.01         0.01
  199A-009/199A-008          23.47     23.47     24.46      0.01         0.01
  199A-015/199A-009          22.09     22.09     23.47      0.01         0.01
  199A-016/199A-015          22.09     24.88     22.09     25.32        22.09
  199A-017/199A-016          24.88     25.21     24.88     25.35        24.88
  199A-021/199A-017          24.82     24.82     25.21     23.75        23.77
  199A-022/199A-021          24.82     25.19     24.82     25.39        24.82
  199A-026/199A-022          25.12     25.15     25.19     25.26        25.12
  199A-J53/199A-005          24.27     25.16     24.28     19.75        18.48
  203A-001/111A-J55          25.19     25.19     92.91      0.01         0.01
  203A-002_SEM_WETWELL       16.71     16.71     17.83      0.01         0.01
  206A-001/206A-J16          87.86     92.34     87.86      0.01         2.02
  206A-002_SL_WETWELL        15.53     15.53     16.15      0.01         0.01
  206A-003/206A-002          15.36     15.36     15.53      0.01         0.01
  206A-006/206A-003          14.40     14.40     15.36      0.01         0.01
  206A-011/206A-002          10.18     10.18     60.31      0.01         0.01
  206A-014/206A-011           6.72      6.72      9.61      0.01         0.01
  206A-017/206A-014           0.01      0.01      6.72      0.01         0.01
  206A-032/206A-006          13.41     13.41     14.58      0.01         0.01
  206A-033/206A-032          12.29     12.29     13.41      0.01         0.01
  206A-036/206A-033          11.38     11.38     12.29      0.01         0.01
  206A-037/206A-036          10.39     10.39     11.38      0.01         0.01
  206A-038/206A-037           9.96      9.96     10.39      0.01         0.01
  206A-039/206A-038           9.11      9.11      9.96      0.01         0.01
  206A-040/206A-039           8.31      8.31      9.11      0.01         0.01
  206A-041/206A-040           7.65      7.65      8.31      0.01         0.01
  206A-042/206A-041           6.87      6.87      7.65      0.01         0.01
  206A-043/206A-042           6.29      6.29      6.87      0.01         0.01
  206A-044/206A-043           5.68      5.68      6.29      0.01         0.04
  206A-045/206A-044           2.73      2.73      5.68      0.66         0.69
  206A-048/206A-045           0.01      0.01      2.73      0.01         0.01
  206A-051/206A-048           0.01      0.65      0.01      0.66         0.01
  206A-J16_356A-009          84.43     84.43     92.34      0.01         0.01
  225A-001/360A-124          59.42     67.18     70.20      0.01         0.32
  225A-001_IND_WETWELL        1.18      1.18      1.40      0.01         0.01
  225A-002_VIR_WETWELL        0.51      0.51      0.78      0.01         0.01
  227A-001/369A-045          23.95     27.15     35.27     32.57        23.95
  227A-002_WT_WETWELL        16.05     19.30     16.05     23.91        16.05
  232A-047/164A-019          93.03     93.03     94.04     26.42         0.20
  232A-047_ST_WETWELL        39.54     39.55     39.63      0.01         0.02
  246A-001/106A-253          47.29     77.91     47.29     79.10        47.29
  246A-002_IB_WETWELL        60.86     60.86     60.94      0.01         0.01
  246A-006/246A-002          60.67     60.67     60.86      0.01         0.01
  246A-020/246A-006          58.74     58.74     60.67      0.01         0.01
  246A-021/246A-020          58.14     58.14     58.74      0.50         0.50
  246A-022/246A-021          57.26     57.26     58.14      0.26         0.26
  246A-023/246A-022          56.28     56.28     57.56      0.01         0.01
  246A-047/246A-023          54.72     54.72     56.28      0.01         0.01
  252-001/330A-107           19.79     19.79     89.00      7.51         0.01
  252-002_FH_WETWELL         17.57     17.57     87.83      0.01         0.01
  255A-004/360A-121          21.09     21.55     82.83      1.91         7.56
  266A-001/266A-J25          75.27     86.62     75.27     24.01         6.60
  266A-002/266A-001          16.26     16.26     86.88      0.01         0.01
  266A-J25/266A-VP12         22.83     22.83     26.82      0.01         0.01
  266A-J25/266A-VP13         26.62     26.62     83.61      0.01         0.02
  266A-VP12/-99              70.29     70.29     70.39     24.29         1.23
  266A-VP13/332A-J28         26.13     26.18     26.62     26.61         0.11
  267A-001/364A-069          10.46     28.45     10.46     28.63        10.46
  267A-002_GL_WETWELL        19.48     19.48     76.20      0.01         0.01
  281A-001_CL-WETWELL        25.16     25.16     59.93      0.01         0.01
  281A-002/281A-001          20.03     20.03     73.08      0.01         0.01
  281A-003/281A-002          84.69     84.69     85.72      0.01         0.01
  281A-031/281A-077          81.26     81.26     83.15      0.01         0.01
  281A-032/281A-031          79.82     79.82     81.26      7.24         7.24
  281A-036/281A-032          78.15     78.15     79.82      0.01         0.01
  281A-037/281A-036          76.35     76.35     78.15      0.01         0.01
  281A-072/151A-252           1.48      1.48     62.42     27.21         0.01
  281A-077/281A-003          83.15     83.15     84.97      0.01         0.01
  282A-001/351A-029          18.09     18.09     49.75     32.42         0.01
  282A-002_COM_WETWELL       11.58     11.58     93.79      0.01         0.01
  282A-009/282A-002           0.01      0.01     60.33      0.01         0.01
  282A-012/282A-009           0.01      0.01     60.33      0.01         0.01
  282A-017/282A-016           0.01      0.10      0.01      0.13         0.01
  283A-001/351A-054          19.70     19.70     67.71     16.16         0.01
  283A-003_RT_WETWELL        17.03     17.03     69.26      0.01         0.01
  283A-011/283A-003          11.09     11.09     69.45      0.01         0.01
  314A-001/350A-163           8.08     10.07      8.08     23.45         8.08
  314A-004/314A-001          10.07     18.09     10.07     23.59        10.07
  314A-010/314A-004          18.09     20.20     18.09     22.63        18.09
  314A-011/314A-010          20.20     21.52     20.20     23.62        20.20
  314A-037/314A-011          21.52     21.66     21.52     23.10        20.99
  314A-038/314A-037           5.97      5.97     21.66      0.01         0.01
  316A-001/366A-311          24.53     24.53     25.75      0.01         0.01
  316A-002/316A-001          25.74     25.74     26.88      0.01         0.01
  316A-003/316A-002          25.58     25.58     25.74     11.38        10.92
  316A-004/316A-003          25.49     25.49     25.58      0.05         0.05
  316A-016/361A-247          20.39     22.19     24.67     22.37        19.94
  316A-017/316A-016          19.86     19.86     22.19     17.58        17.56
  316A-018/316A-017          19.37     19.37     19.86      0.01         0.01
  316A-061/316A-018          14.46     14.46     19.37      0.01         0.01
  316A-087/316A-061          13.33     14.16     13.33     18.05        12.67
  316A-100/316A-101          14.77     15.35     14.77     17.26        13.82
  316A-101/316A-087          14.16     14.77     14.16     17.47        13.44
  316A-111/316A-245          15.60     15.76     15.60     16.66        14.51
  316A-114/316A-111          15.76     16.03     15.76     18.62        15.06
  316A-117/316A-114          16.03     16.77     16.03     19.30        15.44
  316A-118/316A-117          16.77     17.46     16.77     19.71        16.26
  316A-119/316A-118          12.86     12.86     17.46      0.01         0.01
  316A-120/316A-119          12.86     12.86     13.89     24.40         0.01
  316A-147/316A-149          22.05     22.05     23.28      0.01         0.01
  316A-149/316A-118          21.74     21.74     22.13      0.05         0.01
  316A-188/316A-120          13.43     13.43     13.89      9.11         9.09
  316A-189/316A-188          13.43     13.69     13.43     18.00        13.43
  316A-243/316A-147          18.76     18.76     22.05      0.01         0.01
  316A-245/316A-100          15.35     15.60     15.35     17.30        14.40
  329A-001/183A-009          30.95     30.95     31.34      0.01         0.01
  329A-001/329A-002          28.99     28.99     31.35      0.01         0.01
  329A-002/329A-003          28.59     28.59     28.99     20.77        20.47
  329A-005/329A-003          28.33     28.34     28.59     21.72        21.26
  329A-006/329A-005          28.17     28.17     28.34     18.47        18.47
  329A-007/329A-006          28.10     28.47     28.17     27.71        26.91
  329A-008/329A-007          28.41     28.59     28.47     26.03        25.58
  329A-009/329A-008          28.50     28.58     28.59     23.23        23.04
  329A-012/329A-009          28.43     28.43     28.58     21.80        21.65
  329A-023/329A-012          28.23     28.23     28.43      0.85         0.84
  329A-027/329A-023          27.90     27.90     28.23      0.01         0.20
  329A-030/329A-027          27.71     27.71     27.90      0.86         0.86
  329A-031/329A-030          27.40     27.40     27.71      0.01         0.01
  329A-040/329A-031          27.06     27.06     27.40      0.55         0.55
  329A-044/329A-040          26.90     26.90     27.06      0.64         0.64
  329A-046/329A-044          26.76     26.76     26.90      0.81         0.81
  329A-047/329A-046          26.54     26.54     26.76      0.01         0.01
  329A-050/329A-047          26.23     26.23     26.54      0.55         0.55
  329A-053/329A-050          26.13     26.13     26.43      0.70         0.01
  329A-054/329A-053          26.06     26.13     26.13      6.98         4.75
  329A-059/329A-054          26.06     26.86     26.13     24.17        23.00
  329A-064/329A-059          26.69     26.77     26.86     21.90        21.49
  329A-065/329A-064          26.69     26.86     26.77     22.84        22.43
  329A-076/329A-065          25.07     25.07     26.86      0.01         0.01
  329A-082/329A-076          23.98     23.98     25.07      0.01         0.01
  329A-083/329A-082          22.91     22.91     23.98      0.01         0.01
  329A-084/329A-083          21.87     21.87     22.91      0.01         0.01
  329A-085/329A-084          20.83     20.83     21.87      0.01         0.01
  330A-002/329A-001          30.71     30.71     31.12      0.25         0.25
  330A-003/330A-002          30.55     30.55     30.71      0.28         0.01
  330A-004/330A-003          30.36     30.36     30.55      0.26         0.01
  330A-005/330A-004          30.18     30.18     30.36     19.29        19.24
  330A-006/330A-005          30.04     30.04     30.18     13.07        13.07
  330A-007/330A-006          29.67     29.67     30.04      5.13         5.14
  330A-008/330A-007          29.22     29.22     29.67      3.67         3.68
  330A-009/330A-008          29.01     29.01     29.23     11.36        11.29
  330A-078/330A-009          29.29     29.29     30.06     16.28        16.14
  330A-079/330A-078          29.16     29.36     29.29     27.37        26.93
  330A-084/330A-079          29.10     29.11     29.36     11.69        11.65
  330A-085/330A-084          28.76     28.76     29.11      3.41         3.40
  330A-086/330A-085          28.64     28.78     28.76     19.82        19.41
  330A-087/330A-086          28.65     28.72     28.78     12.78        12.46
  330A-088/330A-087          28.56     28.56     28.72      6.45         6.30
  330A-089/330A-088          28.47     28.54     28.56     26.47        26.20
  330A-090/330A-089          28.44     28.49     28.54     26.02        25.83
  330A-091/330A-090          28.49     28.62     28.49     28.80        28.48
  330A-096/330A-091          28.27     28.27     28.62      0.32         0.33
  330A-097/330A-096          28.11     28.11     28.27      0.61         0.62
  330A-100/330A-097          26.12     26.12     28.24      0.01         0.01
  330A-101/330A-147          25.29     26.80     25.29     79.74        12.53
  330A-102/330A-101          22.52     22.52     26.80      0.01         0.01
  330A-103/330A-102          22.52     22.52     93.00     10.23         0.01
  330A-104/330A-103          25.56     25.56     93.05      0.01         0.01
  330A-106/330A-104          23.55     23.55     25.56      0.01         0.11
  330A-107/330A-106          19.21     19.21     23.55      0.01         0.01
  330A-122/330A-152          27.27     27.27     27.50      0.01         0.01
  330A-125/330A-122          26.02     26.02     27.27      0.01         0.01
  330A-128/330A-125          25.55     25.55     26.02      0.01         0.01
  330A-129/330A-128          25.11     25.11     25.55      0.01         0.01
  330A-130/330A-243          24.31     24.31     24.88      0.01         0.01
  330A-131/330A-130          23.70     23.70     24.31      0.01         0.01
  330A-134/330A-131          22.54     22.54     23.70      0.01         0.01
  330A-138/330A-134          22.17     22.17     22.54      0.01         0.01
  330A-139/330A-138          21.92     21.92     22.17      0.01         0.01
  330A-140/330A-139          21.51     21.51     21.92      0.01         0.01
  330A-141/330A-140          20.66     20.66     21.51      0.01         0.01
  330A-143/330A-141          19.03     19.03     20.66      0.01         0.01
  330A-144/330A-143          18.68     18.68     19.03      0.01         0.01
  330A-145/330A-144          14.31     14.31     18.68      0.01         0.01
  330A-147/330A-100          25.29     25.29     26.12      0.01         0.01
  330A-152/330A-097          27.50     27.50     28.24      0.01         0.01
  330A-243/330A-129          24.88     24.88     25.11      0.01         0.01
  331A-001/334A-062          19.39     19.39     23.15      0.01         0.01
  331A-002/331A-001          20.30     20.30     23.90      3.03         3.04
  331A-004/331A-002          20.22     20.22     20.30     19.55        19.20
  331A-006/331A-004          20.06     20.06     20.22     18.95        19.04
  331A-008/331A-006          19.76     19.76     20.06     14.23        14.10
  331A-010/331A-008          18.09     18.09     19.76      0.01         0.01
  331A-014/331A-010          18.09     18.09     23.59      4.24         0.01
  331A-015/331A-014          19.44     19.44     24.12      0.01         0.01
  331A-032/331A-001          20.77     20.78     21.02     19.95        19.50
  331A-033/331A-032          20.78     21.01     20.78     25.72        20.78
  331A-036/331A-033          21.01     21.30     21.01     23.92        21.01
  331A-037/331A-036          21.30     23.21     21.30     26.78        21.30
  331A-039/331A-037          22.85     22.85     23.21     22.14        22.14
  331A-045/331A-039          22.85     23.94     22.85     32.26        22.23
  331A-078/331A-088          23.76     24.23     23.76     25.60        22.95
  331A-086/331A-045          23.67     23.67     23.94     20.80        20.80
  331A-088/331A-086          23.67     23.76     23.67     23.60        22.11
  331A-095/331A-078          23.84     23.84     24.23      0.01         0.01
  331A-096/331A-095          23.84     24.15     23.84     22.44        20.24
  331A-099/331A-J22          24.02     24.22     24.02     22.25        20.28
  331A-100/331A-099          24.22     24.33     24.22     81.07        23.61
  331A-104/331A-100          24.29     24.29     24.33      0.01         1.12
  331A-105/331A-104          23.93     23.93     24.29      0.01         0.16
  331A-111/331A-112          24.49     24.49     25.59     10.45        10.44
  331A-112/331A-105          25.59     25.59     33.09     12.06        10.84
  331A-113/331A-111          24.36     24.36     24.49      0.01         0.01
  331A-128/331A-113           0.01      0.01     24.73      0.01         0.01
  331A-132/331A-128           0.01      0.01     88.13      0.01         0.01
  331A-138/331A-132          89.18     89.18     91.29     20.39        20.39
  331A-147/331A-138          88.16     88.16     89.54     25.78        25.78
  331A-148/331A-147          29.09     29.09     88.16     25.06        25.06
  331A-152/331A-148          27.39     27.39     29.09      8.30         0.01
  331A-157/331A-152          26.03     26.03     27.39      0.01         0.01
  331A-158/331A-157          24.92     24.92     26.03      0.01         0.01
  331A-159/331A-158          23.70     23.70     24.92      0.01         0.01
  331A-160/331A-159          23.30     23.30     23.70      0.01         0.01
  331A-165/331A-105          23.93     24.02     23.93     23.76        21.81
  331A-166/331A-165          24.00     24.01     24.02      7.11         6.94
  331A-167/331A-166          23.62     23.62     24.01      0.01         0.01
  331A-168/331A-167          23.42     23.42     23.62      0.01         0.01
  331A-230/331A-168          23.43     23.43     23.81      0.01         0.01
  331A-231/331A-230          23.39     23.42     23.43      5.98         4.28
  331A-236/331A-231          23.41     23.45     23.42      9.55         6.21
  331A-237/331A-236          23.40     23.40     23.45      0.87         0.52
  331A-238/331A-237          23.39     23.42     23.40      7.40         5.15
  331A-239/331A-238          23.30     23.32     23.42      2.18         1.87
  331A-243/331A-239          23.31     23.40     23.32      9.02         6.09
  331A-252/331A-243          23.22     23.22     23.40      0.17         0.17
  331A-253/331A-252          23.16     23.17     23.22      1.47         0.85
  331A-260/331A-253          22.97     22.97     23.17      0.19         0.01
  331A-265/331A-260          20.79     20.79     22.97      0.01         0.01
  331A-270/331A-265          20.79     20.79     28.33      0.01         0.01
  331A-271/331A-270          20.88     20.88     28.33      0.01         0.01
  331A-272/331A-271          20.88     20.88     23.81     26.69         0.01
  331A-273/331A-272          21.98     21.98     23.81      0.01         0.01
  331A-274/331A-273          21.98     21.98     42.65      0.01         0.01
  331A-J22/331A-J23          24.02     24.02     24.27      0.01         0.01
  331A-J23/331A-096          24.15     24.27     24.15     19.70        18.45
  332A-001/334A-051          17.62     17.62     22.95      0.06         0.05
  332A-002/332A-001          16.29     16.29     17.62      0.43         0.44
  332A-007/332A-002          13.92     13.92     16.29      0.01         0.01
  332A-018/332A-007          11.71     11.71     13.92      0.01         0.01
  332A-027/332A-018           9.34      9.34     11.71      0.01         0.01
  332A-035/332A-027           9.78      9.78     11.59      5.06         5.05
  332A-036/332A-035           9.78      9.89      9.78     11.46         9.26
  332A-040/332A-036           9.85     10.09      9.89     11.39         9.33
  332A-041/332A-040          10.07     10.29     10.09     11.93        10.07
  332A-042/332A-041           6.09      6.09     10.29      0.01         0.01
  332A-043/332A-042           1.32      1.32      6.09      0.01         0.01
  332A-044/332A-043           1.19      1.19      1.32      0.68         0.66
  332A-057/332A-044           1.19      5.67      1.19     14.36         1.19
  332A-058/332A-057           1.39      1.39      5.67      0.01         0.01
  332A-062/332A-058           1.12      1.12      1.39      0.01         0.01
  332A-063/332A-062           1.07      1.08      1.12      0.02         0.01
  332A-080/332A-063           0.73      0.73      1.08      0.01         0.01
  332A-081/151A-265           0.29      0.29      0.54      0.01         0.01
  332A-081/332A-080           0.39      0.39      0.73      0.01         0.01
  332A-082/332A-081           0.61      1.35      0.61     14.05         0.61
  332A-118/332A-082           1.35      6.44      1.35     14.40         1.35
  332A-119/332A-118           6.44      8.84      6.44     15.87         6.44
  332A-122/332A-119           8.84     10.59      8.84     17.56         8.84
  332A-123/332A-122          10.59     12.15     10.59     17.76        10.59
  332A-136/332A-123          12.15     12.71     12.15     14.55        12.02
  332A-137/332A-136          12.71     13.16     12.71     14.35        12.58
  332A-138/332A-137          13.01     13.01     13.16     11.41        11.29
  332A-140/332A-138          13.01     13.45     13.01     14.51        12.88
  332A-141/332A-140          13.10     13.10     13.45     11.49        11.50
  332A-142/332A-141          13.10     13.15     13.10     14.04        13.10
  332A-154/332A-142          12.87     12.87     13.15      8.99         9.00
  332A-155/332A-154          12.68     12.68     12.87      8.55         8.57
  332A-156/332A-155          12.30     12.30     12.68      9.15         9.18
  332A-157/332A-156          11.99     11.99     12.30      9.12         9.12
  332A-184/332A-186          11.02     11.02     12.04      0.88         0.01
  332A-185/332A-184          10.26     10.26     11.02      0.01         0.01
  332A-186/332A-157          11.99     12.04     11.99     21.12         8.76
  332A-J24_332A-185          12.10     12.10     70.21      0.01         0.01
  332A-J28/332A-081          23.27     23.27     51.38     89.54         0.01
  332A-J38/332A-J39          43.43     43.44     92.37     44.87         0.02
  332A-J39/151A-J40          41.17     43.44     46.95     43.65        40.86
  333A-001/334A-011           0.01      0.01     24.15      0.01         0.01
  333A-002/333A-001           0.01     11.69      0.01     20.11         0.01
  333A-003/333A-002          11.69     12.13     11.69     19.46        11.69
  333A-004/333A-003          12.13     12.54     12.13     19.62        12.13
  333A-006/333A-004          12.54     16.48     12.54     21.09        12.54
  333A-007/333A-006          16.48     17.99     16.48     21.89        16.48
  333A-008/333A-007          17.49     17.49     17.99      2.23         2.24
  333A-009/333A-008          17.49     18.04     17.49     23.27        17.49
  333A-010/333A-009          18.04     18.24     18.04     20.18        18.04
  333A-012/333A-010          18.24     18.66     18.24     21.27        18.24
  333A-013/333A-012          18.23     18.23     18.66      0.56         0.56
  333A-014/333A-013          25.06     25.06     25.31     25.08        24.99
  333A-047/333A-014          21.98     24.78     21.98     24.94        21.45
  333A-048/333A-047          24.19     24.19     24.78     22.61        22.61
  333A-049/333A-048          19.88     19.88     24.69      0.01         0.01
  333A-050/333A-049          19.88     24.58     19.88     22.81        18.05
  334A-001/334A-107           0.10      0.10     20.54      0.01         0.01
  334A-011/334A-001           0.10      1.00      0.10      1.85         0.10
  334A-023/334A-011           1.00      1.63      1.00     19.94         1.00
  334A-024/334A-023           1.63      7.01      1.63     22.35         1.63
  334A-025/334A-024           7.01     15.39      7.01     25.70         7.01
  334A-027/334A-025          13.04     13.04     15.39      3.65         3.67
  334A-031/334A-027          13.04     14.45     13.04     21.35        13.04
  334A-037/334A-031          14.45     17.33     14.45     24.59        14.45
  334A-042/334A-037          16.65     16.65     17.33     14.73        14.70
  334A-050/334A-042          16.65     18.06     16.65     22.85        16.65
  334A-051/334A-050          18.06     19.25     18.06     24.14        18.06
  334A-060/334A-051          19.25     19.86     19.25     23.37        19.25
  334A-061/334A-060          19.86     21.34     19.86     26.49        19.86
  334A-062/334A-061          21.34     23.15     21.34     87.93        21.34
  335A-001/151A-206          18.62     18.62     18.76      0.01         0.01
  336A-001_151A-021          19.94     19.94     39.00      0.01         0.01
  336A-002/336A-001          19.94     24.37     19.94      5.49         1.69
  336A-005/336A-209          23.23     23.23     23.52      1.47         1.48
  336A-006/336A-208          22.62     24.76     22.62     25.67        22.62
  336A-007/336A-006          24.76     25.43     24.76     25.77        24.76
  336A-008/336A-007          25.43     25.63     25.43     25.77        25.43
  336A-009/336A-008          25.52     25.52     25.63     25.26        25.27
  336A-010/336A-009          25.52     25.65     25.52     25.82        25.52
  336A-047/336A-010          25.51     25.51     25.65     23.05        23.05
  336A-048/336A-047          25.40     25.40     25.51     23.12        23.02
  336A-049/336A-048          25.37     25.44     25.40     25.48        25.26
  336A-075/336A-049          24.38     24.38     25.44      0.01         0.01
  336A-078/336A-075          24.27     24.27     24.38     18.53        18.07
  336A-081/336A-078          23.68     23.68     24.27     16.22        16.23
  336A-208/336A-005          22.62     22.62     23.23      0.98         0.98
  336A-209/336A-002          23.52     23.52     24.37      0.53         0.54
  337A-001/338A-058          25.47     25.47     25.87      3.34         2.66
  337A-004/337A-001          25.19     25.19     25.47      0.09         0.01
  337A-005/337A-004          20.20     20.20     25.19      0.01         0.01
  337A-006/337A-005          20.12     22.04     20.20     23.69        20.10
  337A-007/337A-006          21.88     22.02     22.04     22.78        21.68
  337A-021/337A-007          21.94     21.97     22.02     22.65        21.79
  337A-039_337A-021          22.63     22.72     22.98      5.62         3.40
  337A-051_337A-039          22.72     23.74     22.72     13.42        10.46
  337A-052_337A-051          23.74     24.64     23.74     19.31        17.03
  337A-053_337A-052          24.58     24.62     24.64     11.73        10.84
  337A-069/151A-030           2.71      2.71      4.23      0.01         0.01
  337A-069_337A-053          24.62     24.70     24.62     14.58        13.43
  337A-070/337A-069          24.46     24.46     24.70     23.32        23.32
  337A-071/337A-070          24.33     24.33     24.46     21.62        21.63
  337A-072/337A-071          24.32     24.33     24.33     24.88        24.31
  337A-073/337A-072          24.13     24.13     24.90     16.21        16.21
  337A-075/337A-073          23.36     23.36     24.13     19.71        19.72
  337A-077/337A-075          22.90     22.90     23.36     20.27        20.27
  337A-088/337A-077          18.79     18.79     22.90      0.01         0.01
  337A-089/337A-088          16.53     16.53     18.79      0.01         0.01
  337A-090/337A-089           0.01      0.01     16.53      0.01         0.01
  338A-001/338A-002          23.80     23.80     24.03      0.27         0.27
  338A-002/338A-003          23.99     23.99     53.53      0.01         0.01
  338A-003/339A-020          24.22     24.77     24.22     25.39        24.22
  338A-039/338A-001          25.62     25.79     25.87     23.44        22.82
  338A-040/338A-039          25.63     26.03     25.79     24.93        24.32
  338A-058/338A-040          25.87     25.87     26.03      5.90         5.02
  338A-076/338A-001          21.63     21.63     25.87      0.01         0.01
  338A-080/338A-076          21.63     24.52     21.63     24.33        21.63
  338A-084/338A-080          23.92     23.92     24.52     16.82        16.66
  338A-086/338A-084          23.53     23.56     23.92     24.04        23.51
  338A-110/338A-086          22.90     22.90     23.56     17.58        17.60
  338A-111/338A-110          22.24     22.24     22.90      0.01         0.01
  338A-125/338A-111          20.99     20.99     22.24      0.01         0.01
  338A-131/338A-279          21.99     23.64     21.99     25.26        21.99
  338A-132/338A-131          23.64     24.59     23.64     25.18        23.64
  338A-150/338A-132          24.59     24.73     24.59     25.28        24.59
  338A-151/338A-150          24.73     24.99     24.73     25.24        24.73
  338A-152/338A-151          24.87     24.87     24.99     24.62        24.62
  338A-165/338A-152          24.65     24.65     24.87      6.50         6.47
  338A-175/338A-165          24.34     24.34     24.65      9.12         9.10
  338A-179/338A-175          23.77     23.77     24.34      0.01         0.01
  338A-180/338A-179          23.61     23.61     23.77      0.01         0.01
  338A-181/338A-180          23.23     23.23     23.61      0.01         0.01
  338A-182/338A-181          22.95     22.95     23.23      0.01         0.01
  338A-185/338A-182          22.59     22.59     22.95      0.01         0.01
  338A-191/338A-185          21.79     21.79     22.59      0.01         0.01
  338A-192/338A-191          21.66     21.66     21.79     16.41        16.37
  338A-193/338A-192          21.35     21.35     21.66      0.01         0.01
  338A-194/338A-193          21.10     21.10     21.36      0.01         0.01
  338A-195/338A-194          20.79     20.79     21.10      0.01         0.01
  338A-197/338A-195          20.41     20.41     20.79     11.57        11.57
  338A-201/338A-197          20.17     20.17     20.41     11.88        11.89
  338A-202/338A-201          19.87     19.87     20.17     11.92        11.92
  338A-203/338A-202          19.36     19.36     19.87      4.39         4.40
  338A-279/338A-280          21.34     21.99     21.34     25.26        21.34
  338A-280/338A-125          20.99     21.34     20.99     25.25        20.99
  339A-002A_339A-002B        86.45     86.45     90.38      0.01         0.01
  339A-002B_339A-002C        86.58     86.58     90.38      0.01         0.01
  339A-002C_339A-002G        86.58     86.58     86.58     84.25        81.32
  339A-002D_339A-002E        84.98     84.98     87.43      0.01         0.01
  339A-002E_339A-002F        85.07     85.07     87.43      0.01         0.01
  339A-002F_339A-002H        85.07     85.07     85.07     68.82        69.93
  339A-002G_339A-076         26.49     26.49     86.58      0.01         0.01
  339A-002H_339A-076         26.03     26.03     85.07      0.01         0.01
  339A-002_339A-002A         26.01     26.01     86.45      0.01         0.01
  339A-002_339A-002D         25.61     25.61     84.98      0.01         0.01
  339A-002_OFALL_LA           0.01      0.01      0.01     20.34         0.01
  339A-003/339A-002          23.81     23.81     24.70      0.01         0.01
  339A-005/339A-003          23.79     23.80     23.81     24.20        23.48
  339A-007/339A-005          23.54     23.54     23.80      0.01         0.01
  339A-008/339A-007          23.53     23.54     23.54     23.43        22.92
  339A-010/339A-008          23.47     23.47     23.54      0.14         0.08
  339A-011/339A-010          23.16     23.16     23.47      0.01         0.01
  339A-012/339A-011          23.16     23.16     23.31     25.34         0.01
  339A-013/339A-012          23.16     23.16     23.31      0.01         0.01
  339A-014/339A-013          23.12     23.12     23.16      1.13         2.04
  339A-015/339A-014          23.12     23.15     23.12     26.15        23.12
  339A-016/339A-015          23.08     23.08     23.15      0.01         0.01
  339A-017/339A-016          23.08     23.09     23.08     25.25        23.08
  339A-018/339A-017          23.09     23.33     23.09     26.08        23.09
  339A-019/339A-018          23.33     23.98     23.33     26.14        23.33
  339A-020/339A-019          23.83     23.83     23.98      0.01         0.01
  339A-022/338A-003          24.77     25.02     24.77     49.09        24.70
  339A-023/339A-022          24.81     24.81     25.02      0.01         0.01
  339A-024/339A-023          24.75     24.75     24.81      0.70         0.66
  339A-069/339A-024          24.91     24.91     25.22      0.01         0.01
  339A-070/339A-069          24.14     24.14     24.91      0.01         0.01
  339A-071/339A-070          24.06     24.06     24.14      0.01         0.01
  339A-076/172A-001          25.04     25.04     25.31      0.01         0.01
  350A-001/172A-047           0.01      0.01     27.11      0.01         0.01
  350A-003/350A-002           0.01     19.50      0.01     22.95         0.01
  350A-004/350A-003          19.50     22.95     19.50     23.51        19.50
  350A-008/350A-004          22.95     23.11     22.95     23.50        22.95
  350A-009/350A-008          23.11     23.19     23.11     23.53        23.11
  350A-021/350A-009          21.04     21.04     23.19      0.01         0.01
  350A-023/350A-021          18.31     18.31     21.04      0.01         0.01
  350A-066/350A-023          18.31     18.31     23.40     23.43         0.01
  350A-067/350A-066          14.16     14.16     23.40      0.01         0.01
  350A-068/350A-067          14.16     21.24     14.16     23.40        14.16
  350A-069/350A-068          11.92     11.92     21.24      0.01         0.01
  350A-121/350A-069          11.92     12.49     11.92     15.92        11.92
  350A-122/350A-121          12.49     16.10     12.49     20.94        12.49
  350A-123/350A-122          12.08     12.08     16.10      0.01         0.01
  350A-124/350A-123          10.40     10.40     12.08      5.66         5.66
  350A-125/350A-198           4.94      4.94      8.54      0.01         0.01
  350A-147/350A-125           4.94     10.41      4.94     15.51         4.94
  350A-149/350A-147           5.38      5.38     10.41      0.74         0.73
  350A-154/350A-149           5.38      5.77      5.38      8.03         5.38
  350A-160/350A-154           5.77      9.86      5.77     21.47         5.70
  350A-163/350A-160           8.08      8.08      9.86      0.01         0.01
  350A-198/350A-124           8.54      8.54     10.40      0.01         0.01
  351A-001/172A-179          24.43     24.55     24.43     59.32        24.43
  351A-002/351A-001          22.87     22.87     24.55      0.01         0.01
  351A-012/351A-001          22.14     22.14     24.55      0.01         0.01
  351A-019/351A-012          21.83     21.83     22.14      0.19         0.19
  351A-020/351A-019          20.91     20.91     21.83      0.01         0.01
  351A-021/351A-020          20.70     20.70     20.92      0.01         0.01
  351A-025/351A-021          19.27     19.27     20.70      0.01         0.01
  351A-028/351A-025          18.62     18.62     19.27      0.01         0.01
  351A-029/351A-028          17.78     17.78     25.79      0.01         0.01
  351A-030/351A-028          18.62     18.64     18.62     22.55        18.62
  351A-031/351A-030          18.79     18.79     19.34      0.03         0.04
  351A-036/351A-130          18.64     18.64     18.76      8.86         8.93
  351A-039/351A-036          18.63     18.63     18.64     18.29        18.26
  351A-040/351A-129           9.12     19.21      9.12     13.98         4.70
  351A-041/351A-040          17.97     17.97     19.21     11.81        11.81
  351A-044/351A-041          17.76     17.76     17.97     14.36        13.46
  351A-046/282A-017           0.03      0.03      0.10      0.01         0.01
  351A-046/351A-044          17.52     17.52     17.76     12.24        11.87
  351A-053/351A-046          17.31     17.31     17.52     17.96        16.99
  351A-054/351A-053          16.83     16.83     17.31     17.12        16.56
  351A-059/351A-039           9.08      9.08     23.84      0.01         0.01
  351A-060/351A-059           8.37      8.37      9.08      0.01         0.01
  351A-061/351A-060           7.38      7.38      8.37      0.01         0.01
  351A-068/351A-061           6.29      6.29      7.38      0.01         0.01
  351A-074/351A-068           5.32      5.32      6.57      0.01         0.01
  351A-080/351A-133          84.29     84.29     85.13      0.01         0.01
  351A-086/351A-039          18.35     18.35     18.63      0.01         0.01
  351A-087/351A-086          18.24     18.24     18.35      3.43         3.43
  351A-088/351A-087          18.01     18.01     18.24      1.49         1.47
  351A-091/351A-080          83.69     83.69     84.29      2.54         2.53
  351A-109/351A-091          83.15     83.15     83.69      7.60         7.64
  351A-112/351A-109          82.52     82.52     83.15      0.01         0.01
  351A-129/351A-039           9.12      9.12     34.88      0.01         0.01
  351A-130/351A-031          18.76     18.76     18.79     16.04        15.99
  351A-133/353A-004           0.27      0.27     85.13      0.01         0.01
  351A-136/351A-112          82.52     82.52     82.52     62.10        58.39
  352A-002/351A-030           0.01      0.01     21.13      0.01         0.01
  352A-003/352A-002           0.01      7.58      0.01      8.19         0.01
  352A-004/352A-003           6.74      6.74      7.58      8.14         6.74
  352A-008/352A-07            7.57      8.30      7.57      9.47         7.57
  352A-009/352A-008           7.78      7.78      8.30      5.20         5.21
  352A-028/352A-155           6.07      6.07     10.50      0.01         0.01
  352A-029/352A-028           6.07     18.95      6.07     21.56         6.07
  352A-030/352A-029          18.95     19.68     18.95     21.61        18.95
  352A-031/352A-030          19.68     19.89     19.68     21.56        19.68
  352A-032/352A-031          13.79     13.79     19.89      0.01         0.01
  352A-040/352A-032          12.47     12.47     13.79      0.01         0.01
  352A-042/352A-040          12.35     12.35     12.47      0.01         0.24
  352A-043/352A-042          12.31     12.34     12.35     10.27         9.12
  352A-044/352A-043           7.84      7.84     11.57      0.01         0.01
  352A-048/352A-044           3.40      3.40      7.45      0.01         0.01
  352A-05/352A-004            6.74      7.69      6.74      9.54         6.74
  352A-054/352A-043          11.26     11.26     12.34      0.01         0.01
  352A-055/352A-054          11.26     12.84     11.26     23.69        11.26
  352A-059/352A-055          12.84     15.04     12.84     20.46        12.84
  352A-06/352A-05             6.95      6.95      7.69      5.16         5.17
  352A-067/352A-059          15.04     16.00     15.04     20.11        15.04
  352A-069/352A-067          16.00     19.56     16.00     23.62        16.00
  352A-07/352A-06             6.95      7.57      6.95      9.53         6.95
  352A-071/352A-069          17.84     17.84     19.56     15.97        15.96
  352A-072/352A-071          17.84     18.91     17.84     22.60        17.84
  352A-155/352A-009           7.33      7.33      7.78      5.84         5.86
  353A-001/351A-061           2.21      2.21      7.94      0.01         0.01
  353A-004/351A-088           0.27      0.27     18.01      0.01         0.01
  353A-004/353A-001           1.93      1.93      2.21      0.01         0.01
  353A-005/353A-004           1.93      3.95      1.93      6.31         1.93
  354A-002/352A-155           7.33      7.35      7.33      8.34         7.28
  354A-003/354A-002           6.84      6.84      7.35      1.00         1.01
  354A-004/354A-003           7.11      7.15      7.11      8.61         7.11
  354A-005/354A-004           7.15      8.30      7.15     10.53         7.15
  354A-006/354A-005           8.30      8.57      8.30      9.77         8.30
  354A-008/354A-006           8.43      8.43      8.57      0.01         0.01
  354A-011/354A-008           8.00      8.00      8.43      1.64         1.63
  354A-013/354A-011           7.71      7.71      8.00      0.95         0.97
  354A-020/354A-013           7.52      7.52      7.71      1.45         1.45
  354A-024/354A-020           7.43      7.43      7.52      0.01         0.09
  354A-053/354A-024           7.77      7.77      7.98      5.60         5.60
  354A-055/354A-053           7.77      7.94      7.77      8.49         6.92
  355A-001/356A-003           0.01      0.01     83.75      0.01         0.01
  355A-004/355A-001           0.01      1.20      0.01      1.15         0.01
  355A-005/355A-004           1.20      1.94      1.20      4.30         1.20
  355A-007/355A-005           1.94      2.49      1.94      3.93         1.94
  355A-013/355A-007           2.49      3.01      2.49      4.27         2.49
  355A-017/355A-013           3.01      3.26      3.01      4.19         3.01
  355A-024/355A-017           4.34      5.35      4.34      6.56         4.34
  355A-033/355A-024           5.35      5.95      5.35      8.18         5.35
  355A-034/355A-033           5.95      6.41      5.95      8.27         5.95
  355A-039/355A-034           6.41      6.59      6.41      7.65         6.41
  355A-040/355A-039           6.59      7.25      6.59      9.41         6.59
  356A-001/351A-136          81.87     81.87     82.52      0.01         0.01
  356A-002/356A-001          81.18     81.18     81.87      0.01         0.01
  356A-003/356A-002          80.74     80.74     81.18      0.01         0.01
  356A-005/356A-003          80.36     80.36     80.74      0.02         0.01
  356A-009/356A-005          80.00     80.00     80.36      0.02         0.01
  356A-031/356A-009          79.63     79.63     80.00      0.06         0.01
  356A-032/356A-031          79.63     79.64     79.63     31.95        49.10
  356A-033/356A-032          79.27     79.27     79.64      0.01         0.01
  356A-034/356A-033          80.09     80.09     80.30      0.15         0.01
  356A-035/356A-034          79.60     79.60     80.09      0.11         0.11
  356A-036/356A-035          79.11     79.11     79.60      0.10         0.11
  356A-037/356A-036          79.01     79.01     79.11      0.12         0.01
  356A-039/356A-037          34.83     34.83     79.01      0.13         0.01
  356A-040/356A-039          23.00     23.00     78.99      0.01         0.01
  356A-042/356A-041           0.52      0.52      0.88      0.01         0.01
  356A-043/356A-042           0.34      0.34      0.52      0.01         0.01
  356A-044/356A-043           0.06      0.06      0.34      0.01         0.01
  356A-045/356A-044           0.01      0.01      0.06      0.01         0.01
  356A-058/356A-108          10.38     10.38     13.72      0.01         0.01
  356A-099/356A-040          22.74     22.74     23.00      0.01         0.01
  356A-100/356A-099          22.11     22.11     22.74      0.01         0.01
  356A-101/356A-100          21.56     21.56     22.11      0.01         0.01
  356A-102/356A-101          21.07     21.07     21.78      0.45         0.44
  356A-103/356A-102          20.13     20.13     20.70      1.21         1.22
  356A-104/356A-103          19.55     19.55     20.13      1.11         1.11
  356A-106/356A-104          18.60     18.60     19.55      0.83         0.83
  356A-107/356A-106          15.62     15.62     17.48      0.27         0.26
  356A-108/356A-107          13.72     13.72     15.62      0.27         0.27
  356A-121/356A-058           8.59      8.59     10.38      0.18         0.18
  356A-124/356A-121           1.90      1.90      8.58      0.01         0.01
  356A-125/356A-124           0.90      0.90      1.90      0.01         0.01
  356A-126/356A-125           0.89      0.89      1.51      0.13         0.13
  356A-127/356A-126           0.66      0.66      0.89      0.13         0.14
  356A-140/356A-040          18.54     18.54     25.92      0.69         0.69
  356A-141/356A-041           0.88      0.88      1.17      0.10         0.01
  356A-141/356A-140           1.17      1.17     56.34      0.01         0.01
  356A-SB17/356A-003         83.64     83.64     83.75      0.01         0.01
  358A-001/199A-003          18.18     18.18     18.23     17.23        16.40
  359A-002_359A-104           6.29      6.29      9.10      0.01         0.01
  359A-003_359A-002           6.29      8.38      6.29     13.73         3.57
  359A-004_359A-003           8.38     10.90      8.38     13.19         5.69
  359A-005_359A-004          10.90     11.67     10.90     11.83         8.11
  359A-006_359A-005          11.67     12.46     11.67     14.51         9.03
  359A-007_359A-006          12.46     13.16     12.46     14.45         9.81
  359A-008_359A-007          13.16     13.42     13.16     13.68        10.49
  359A-104_366A-024           9.10      9.10     10.12      7.90         7.20
  360A-001_PERRY-07          26.95     26.95     77.81      0.01         0.01
  360A-001_PERRY-08          29.07     29.07     80.92      0.01         0.01
  360A-001_PERRY-09          26.95     26.95     79.05      0.01         0.01
  360A-003/360A-001          25.47     25.47     25.51      0.01         0.01
  360A-004/360A-003          25.48     25.48     25.51      0.30         0.27
  360A-005/360A-135          25.33     25.33     25.34     22.20        13.79
  360A-007/360A-005          25.28     25.28     25.33     26.57        24.39
  360A-008/360A-007          25.27     25.27     25.28     26.87        21.73
  360A-009/360A-008          25.24     25.24     25.27     24.21        22.58
  360A-021/360A-009          25.19     25.19     25.24     23.35        21.84
  360A-032/360A-021          25.00     25.00     25.19      0.11         0.11
  360A-046/360A-032          24.92     24.92     25.00      0.01         0.01
  360A-068/360A-069          24.64     24.64     24.68     23.05        21.53
  360A-069/360A-077          24.68     24.68     24.71      0.01         0.01
  360A-075/360A-046          24.91     24.91     24.92      0.01         0.97
  360A-076/360A-075          24.63     24.63     24.91      0.01         0.01
  360A-077/360A-076          24.63     24.71     24.63     34.16        24.63
  360A-079/360A-068          24.64     24.64     24.64     26.76        20.91
  360A-080/360A-079          24.60     24.60     24.64      0.01         0.01
  360A-088/360A-136          24.54     24.54     24.56      0.01         0.01
  360A-089/360A-088          24.51     24.51     24.54      0.51         0.44
  360A-121/360A-089          24.51     24.53     24.51     28.10        24.51
  360A-122/360A-J57          24.37     24.37     24.38     26.63        24.01
  360A-123/360A-122          24.27     24.27     24.37      0.01         0.01
  360A-124/360A-123          24.02     24.02     24.27      0.01         0.01
  360A-125/360A-138          23.76     23.76     23.96      1.87         0.77
  360A-126/360A-125          23.59     23.59     23.76      0.01         0.01
  360A-135/360A-004          25.34     25.34     25.48      0.21         0.21
  360A-136/360A-080          24.56     24.56     24.60      0.01         0.01
  360A-137/360A-121          24.41     24.41     24.53      0.01         0.01
  360A-138/360A-124          23.96     23.96     24.02     22.48        19.89
  360A-J56/360A-001          30.11     30.21     33.39     14.40        14.56
  360A-J57_360A-137          24.38     24.38     24.41      0.55         0.26
  361A-247/316A-004          24.67     24.67     25.80      0.01         0.01
  362A-001/366A-174          27.44     27.44     60.17      0.01         0.01
  362A-002/362A-001          27.04     27.04     27.44     16.92        16.92
  362A-003/362A-002          26.40     26.40     27.04      8.77         8.78
  362A-004/362A-003          25.66     25.66     26.70      0.01         0.01
  362A-005/362A-004          24.72     24.72     25.66      2.14         2.13
  362A-006/362A-005          20.94     20.94     24.72      1.94         1.94
  362A-007/362A-006          18.83     18.83     20.94      2.03         2.04
  362A-022/362A-003          20.44     20.44     26.70      0.01         0.01
  362A-023/362A-022          16.59     16.59     20.44      0.01         0.01
  362A-024/362A-023           7.26      7.26     16.59      0.01         0.01
  362A-025/362A-024           4.94      4.94      7.26      0.01         0.01
  362A-026/362A-025           4.84      4.84      4.94      0.01         0.01
  362A-027/362A-026           4.73      4.73      4.84      4.58         4.51
  362A-028/362A-027           4.62      4.62      4.73      4.17         4.14
  362A-029/362A-028           4.52      4.52      4.62      3.63         3.61
  362A-030/362A-029           4.45      4.45      4.52      4.66         4.40
  362A-031/362A-030           4.18      4.18      4.45      2.82         2.81
  362A-032/362A-031           4.18      4.68      4.18      5.11         4.18
  362A-033/362A-032           3.75      3.75      4.68      0.01         0.01
  362A-034/362A-033           3.34      3.34      3.75      0.01         0.01
  363A-001/365A-161          14.46     14.46     16.00      3.36         3.36
  363A-004/363A-001          14.19     14.19     14.46      3.48         3.47
  363A-007/363A-004          13.93     13.93     14.19      3.48         3.49
  363A-019/363A-007          13.71     13.71     13.93      3.48         3.46
  363A-024/363A-019          13.27     13.27     13.71      1.06         1.04
  363A-031/363A-024          13.07     13.07     13.59      3.82         3.84
  363A-038/363A-031          12.47     12.47     13.07      4.62         4.62
  364A-002/365A-161          14.46     14.46     14.87      0.01         0.01
  364A-003/364A-002          13.86     13.86     14.46      0.01         0.01
  364A-004/364A-003          13.59     13.59     13.86      0.01         0.01
  364A-005/364A-004          13.26     13.26     13.59      0.01         0.01
  364A-006/364A-005          12.71     12.71     13.26      0.01         0.01
  364A-007/364A-006          12.30     12.30     12.71      0.01         0.01
  364A-029/364A-007          11.92     11.92     12.30      0.01         0.01
  364A-034/364A-029          11.66     11.66     11.92      0.01         0.01
  364A-039/364A-034          11.11     11.11     11.66      0.01         0.01
  364A-044/364A-039          10.68     10.68     11.11      0.01         0.01
  364A-049/364A-044          10.25     10.25     10.68      0.01         0.01
  364A-054/364A-059           9.31      9.31      9.81      0.01         0.01
  364A-059/364A-049           9.81      9.81     10.25      0.01         0.01
  364A-064/364A-054           8.83      8.83      9.31      0.01         0.01
  364A-069/364A-064           8.47      8.47      8.83      0.01         0.01
  364A-072/364A-069           8.39      8.39      8.47      0.01         0.01
  364A-073/364A-072           7.66      7.66      8.39      0.01         0.01
  364A-074/364A-073           7.07      7.07      7.66      0.01         0.01
  364A-075/364A-074           6.94      6.94      7.07      0.01         0.01
  365A-001/365A-162          14.54     14.54     16.71      0.81         0.94
  365A-003/365A-001          14.28     14.34     14.54     14.02        13.28
  365A-005/365A-003          14.34     14.40     14.34     16.15        14.33
  365A-007/365A-005          14.40     14.56     14.40     16.52        14.40
  365A-008/365A-007          14.47     14.57     14.56     15.75        14.44
  365A-009/365A-008          14.57     14.76     14.57     16.33        14.57
  365A-014/365A-009          14.71     14.78     14.76     15.77        14.65
  365A-022/365A-162          15.15     15.15     20.19      1.25         1.26
  365A-030/365A-022          14.29     14.29     15.15      5.59         5.59
  365A-031/365A-030          13.65     13.65     14.29      6.49         6.50
  365A-032/365A-031          13.43     13.43     13.65      4.89         4.89
  365A-033/365A-032          13.40     13.40     13.43      7.04         7.23
  365A-034/365A-033          13.01     13.01     13.40      7.04         7.03
  365A-080/365A-034          12.77     12.77     13.36      5.84         5.84
  365A-083/365A-080          12.47     12.47     12.77      8.02         7.58
  365A-161/365A-014          14.78     14.87     14.78     16.34        14.78
  365A-162/316A-189          13.69     14.29     13.69     17.88        13.69
  366A-001/366A-343          27.37     27.37     27.37     24.24        22.88
  366A-003/366A-001          22.63     22.63     27.84      5.66         5.66
  366A-004/366A-003          13.20     13.20     20.96      0.81         0.81
  366A-005/366A-336           5.99      5.99      6.07      3.45         3.46
  366A-006/366A-005           5.84      5.84      5.99      0.16         0.15
  366A-007/366A-006           5.76      5.76      5.84      3.37         3.38
  366A-008/366A-007           5.50      5.50      5.76      2.41         2.42
  366A-009/366A-008           5.21      5.21      5.50      2.24         2.25
  366A-010/366A-009           4.85      4.85      5.21      0.01         0.01
  366A-012/366A-010           4.04      4.04      4.85      0.37         0.37
  366A-013/366A-012           4.04      4.18      4.04      5.52         4.04
  366A-014/366A-013           4.07      4.07      4.18      3.35         3.32
  366A-015/366A-014           3.94      3.94      4.07      3.17         3.17
  366A-016/366A-015           3.91      3.91      3.94      3.41         3.40
  366A-017/366A-016           3.89      3.89      3.91      3.34         3.33
  366A-018/366A-017           3.87      3.87      3.89      2.95         2.98
  366A-019/366A-018           3.77      3.77      3.87      3.09         3.08
  366A-020/366A-019           3.72      3.72      3.77      3.27         3.20
  366A-021/366A-020           3.54      3.54      3.72      0.01         0.01
  366A-022/366A-021           3.36      3.36      3.54      0.01         0.01
  366A-023/366A-022           3.23      3.23      3.36      0.01         0.07
  366A-024/366A-023           3.18      3.18      3.23      0.01         0.04
  366A-170/366A-349          27.15     27.16     27.16      8.36         6.45
  366A-171/366A-170          27.13     27.14     27.16      3.94         2.34
  366A-172/366A-171          27.07     27.07     27.14      0.43         0.01
  366A-173/366A-172          26.93     26.93     27.07      0.01         0.01
  366A-174/366A-173          26.72     26.72     26.93      0.01         0.01
  366A-177/366A-319          26.48     26.48     26.63      0.01         0.01
  366A-178/366A-319          25.83     25.83     26.63      0.01         0.01
  366A-179/366A-178           0.84      0.84     34.45      0.01         0.01
  366A-180/366A-179           0.84      2.63      0.84      3.41         0.84
  366A-205/366A-291          26.07     26.07     26.10      0.01         0.01
  366A-264/366A-177          26.47     26.47     26.48      0.57         2.39
  366A-265/366A-264          26.41     26.41     26.47      0.01         0.01
  366A-269/366A-265          26.41     26.42     26.41      8.79         6.47
  366A-270/366A-269          26.22     26.22     26.42      0.01         0.01
  366A-271/366A-270          26.18     26.18     26.22      0.37         0.01
  366A-283/366A-271          26.16     26.16     26.18      0.01         0.05
  366A-284/366A-283          26.07     26.07     26.16      0.01         0.01
  366A-291/366A-284          26.07     26.10     26.07     68.14        22.41
  366A-306/366A-205          26.04     26.04     26.07      0.01         0.01
  366A-307/366A-306          26.01     26.01     26.04      0.01         0.01
  366A-308/366A-307          25.94     25.94     26.01      0.25         0.01
  366A-309/366A-308          25.77     25.77     25.94      0.01         0.01
  366A-310/366A-309          25.71     25.71     25.77      0.01         0.01
  366A-311/366A-310          25.71     25.71     25.75     10.16         0.03
  366A-318/366A-269          26.41     26.41     26.42      0.01         2.24
  366A-319/366A-340          26.61     26.63     26.61     26.20        17.78
  366A-336/366A-004           6.07      6.07     13.20      0.34         0.34
  366A-338/366A-343          27.22     27.22     27.42      0.01         0.01
  366A-339/366A-174          26.60     26.60     26.72      0.01         0.01
  366A-340/366A-339          26.60     26.61     26.60     10.91         9.13
  366A-343/370A-144          27.42     27.42     27.55      0.01         0.01
  366A-349/366A-338          27.16     27.16     27.22      0.01         0.01
  367A-001/366A-024           3.30      3.30      3.58      0.01         0.01
  367A-002/367A-001           2.07      2.07      3.30      0.01         0.01
  367A-003/367A-002           1.65      1.65      2.07      0.01         0.01
  367A-004/367A-003           1.65      1.72      1.65      2.05         1.61
  367A-005/367A-004           1.72      2.19      1.72      3.72         1.72
  367A-007/367A-005           1.83      1.83      2.19      0.01         0.01
  367A-008/367A-007           1.70      1.70      1.83      0.01         0.01
  367A-043/367A-008           1.64      1.64      1.70      0.01         0.01
  367A-044/367A-043           1.53      1.53      1.64      0.01         0.01
  367A-046/367A-044           1.31      1.31      1.53      0.01         0.01
  367A-047/367A-046           1.31      1.31      1.31      1.83         1.27
  367A-056/367A-047           1.21      1.21      1.31      0.02         0.01
  367A-057/367A-056           1.17      1.17      1.21      0.01         0.01
  368A-001/370A-104          27.83     27.83     59.67      0.01         0.01
  368A-002/368A-001          26.79     26.79     27.83      0.01         0.49
  368A-003/368A-002          26.02     26.02     26.79      0.01         0.10
  368A-004/368A-003          25.39     25.39     26.02      0.01         0.07
  368A-007/368A-004          25.13     25.13     25.39      0.01         0.06
  368A-008/368A-007          23.37     23.37     25.13      0.01         0.01
  368A-011/368A-008          20.87     20.87     23.37      0.01         0.01
  368A-017/368A-011          20.57     20.57     20.87      0.01         0.01
  368A-024/368A-017          20.36     20.36     20.57      0.01         0.01
  368A-028/368A-024          20.09     20.09     20.36      0.01         0.01
  368A-036/368A-028          19.72     19.72     19.90      0.01         0.01
  368A-037/368A-036          19.61     19.61     19.72      0.01         0.20
  368A-048/368A-037          19.45     19.45     19.61      0.01         0.01
  368A-049/368A-048          19.30     19.30     19.45      0.01         0.01
  368A-050/368A-049          19.17     19.17     19.30      0.01         0.01
  368A-058/368A-050          18.96     18.96     19.17      0.01         0.01
  368A-059/368A-058          18.72     18.72     18.96      0.01         0.01
  368A-067/368A-059          18.55     18.55     18.72     12.58        12.59
  368A-070/368A-067          18.34     18.34     18.55      1.48         1.91
  368A-071/368A-070          18.19     18.19     18.34     11.74        11.75
  368A-072/368A-071          17.97     17.97     18.19      0.01         0.01
  368A-073/368A-072          17.95     17.96     17.97     17.11        17.08
  368A-074/368A-073          17.72     17.72     17.96     11.52        11.58
  368A-080/368A-074          17.48     17.48     17.72     10.84        10.78
  368A-081/368A-080          17.73     17.73     23.25      4.52         4.51
  368A-086/368A-081          17.49     17.49     17.73     15.16        14.23
  369A-002/369A-288          17.30     17.30     17.39      0.01         0.01
  369A-005/369A-002          17.14     17.14     17.30      0.01         0.01
  369A-011/369A-005          16.99     16.99     17.14      0.01         0.01
  369A-017/369A-011          16.90     16.90     16.99      0.01         0.01
  369A-018/369A-017          16.72     16.72     16.90      7.46         7.44
  369A-019/369A-018          16.69     16.71     16.72     13.80        13.69
  369A-020/369A-019          16.51     16.51     16.71      4.95         5.04
  369A-021/369A-020          16.35     16.35     16.51      8.47         8.46
  369A-022/369A-021          16.26     16.26     16.35      8.35         8.52
  369A-023/369A-022          16.14     16.14     16.26      8.62         8.63
  369A-042/369A-023          15.98     15.98     16.14      0.01         1.24
  369A-043/369A-042          15.84     15.84     15.98      6.98         6.95
  369A-044/369A-043          15.63     15.63     15.84      0.01         0.57
  369A-045/369A-044          15.58     15.58     15.63     13.24        12.60
  369A-046/369A-045          15.31     15.31     15.58      0.01         0.01
  369A-047/369A-046          15.29     15.29     15.31     14.54        13.34
  369A-049/369A-047          14.95     14.95     15.29      0.01         0.01
  369A-050/369A-049          14.76     14.76     14.95      0.01         0.01
  369A-078/369A-276          13.92     13.92     14.30      0.01         0.01
  369A-117/369A-078          13.51     13.51     13.92      0.01         0.01
  369A-119/369A-117          13.18     13.18     13.51      0.01         0.01
  369A-173/369A-119          12.71     12.71     13.18      0.01         0.01
  369A-175/369A-173          12.22     12.22     12.71      0.01         0.01
  369A-176/369A-175          12.66     12.66     16.41      0.01         0.01
  369A-177/369A-176          11.51     11.51     12.66      0.01         0.01
  369A-178/369A-175          12.04     12.04     13.05      0.01         0.01
  369A-179/369A-178          12.02     12.02     12.04      5.53         4.47
  369A-180/369A-179          11.59     11.59     12.02      5.60         5.60
  369A-183/369A-180          11.05     11.05     11.59      3.35         3.35
  369A-184/369A-183          11.02     11.02     11.05      3.40         3.51
  369A-185/369A-184          10.70     10.70     11.02      3.35         3.35
  369A-188/369A-185          10.37     10.37     10.70      3.37         3.36
  369A-191/369A-188          10.05     10.05     10.37      3.35         3.35
  369A-195/369A-191           9.73      9.73     10.05      3.35         3.36
  369A-201/369A-195           9.28      9.28      9.73      2.71         2.72
  369A-202/369A-201           8.78      8.78      9.28      2.58         2.57
  369A-203/369A-202           8.72      8.72      8.78      3.14         3.16
  369A-204/369A-203           8.49      8.49      8.72      3.68         3.68
  369A-209/369A-204           8.19      8.19      8.50      3.28         3.28
  369A-210/369A-209           7.68      7.68      8.50      1.39         1.38
  369A-211/369A-210           7.25      7.25      7.68      2.95         2.95
  369A-212/369A-211           7.25      7.54      7.25     33.10         7.25
  369A-213/369A-212           7.17      7.17      7.54      3.12         3.11
  369A-215/369A-213           6.43      6.43      7.17      0.01         0.01
  369A-217/369A-215           5.94      5.94      6.43      0.19         0.01
  369A-218/369A-217           5.56      5.56      5.94      0.19         0.01
  369A-219/369A-218           4.29      4.29      5.68      0.64         0.01
  369A-220/369A-219           3.85      3.85      4.29      0.01         0.01
  369A-276/369A-050          14.30     14.30     14.76      0.01         0.01
  369A-288/368A-080          17.39     17.39     17.48      0.01         0.01
  370A-001/370A-205          31.34     31.38     31.34     62.03        31.22
  370A-002/370A-001          31.38     31.38     31.70      0.01         0.01
  370A-005/370A-002          31.70     31.70     31.78      0.04         0.01
  370A-006/370A-005          31.53     31.53     31.78      0.01         0.01
  370A-007/370A-006          30.88     30.88     31.53      0.01         0.01
  370A-008/370A-216          30.97     30.97     31.17      0.01         0.01
  370A-009/370A-187          27.71     27.71     28.11      0.01         0.01
  370A-015/370A-009          27.00     27.00     27.71      0.01         0.01
  370A-052/370A-008          30.98     30.98     31.17      0.01         0.01
  370A-053/370A-052          30.98     31.00     30.98     33.87        30.92
  370A-054/370A-053          30.98     30.98     31.00      0.01         2.80
  370A-055/370A-054          30.17     30.17     30.98      0.01         0.01
  370A-056/370A-055          30.15     30.15     30.17      0.01         6.09
  370A-057/370A-056          29.66     29.66     30.15      0.01         0.01
  370A-058/370A-057          29.36     29.36     29.66      0.01         0.01
  370A-059/370A-058          28.95     28.95     29.36      0.01         0.01
  370A-060/370A-059          28.82     28.82     28.95      0.01         0.01
  370A-061/370A-060          28.73     28.74     28.82     27.31        26.26
  370A-062/370A-061          28.66     28.67     28.74     27.19        26.07
  370A-068/370A-165          28.90     28.91     28.91     29.80        28.34
  370A-083/370A-068          28.88     28.92     28.91     29.72        28.36
  370A-084/370A-083          28.92     28.99     28.92     31.83        28.92
  370A-085/370A-084          28.95     29.07     28.99     29.66        28.36
  370A-086/370A-085          29.07     29.35     29.07     31.59        29.07
  370A-099/370A-086          29.35     29.59     29.35     32.74        29.35
  370A-102/370A-195          29.51     29.55     29.51     31.61        29.31
  370A-103/370A-102          29.45     29.45     29.55      0.01         0.01
  370A-104/370A-103          29.25     29.25     29.45      0.01         0.01
  370A-105/370A-206          29.06     29.06     29.15      0.01         0.01
  370A-131/370A-105          28.85     28.85     29.06      0.01         0.01
  370A-132/370A-131          28.61     28.61     28.85      0.01         0.01
  370A-133/370A-132          28.51     28.51     28.61      0.01         0.01
  370A-134/370A-208          28.58     28.58     28.67      0.01         0.01
  370A-135/370A-134          28.38     28.38     28.58      0.01         0.01
  370A-136/370A-135          28.32     28.32     28.38      0.01         0.01
  370A-138/370A-202          28.17     28.17     28.19      0.01         0.04
  370A-139/370A-138          28.02     28.02     28.17      0.01         0.01
  370A-141/370A-139          27.89     27.89     28.02      0.01         0.01
  370A-142/370A-141          27.82     27.82     27.89      0.01         0.01
  370A-143/370A-142          27.69     27.69     27.82      0.01         0.01
  370A-144/370A-143          27.55     27.55     27.69      0.01         0.01
  370A-151/370A-141          25.56     25.56     27.89      0.01         0.01
  370A-163/370A-216          28.42     28.42     66.71      0.01         0.01
  370A-165/370A-062          28.67     28.67     28.91      0.01         0.01
  370A-187/370A-163          28.11     28.11     28.42      0.01         0.01
  370A-195/370A-099          29.51     29.51     29.59      0.01         0.01
  370A-202/370A-136          28.19     28.19     28.32      0.01         0.01
  370A-205/163A-002          36.63     36.63     91.22      0.01         0.01
  370A-205A_370A-205B        91.22     91.22     91.67     38.44        38.44
  370A-205B_163A-002          2.28      2.28     91.67      0.01         0.01
  370A-206/370A-104          29.15     29.15     29.25      0.06         0.08
  370A-207/370A-103          26.17     26.17     29.45      0.01         0.01
  370A-208/370A-133          28.51     28.51     28.67      0.01         0.01
  370A-216/370A-007          30.88     30.88     30.97      0.01         0.01
  371A-001/370A-001          32.34     32.34     34.37      0.01         0.01
  371A-002/371A-001          32.05     32.05     32.34      1.68         1.65
  371A-003/371A-002          31.72     31.72     32.05      0.01         0.04
  371A-008/371A-003          31.46     31.46     31.72      0.01         0.01
  371A-012/371A-008          31.00     31.00     31.46      0.01         0.01
  371A-016/371A-012          30.74     30.74     31.00      0.01         0.01
  371A-019/371A-016          30.60     30.60     30.74      0.01         0.01
  371A-020/371A-019          30.33     30.33     30.60      0.01         0.01
  371A-068/371A-020          30.01     30.01     30.33      0.01         0.01
  371A-069/371A-068          29.60     29.60     30.01      0.01         0.01
  371A-070/371A-069          29.30     29.30     29.60      0.01         0.01
  371A-082/371A-357          27.64     27.64     27.84      0.01         0.01
  371A-083/371A-082          27.39     27.39     27.64      0.01         0.01
  371A-084/371A-083          27.01     27.01     27.39      0.01         0.01
  371A-087/371A-084          26.76     26.76     27.01      0.01         0.01
  371A-088/371A-087          26.46     26.46     26.76      0.01         0.01
  371A-100/371A-088          26.11     26.11     26.46      0.01         0.01
  371A-101/371A-100          25.84     25.84     26.11      0.01         0.01
  371A-102/371A-101          25.62     25.62     25.84      0.01         0.01
  371A-103/371A-102          25.39     25.39     25.62      0.01         0.01
  371A-104/371A-103          25.24     25.24     25.39      0.01         0.01
  371A-105/371A-104          28.46     28.46     32.38      1.64         0.01
  371A-106/371A-105          26.37     26.37     28.46      1.14         1.14
  371A-107/371A-106          25.74     25.74     26.37      3.13         3.13
  371A-108/371A-107          25.08     25.08     25.74      0.01         0.01
  371A-109/371A-108          23.70     23.70     25.08      0.01         0.01
  371A-134/371A-104          24.92     24.92     25.24      0.01         0.01
  371A-135/371A-134          24.70     24.70     24.92      0.01         0.01
  371A-136/371A-135          24.44     24.44     24.70      0.01         0.01
  371A-137/371A-136          24.25     24.25     24.44      0.01         0.01
  371A-138/371A-137          24.06     24.06     24.25      0.01         0.01
  371A-139/371A-138          23.87     23.87     24.06      0.01         0.01
  371A-143/371A-139          23.66     23.66     23.87      0.01         0.01
  371A-144/371A-143          23.52     23.52     23.66      0.01         0.01
  371A-146/371A-144          23.28     23.28     23.52      0.01         0.01
  371A-147/371A-146          23.05     23.05     23.28      0.01         0.01
  371A-151/371A-147          22.77     22.77     23.05      0.01         0.01
  371A-152/371A-151          22.55     22.55     22.77      0.01         0.01
  371A-153/371A-152          22.33     22.33     22.55      0.01         0.03
  371A-159/371A-153          22.33     22.39     22.33     25.34        22.17
  371A-160/371A-159          22.38     22.38     22.39     23.27        20.80
  371A-161/371A-160          22.36     22.36     22.38     23.74        21.77
  371A-162/371A-161          22.32     22.32     22.36     22.55        20.84
  371A-163/371A-162          22.28     22.28     22.32     22.66        20.78
  371A-164/371A-163          22.24     22.24     22.28     22.38        20.58
  371A-228/371A-164          22.22     22.22     22.24     22.83        20.72
  371A-229/371A-228          22.18     22.18     22.22     22.53        20.52
  371A-230A                  22.12     22.12     22.18     21.56        19.83
  371A-230B_371A-230D        86.32     86.32     86.32     66.55        58.57
  371A-230C_371A-230E        86.86     86.86     86.86     68.93        58.85
  371A-230D_371A-230A        25.14     25.14     86.32      0.01         0.01
  371A-230E_371A-230A        26.61     26.61     86.75      0.01         0.01
  371A-230_371A-230B         25.33     25.33     86.32      0.01         0.01
  371A-230_371A-230C         26.67     26.67     86.86      0.01         0.01
  371A-234/371A-230          21.80     21.80     22.16      0.01         0.01
  371A-235/371A-234          21.76     21.76     21.80     21.12        19.20
  371A-236/371A-235          21.15     21.15     22.19      0.01         0.01
  371A-357/371A-358          27.84     27.84     29.03      0.01         0.01
  371A-358/371A-070          27.82     27.82     29.30      0.01         0.01
  371A-358B_371A-358E        82.85     82.85     82.85     34.86        50.49
  371A-358C_371A-358F        85.57     85.57     85.57     52.03        53.59
  371A-358D_371A-358G        82.27     82.27     82.27     32.32        49.66
  371A-358E_371A-358A        31.58     31.58     82.02      0.01         0.01
  371A-358F_371A-358A        33.79     33.79     82.02      0.01         0.01
  371A-358G_371A-358A        29.84     29.84     82.02      0.01         0.01
  371A-358_371A-357B         33.17     33.17     82.85      0.01         0.01
  371A-358_371A-358C         81.93     81.93     85.57      0.01         0.01
  371A-358_371A-358D         31.47     31.47     82.27      0.01         0.01
  372A-018/372A-190           0.21      0.33      0.21      0.63         0.21
  372A-029/372A-028           0.01      0.01      0.01      0.36         0.01
  372A-030/372A-029           0.01      0.01      0.01      0.42         0.01
  372A-032/372A-030           0.01      0.01      0.01      0.36         0.01
  372A-033/372A-032           0.01      0.01      0.01      0.43         0.01
  372A-048/372A-033           0.01      0.01      0.01      0.38         0.01
  372A-051/372A-048           0.01      0.16      0.01      0.36         0.01
  372A-060/372A-018           0.33      0.35      0.33      0.54         0.33
  372A-061/372A-060           0.35      0.40      0.35      0.67         0.35
  372A-062/372A-061           0.40      0.49      0.40      0.66         0.40
  372A-140/372A-139           0.01      0.12      0.01      0.20         0.01
  372A-141/372A-140           0.12      0.24      0.12      0.33         0.12
  372A-142/372A-141           0.24      0.28      0.24      0.32         0.24
  372A-181/372A-191           0.17      0.18      0.18      0.23         0.12
  372A-182/372A-181           0.01      0.01      0.30      0.01         0.01
  372A-183/372A-182           0.01      0.01      0.01      0.07         0.01
  372A-184/372A-181           0.01      0.01      0.48      0.01         0.01
  372A-190/372A-017           0.01      0.21      0.01      0.64         0.01
  372A-191/372A-192           0.18      0.18      0.19      0.19         0.09
  372A-192/372A-051           0.16      0.19      0.16      0.31         0.16
  372A-193/372A-192           0.01      0.01      0.19      0.01         0.01
  372A-J48_MAIN-J49          83.06     83.06     83.60      1.45         0.01
  374A-013/372A-062           0.49      0.50      0.49      0.72         0.48
  374A-014/374A-013           0.01      0.01      0.50      0.01         0.01
  374A-016/374A-014           0.01      0.64      0.01      1.21         0.01
  374A-025/374A-197           0.70      0.84      0.70      1.40         0.70
  374A-030/374A-025           0.84      0.98      0.84      1.21         0.84
  374A-036/374A-030           0.95      1.00      0.98      1.10         0.95
  374A-037/374A-196           0.89      0.92      0.89      1.63         0.89
  374A-038/374A-037           0.92      1.04      0.92      1.49         0.92
  374A-040/374A-038           0.01      0.01      1.00      0.01         0.01
  374A-054/374A-206           1.23      1.23      1.26      1.22         1.19
  374A-055/374A-054           1.23      1.24      1.23      1.56         1.23
  374A-058/374A-055           1.10      1.10      1.24      0.01         0.01
  374A-059/374A-058           1.10      1.17      1.10      1.48         1.10
  374A-060/374A-059           1.17      1.28      1.17      1.55         1.17
  374A-061/374A-060           1.28      1.35      1.28      1.56         1.28
  374A-196/374A-036           0.89      0.89      1.15      0.01         0.01
  374A-197/374A-016           0.64      0.70      0.64      1.01         0.64
  374A-206/374A-038           1.04      1.26      1.04      1.56         1.04
  375A-001/374A-036           0.93      0.93      1.26      0.01         0.01
  375A-002/375A-001           0.85      0.85      0.93      0.19         0.18
  375A-003/375A-042           0.76      0.76      0.80      0.07         0.04
  375A-007/375A-003           0.68      0.71      0.76      0.23         0.18
  375A-009/375A-007           0.64      0.65      0.71      0.23         0.18
  375A-010/375A-009           0.58      0.60      0.65      0.26         0.21
  375A-011/375A-010           0.55      0.57      0.60      0.29         0.24
  375A-042/375A-002           0.80      0.80      0.85      0.20         0.17
  387A-001/392A-040          17.99     17.99     21.36      0.01         0.01
  387A-002/387A-001          17.33     17.33     17.99      1.90         1.89
  387A-003/387A-002          17.08     17.08     17.33      3.90         3.90
  387A-004/387A-003          15.58     15.58     17.08      0.01         0.01
  387A-005/387A-004          12.67     12.67     15.58      0.60         0.60
  387A-006/387A-005           8.96      8.96     12.67      0.01         0.01
  387A-055/387A-006           3.72      3.72      8.96      0.01         0.01
  387A-056/387A-055           3.51      3.51      3.72      0.01         0.01
  387A-057/387A-056           3.22      3.22      3.51      0.01         0.01
  387A-058/387A-057           3.01      3.01      3.22      0.01         0.01
  387A-097/387A-058           2.79      2.79      3.01      0.01         0.01
  387A-098/387A-097           2.75      2.75      2.79      0.10         0.01
  387A-099/387A-098           2.37      2.37      2.75      0.01         0.01
  387A-100/387A-099           2.11      2.11      2.37      0.01         0.01
  387A-101/387A-100           1.84      1.84      2.11      0.01         0.01
  387A-102/387A-101           1.63      1.63      1.84      0.01         0.01
  387A-103/387A-102           2.26      2.26      8.41      0.01         0.01
  387A-104/387A-103           2.11      2.11      2.26      0.01         0.01
  387A-105/387A-104           2.10      2.14      2.11      2.13         0.85
  387A-106/387A-105           2.12      2.17      2.14      2.40         1.04
  387A-107/387A-106           2.15      2.17      2.17      1.49         0.56
  387A-108/387A-102           1.45      1.45      1.63      0.01         0.01
  387A-109/387A-108           1.24      1.24      1.45      0.01         0.01
  387A-123/387A-109           1.02      1.02      1.24      0.01         0.01
  387A-124/387A-123           0.89      0.89      1.02      0.01         0.01
  387A-125/387A-124           0.75      0.75      0.89      0.01         0.01
  387A-126/387A-125           0.69      0.69      0.75      0.01         0.01
  388A-001/392A-040          21.01     21.09     21.01     23.58        21.01
  388A-004/388A-001          21.09     21.11     21.09     25.30        21.08
  388A-006/388A-004          21.11     21.14     21.11     23.53        21.11
  388A-010/388A-006          21.14     21.18     21.14     26.06        21.14
  388A-012/388A-010          20.77     20.77     21.18      4.73         4.77
  388A-016/388A-012          20.77     20.78     20.77     23.18        20.66
  388A-017/388A-016          20.78     20.92     20.78     25.12        20.78
  388A-022/388A-017          20.82     20.82     20.92     19.04        18.25
  388A-047/388A-022          20.81     20.83     20.82     22.01        20.40
  388A-059/388A-047          20.83     20.85     20.83     23.43        20.82
  388A-060/388A-059          20.69     20.69     20.85      0.88         0.87
  388A-065/388A-060          20.69     20.80     20.69     24.68        20.69
  388A-069/388A-065          20.75     20.75     20.80     17.65        17.45
  388A-077/388A-069          20.55     20.55     20.75      1.64         1.75
  388A-078/388A-077          20.43     20.43     20.55     17.29        17.11
  388A-094/388A-078          20.43     20.56     20.43     25.72        20.32
  388A-095/388A-094          20.29     20.29     20.56      0.01         0.01
  388A-100/388A-095          20.29     20.41     20.29     23.73        19.60
  388A-114/388A-187          20.11     20.11     20.43      0.75         0.76
  388A-123/388A-114          20.10     20.10     20.11     19.91        18.97
  388A-133/388A-201          20.10     20.10     20.13      0.14         1.93
  388A-139/388A-133          20.10     20.12     20.10     18.57        16.43
  388A-149/388A-139          19.79     19.79     20.12      0.01         0.01
  388A-150/388A-226          19.63     19.63     19.69      0.01         0.01
  388A-151/388A-150          19.40     19.40     19.63      0.01         0.01
  388A-152/388A-151          19.17     19.17     19.40      0.01         0.01
  388A-187/388A-100          20.41     20.43     20.41     25.51        20.25
  388A-192/388A-152          19.08     19.08     19.17      0.01         0.01
  388A-201/388A-123          20.10     20.13     20.10     19.19        16.74
  388A-226/388A-149          19.69     19.69     19.79      0.01         0.01
  389A-001/388A-192          18.46     18.46     20.23      0.01         0.01
  389A-021/389A-001          18.11     18.11     18.46      0.01         0.01
  389A-022/389A-021          17.83     17.83     18.11      0.01         0.01
  389A-023/389A-022          17.65     17.65     17.83      0.01         0.01
  389A-031/389A-023          17.60     17.60     17.65      0.01         0.01
  389A-032/389A-031          17.43     17.43     17.68      0.01         0.01
  389A-035/389A-032          17.35     17.35     17.43      0.01         0.01
  390A-002/388A-192          19.20     19.26     19.34      0.43         0.10
  390A-003/390A-002          19.07     19.07     19.26      0.01         0.01
  390A-004/390A-003          18.87     18.87     19.07      0.01         0.01
  390A-006/390A-004          18.69     18.69     18.87      0.01         0.01
  390A-010/390A-006          18.56     18.56     18.69      0.01         0.01
  390A-018/390A-010          18.27     18.27     18.56      0.01         0.01
  390A-019/390A-018          14.94     14.94     18.27      0.01         0.01
  391A-001/177A-015          21.30     21.30     21.82      3.22         3.21
  391A-008/391A-001          21.13     21.14     21.30      2.52         2.44
  391A-023/391A-008          20.23     20.23     21.14      0.56         0.56
  391A-028/391A-023          20.24     20.24     21.24      0.01         0.01
  391A-031/391A-028          19.57     19.57     20.24      0.01         0.01
  391A-054/391A-031          19.57     19.93     19.57      8.38         2.76
  391A-059/391A-054          19.35     19.35     19.93      0.01         0.01
  391A-060/391A-059          19.18     19.18     19.35      1.04         0.01
  392A-001/371A-235          21.02     21.02     21.76      2.61         2.59
  392A-002/392A-001          20.92     20.92     21.02     16.68        16.61
  392A-003/392A-002          20.77     20.77     20.92     12.22        12.13
  392A-007/392A-003          20.53     20.53     20.77     15.17        15.16
  392A-008/392A-007          20.49     20.49     20.53     19.43        18.41
  392A-040/392A-008          20.42     20.42     20.49     17.17        17.23
  394A-001/394A-246           3.84      3.84     34.89      0.01         0.01
  394A-002/394A-001           3.84      8.16      3.84     16.74         3.84
  394A-004/394A-002           7.09      7.09      8.16      5.89         5.90
  394A-008/394A-004           5.77      5.77      7.09      1.55         1.56
  394A-009/394A-008           3.34      3.34      5.77      0.01         0.01
  394A-014/394A-009           3.34      6.83      3.34     19.44         3.34
  394A-017/394A-014           6.83     14.35      6.83     22.44         6.83
  394A-018/394A-017          14.35     17.40     14.35     23.02        14.35
  394A-019/394A-018          17.40     19.02     17.40     25.08        17.40
  394A-021/394A-019          19.02     19.05     19.02     19.31        19.02
  394A-038/394A-021          19.05     19.76     19.05     23.87        18.84
  394A-041/394A-038          19.50     19.50     19.76     17.34        17.31
  394A-042/394A-041          19.09     19.09     19.50     14.05        14.10
  394A-045/394A-042          17.93     17.93     19.09      0.01         0.01
  394A-046/394A-045          21.25     23.71     21.25     24.49        21.18
  394A-049/394A-046          23.71     23.71     24.13     18.54         0.01
  394A-050/394A-049          23.17     23.17     24.13      0.24         0.59
  394A-051/394A-050          22.40     22.40     23.17      0.01         0.01
  394A-052/394A-051          21.26     21.26     22.40      0.01         0.01
  394A-066/394A-052          20.46     20.46     21.26      0.01         0.03
  394A-070/394A-066          20.26     20.26     20.46     13.62        13.61
  394A-073/394A-247          19.35     19.35     19.58      0.01         0.01
  394A-074/394A-070          20.26     20.63     20.26     24.73        20.26
  394A-077/394A-073          19.35     19.35     19.52     19.25         2.72
  394A-086/394A-077          18.02     18.02     19.68      0.01         0.01
  394A-138/394A-086          16.81     16.81     18.02      0.01         0.01
  394A-145/394A-138          15.77     15.77     16.81      0.01         0.01
  394A-154/394A-145          14.29     14.29     15.77      0.01         0.01
  394A-158/394A-154          12.92     12.92     14.29      0.01         0.01
  394A-247/394A-074          19.59     19.59     20.63      0.01         0.01
  395A-001/394A-045          19.88     20.16     19.88     21.94        19.63
  395A-008/395A-004          17.50     17.50     19.07      0.01         0.01
  395A-012/395A-008          15.58     15.58     17.50      0.01         0.01
  395A-019/395A-012          14.32     14.32     15.58      0.01         0.01
  395A-025/395A-019          12.91     12.91     14.32      0.01         0.01
  395A-026/395A-025          12.38     12.38     14.60      2.01         2.01
  395A-029/395A-026          11.25     11.25     12.38      2.18         2.17
  395A-033/395A-029          10.02     10.02     11.25      2.34         2.34
  395A-072/395A-025          12.95     12.95     14.60      0.01         0.01
  395A-073/395A-072          12.82     12.82     12.95      7.46         7.46
  395A-076/395A-073          12.50     12.50     12.82      9.19         9.18
  395A-077/395A-141          11.93     12.12     11.93     18.17        11.93
  395A-079/395A-138          11.98     11.98     13.32     23.45         0.01
  395A-082/395A-140          11.69     11.69     11.72      3.00         3.04
  395A-093/395A-082          11.72     11.72     11.74      0.01         0.19
  395A-098/395A-093          10.66     10.66     11.74      0.01         0.01
  395A-104/395A-098           9.89      9.89     10.66      0.01         0.01
  395A-137/395A-077          12.09     12.09     12.12     10.93        10.35
  395A-138/395A-137          11.98     11.98     12.09     10.09         9.70
  395A-139/395A-079          11.78     11.78     13.32      1.12         0.01
  395A-140/395A-139          11.69     11.69     11.78      2.06         0.01
  395A-141/395A-076          11.93     11.93     12.50      9.19         9.19
  395A-155/395A-001          19.40     19.40     20.16      9.21         9.22
  395A-155/395A-004          19.07     19.07     19.40      9.22         9.21
  396A-001/106A-028          22.02     22.02     58.88     11.52        11.52
  396A-002/396A-001          22.02     26.50     22.02     30.61        22.02
  396A-007/396A-002          24.73     24.73     26.50     22.33        22.21
  396A-009/396A-007          24.73     24.83     24.73     26.22        23.63
  396A-013/396A-009          24.83     25.45     24.83     26.44        23.80
  396A-014/396A-013          25.45     25.63     25.45     24.57        23.67
  396A-015/396A-014          25.57     25.61     25.63     24.31        23.63
  396A-018/396A-015          25.14     25.14     25.61     19.73        19.73
  396A-019/396A-018          24.89     24.89     25.14     17.52        17.66
  396A-020/396A-019          24.89     24.99     24.89     47.15        24.78
  396A-021/396A-020          24.94     24.97     24.99     24.10        23.00
  397A-008/106A-057          44.91     44.91     56.52     34.09        34.10
  397A-009/397A-008          44.75     44.75     44.91     40.77        40.41
  397A-010/397A-009          44.58     44.58     44.75     41.91        41.36
  397A-011/397A-010          44.47     44.47     44.58     42.91        42.24
  397A-015/397A-011          44.34     44.40     44.47     27.34        26.98
  397A-016/397A-015          44.16     44.16     44.40     17.28        17.27
  397A-025/397A-016          43.83     43.83     44.16     13.66        13.63
  397A-026/397A-025          43.50     43.50     43.83     17.18        17.15
  397A-027/397A-026          43.08     43.08     43.50     20.81        20.36
  398A-001/106A-164          48.01     48.01     48.52      0.01         0.01
  398A-002/398A-001          47.80     47.80     48.01      4.01         0.01
  398A-003/398A-002          47.27     47.27     47.80      0.01         0.01
  398A-004/398A-003          47.27     47.34     47.27     82.01        25.63
  398A-005/398A-004          46.97     46.97     47.34      5.25         0.01
  398A-006/398A-005          46.63     46.63     46.97      5.26         0.01
  398A-007/398A-006          46.09     46.09     46.63     22.26        22.26
  398A-008/398A-007          45.94     45.94     46.09     36.52        35.90
  398A-009/398A-008          45.04     45.04     45.58      3.29         3.18
  398A-010/398A-009          45.17     45.17     45.78     16.31        16.31
  398A-011/398A-010          44.84     44.84     45.17      5.97         5.98
  398A-012/398A-011          43.84     43.84     44.84      0.01         0.01
  398A-013/398A-012          42.77     42.77     43.84      2.64         2.65
  398A-014/398A-013          41.64     41.64     42.77      3.12         3.13
  398A-015/398A-014          39.98     39.98     41.64      0.01         0.01
  398A-016/398A-015          35.12     35.12     39.98      4.02         4.03
  398A-017/398A-016          29.09     29.09     35.12      0.01         0.01
  398A-018/398A-017          22.68     22.68     29.09      0.01         0.01
  398A-019/398A-018          19.20     19.20     22.68      0.01         0.01
  398A-020/398A-019          17.66     17.66     19.20      0.01         0.01
  398A-021/398A-020          16.34     16.34     17.66      0.01         0.01
  398A-022/398A-021          15.22     15.22     16.34      0.01         0.01
  398A-023/398A-022          14.28     14.28     15.22      0.01         0.01
  398A-024/398A-023          13.87     13.87     14.66      0.01         0.01
  398A-025/398A-024          13.47     13.47     13.87      0.01         0.01
  398A-026/398A-025           8.43      8.43     13.47      0.01         0.01
  398A-097/398A-009           8.58      8.58     46.14      0.01         0.01
  398A-098/398A-097           0.01      0.01      8.58      0.01         0.01
  398A-099/398A-098           0.01     19.55      0.01     29.85         0.01
  398A-100/398A-099          19.55     22.63     19.55     29.30        19.55
  398A-101/398A-100          22.63     26.46     22.63     32.02        22.63
  398A-102/398A-101          26.46     27.00     26.46     30.77        26.46
  CDT-11                     80.96     81.94     81.19     48.95         4.29
  COLUMBIA-DAVIS_WWTP_OFALL       89.39     95.00     89.39     83.65        12.63
  LCS-006_392A-085           21.35     21.35     84.40     26.47         0.01
  LCS-007A_LC_WETWELL        19.34     19.34     90.39      0.01         0.01
  MAIN-J49_WWTP_OFALL        83.06     83.06     95.00     55.24        55.27
  PERRY-01_PERRY-04          80.51     80.51     80.51     59.33        54.56
  PERRY-02_PERRY-05          85.05     85.05     85.05     71.37        66.09
  PERRY-03_PERRY-06          80.58     80.59     80.58     60.75        54.92
  PERRY-04_PERRY-10          79.15     79.15     80.51      0.01         0.01
  PERRY-05_PERRY-11          81.09     81.09     85.05      0.01         0.01
  PERRY-06_PERRY-12          79.23     79.23     80.58      0.01         0.01
  PERRY-07_PERRY-1           45.73     45.73     80.51      0.01         0.01
  PERRY-08_PERRY-02          80.92     80.92     85.05      0.01         0.01
  PERRY-09_PERRY-03          61.49     61.49     80.59      0.01         0.01
  PERRY-10_366A-311          26.31     26.31     79.25      0.01         0.01
  PERRY-11_366A-311          27.44     27.44     81.09      0.01         0.01
  PERRY-12_366A-311          26.31     26.31     79.48      0.01         0.01
  PPS3/332A-J28              50.64     51.38     90.69     57.79         0.66
  SAN_CARLOS_106A-001ALT       88.75     88.89     93.76     94.10         3.22
  WL-001_WL-001A             89.99     93.92     90.09     55.11        25.45
  WL-001_WL-001C             91.96     92.13     93.92     57.56         0.14
  WLA-001_WL_WETWELL         23.18     23.18     24.59      0.01         0.01
  WTL-001_331A-160           23.92     23.92     85.76     39.57         0.01
  WTL-002_WTL_WETWELL        36.99     36.99     64.30      0.01         0.01
  
  
  ***************
  Pumping Summary
  ***************
  
  ---------------------------------------------------------------------------------------------------------
                                                  Min       Avg       Max     Total     Power    % Time Off
                        Percent   Number of      Flow      Flow      Flow    Volume     Usage    Pump Curve
  Pump                 Utilized   Start-Ups       MGD       MGD       MGD  10^6 gal     Kw-hr    Low   High
  ---------------------------------------------------------------------------------------------------------
  109_PUMP1               58.65         155      0.00      1.15      2.25     2.938    357.30    0.0    0.0
  109_PUMP2               34.14           1      0.00      1.05      1.09     1.411    184.19    0.0    0.0
  BR_PUMP1                59.23         146      0.00      0.50      0.91     1.193     85.15    0.0    0.0
  BR_PUMP2                29.41           1      0.00      0.74      0.76     0.859     62.13    0.0    0.0
  BR_PUMP3                29.11           1      0.00      0.74      0.76     0.850     61.50    0.0    0.0
  BS_PUMP1                38.90        1319      0.00      8.78     14.40    13.956   3053.92    0.0    0.0
  BS_PUMP2                10.39         199      0.00      5.18     14.40     2.109    605.72    0.0    0.0
  BUR_PUMP1               17.47          72      0.00      1.86      4.48     1.286    231.83    0.0    0.0
  BUR_PUMP2                1.93           1      0.00      1.15      1.16     0.087     17.90    0.0    0.0
  CA_PUMP1                58.96          18      0.00      0.08      0.31     0.175     12.82    0.0    0.0
  CA_PUMP2                54.76           1      0.00      0.08      0.08     0.160     11.81    0.0    0.0
  CLA_PUMP1               49.06           1      0.00      0.17      0.20     0.333     23.27    0.0    0.0
  CLA_PUMP2               59.70          93      0.00      0.17      0.22     0.409     28.52    0.0    0.0
  CL_PUMP1                36.43           7      0.00      0.52      0.92     0.770    112.33    0.0    0.0
  CL_PUMP2                29.61           1      0.00      0.51      0.73     0.603     91.02    0.0    0.0
  CM_PUMP1                62.95         353      0.00      0.50      1.22     1.204     62.58    0.0    0.0
  CM_PUMP2                46.00           4      0.00      0.50      1.22     0.896     46.28    0.0    0.0
  COL_PUMP1               25.28           9      0.00      0.94      1.87     0.942    206.79    0.0    0.0
  COL_PUMP2               19.25           1      0.00      0.83      0.86     0.634    153.58    0.0    0.0
  COM_PUMP1               34.18          49      0.00      0.20      1.07     0.275     55.51    0.0    0.0
  COM_PUMP2               18.08           1      0.00      0.15      0.16     0.111     23.82    0.0    0.0
  CU_PUMP1                23.42         117      0.00      0.33      0.70     0.310     20.20    0.0    0.0
  CU_PUMP2                 4.66           1      0.00      0.28      0.30     0.051      3.71    0.0    0.0
  DEX_PUMP1               27.21          18      0.00      0.73      2.02     0.789    138.65    0.0    0.0
  DEX_PUMP2               21.96           1      0.00      0.64      0.67     0.562    101.24    0.0    0.0
  DM_PUMP1                30.20          32      0.00      0.19      0.33     0.226      4.88    0.0    0.0
  DM_PUMP2                14.29           4      0.00      0.19      0.24     0.107      2.29    0.0    0.0
  EL_PUMP1                45.91          47      0.00      0.27      1.00     0.555    153.52    0.0    0.0
  EL_PUMP2                24.36           1      0.00      0.21      0.22     0.201     59.23    0.0    0.0
  EP_PUMP1                35.68          44      0.00      0.27      0.60     0.394     45.61    0.0    0.0
  EP_PUMP2                22.84           1      0.00      0.23      0.24     0.210     26.32    0.0    0.0
  FH_PUMP1                52.89          24      0.00      0.06      0.23     0.121      4.88    0.0    0.0
  FH_PUMP2                23.81           1      0.00      0.06      0.07     0.055      2.20    0.0    0.0
  FM_PUMP1                32.28         140      0.00      0.19      0.24     0.245      5.42    0.0    0.0
  FM_PUMP2                25.13           8      0.00      0.19      0.24     0.192      4.17    0.0    0.0
  GL_PUMP1                30.27           6      0.00      0.21      0.40     0.256     12.75    0.0    0.0
  GL_PUMP2                26.78           1      0.00      0.21      0.23     0.220     11.22    0.0    0.0
  GO_PUMP1                40.91         125      0.00      0.55      0.75     0.944     57.29    0.0    0.0
  GO_PUMP2                24.72           3      0.00      0.49      0.68     0.483     35.60    0.0    0.0
  GO_PUMP3                22.29           3      0.00      0.61      0.82     0.533     40.77    0.0    0.0
  GO_PUMP4                19.10           1      0.00      0.58      0.60     0.438     34.07    0.0    0.0
  HA_PUMP1                57.94          20      0.00      5.23      5.27    12.023    307.34    0.0    0.0
  HA_PUMP2                27.51           1      0.00      5.20      5.27     5.675    159.92    0.0    0.0
  HA_PUMP3                26.52           1      0.00      3.59      4.02     3.800    106.57    0.0    0.0
  HA_PUMP4                25.35           1      0.00      3.58      4.02     3.627    101.88    0.0    0.0
  HL_PUMP1                20.85         381      0.00      0.36      0.39     0.296     20.76    0.0    0.0
  HL_PUMP2                 0.71           1      0.00      0.29      0.30     0.008      0.62    0.0    0.0
  IB_PUMP1                82.67          14      0.00      0.22      0.39     0.737     40.91    0.0    0.0
  IB_PUMP2                64.73           1      0.00      0.22      0.23     0.556     31.81    0.0    0.0
  IND_PUMP1               13.36         131      0.00      0.07      0.07     0.037      0.58    0.0    0.0
  IND_PUMP2                2.00           2      0.00      0.07      0.07     0.006      0.06    0.0    0.0
  KN_PUMP1                54.88         236      0.00      0.24      0.29     0.512     22.04    0.0    0.0
  KN_PUMP2                43.03           1      0.00      0.23      0.28     0.392     17.10    0.0    0.0
  KS_PUMP1                99.96           1      0.00     16.15     26.16    47.004   5848.48    0.0    0.0
  KS_PUMP2                 0.00           0      0.00      0.00      0.00     0.000      0.00    0.0    0.0
  KS_PUMP3                 1.44           3      0.00     35.24     35.53     2.010    302.17    0.0    0.0
  KS_PUMP4                99.96           1      0.00     16.15     26.16    47.004   5848.48    0.0    0.0
  LA_PUMP1                50.46         512      0.00     12.48     28.80    24.709   2350.08    0.0    0.0
  LA_PUMP2                28.66          15      0.00      6.53     28.80     7.436    783.56    0.0    0.0
  LA_PUMP3                28.12           3      0.00      6.58      6.62     7.330    772.33    0.0    0.0
  LC_PUMP1                 6.22          19      0.00      0.08      0.39     0.018      0.99    0.0    0.0
  LC_PUMP2                27.37           1      0.00      0.12      0.13     0.127      9.59    0.0    0.0
  LE_PUMP1                22.36           1      0.00      0.14      0.14     0.122     15.48    0.0    0.0
  LE_PUMP2                38.66         206      0.00      0.25      0.70     0.429     43.19    0.0    0.0
  MOR_PUMP1               59.48         106      0.00      0.63      0.64     1.468     35.21    0.0    0.0
  MOR_PUMP2               26.66           3      0.00      0.98      0.98     1.031     17.93    0.0    0.0
  MOR_PUMP3               22.34           1      0.00      0.63      0.64     0.562      8.28    0.0    0.0
  MOR_PUMP4               20.06           1      0.00      0.98      0.98     0.776     10.16    0.0    0.0
  OA_PUMP1                63.85           2      0.00      0.05      0.07     0.097      1.11    0.0    0.0
  PE_PUMP1                47.23         424      0.00      0.56      0.61     1.081     17.14    0.0    0.0
  PE_PUMP2                22.27           6      0.00      0.55      0.61     0.485      8.96    0.0    0.0
  PE_PUMP3                15.21           1      0.00      0.56      0.61     0.338      5.55    0.0    0.0
  RB_PUMP1                44.97         257      0.00      0.10      0.46     0.184     14.39    0.0    0.0
  RB_PUMP2                18.75           1      0.00      0.08      0.08     0.060      5.03    0.0    0.0
  RO_PUMP1                30.34         122      0.00      1.07      2.86     1.347    136.93    0.0    0.0
  RO_PUMP2                23.46           3      0.00      0.98      1.06     0.921     97.29    0.0    0.0
  RT_PUMP1                28.57          19      0.00      0.25      0.68     0.287     40.88    0.0    0.0
  RT_PUMP2                20.89           1      0.00      0.23      0.24     0.190     28.01    0.0    0.0
  RW_PUMP1                19.12          55      0.00      0.65      1.24     0.487     35.24    0.0    0.0
  RW_PUMP2                 4.25           1      0.00      0.75      0.92     0.121      7.89    0.0    0.0
  SEM_PUMP1               33.82         124      0.00      0.10      0.50     0.135      6.18    0.0    0.0
  SEM_PUMP2               21.95           1      0.00      0.09      0.11     0.078      3.74    0.0    0.0
  SL_PUMP1                45.55          85      0.00      0.24      0.94     0.463     36.23    0.0    0.0
  SL_PUMP2                21.64           3      0.00      0.42      0.50     0.368     30.84    0.0    0.0
  ST_PUMP1                81.30          92      0.00      0.05      0.27     0.169      9.33    0.0    0.0
  ST_PUMP2                48.09           3      0.00      0.05      0.06     0.094      5.24    0.0    0.0
  VA_PUMP1                38.49         229      0.00      0.06      0.09     0.095      4.09    0.0    0.0
  VA_PUMP2                 7.69           7      0.00      0.15      0.17     0.046      2.28    0.0    0.0
  VIR_PUMP1               12.37          38      0.00      0.08      0.24     0.038      1.62    0.0    0.0
  VIR_PUMP2                1.32           1      0.00      0.09      0.12     0.005      0.20    0.0    0.0
  WL_PUMP1                58.02         144      0.00      0.30      1.75     0.820    187.42    0.0    0.0
  WL_PUMP2                25.84           1      0.00      0.23      0.25     0.239     57.37    0.0    0.0
  WTL_PUMP1               53.83          67      0.00      0.04      0.73     0.102      9.55    0.0    0.0
  WTL_PUMP2               41.83           1      0.00      0.04      0.05     0.061      5.29    0.0    0.0
  WT_PUMP1                32.56         191      0.00      0.42      0.82     0.578     50.99    0.0    0.0
  WT_PUMP2                18.86           1      0.00      0.34      0.35     0.254     28.70    0.0    0.0
  

  Analysis begun on:  Tue Aug  5 12:29:14 2025
  Analysis ended on:  Tue Aug  5 12:33:46 2025
  Total elapsed time: 00:04:32