
  EPA STORM WATER MANAGEMENT MODEL - VERSION 5.2 (Build 5.2.4)
  ------------------------------------------------------------

  WARNING 03: negative offset ignored for Link WWGM0210
  WARNING 03: negative offset ignored for Link WWGM0317
  WARNING 04: minimum elevation drop used for Conduit WWGM0354
  WARNING 03: negative offset ignored for Link WWGM0372
  WARNING 03: negative offset ignored for Link WWGM0482
  WARNING 03: negative offset ignored for Link WWGM0601
  WARNING 03: negative offset ignored for Link WWGM0993
  WARNING 03: negative offset ignored for Link WWGM0998
  WARNING 03: negative offset ignored for Link WWGM1051
  WARNING 03: negative offset ignored for Link WWGM1114
  WARNING 03: negative offset ignored for Link WWGM1164
  WARNING 03: negative offset ignored for Link WWGM1242
  WARNING 03: negative offset ignored for Link WWGM1252
  WARNING 03: negative offset ignored for Link WWGM1304
  WARNING 03: negative offset ignored for Link WWGM1313
  WARNING 03: negative offset ignored for Link WWGM1380
  WARNING 03: negative offset ignored for Link WWGM1464
  WARNING 03: negative offset ignored for Link WWGM1645
  WARNING 03: negative offset ignored for Link WWGM1742
  WARNING 03: negative offset ignored for Link WWGM1742
  WARNING 03: negative offset ignored for Link WWGM1756
  WARNING 03: negative offset ignored for Link WWGM1770
  WARNING 03: negative offset ignored for Link WWGM1796
  WARNING 03: negative offset ignored for Link WWGM1798
  WARNING 03: negative offset ignored for Link WWGM2039
  WARNING 03: negative offset ignored for Link WWGM2039
  WARNING 02: maximum depth increased for Node J-150_CREEKSD
  
  ****************
  Analysis Options
  ****************
  Flow Units ............... GPM
  Process Models:
    Rainfall/Runoff ........ YES
    RDII ................... NO
    Snowmelt ............... NO
    Groundwater ............ NO
    Flow Routing ........... YES
    Ponding Allowed ........ YES
    Water Quality .......... NO
  Infiltration Method ...... HORTON
  Flow Routing Method ...... DYNWAVE
  Surcharge Method ......... EXTRAN
  Starting Date ............ 02/01/2017 00:00:00
  Ending Date .............. 02/06/2017 03:00:00
  Antecedent Dry Days ...... 5.0
  Report Time Step ......... 00:05:00
  Wet Time Step ............ 00:05:00
  Dry Time Step ............ 01:00:00
  Routing Time Step ........ 30.00 sec
  Variable Time Step ....... YES
  Maximum Trials ........... 8
  Number of Threads ........ 1
  Head Tolerance ........... 0.005000 ft
  
  
  **************************        Volume         Depth
  Runoff Quantity Continuity     acre-feet        inches
  **************************     ---------       -------
  Total Precipitation ......   6588833.550         2.600
  Evaporation Loss .........         0.000         0.000
  Infiltration Loss ........   1317766.710         0.520
  Surface Runoff ...........         2.719         0.000
  Final Storage ............   5271064.130         2.080
  Continuity Error (%) .....        -0.000
  
  
  **************************        Volume        Volume
  Flow Routing Continuity        acre-feet      10^6 gal
  **************************     ---------     ---------
  Dry Weather Inflow .......         5.128         1.671
  Wet Weather Inflow .......         2.709         0.883
  Groundwater Inflow .......         0.000         0.000
  RDII Inflow ..............         0.000         0.000
  External Inflow ..........         0.000         0.000
  External Outflow .........         5.994         1.953
  Flooding Loss ............         0.827         0.270
  Evaporation Loss .........         0.000         0.000
  Exfiltration Loss ........         0.000         0.000
  Initial Stored Volume ....         0.000         0.000
  Final Stored Volume ......         0.848         0.276
  Continuity Error (%) .....         2.131
  
  
  *************************
  Highest Continuity Errors
  *************************
  Node WWMF118001 (-6634.83%)
  Node WWMG136051 (100.00%)
  Node WWMG136097 (100.00%)
  Node WWMF118002 (99.38%)
  Node WWMH136250 (97.28%)
  
  
  ***************************
  Time-Step Critical Elements
  ***************************
  Link WWGM2078 (53.12%)
  Link WWGM1792 (20.36%)
  Link WWGM1642 (15.92%)
  Link WWGM1254 (2.50%)
  Link WWGM1319 (2.07%)
  
  
  ********************************
  Highest Flow Instability Indexes
  ********************************
  Link WWGM0167 (124)
  Link WWGM2110 (106)
  Link WWGM0168 (89)
  Link WWGM0379 (88)
  Link WWGM1463 (87)
  
  
  *********************************
  Most Frequent Nonconverging Nodes
  *********************************
  Node OF-3 (86.80%)
  Node J-120_ANDR (86.33%)
  Node J-160_DAY (6.63%)
  Node WWMH141005 (2.00%)
  Node J-130_CHAR (1.45%)
  
  
  *************************
  Routing Time Step Summary
  *************************
  Minimum Time Step           :     0.31 sec
  Average Time Step           :     9.29 sec
  Maximum Time Step           :    30.00 sec
  % of Time in Steady State   :     0.00
  Average Iterations per Step :     7.31
  % of Steps Not Converging   :    86.80
  Time Step Frequencies       :
     30.000 -  3.817 sec      :    98.82 %
      3.817 -  0.486 sec      :     1.16 %
      0.486 -  0.062 sec      :     0.01 %
      0.062 -  0.008 sec      :     0.00 %
      0.008 -  0.001 sec      :     0.00 %
  
  
  ***************************
  Subcatchment Runoff Summary
  ***************************
  
  ------------------------------------------------------------------------------------------------------------------------------
                            Total      Total      Total      Total     Imperv       Perv      Total       Total     Peak  Runoff
                           Precip      Runon       Evap      Infil     Runoff     Runoff     Runoff      Runoff   Runoff   Coeff
  Subcatchment                 in         in         in         in         in         in         in    10^6 gal      GPM
  ------------------------------------------------------------------------------------------------------------------------------
  0                          2.60       0.00       0.00       0.52       0.00       0.00       0.00        0.89  1241.12   0.000
  
  
  ******************
  Node Depth Summary
  ******************
  
  ---------------------------------------------------------------------------------
                                 Average  Maximum  Maximum  Time of Max    Reported
                                   Depth    Depth      HGL   Occurrence   Max Depth
  Node                 Type         Feet     Feet     Feet  days hr:min        Feet
  ---------------------------------------------------------------------------------
  J-100                JUNCTION     0.07     0.17   163.97     4  07:58        0.17
  J-110                JUNCTION     0.00     0.00   159.72     0  00:00        0.00
  J-120_ANDR           JUNCTION    20.71    50.26   187.86     1  09:43       47.35
  J-130_CHAR           JUNCTION    13.41    46.77   187.12     2  07:47       45.52
  J-140_CHEHAL         JUNCTION    29.91    69.00   246.10     1  05:08       63.83
  J-150_CREEKSD        JUNCTION    11.34    32.54   193.14     3  05:31       29.52
  J-160_DAY            JUNCTION    49.30    61.60   163.50     1  05:20       61.60
  J-170_FERN1          JUNCTION    44.44    77.00   190.60     0  19:01       77.00
  J-190_HWY240_1       JUNCTION    33.45    72.00   215.00     1  15:11       62.94
  J-210_SHER1          JUNCTION     0.00     0.00   132.60     0  00:00        0.00
  J-230_CHEHAL_BASEFLOW JUNCTION     0.07     0.10   186.19     0  07:32        0.10
  J-240_CREEK_BASEFLOW JUNCTION     0.03     0.03   166.00     4  07:23        0.03
  J-250_SHER_BASEFLOW  JUNCTION     0.02     0.03   138.79     3  07:58        0.03
  J-260_CHAR_BASEFLOW  JUNCTION     0.02     0.03   146.95     2  07:14        0.03
  J-270_ANDR_BASEFLOW  JUNCTION     0.04     0.05   143.71     0  07:16        0.05
  WWMF109000           JUNCTION     0.09     0.29   167.49     4  07:46        0.28
  WWMF109001           JUNCTION     0.06     0.19   167.95     4  07:45        0.19
  WWMF109002           JUNCTION     0.23     0.56   168.95     4  07:44        0.56
  WWMF109003           JUNCTION     0.14     0.43   169.45     4  07:43        0.42
  WWMF109004           JUNCTION     0.10     0.35   171.88     4  07:42        0.31
  WWMF109005           JUNCTION     0.08     0.10   173.71     3  08:00        0.10
  WWMF109006           JUNCTION     0.07     0.09   176.08     3  08:00        0.09
  WWMF109040           JUNCTION     0.00     0.00   174.77     0  00:00        0.00
  WWMF109150           JUNCTION     0.10     0.33   168.54     4  07:45        0.33
  WWMF109153           JUNCTION     0.11     0.34   166.89     4  07:47        0.32
  WWMF117018           JUNCTION     0.09     0.09   157.59     2  01:59        0.09
  WWMF117019           JUNCTION     0.04     0.04   158.63     1  03:05        0.04
  WWMF117020           JUNCTION     0.05     0.05   159.78     1  03:32        0.05
  WWMF117021           JUNCTION     0.02     0.02   160.68     1  03:30        0.02
  WWMF117022           JUNCTION     0.00     0.00   161.98     0  00:00        0.00
  WWMF117023           JUNCTION     0.00     0.00   163.21     0  00:00        0.00
  WWMF117024           JUNCTION     0.00     0.00   163.58     0  00:00        0.00
  WWMF117025           JUNCTION     0.11     0.27   164.68     4  07:58        0.27
  WWMF117026           JUNCTION     0.14     0.32   165.09     4  07:57        0.32
  WWMF117027           JUNCTION     0.33     0.58   165.51     4  07:54        0.58
  WWMF117028           JUNCTION     0.09     0.27   165.77     4  07:50        0.27
  WWMF118001           JUNCTION     0.00     0.02   165.45     4  04:10        0.02
  WWMF118002           JUNCTION     4.63     5.97   165.72     2  00:42        5.95
  WWMF118003           JUNCTION     0.07     0.08   170.52     3  07:59        0.08
  WWMF118023           JUNCTION     0.01     0.01   169.66     0  08:00        0.01
  WWMF118024           JUNCTION     0.01     0.01   167.54     0  08:01        0.01
  WWMF118025           JUNCTION     0.03     0.07   166.32     4  07:50        0.07
  WWMF118026           JUNCTION     0.28     0.57   166.32     4  07:49        0.57
  WWMF118048           JUNCTION     0.16     0.33   155.32     4  08:00        0.33
  WWMF118049           JUNCTION     0.06     0.13   162.30     4  07:59        0.13
  WWMF118050           JUNCTION     0.09     0.23   163.21     4  07:59        0.23
  WWMF127007           JUNCTION     0.07     0.08   148.65     1  16:48        0.08
  WWMF127008           JUNCTION     0.08     0.10   149.17     2  16:58        0.10
  WWMF127009           JUNCTION     3.68     3.89   149.17     2  16:58        3.89
  WWMF127010           JUNCTION     0.06     0.08   150.22     0  17:08        0.07
  WWMF127011           JUNCTION     0.07     0.10   151.00     0  17:06        0.10
  WWMF127012           JUNCTION     0.07     0.11   152.01     1  16:30        0.11
  WWMF127013           JUNCTION     0.94     0.98   153.20     0  15:27        0.97
  WWMF127014           JUNCTION     0.21     0.24   153.20     0  16:52        0.24
  WWMF127015           JUNCTION     0.06     0.07   153.67     0  04:33        0.07
  WWMF127016           JUNCTION     0.02     0.02   154.83     1  03:51        0.02
  WWMF127017           JUNCTION     0.05     0.05   156.22     1  03:32        0.05
  WWMF127044           JUNCTION     0.02     0.02   157.18     0  00:15        0.02
  WWMF127115           JUNCTION     0.04     0.04   167.54     3  17:03        0.04
  WWMF127116           JUNCTION     0.07     0.07   168.30     4  03:22        0.07
  WWMF127117           JUNCTION     0.24     0.24   168.87     2  04:30        0.24
  WWMF127118           JUNCTION     0.18     0.18   169.14     1  03:51        0.18
  WWMF127119           JUNCTION     0.05     0.05   170.45     0  00:10        0.05
  WWMF127203           JUNCTION     0.07     0.07   169.73     2  01:44        0.07
  WWMF127220           JUNCTION     0.06     0.06   170.40     2  01:30        0.06
  WWMF137001           JUNCTION     0.03     0.03   125.99     1  15:55        0.03
  WWMF137002           JUNCTION     0.03     0.04   132.93     1  15:54        0.04
  WWMF137003           JUNCTION     0.04     0.04   144.98     1  15:54        0.04
  WWMF137004           JUNCTION     0.06     0.07   147.07     1  15:52        0.07
  WWMF137005           JUNCTION     0.13     0.15   147.47     1  15:50        0.15
  WWMF137006           JUNCTION     0.07     0.08   148.14     2  17:08        0.08
  WWMF137072           JUNCTION     0.03     0.04   109.80     1  15:55        0.04
  WWMF79028            JUNCTION     1.44     1.75   218.03     2  04:01        1.58
  WWMF79029            JUNCTION     0.02     0.05   220.34     4  04:03        0.04
  WWMF79030            JUNCTION     3.24     3.45   220.65     1  01:22        3.42
  WWMF79031            JUNCTION     1.53     1.73   220.70     0  23:29        1.65
  WWMF89019            JUNCTION     0.07     0.09   199.25     4  08:00        0.09
  WWMF89020            JUNCTION     0.04     0.05   200.23     4  07:59        0.05
  WWMF89021            JUNCTION     0.06     0.08   201.30     4  07:59        0.08
  WWMF89022            JUNCTION     0.11     0.14   201.74     4  07:58        0.14
  WWMF89023            JUNCTION     0.05     0.06   205.36     3  07:38        0.06
  WWMF89024            JUNCTION     0.05     0.06   208.25     1  07:49        0.06
  WWMF89025            JUNCTION     0.04     0.05   212.50     1  07:48        0.05
  WWMF89026            JUNCTION     0.03     0.04   213.78     0  23:30        0.04
  WWMF89027            JUNCTION     0.03     0.04   217.59     0  23:30        0.04
  WWMF89160            JUNCTION     0.06     0.07   204.34     4  07:55        0.07
  WWMF99007            JUNCTION     0.09     0.12   177.99     3  08:00        0.12
  WWMF99008            JUNCTION     0.09     0.12   178.43     3  08:00        0.12
  WWMF99009            JUNCTION     0.09     0.11   179.37     3  08:00        0.11
  WWMF99011            JUNCTION     0.09     0.11   180.45     3  08:00        0.11
  WWMF99012            JUNCTION     0.09     0.11   180.69     3  08:00        0.11
  WWMF99013            JUNCTION     0.05     0.06   186.14     3  08:00        0.06
  WWMF99014            JUNCTION     0.06     0.08   188.40     4  08:00        0.08
  WWMF99015            JUNCTION     0.07     0.09   189.33     4  08:00        0.09
  WWMF99016            JUNCTION     0.06     0.08   190.59     4  08:00        0.08
  WWMF99017            JUNCTION     0.06     0.08   191.33     4  08:00        0.08
  WWMF99018            JUNCTION     0.06     0.07   193.01     4  08:00        0.07
  WWMF99152            JUNCTION     0.06     0.08   195.65     4  08:00        0.08
  WWMG108005           JUNCTION     0.01     0.02   177.10     0  07:40        0.02
  WWMG108006           JUNCTION     0.03     0.03   178.46     0  07:34        0.03
  WWMG108007           JUNCTION     0.03     0.04   178.64     4  08:00        0.04
  WWMG108008           JUNCTION     0.34     0.37   180.18     3  08:00        0.37
  WWMG108009           JUNCTION     0.07     0.09   180.89     0  08:00        0.09
  WWMG108010           JUNCTION     0.06     0.08   181.84     0  08:00        0.08
  WWMG108011           JUNCTION     0.30     0.33   181.86     0  08:00        0.33
  WWMG108080           JUNCTION     0.09     0.32   179.73     3  09:47        0.31
  WWMG109046           JUNCTION     1.05     1.42   180.49     3  09:46        1.42
  WWMG109047           JUNCTION     0.09     0.46   180.80     3  09:41        0.45
  WWMG109048           JUNCTION     0.90     1.36   182.48     3  09:39        1.36
  WWMG109049           JUNCTION     0.31     0.93   182.95     3  09:36        0.92
  WWMG109050           JUNCTION     0.05     0.39   186.39     3  09:32        0.39
  WWMG109051           JUNCTION     0.06     0.43   189.40     3  09:32        0.43
  WWMG114000           JUNCTION     0.09     0.10   135.61     0  11:02        0.10
  WWMG114001           JUNCTION     0.00     0.00   194.41     0  00:00        0.00
  WWMG114002           JUNCTION     5.59     6.22   145.10     1  03:51        6.10
  WWMG116235           JUNCTION     0.16     0.85   173.40     4  07:06        0.82
  WWMG116236           JUNCTION     0.17     0.93   174.20     4  07:05        0.93
  WWMG116237           JUNCTION     0.17     0.98   174.97     4  07:03        0.97
  WWMG116238           JUNCTION     0.05     0.37   175.16     4  07:02        0.37
  WWMG116239           JUNCTION     0.15     1.02   176.13     4  07:02        1.02
  WWMG116240           JUNCTION     0.13     0.98   177.24     4  07:01        0.95
  WWMG116241           JUNCTION     0.19     1.13   177.69     1  07:32        1.13
  WWMG117195           JUNCTION     0.19     1.29   178.15     1  07:32        1.28
  WWMG118004           JUNCTION     0.01     0.02   174.37     0  07:45        0.02
  WWMG118086           JUNCTION     0.14     0.46   178.47     3  09:51        0.45
  WWMG118104           JUNCTION     0.00     0.37   185.01     2  09:30        0.36
  WWMG123072           JUNCTION     0.23     0.83   121.84     4  23:56        0.83
  WWMG123073           JUNCTION     0.22     0.80   123.08     4  23:56        0.80
  WWMG123074           JUNCTION     0.28     0.94   123.68     4  23:47        0.94
  WWMG123075           JUNCTION     0.08     0.09   125.21     4  11:06        0.09
  WWMG123076           JUNCTION     0.12     0.13   125.49     0  11:05        0.13
  WWMG123077           JUNCTION     0.11     0.12   126.01     0  11:04        0.12
  WWMG123078           JUNCTION     0.06     0.07   132.78     0  11:03        0.07
  WWMG123079           JUNCTION     0.08     0.09   135.10     0  11:03        0.09
  WWMG126098           JUNCTION     0.28     0.29   163.83     2  02:29        0.29
  WWMG126102           JUNCTION     0.06     0.07   164.47     1  01:02        0.07
  WWMG126147           JUNCTION     0.00     0.00   174.04     0  00:00        0.00
  WWMG126164           JUNCTION     0.00     0.00   180.00     1  16:00        0.00
  WWMG126200           JUNCTION     0.30     0.33   165.13     1  01:01        0.33
  WWMG126236           JUNCTION     0.12     0.57   159.15     4  07:14        0.56
  WWMG126237           JUNCTION     0.08     0.41   166.18     4  07:12        0.40
  WWMG126238           JUNCTION     3.41     4.14   166.42     3  20:43        4.10
  WWMG126239           JUNCTION     1.81     2.57   166.51     3  20:44        2.56
  WWMG126240           JUNCTION     0.21     0.84   166.50     4  07:10        0.83
  WWMG126241           JUNCTION     0.11     0.53   168.75     4  07:09        0.53
  WWMG126242           JUNCTION     0.09     0.45   172.09     4  07:09        0.45
  WWMG126243           JUNCTION     0.23     0.96   172.79     4  07:08        0.94
  WWMG127109           JUNCTION     1.24     1.30   165.13     4  22:46        1.30
  WWMG127110           JUNCTION     0.82     0.87   165.13     4  06:15        0.87
  WWMG127114           JUNCTION     0.05     0.05   165.74     0  06:38        0.05
  WWMG127133           JUNCTION     0.03     0.03   168.66     0  00:59        0.03
  WWMG127188           JUNCTION     0.13     0.14   163.89     2  02:17        0.14
  WWMG127195           JUNCTION     0.13     0.62   166.98     4  07:10        0.62
  WWMG136015           JUNCTION     0.14     0.39   154.07     2  10:01        0.39
  WWMG136016           JUNCTION     0.94     1.35   156.40     2  09:59        1.35
  WWMG136017           JUNCTION     0.27     0.70   156.52     2  09:51        0.68
  WWMG136018           JUNCTION     0.18     0.69   157.08     4  07:17        0.67
  WWMG136019           JUNCTION     0.25     0.81   157.66     4  07:16        0.79
  WWMG136020           JUNCTION     1.79     2.22   156.41     2  10:00        2.22
  WWMG136021           JUNCTION     0.03     0.03   158.71     1  16:18        0.03
  WWMG136035           JUNCTION     0.04     0.20   157.65     2  06:38        0.19
  WWMG136036           JUNCTION     0.05     0.27   158.63     2  06:35        0.26
  WWMG136037           JUNCTION     0.07     0.38   159.66     2  06:35        0.38
  WWMG136038           JUNCTION     0.04     0.23   160.29     3  09:51        0.23
  WWMG136039           JUNCTION     0.03     0.30   161.52     3  09:47        0.26
  WWMG136050           JUNCTION     0.04     0.04   155.73     2  04:48        0.04
  WWMG136051           JUNCTION     0.72     1.14   157.39     5  03:00        1.14
  WWMG136053           JUNCTION     0.02     0.02   157.76     1  03:53        0.02
  WWMG136054           JUNCTION     0.02     0.02   158.97     2  04:54        0.02
  WWMG136064           JUNCTION     0.07     0.08   160.05     2  03:01        0.08
  WWMG136065           JUNCTION     0.12     0.12   160.51     2  02:58        0.12
  WWMG136066           JUNCTION     0.09     0.09   160.88     2  02:50        0.09
  WWMG136067           JUNCTION     0.07     0.08   161.53     2  02:44        0.08
  WWMG136068           JUNCTION     0.08     0.09   162.19     2  02:37        0.09
  WWMG136069           JUNCTION     0.41     0.41   162.37     2  02:36        0.41
  WWMG136070           JUNCTION     0.12     0.13   162.73     2  02:35        0.13
  WWMG136074           JUNCTION     0.03     0.03   164.34     2  04:49        0.03
  WWMG136095           JUNCTION     0.03     0.03   162.56     0  00:29        0.03
  WWMG136097           JUNCTION     0.28     0.47   160.97     5  03:00        0.47
  WWMG136100           JUNCTION     0.00     0.00   163.12     0  00:00        0.00
  WWMG136254           JUNCTION     0.01     0.01   159.76     0  00:18        0.01
  WWMG136260           JUNCTION     0.27     0.82   157.75     4  07:14        0.82
  WWMG137106           JUNCTION     0.04     0.04   161.93     2  00:50        0.04
  WWMG137107           JUNCTION     0.03     0.03   162.77     4  04:07        0.03
  WWMG137183           JUNCTION     0.03     0.03   163.11     3  04:18        0.03
  WWMG137193           JUNCTION     0.09     0.32   157.39     5  03:00        0.32
  WWMG137194           JUNCTION     0.09     0.37   158.40     2  06:37        0.36
  WWMG137195           JUNCTION     0.16     0.50   158.83     2  06:35        0.50
  WWMG146012           JUNCTION     0.24     0.40   152.48     2  10:10        0.40
  WWMG146013           JUNCTION     0.01     0.01   152.55     0  01:57        0.01
  WWMG146014           JUNCTION     1.27     1.55   153.18     2  10:02        1.54
  WWMG146025           JUNCTION     0.02     0.02   155.06     0  01:47        0.02
  WWMG146075           JUNCTION     0.07     0.21   152.89     2  10:02        0.20
  WWMG146076           JUNCTION     0.98     1.34   152.47     2  10:06        1.34
  WWMG146077           JUNCTION     0.22     0.51   150.87     2  10:10        0.51
  WWMG146078           JUNCTION     0.01     0.01   154.75     3  04:48        0.01
  WWMG146079           JUNCTION     0.15     0.40   150.10     2  10:11        0.40
  WWMG79032            JUNCTION     2.29     2.54   220.75     0  23:29        2.42
  WWMG79033            JUNCTION     0.02     0.03   222.86     0  08:00        0.03
  WWMG79034            JUNCTION     0.03     0.03   224.72     0  08:00        0.03
  WWMG79195            JUNCTION     0.02     0.03   240.21     1  07:37        0.03
  WWMG79196            JUNCTION     0.13     0.16   240.36     2  07:24        0.16
  WWMG79244            JUNCTION     0.02     0.04   241.41     2  07:20        0.04
  WWMG79245            JUNCTION     0.03     0.05   242.10     2  05:10        0.05
  WWMG79246            JUNCTION     0.67     0.70   243.15     2  05:06        0.70
  WWMG89076            JUNCTION     0.07     0.07   218.90     0  07:33        0.07
  WWMG89185            JUNCTION     0.05     0.09   220.13     1  07:48        0.09
  WWMG89186            JUNCTION     0.08     0.14   220.64     1  07:47        0.14
  WWMG89187            JUNCTION     0.11     0.18   221.25     1  07:46        0.18
  WWMG89189            JUNCTION     0.08     0.14   222.34     1  07:44        0.14
  WWMG89192            JUNCTION     0.06     0.11   226.13     1  07:42        0.11
  WWMG89193            JUNCTION     0.05     0.09   228.11     1  07:40        0.09
  WWMG89194            JUNCTION     0.03     0.06   234.58     1  07:39        0.06
  WWMG89250            JUNCTION     0.00     0.94   221.34     2  17:08        0.85
  WWMG89258            JUNCTION     0.07     0.68   215.26     4  21:38        0.67
  WWMG89259            JUNCTION     0.07     0.71   217.08     4  21:37        0.69
  WWMG89260            JUNCTION     0.08     1.02   218.03     4  21:36        0.98
  WWMG89261            JUNCTION     0.07     0.13   218.10     1  07:49        0.13
  WWMG99099            JUNCTION     0.06     0.44   192.21     3  09:31        0.43
  WWMG99100            JUNCTION     0.05     0.38   197.53     3  09:30        0.37
  WWMG99101            JUNCTION     0.05     0.37   205.06     3  09:30        0.37
  WWMG99102            JUNCTION     0.06     0.45   208.95     3  09:29        0.44
  WWMG99104            JUNCTION     0.07     0.57   210.96     3  09:28        0.56
  WWMG99105            JUNCTION     0.07     0.62   213.18     3  09:27        0.61
  WWMH104008           JUNCTION     0.05     0.07   146.93     0  09:01        0.07
  WWMH104009           JUNCTION     0.05     0.07   148.36     0  09:00        0.07
  WWMH104010           JUNCTION     0.04     0.05   150.33     0  09:00        0.05
  WWMH104011           JUNCTION     0.08     0.11   150.88     0  09:00        0.11
  WWMH104012           JUNCTION     0.05     0.07   151.97     0  09:00        0.07
  WWMH104040           JUNCTION     0.03     0.03   209.87     0  11:00        0.03
  WWMH104041           JUNCTION     0.07     0.08   210.20     0  11:00        0.08
  WWMH104042           JUNCTION     0.05     0.05   211.42     0  11:00        0.05
  WWMH104043           JUNCTION     0.05     0.05   213.26     0  11:00        0.05
  WWMH104044           JUNCTION     0.04     0.04   214.90     0  11:00        0.04
  WWMH105001           JUNCTION     0.04     0.05   152.93     0  09:00        0.05
  WWMH105002           JUNCTION     0.04     0.05   155.47     0  09:00        0.05
  WWMH105003           JUNCTION     0.04     0.05   157.74     0  09:00        0.05
  WWMH105004           JUNCTION     0.03     0.04   160.04     0  09:00        0.04
  WWMH105005           JUNCTION     0.03     0.05   162.08     0  09:00        0.05
  WWMH105017           JUNCTION     0.02     0.03   163.34     0  09:00        0.03
  WWMH114003           JUNCTION     4.50     5.03   145.05     3  02:52        4.95
  WWMH114004           JUNCTION     6.47     6.92   144.94     0  15:51        6.92
  WWMH114005           JUNCTION     3.05     3.55   145.13     1  03:28        3.40
  WWMH114006           JUNCTION     1.49     1.93   145.21     1  03:28        1.70
  WWMH114007           JUNCTION     0.05     0.07   145.39     0  09:02        0.07
  WWMH114026           JUNCTION     0.07     0.08   145.89     0  11:00        0.08
  WWMH114027           JUNCTION     0.06     0.07   153.72     2  11:00        0.07
  WWMH114028           JUNCTION     0.06     0.07   174.92     0  11:00        0.07
  WWMH114029           JUNCTION     0.10     0.11   176.95     0  11:00        0.11
  WWMH114030           JUNCTION     0.10     0.11   177.94     2  11:00        0.11
  WWMH114031           JUNCTION     0.10     0.11   180.26     2  11:00        0.11
  WWMH114033           JUNCTION     0.03     0.04   190.88     0  11:15        0.04
  WWMH114035           JUNCTION     0.05     0.06   192.59     0  11:11        0.06
  WWMH114036           JUNCTION     0.05     0.06   193.16     0  11:00        0.06
  WWMH114037           JUNCTION     0.06     0.07   194.40     0  11:05        0.07
  WWMH114038           JUNCTION     0.03     0.04   201.84     0  11:02        0.04
  WWMH114039           JUNCTION     0.03     0.04   208.14     0  11:01        0.04
  WWMH114127           JUNCTION     0.07     0.08   142.38     0  11:01        0.08
  WWMH114140           JUNCTION     5.27     5.86   145.07     1  03:51        5.77
  WWMH123003           JUNCTION     0.03     0.04   157.36     0  12:00        0.04
  WWMH123004           JUNCTION     0.07     0.09   160.14     0  12:00        0.09
  WWMH123005           JUNCTION     0.07     0.09   163.12     0  12:00        0.09
  WWMH123006           JUNCTION     0.08     0.10   164.68     0  12:00        0.10
  WWMH123007           JUNCTION     0.06     0.08   167.15     0  12:00        0.08
  WWMH123068           JUNCTION     0.24     0.86   118.98     5  00:02        0.86
  WWMH123069           JUNCTION     0.23     0.81   119.51     4  23:59        0.81
  WWMH123070           JUNCTION     0.29     0.91   120.05     4  23:58        0.91
  WWMH123071           JUNCTION     0.22     0.77   120.66     4  23:58        0.77
  WWMH126133           JUNCTION     0.01     0.01   161.53     0  05:56        0.01
  WWMH131073           JUNCTION     2.59     4.25   107.20     5  00:51        4.24
  WWMH131074           JUNCTION     1.82     4.03   107.90     5  00:12        4.00
  WWMH131075           JUNCTION     0.38     2.73   108.81     5  00:56        2.70
  WWMH131080           JUNCTION     0.32     2.11   109.51     5  00:10        2.08
  WWMH131081           JUNCTION     0.27     1.60   109.86     5  00:18        1.56
  WWMH131082           JUNCTION     0.24     0.80   110.86     5  00:07        0.80
  WWMH131083           JUNCTION     0.24     0.84   112.56     5  00:04        0.84
  WWMH133000           JUNCTION     0.13     0.59   115.75     5  00:05        0.59
  WWMH133001           JUNCTION     0.06     0.07   117.06     0  12:01        0.07
  WWMH133002           JUNCTION     0.07     0.09   117.85     0  12:01        0.09
  WWMH133066           JUNCTION     0.22     0.78   117.05     5  00:05        0.78
  WWMH133067           JUNCTION     0.25     0.86   117.90     5  00:04        0.86
  WWMH133096           JUNCTION     0.11     0.36   114.90     5  00:04        0.36
  WWMH136135           JUNCTION     0.80     1.33   160.16     5  02:48        1.31
  WWMH136204           JUNCTION     0.09     0.34   160.13     5  02:57        0.34
  WWMH136247           JUNCTION     0.02     0.02   155.59     1  04:34        0.02
  WWMH136248           JUNCTION     0.04     0.04   156.46     2  04:48        0.04
  WWMH136249           JUNCTION     0.04     0.04   157.05     1  05:09        0.04
  WWMH136250           JUNCTION     1.44     2.32   160.13     5  03:00        2.32
  WWMH136253           JUNCTION     0.24     0.68   160.13     5  02:58        0.68
  WWMH136262           JUNCTION     0.00     0.00   161.48     0  00:00        0.00
  WWMH141000           JUNCTION     0.10     0.26    91.50     4  23:09        0.26
  WWMH141001           JUNCTION     0.10     0.28   105.70     5  00:06        0.28
  WWMH141002           JUNCTION     8.86     9.89   106.03     4  23:48        9.86
  WWMH141003           JUNCTION     8.47     9.49   106.02     5  01:21        9.48
  WWMH141004           JUNCTION     7.95     8.97   106.03     5  00:31        8.95
  WWMH141005           JUNCTION     7.31     8.37   106.09     2  03:17        8.31
  WWMH141006           JUNCTION     0.05     0.08   119.90     2  21:47        0.08
  WWMH141007           JUNCTION     0.04     0.07   149.26     2  21:47        0.07
  WWMH141071           JUNCTION     3.72     4.94   106.58     5  00:29        4.92
  WWMH141072           JUNCTION     2.76     4.16   106.89     5  00:18        4.13
  WWMH146000           JUNCTION     0.09     0.21    92.75     2  10:39        0.21
  WWMH146001           JUNCTION     0.06     0.13   142.14     2  10:39        0.13
  WWMH146002           JUNCTION     0.18     0.38   143.83     2  10:39        0.38
  WWMH146003           JUNCTION     0.20     0.41   144.68     2  10:36        0.41
  WWMH146004           JUNCTION     0.17     0.36   145.74     2  10:33        0.36
  WWMH146005           JUNCTION     0.21     0.43   146.32     2  10:30        0.43
  WWMH146006           JUNCTION     0.17     0.38   146.95     2  10:27        0.37
  WWMH146007           JUNCTION     1.70     2.15   149.86     2  10:25        2.15
  WWMH146008           JUNCTION     0.87     1.21   149.86     2  10:25        1.21
  WWMH146246           JUNCTION     0.01     0.01   153.94     3  04:23        0.01
  WWMH146247           JUNCTION     0.68     0.98   149.87     2  10:24        0.98
  WWMH95018            JUNCTION     0.03     0.03   165.13     0  09:00        0.03
  WWMH95019            JUNCTION     0.02     0.03   166.48     0  09:00        0.03
  WWMH95020            JUNCTION     0.01     0.02   169.96     0  09:00        0.02
  WWMH95021            JUNCTION     0.01     0.01   187.22     0  09:00        0.01
  WWMH95022            JUNCTION     0.01     0.02   190.09     0  09:00        0.02
  WWMH95023            JUNCTION     0.01     0.02   191.87     0  09:00        0.02
  WWMH95024            JUNCTION     0.00     0.00   192.85     0  00:00        0.00
  WWMI102001           JUNCTION     0.09     0.10   197.62     0  22:00        0.10
  WWMI102002           JUNCTION     0.09     0.09   198.71     0  22:00        0.09
  WWMI102003           JUNCTION     0.09     0.09   199.99     0  22:00        0.09
  WWMI102066           JUNCTION     0.04     0.05   203.28     0  22:00        0.05
  WWMI102067           JUNCTION     0.04     0.05   208.18     0  22:00        0.05
  WWMI102068           JUNCTION     0.04     0.05   212.93     0  22:00        0.05
  WWMI102069           JUNCTION     0.07     0.08   213.80     0  22:01        0.08
  WWMI102070           JUNCTION     0.15     0.16   214.37     0  22:00        0.16
  WWMI102071           JUNCTION     0.06     0.06   214.46     0  22:00        0.06
  WWMI102072           JUNCTION     0.05     0.05   216.69     0  22:00        0.05
  WWMI102073           JUNCTION     0.04     0.04   218.25     0  22:00        0.04
  WWMI102131           JUNCTION     0.04     0.05   219.33     0  22:04        0.05
  WWMI102132           JUNCTION     0.04     0.04   220.92     0  22:02        0.04
  WWMI104050           JUNCTION     0.28     0.28   222.60     0  22:00        0.28
  WWMI104051           JUNCTION     0.03     0.03   222.09     0  22:00        0.03
  WWMI111032           JUNCTION     0.11     0.12   179.39     0  22:03        0.12
  WWMI111035           JUNCTION     0.11     0.12   181.51     4  22:00        0.12
  WWMI111036           JUNCTION     0.09     0.10   182.88     0  22:00        0.10
  WWMI111037           JUNCTION     0.04     0.05   189.48     0  22:00        0.05
  WWMI111040           JUNCTION     0.11     0.12   180.66     0  22:01        0.12
  WWMI111053           JUNCTION     0.06     0.07   193.42     0  22:00        0.07
  WWMI111099           JUNCTION     0.09     0.10   196.05     0  22:00        0.10
  WWMI112000           JUNCTION     0.05     0.06   196.58     0  22:00        0.06
  WWMI121026           JUNCTION     0.14     0.35   171.40     2  21:09        0.35
  WWMI121027           JUNCTION     0.12     0.35   172.52     2  21:05        0.35
  WWMI121028           JUNCTION     0.09     0.13   172.79     2  21:06        0.12
  WWMI121029           JUNCTION     0.09     0.10   174.89     0  22:11        0.10
  WWMI121030           JUNCTION     0.09     0.10   176.99     0  22:09        0.10
  WWMI121031           JUNCTION     0.11     0.12   178.13     0  22:06        0.12
  WWMI121100           JUNCTION     0.11     0.13   177.18     0  22:07        0.13
  WWMI121103           JUNCTION     0.18     0.43   172.79     2  21:05        0.43
  WWMI131009           JUNCTION     0.12     0.20   152.45     2  21:42        0.20
  WWMI131010           JUNCTION     1.16     1.30   154.82     2  21:40        1.30
  WWMI131011           JUNCTION     0.96     1.09   155.77     2  21:37        1.08
  WWMI131012           JUNCTION     0.60     0.72   155.77     2  21:37        0.71
  WWMI131013           JUNCTION     0.51     0.68   157.00     2  21:33        0.68
  WWMI131014           JUNCTION     1.23     1.34   157.79     2  21:27        1.34
  WWMI131017           JUNCTION     0.15     0.25   157.80     2  21:28        0.25
  WWMI131018           JUNCTION     0.10     0.18   158.91     2  21:25        0.18
  WWMI131019           JUNCTION     0.13     0.25   160.88     2  21:25        0.25
  WWMI131020           JUNCTION     0.14     0.26   162.19     2  21:21        0.26
  WWMI131021           JUNCTION     0.12     0.25   163.99     2  21:19        0.25
  WWMI131022           JUNCTION     0.13     0.26   165.69     2  21:16        0.26
  WWMI131023           JUNCTION     0.18     0.38   167.09     2  21:13        0.38
  WWMI131024           JUNCTION     1.28     1.53   169.66     2  21:10        1.53
  WWMI131025           JUNCTION     0.12     0.30   169.85     2  21:10        0.30
  WWMI131111           JUNCTION     0.13     0.26   161.16     2  21:21        0.26
  WWMI141008           JUNCTION     0.14     0.23   150.77     2  21:46        0.22
  WWMI81               JUNCTION     0.00     0.00   268.14     5  01:54        0.00
  WWMI92143            JUNCTION     0.00     0.00   257.49     0  00:31        0.00
  WWMI92144            JUNCTION     0.00     0.00   256.47     3  21:53        0.00
  WWMI92146            JUNCTION     0.00     0.00   254.54     2  04:54        0.00
  WWMI92147            JUNCTION     0.04     0.04   243.51     3  22:12        0.04
  WWMI92148            JUNCTION     0.02     0.03   241.55     3  22:15        0.03
  WWMI92149            JUNCTION     0.02     0.03   237.00     0  22:18        0.03
  WWMI92150            JUNCTION     0.02     0.02   229.77     0  22:19        0.02
  WWMI92151            JUNCTION     0.04     0.05   225.80     0  22:00        0.05
  WWMI92152            JUNCTION     0.04     0.04   224.00     0  22:00        0.04
  WWMI92156            JUNCTION     0.03     0.04   244.69     0  22:07        0.04
  WWMI92157            JUNCTION     0.05     0.05   245.62     0  22:04        0.05
  WWMI92158            JUNCTION     0.04     0.04   247.15     0  22:02        0.04
  WWMI92159            JUNCTION     0.04     0.05   248.15     0  22:00        0.05
  WWMI92161            JUNCTION     0.04     0.05   249.63     0  22:00        0.05
  WWMJ111043           JUNCTION     0.02     0.04   184.37     0  09:00        0.04
  WWMJ111047           JUNCTION     0.05     0.10   176.83     0  09:00        0.10
  WWMJ111056           JUNCTION     0.02     0.03   191.79     1  08:44        0.03
  WWMJ111094           JUNCTION     0.04     0.08   178.03     0  08:12        0.08
  WWMJ111103           JUNCTION     0.02     0.05   177.24     0  08:18        0.05
  WWMJ120001           JUNCTION     0.05     0.11   163.74     0  08:13        0.11
  WWMJ120009           JUNCTION     1.46     1.63   162.62     4  08:00        1.63
  WWMJ120010           JUNCTION     0.03     0.07   153.14     0  09:01        0.07
  WWMJ120012           JUNCTION     0.14     0.31   160.55     0  09:01        0.31
  WWMJ120013           JUNCTION     0.09     0.21   161.56     0  09:00        0.21
  WWMJ120014           JUNCTION     0.08     0.20   162.30     0  09:00        0.20
  WWMJ120015           JUNCTION     0.00     0.00   164.04     0  00:00        0.00
  WWMJ120016           JUNCTION     0.05     0.11   124.53     0  09:01        0.11
  WWMJ120017           JUNCTION     0.05     0.10   122.47     0  09:02        0.10
  WWMJ120018           JUNCTION     0.00     0.00   135.90     0  00:00        0.00
  WWMJ120021           JUNCTION     0.03     0.08   166.24     0  09:00        0.08
  WWMJ120022           JUNCTION     0.05     0.10   168.70     0  09:00        0.10
  WWMJ120023           JUNCTION     0.03     0.06   172.61     0  09:00        0.06
  WWMJ120024           JUNCTION     0.02     0.05   177.06     0  09:00        0.05
  WWMJ120025           JUNCTION     0.04     0.08   174.93     0  09:00        0.08
  WWMJ120026           JUNCTION     0.08     0.17   174.58     0  09:00        0.17
  WWMJ120027           JUNCTION     0.04     0.10   176.24     0  09:00        0.10
  WWMJ120032           JUNCTION     0.05     0.11   173.00     0  09:00        0.11
  WWMJ120033           JUNCTION     0.04     0.09   171.67     0  09:00        0.09
  WWMJ120034           JUNCTION     0.52     0.60   125.45     3  08:00        0.60
  WWMJ120035           JUNCTION     0.05     0.11   126.42     3  08:00        0.11
  WWMJ120036           JUNCTION     0.06     0.12   127.58     3  08:00        0.12
  WWMJ120037           JUNCTION     0.03     0.06   132.47     3  08:00        0.06
  WWMJ120038           JUNCTION     0.04     0.09   139.54     3  08:00        0.09
  WWMJ120039           JUNCTION     0.05     0.09   141.33     3  08:00        0.09
  WWMJ120040           JUNCTION     0.04     0.08   143.56     3  08:00        0.08
  WWMJ120041           JUNCTION     0.04     0.08   146.10     3  08:00        0.08
  WWMJ120042           JUNCTION     0.04     0.08   153.42     3  08:00        0.08
  WWMJ120043           JUNCTION     0.05     0.10   167.24     0  09:01        0.10
  WWMJ120047           JUNCTION     7.81     8.69   121.72     2  03:17        8.61
  WWMJ120048           JUNCTION     0.05     0.12   159.45     0  09:01        0.12
  WWMJ120060           JUNCTION     0.04     0.09   136.81     3  08:00        0.09
  WWMK120007           JUNCTION     0.03     0.06   154.61     3  08:00        0.06
  WWMK120008           JUNCTION     0.16     0.20   154.74     3  08:00        0.20
  WWMK120009           JUNCTION     0.03     0.05   156.99     0  08:00        0.05
  OF-3                 OUTFALL      0.10     0.26    73.38     4  23:09        0.26
  F109157              STORAGE      2.77     4.42   165.02     4  07:36        4.42
  F118029              STORAGE      1.73     3.29   135.89     5  03:00        3.29
  F137193              STORAGE      3.43     4.67   145.02     3  22:38        4.67
  F137204              STORAGE      3.11     5.00   106.90     1  19:28        5.00
  F89189               STORAGE      5.41     8.50   185.60     4  05:23        8.50
  G146040              STORAGE      3.54     5.33   142.93     2  06:21        5.33
  HWY240LS             STORAGE      5.38     7.50   150.50     2  19:07        7.50
  J120019              STORAGE      3.67     6.00   119.60     4  19:52        5.99
  
  
  *******************
  Node Inflow Summary
  *******************
  
  -------------------------------------------------------------------------------------------------
                                  Maximum  Maximum                  Lateral       Total        Flow
                                  Lateral    Total  Time of Max      Inflow      Inflow     Balance
                                   Inflow   Inflow   Occurrence      Volume      Volume       Error
  Node                 Type           GPM      GPM  days hr:min    10^6 gal    10^6 gal     Percent
  -------------------------------------------------------------------------------------------------
  J-100                JUNCTION      0.00   124.89     4  07:58           0       0.139       0.004
  J-110                JUNCTION      0.00     0.00     0  00:00           0           0       0.000 gal
  J-120_ANDR           JUNCTION      0.00   200.04     2  06:27           0      0.0142       9.875
  J-130_CHAR           JUNCTION      0.00   700.00     1  16:50           0     0.00583      25.685
  J-140_CHEHAL         JUNCTION      0.00  1600.00     1  05:07           0      0.0504       2.554
  J-150_CREEKSD        JUNCTION      0.00   445.00     1  22:42           0     0.00454      30.617
  J-160_DAY            JUNCTION      0.00  2600.00     1  05:20           0      0.0873      18.960
  J-170_FERN1          JUNCTION      0.00  2400.00     0  19:00           0       0.173       2.068
  J-190_HWY240_1       JUNCTION      0.00  3200.00     0  21:01           0       0.147       1.077
  J-210_SHER1          JUNCTION      0.00     0.00     0  00:00           0           0       0.000 gal
  J-230_CHEHAL_BASEFLOW JUNCTION     14.48    14.48     0  07:00      0.0566      0.0566       0.008
  J-240_CREEK_BASEFLOW JUNCTION      1.61     1.61     0  07:00     0.00671     0.00671       0.012
  J-250_SHER_BASEFLOW  JUNCTION      0.67     0.67     0  07:00     0.00278     0.00278       0.022
  J-260_CHAR_BASEFLOW  JUNCTION      1.96     1.96     0  07:00     0.00818     0.00818       0.006
  J-270_ANDR_BASEFLOW  JUNCTION      3.84     3.84     0  07:00       0.016       0.016       0.008
  WWMF109000           JUNCTION      0.00   205.67     4  07:45           0       0.132       0.047
  WWMF109001           JUNCTION      0.00   205.63     4  07:45           0       0.132       0.004
  WWMF109002           JUNCTION      0.56   212.51     4  07:43     0.00235       0.132       0.035
  WWMF109003           JUNCTION      0.00   221.36     4  07:42           0        0.13       0.027
  WWMF109004           JUNCTION      1.61   263.07     4  07:36     0.00671        0.13      -0.098
  WWMF109005           JUNCTION      1.20    27.69     3  08:00     0.00502       0.119       0.027
  WWMF109006           JUNCTION      0.56    26.53     3  08:00     0.00235       0.114       0.021
  WWMF109040           JUNCTION      0.00     0.00     0  00:00           0           0       0.000 gal
  WWMF109150           JUNCTION      0.00   208.37     4  07:44           0       0.132       0.013
  WWMF109153           JUNCTION      0.89   202.02     4  07:46     0.00371       0.136       0.005
  WWMF117018           JUNCTION      0.06     1.89     4  02:10    0.000445      0.0139       0.538
  WWMF117019           JUNCTION      0.33     1.83     4  21:32     0.00241      0.0135       0.128
  WWMF117020           JUNCTION      1.22     1.51     4  22:53       0.009      0.0111       0.448
  WWMF117021           JUNCTION      0.29     0.29     0  00:00     0.00212     0.00212       0.387
  WWMF117022           JUNCTION      0.00     0.00     0  00:00           0           0       0.000 gal
  WWMF117023           JUNCTION      0.00     0.00     0  00:00           0           0       0.000 gal
  WWMF117024           JUNCTION      0.00     0.00     0  00:00           0           0       0.000 gal
  WWMF117025           JUNCTION      0.00   126.10     4  07:57           0       0.139       0.019
  WWMF117026           JUNCTION      0.00   130.79     4  07:55           0        0.14       0.041
  WWMF117027           JUNCTION      0.16   174.06     4  07:50    0.000655        0.14       0.172
  WWMF117028           JUNCTION      0.00   174.12     4  07:49           0       0.139       0.020
  WWMF118001           JUNCTION      0.00     3.79     3  02:50           0    3.46e-05     -98.515
  WWMF118002           JUNCTION      0.00     4.13     3  02:50           0     0.00559   16067.159
  WWMF118003           JUNCTION      0.62     1.38     0  07:45     0.00259       0.005       0.123
  WWMF118023           JUNCTION      0.00     1.27     3  07:59           0       0.005      -0.276
  WWMF118024           JUNCTION      0.00     0.45     0  08:00           0     0.00175       0.262
  WWMF118025           JUNCTION      0.00     4.60     4  07:48           0     0.00175       0.099
  WWMF118026           JUNCTION      0.46   192.80     4  07:47     0.00194       0.139       0.077
  WWMF118048           JUNCTION      0.00   130.40     4  07:59           0       0.164       0.019
  WWMF118049           JUNCTION      5.80   130.41     4  07:59      0.0242       0.164       0.003
  WWMF118050           JUNCTION      0.00   124.85     4  07:58           0       0.139       0.009
  WWMF127007           JUNCTION      0.28    13.51     2  16:59     0.00209      0.0681       0.169
  WWMF127008           JUNCTION      0.13    13.53     2  16:53    0.000995      0.0589       0.030
  WWMF127009           JUNCTION      0.11    15.94     0  17:08    0.000811      0.0614       5.951
  WWMF127010           JUNCTION      0.07    16.80     0  17:06     0.00055      0.0607       0.141
  WWMF127011           JUNCTION      0.00    17.66     0  16:24           0      0.0593      -1.308
  WWMF127012           JUNCTION      1.26    55.38     2  04:42     0.00927      0.0547      -9.605
  WWMF127013           JUNCTION      0.00   169.39     0  04:48           0       0.054      16.168
  WWMF127014           JUNCTION      0.00    18.27     1  03:10           0      0.0531       0.502
  WWMF127015           JUNCTION      3.32     7.08     0  13:11      0.0245      0.0521       0.064
  WWMF127016           JUNCTION      0.00     3.76     3  03:01           0      0.0275       0.009
  WWMF127017           JUNCTION      1.86     3.76     1  03:32      0.0137      0.0276       0.111
  WWMF127044           JUNCTION      0.97     0.97     0  00:00     0.00715     0.00715       0.085
  WWMF127115           JUNCTION      0.15     5.76     3  09:24      0.0011      0.0422       0.023
  WWMF127116           JUNCTION      0.25     3.62     4  20:46     0.00183      0.0265       0.160
  WWMF127117           JUNCTION      0.45     3.38     0  21:10     0.00335      0.0248       0.555
  WWMF127118           JUNCTION      0.02     2.92     3  02:51    0.000183      0.0215       0.250
  WWMF127119           JUNCTION      2.82     2.82     0  00:00      0.0208      0.0208       0.022
  WWMF127203           JUNCTION      0.08     2.90     0  21:02    0.000602      0.0213       0.200
  WWMF127220           JUNCTION      0.00     2.82     0  00:10           0      0.0208       0.159
  WWMF137001           JUNCTION      0.00    12.24     1  15:54           0      0.0715      -0.020
  WWMF137002           JUNCTION      0.11    12.24     1  15:54    0.000785      0.0715       0.010
  WWMF137003           JUNCTION      0.39    12.16     1  15:52     0.00288      0.0707       0.038
  WWMF137004           JUNCTION      0.00    11.78     1  15:51           0      0.0679       0.024
  WWMF137005           JUNCTION      0.00    12.81     2  17:08           0      0.0681       0.345
  WWMF137006           JUNCTION      0.02    13.14     2  17:05    0.000131      0.0682       0.080
  WWMF137072           JUNCTION      1.88    14.12     1  15:55      0.0138      0.0853       0.029
  WWMF79028            JUNCTION      1.30    11.40     0  23:29     0.00589      0.0244       3.236
  WWMF79029            JUNCTION      0.00    16.24     4  04:02           0      0.0185      -0.283
  WWMF79030            JUNCTION      0.00    14.33     4  04:03           0      0.0193       1.760
  WWMF79031            JUNCTION      0.00    10.18     4  05:14           0      0.0174     -11.204
  WWMF89019            JUNCTION      0.00    13.49     4  07:59           0      0.0587       0.051
  WWMF89020            JUNCTION      0.00    13.49     4  07:59           0      0.0587       0.005
  WWMF89021            JUNCTION      3.03    13.49     4  07:58      0.0137      0.0587       0.019
  WWMF89022            JUNCTION      0.00    10.47     4  07:55           0       0.045       0.118
  WWMF89023            JUNCTION      0.50    10.22     1  07:49     0.00228      0.0437       0.026
  WWMF89024            JUNCTION      3.01     9.74     1  07:48      0.0136      0.0414       0.013
  WWMF89025            JUNCTION      0.00     7.20     0  23:30           0      0.0278       0.030
  WWMF89026            JUNCTION      0.00     7.84     0  23:30           0      0.0278       0.009
  WWMF89027            JUNCTION      0.94    13.20     4  04:03     0.00426      0.0279       0.030
  WWMF89160            JUNCTION      0.30    10.49     3  07:39     0.00134       0.045       0.051
  WWMF99007            JUNCTION      4.82    26.01     3  08:00      0.0201       0.112       0.033
  WWMF99008            JUNCTION      0.00    21.21     3  08:00           0       0.092       0.012
  WWMF99009            JUNCTION      1.17    21.23     3  08:00     0.00488       0.092       0.032
  WWMF99011            JUNCTION      0.00    20.09     3  08:00           0      0.0872       0.044
  WWMF99012            JUNCTION      1.73    20.09     3  08:00     0.00723      0.0872       0.010
  WWMF99013            JUNCTION      1.33    18.37     4  08:00     0.00556        0.08       0.019
  WWMF99014            JUNCTION      0.00    17.05     4  08:00           0      0.0744       0.029
  WWMF99015            JUNCTION      1.00    17.05     4  08:00     0.00417      0.0745       0.017
  WWMF99016            JUNCTION      0.20    16.06     4  08:00    0.000911      0.0703       0.017
  WWMF99017            JUNCTION      0.00    15.86     4  08:00           0      0.0694       0.009
  WWMF99018            JUNCTION      2.00    15.86     4  08:00     0.00906      0.0694       0.016
  WWMF99152            JUNCTION      0.38    13.86     4  08:00     0.00171      0.0604       0.015
  WWMG108005           JUNCTION      0.00     0.86     0  07:36           0     0.00241      -0.011
  WWMG108006           JUNCTION      0.00     0.60     3  07:36           0     0.00243       0.680
  WWMG108007           JUNCTION      0.58     0.58     0  07:00     0.00243     0.00243      -0.026
  WWMG108008           JUNCTION      0.20    15.10     0  08:00    0.000797      0.0589       0.690
  WWMG108009           JUNCTION      0.05    14.90     0  08:00    0.000177      0.0581       0.049
  WWMG108010           JUNCTION      0.00    14.85     0  08:00           0      0.0579       0.035
  WWMG108011           JUNCTION     14.85    14.85     0  07:00       0.058       0.058       0.143
  WWMG108080           JUNCTION      0.26   390.86     3  09:46       0.001       0.208      -0.075
  WWMG109046           JUNCTION      0.00   493.40     3  09:41           0       0.152       1.959
  WWMG109047           JUNCTION      1.96   505.56     3  09:39     0.00764       0.152      -0.019
  WWMG109048           JUNCTION      1.06   592.23     3  09:36     0.00413       0.146       0.990
  WWMG109049           JUNCTION      0.31   896.21     3  09:32     0.00121        0.14      -1.423
  WWMG109050           JUNCTION      0.17   904.24     3  09:32    0.000679        0.14       1.415
  WWMG109051           JUNCTION      0.11   942.13     3  09:31    0.000413        0.14       0.042
  WWMG114000           JUNCTION      0.79    30.26     0  11:01     0.00586       0.181       0.008
  WWMG114001           JUNCTION      0.00     0.00     0  00:00           0           0       0.000 gal
  WWMG114002           JUNCTION      0.31     9.55     0  09:17     0.00228     0.00794      65.170
  WWMG116235           JUNCTION      0.29  1405.46     4  07:05     0.00217       0.366       3.607
  WWMG116236           JUNCTION      0.76  1605.52     4  07:03     0.00558       0.359      -1.372
  WWMG116237           JUNCTION      1.27  1932.28     4  07:02      0.0094       0.363       2.772
  WWMG116238           JUNCTION      0.23  1930.50     4  07:02     0.00168       0.354       0.011
  WWMG116239           JUNCTION      0.42  2017.83     4  07:01     0.00165       0.352       0.036
  WWMG116240           JUNCTION      0.17  2262.22     1  07:32    0.000679        0.35      -0.041
  WWMG116241           JUNCTION      0.20  2300.48     1  07:32    0.000797       0.347      -0.630
  WWMG117195           JUNCTION      0.32  6308.47     0  21:02     0.00124       0.355       2.406
  WWMG118004           JUNCTION      0.00     0.79     0  07:40           0     0.00241       0.041
  WWMG118086           JUNCTION      0.76   388.92     3  09:47     0.00295       0.212       0.173
  WWMG118104           JUNCTION      0.00  3879.71     0  21:02           0       0.145       1.619
  WWMG123072           JUNCTION      0.00  1266.97     4  23:56           0        1.07       0.258
  WWMG123073           JUNCTION      0.00  1267.03     4  23:48           0        1.07       0.245
  WWMG123074           JUNCTION   1241.12  1267.04     4  23:45       0.883        1.07       0.231
  WWMG123075           JUNCTION      0.00    31.42     0  11:05           0       0.189       0.029
  WWMG123076           JUNCTION      0.67    31.42     0  11:04     0.00495       0.189       0.011
  WWMG123077           JUNCTION      0.00    30.75     0  11:03           0       0.184       0.021
  WWMG123078           JUNCTION      0.50    30.75     0  11:03     0.00366       0.184       0.019
  WWMG123079           JUNCTION      0.00    30.26     0  11:02           0       0.181       0.030
  WWMG126098           JUNCTION      0.15     8.54     2  02:17     0.00113      0.0566       0.594
  WWMG126102           JUNCTION      0.82     7.11     1  01:01     0.00607      0.0462       0.055
  WWMG126147           JUNCTION      0.00     0.00     0  00:00           0           0       0.000 gal
  WWMG126164           JUNCTION      0.44     0.44     0  00:00     0.00327     0.00327       0.007
  WWMG126200           JUNCTION      0.16     6.55     1  01:07     0.00118      0.0456       1.753
  WWMG126236           JUNCTION      0.63  1018.50     4  07:12     0.00466        0.38       1.419
  WWMG126237           JUNCTION      0.54  1046.84     4  07:11       0.004       0.374      -0.284
  WWMG126238           JUNCTION      0.17  1043.71     4  07:11     0.00123       0.375       1.352
  WWMG126239           JUNCTION      0.19  1046.79     4  07:11     0.00141       0.379       1.264
  WWMG126240           JUNCTION      0.01  1043.00     4  07:10    7.85e-05       0.377      -0.017
  WWMG126241           JUNCTION      0.60  1054.33     4  07:09     0.00442        0.37       0.017
  WWMG126242           JUNCTION      0.07  1086.67     4  07:08    0.000523       0.366       0.030
  WWMG126243           JUNCTION      0.07  1321.73     4  07:06    0.000523       0.357      -2.307
  WWMG127109           JUNCTION      0.11     6.43     0  04:27    0.000811     0.00425     232.824
  WWMG127110           JUNCTION      0.17     8.05     0  04:28     0.00128     0.00726      39.132
  WWMG127114           JUNCTION      0.07     5.83     3  02:52     0.00055      0.0427       0.033
  WWMG127133           JUNCTION      1.98     1.98     0  00:00      0.0146      0.0146       0.048
  WWMG127188           JUNCTION      1.29     8.39     1  01:02      0.0095      0.0557       0.347
  WWMG127195           JUNCTION      0.91  1047.20     4  07:09     0.00673       0.377      -0.050
  WWMG136015           JUNCTION      0.38   531.72     2  09:59      0.0028       0.532       0.023
  WWMG136016           JUNCTION      0.05   870.85     4  04:31    0.000393       0.566       2.722
  WWMG136017           JUNCTION      0.63   788.63     4  07:18     0.00463       0.478      -0.508
  WWMG136018           JUNCTION      1.91   791.13     4  07:16      0.0141       0.472       0.390
  WWMG136019           JUNCTION      0.00   961.07     4  07:14           0        0.46       0.475
  WWMG136020           JUNCTION      0.92   767.21     2  09:52     0.00678       0.495       0.428
  WWMG136021           JUNCTION      0.66    12.29     2  03:01     0.00484      0.0835       0.010
  WWMG136035           JUNCTION      0.27   144.18     2  06:37     0.00202      0.0539       0.033
  WWMG136036           JUNCTION      0.00   168.72     2  06:35           0      0.0484       0.417
  WWMG136037           JUNCTION      0.46   202.76     2  06:27     0.00343      0.0382       0.570
  WWMG136038           JUNCTION      1.31   142.45     3  09:47     0.00966       0.022       0.676
  WWMG136039           JUNCTION      0.02   192.35     4  12:33    0.000183      0.0113     -10.721
  WWMG136050           JUNCTION      0.30     0.62     2  00:00      0.0022     0.00457       0.378
  WWMG136051           JUNCTION      0.08     0.54     3  00:40    0.000602     0.00288    2879.743 gal
  WWMG136053           JUNCTION      0.07     0.25     2  01:02    0.000497     0.00185       0.328
  WWMG136054           JUNCTION      0.06     0.20     0  00:23    0.000471     0.00136       0.709
  WWMG136064           JUNCTION      0.27    11.64     2  02:58     0.00199      0.0787       0.065
  WWMG136065           JUNCTION      0.82    11.37     2  02:50     0.00605      0.0768       0.194
  WWMG136066           JUNCTION      1.34    10.55     2  02:44     0.00989      0.0709       0.136
  WWMG136067           JUNCTION      0.26     9.21     2  02:40     0.00194       0.061       0.089
  WWMG136068           JUNCTION      0.25     8.95     2  02:36     0.00183       0.059      -0.201
  WWMG136069           JUNCTION      0.02     8.70     2  02:35    0.000157      0.0574       0.405
  WWMG136070           JUNCTION      0.14     8.68     2  02:30     0.00102      0.0573       0.157
  WWMG136074           JUNCTION      0.32     0.32     0  00:00     0.00238     0.00238       0.378
  WWMG136095           JUNCTION      0.73     0.88     3  03:41     0.00537      0.0065       0.108
  WWMG136097           JUNCTION      0.10     0.10     0  00:00    0.000707    0.000707     706.704 gal
  WWMG136100           JUNCTION      0.00     0.00     0  00:00           0           0       0.000 gal
  WWMG136254           JUNCTION      0.12     0.12     0  00:00     0.00089     0.00089       0.091
  WWMG136260           JUNCTION      0.07   947.76     4  07:14    0.000523       0.375      -0.349
  WWMG137106           JUNCTION      0.00     0.98     0  00:48           0     0.00649       0.987
  WWMG137107           JUNCTION      0.00     0.45     0  00:12           0     0.00115       1.257
  WWMG137183           JUNCTION      0.16     0.16     0  00:12     0.00115     0.00115       0.244
  WWMG137193           JUNCTION      0.15     0.45     3  00:09     0.00113     0.00297      30.280
  WWMG137194           JUNCTION      0.48   169.06     2  06:35     0.00351      0.0517      -0.234
  WWMG137195           JUNCTION      1.67   171.84     2  06:35      0.0124      0.0485       0.074
  WWMG146012           JUNCTION      0.06    24.69     2  10:06    0.000471     0.00821      -4.145
  WWMG146013           JUNCTION      0.00     0.87     0  01:47           0     0.00638       0.017
  WWMG146014           JUNCTION      0.24   530.77     2  10:01     0.00175       0.533       0.417
  WWMG146025           JUNCTION      0.87     0.87     0  00:00     0.00639     0.00639       0.082
  WWMG146075           JUNCTION      0.00   528.76     2  10:02           0       0.531       0.005
  WWMG146076           JUNCTION      0.00   530.61     2  10:03           0        0.54       0.449
  WWMG146077           JUNCTION      0.08   490.12     2  10:06    0.000602       0.542       0.092
  WWMG146078           JUNCTION      0.05     0.67     2  01:55    0.000393     0.00495       0.014
  WWMG146079           JUNCTION      0.06   475.52     2  10:10    0.000419       0.541       0.100
  WWMG79032            JUNCTION      2.50     4.99     1  07:52      0.0113      0.0209      23.578
  WWMG79033            JUNCTION      0.11     2.04     0  08:00    0.000509     0.00924       0.048
  WWMG79034            JUNCTION      1.93     1.93     0  07:00     0.00873     0.00873       0.039
  WWMG79195            JUNCTION      0.12     3.29     2  07:24    0.000304     0.00788       0.010
  WWMG79196            JUNCTION      0.82     3.22     2  07:20     0.00207     0.00759       0.183
  WWMG79244            JUNCTION      0.46     3.17     2  05:11     0.00116     0.00553       0.102
  WWMG79245            JUNCTION      0.00     8.21     1  04:16           0     0.00415     -20.003
  WWMG79246            JUNCTION      1.75     2.29     0  06:52     0.00442     0.00524      26.171
  WWMG89076            JUNCTION      0.83     0.83     0  07:00     0.00325     0.00325       0.000
  WWMG89185            JUNCTION      0.00    28.93     1  07:47           0      0.0728       0.003
  WWMG89186            JUNCTION      0.14    28.93     1  07:46    0.000359      0.0728       0.009
  WWMG89187            JUNCTION      0.28    28.80     1  07:44    0.000718      0.0725       0.024
  WWMG89189            JUNCTION      1.13    28.52     1  07:42     0.00284      0.0718       0.016
  WWMG89192            JUNCTION      0.11    27.42     1  07:40    0.000275      0.0689       0.020
  WWMG89193            JUNCTION     17.52    27.31     1  07:39      0.0443      0.0687       0.007
  WWMG89194            JUNCTION      6.54     9.80     1  07:37      0.0165      0.0244       0.015
  WWMG89250            JUNCTION      0.00  2253.76     1  05:08           0      0.0485      -1.796
  WWMG89258            JUNCTION      1.38  1511.88     4  21:37      0.0054        0.13       0.058
  WWMG89259            JUNCTION      0.00  1676.65     4  21:36           0       0.125       0.631
  WWMG89260            JUNCTION      0.00  4257.86     1  05:08           0       0.125       0.138
  WWMG89261            JUNCTION      0.00    28.93     1  07:48           0      0.0728       0.022
  WWMG99099            JUNCTION      0.26   982.31     3  09:30       0.001       0.139       0.043
  WWMG99100            JUNCTION      1.45  1005.82     3  09:30     0.00567       0.138       0.035
  WWMG99101            JUNCTION      0.06  1049.57     3  09:29    0.000236       0.133       0.046
  WWMG99102            JUNCTION      0.00  1130.66     3  09:28           0       0.133       0.052
  WWMG99104            JUNCTION      0.06  1264.76     3  09:27    0.000236       0.133       0.052
  WWMG99105            JUNCTION      0.68  1371.76     3  09:26     0.00266       0.132       0.043
  WWMH104008           JUNCTION      0.00    13.66     0  09:00           0      0.0531       0.016
  WWMH104009           JUNCTION      0.00    13.67     0  09:00           0      0.0532       0.018
  WWMH104010           JUNCTION      0.18    13.67     0  09:00    0.000689      0.0532       0.003
  WWMH104011           JUNCTION      2.31    13.51     0  09:00     0.00896      0.0525       0.047
  WWMH104012           JUNCTION      0.29    11.20     0  09:00     0.00113      0.0435       0.012
  WWMH104040           JUNCTION      0.00     4.58     0  11:00           0      0.0271       0.015
  WWMH104041           JUNCTION      1.49     4.59     0  11:00     0.00885      0.0271       0.074
  WWMH104042           JUNCTION      0.31     3.10     0  11:00     0.00185      0.0183       0.130
  WWMH104043           JUNCTION      0.45     2.78     0  11:00     0.00267      0.0165       0.183
  WWMH104044           JUNCTION      2.33     2.33     0  10:00      0.0138      0.0138       0.152
  WWMH105001           JUNCTION      4.13    10.91     0  09:00       0.016      0.0424       0.004
  WWMH105002           JUNCTION      0.00     6.80     0  09:00           0      0.0264       0.044
  WWMH105003           JUNCTION      1.49     6.80     0  09:00     0.00576      0.0264       0.005
  WWMH105004           JUNCTION      0.00     5.32     0  09:00           0      0.0207       0.021
  WWMH105005           JUNCTION      3.30     5.32     0  09:00      0.0128      0.0207       0.020
  WWMH105017           JUNCTION      0.00     2.02     0  09:00           0     0.00785       0.020
  WWMH114003           JUNCTION      0.00    32.24     1  03:51           0      0.0137     -36.244
  WWMH114004           JUNCTION      2.79    39.90     1  03:51      0.0206      0.0781       1.451
  WWMH114005           JUNCTION      0.00    33.03     1  03:51           0      0.0532       3.252
  WWMH114006           JUNCTION      0.00    31.82     0  14:20           0      0.0537       2.303
  WWMH114007           JUNCTION      0.00    13.65     0  09:01           0      0.0531       0.021
  WWMH114026           JUNCTION      0.00    29.47     2  11:00           0       0.175       0.006
  WWMH114027           JUNCTION      0.42    29.48     2  11:00     0.00246       0.175       0.010
  WWMH114028           JUNCTION      0.00    29.06     0  11:00           0       0.172       0.020
  WWMH114029           JUNCTION      0.13    29.07     2  11:00    0.000795       0.172       0.030
  WWMH114030           JUNCTION      0.25    28.94     2  11:00     0.00151       0.172       0.012
  WWMH114031           JUNCTION     22.82    28.70     0  11:00       0.135        0.17       0.043
  WWMH114033           JUNCTION      0.18     5.90     0  11:11     0.00106       0.035       0.065
  WWMH114035           JUNCTION      0.01     5.74     0  11:00    7.95e-05       0.034       0.113
  WWMH114036           JUNCTION      0.71     5.73     0  11:00     0.00421       0.034       0.041
  WWMH114037           JUNCTION      0.35     5.03     0  11:00     0.00207      0.0298       0.110
  WWMH114038           JUNCTION      0.11     4.69     0  11:00    0.000636      0.0277       0.054
  WWMH114039           JUNCTION      0.00     4.58     0  11:00           0      0.0271       0.058
  WWMH114127           JUNCTION      0.00    29.47     0  11:00           0       0.175       0.013
  WWMH114140           JUNCTION      0.30    16.71     0  09:05      0.0022      0.0219      79.735
  WWMH123003           JUNCTION      0.92    19.64     0  12:00     0.00675      0.0906       0.006
  WWMH123004           JUNCTION      0.78    18.72     0  12:00     0.00578      0.0839       0.050
  WWMH123005           JUNCTION      0.10    17.94     0  12:00    0.000733      0.0781       0.057
  WWMH123006           JUNCTION      3.29    17.84     0  12:00      0.0143      0.0774       0.042
  WWMH123007           JUNCTION     14.54    14.54     0  11:00      0.0632      0.0632       0.049
  WWMH123068           JUNCTION      0.00  1270.63     4  23:59           0        1.09       0.261
  WWMH123069           JUNCTION      0.00  1270.63     4  23:58           0        1.09       0.081
  WWMH123070           JUNCTION      3.67  1270.63     4  23:58      0.0271        1.09       0.087
  WWMH123071           JUNCTION      0.00  1266.97     4  23:57           0        1.06       0.122
  WWMH126133           JUNCTION      0.20     0.20     0  00:00     0.00149     0.00149       0.122
  WWMH131073           JUNCTION      0.00  1289.23     5  00:06           0        1.18       0.389
  WWMH131074           JUNCTION      0.00  1288.43     5  00:20           0        1.18       0.219
  WWMH131075           JUNCTION      0.00  1289.48     5  00:06           0        1.19       0.284
  WWMH131080           JUNCTION      0.00  1292.31     5  00:11           0        1.19       0.236
  WWMH131081           JUNCTION      3.42  1285.73     5  00:07      0.0252        1.19       0.218
  WWMH131082           JUNCTION      0.00  1282.33     5  00:05           0        1.17       0.227
  WWMH131083           JUNCTION      0.00  1282.32     5  00:04           0        1.17       0.229
  WWMH133000           JUNCTION      0.00  1270.62     5  00:05           0        1.08       0.042
  WWMH133001           JUNCTION      0.00    19.64     0  12:01           0      0.0906       0.031
  WWMH133002           JUNCTION      0.00    19.64     0  12:00           0      0.0906       0.010
  WWMH133066           JUNCTION      0.00  1270.62     5  00:04           0        1.08       0.125
  WWMH133067           JUNCTION      0.00  1270.62     5  00:02           0        1.09       0.184
  WWMH133096           JUNCTION      0.00  1282.32     5  00:04           0        1.17       0.021
  WWMH136135           JUNCTION      0.01     2.72     5  02:59    0.000105     0.00299      90.696
  WWMH136204           JUNCTION      0.11     1.54     5  01:36    0.000785     0.00231       8.966
  WWMH136247           JUNCTION      0.02     0.59     4  21:37    0.000131     0.00429       0.170
  WWMH136248           JUNCTION      0.05     0.57     2  04:49    0.000393     0.00417       0.469
  WWMH136249           JUNCTION      0.51     0.51     0  00:00      0.0038      0.0038       0.377
  WWMH136250           JUNCTION      0.00     2.08     5  02:59           0     0.00152    3574.261
  WWMH136253           JUNCTION      0.18     3.52     5  01:34     0.00131     0.00347      20.936
  WWMH136262           JUNCTION      0.00     0.00     0  00:00           0           0       0.000 gal
  WWMH141000           JUNCTION      0.00  1638.05     4  23:09           0        1.95       0.003
  WWMH141001           JUNCTION      0.00  1339.04     4  23:57           0        1.42       0.053
  WWMH141002           JUNCTION      0.00  1362.09     5  00:06           0        1.49       4.792
  WWMH141003           JUNCTION      0.00  1355.02     5  00:46           0        1.47      -1.086
  WWMH141004           JUNCTION      0.00  1342.03     5  00:19           0        1.43      -2.586
  WWMH141005           JUNCTION      0.00  1331.73     5  00:13           0        1.46       1.835
  WWMH141006           JUNCTION      0.00   105.18     2  21:47           0       0.283      -0.005
  WWMH141007           JUNCTION      0.00   105.19     2  21:46           0       0.283      -0.013
  WWMH141071           JUNCTION      0.00  1293.32     5  01:00           0        1.18      -0.041
  WWMH141072           JUNCTION      0.00  1293.10     5  00:06           0        1.18       0.136
  WWMH146000           JUNCTION      0.00   336.32     2  10:39           0       0.537       0.045
  WWMH146001           JUNCTION      0.00   336.35     2  10:39           0       0.537      -0.073
  WWMH146002           JUNCTION      0.00   338.58     2  10:36           0       0.537       0.058
  WWMH146003           JUNCTION      0.00   341.44     2  10:33           0       0.538       0.069
  WWMH146004           JUNCTION      0.00   345.42     2  10:30           0       0.537      -0.072
  WWMH146005           JUNCTION      1.87   348.16     2  10:28      0.0138       0.539       0.305
  WWMH146006           JUNCTION      0.07   347.39     2  10:26     0.00055       0.525       0.041
  WWMH146007           JUNCTION      0.59   368.34     2  10:18     0.00434       0.535       2.818
  WWMH146008           JUNCTION      0.06   415.72     2  10:15    0.000419       0.537       1.181
  WWMH146246           JUNCTION      0.00     0.59     4  02:19           0     0.00428      -0.002
  WWMH146247           JUNCTION      0.04   473.56     2  10:11    0.000262       0.541       0.863
  WWMH95018            JUNCTION      0.43     2.02     0  09:00     0.00167     0.00786       0.040
  WWMH95019            JUNCTION      0.00     1.59     0  09:00           0     0.00618      -0.056
  WWMH95020            JUNCTION      0.10     1.59     0  09:00    0.000393      0.0062       0.318
  WWMH95021            JUNCTION      0.38     1.49     0  09:00     0.00148     0.00579      -0.349
  WWMH95022            JUNCTION      0.67     1.11     0  09:00     0.00261     0.00431       0.013
  WWMH95023            JUNCTION      0.44     0.44     0  08:00      0.0017      0.0017       0.036
  WWMH95024            JUNCTION      0.00     0.00     0  00:00           0           0       0.000 gal
  WWMI102001           JUNCTION      0.00     9.70     0  22:00           0      0.0578       0.092
  WWMI102002           JUNCTION      0.00     9.70     0  22:00           0      0.0578       0.096
  WWMI102003           JUNCTION      9.70     9.70     0  21:00      0.0579      0.0579       0.140
  WWMI102066           JUNCTION      0.21     8.97     0  22:00     0.00124      0.0536       0.051
  WWMI102067           JUNCTION      0.35     8.77     0  22:00     0.00209      0.0523       0.020
  WWMI102068           JUNCTION      1.85     8.42     0  22:00      0.0111      0.0503       0.037
  WWMI102069           JUNCTION      0.00     6.58     0  22:00           0      0.0393       0.094
  WWMI102070           JUNCTION      0.95     6.58     0  22:00     0.00566      0.0393       0.118
  WWMI102071           JUNCTION      0.07     5.63     0  22:00    0.000413      0.0336       0.028
  WWMI102072           JUNCTION      0.78     5.57     0  22:00     0.00468      0.0333       0.060
  WWMI102073           JUNCTION      0.74     4.79     0  22:00     0.00444      0.0286       0.020
  WWMI102131           JUNCTION      0.00     4.05     0  22:02           0      0.0241       0.030
  WWMI102132           JUNCTION      0.00     4.05     0  22:00           0      0.0242       0.040
  WWMI104050           JUNCTION      0.16     4.05     0  22:00    0.000982      0.0242       0.211
  WWMI104051           JUNCTION      0.00     4.05     0  22:00           0      0.0242       0.013
  WWMI111032           JUNCTION      0.00    28.77     0  22:01           0       0.171       0.082
  WWMI111035           JUNCTION      0.39    28.77     4  22:00     0.00233       0.171       0.052
  WWMI111036           JUNCTION      0.00    28.38     0  22:00           0       0.169       0.021
  WWMI111037           JUNCTION      1.62    28.38     0  22:00     0.00969       0.169       0.006
  WWMI111040           JUNCTION      0.02    28.78     4  22:00    0.000103       0.171       0.066
  WWMI111053           JUNCTION      2.95    26.76     0  22:00      0.0176        0.16       0.009
  WWMI111099           JUNCTION      5.16    23.82     0  22:00      0.0308       0.142       0.084
  WWMI112000           JUNCTION      0.00     9.70     0  22:00           0      0.0577       0.008
  WWMI121026           JUNCTION      0.00   275.02     2  21:08           0       0.243       0.196
  WWMI121027           JUNCTION      0.00   270.24     2  21:05           0       0.243      -0.053
  WWMI121028           JUNCTION      8.33    36.91     0  22:00      0.0485       0.221       0.026
  WWMI121029           JUNCTION      0.00    29.02     0  22:09           0       0.173       0.054
  WWMI121030           JUNCTION      0.00    29.02     0  22:08           0       0.173       0.027
  WWMI121031           JUNCTION      0.15    28.90     0  22:03    0.000878       0.172       0.074
  WWMI121100           JUNCTION      0.13    29.02     0  22:06    0.000801       0.173       0.041
  WWMI121103           JUNCTION      0.00   272.76     2  21:04           0       0.243       0.028
  WWMI131009           JUNCTION      0.36   110.93     2  21:40     0.00207       0.283       0.020
  WWMI131010           JUNCTION      0.01   113.25     2  21:37    7.85e-05       0.283       0.653
  WWMI131011           JUNCTION      0.14   116.09     2  21:34    0.000787       0.284       0.466
  WWMI131012           JUNCTION      0.02   117.18     2  21:33    0.000105       0.283       0.070
  WWMI131013           JUNCTION      0.00   130.18     2  21:28           0       0.284       0.216
  WWMI131014           JUNCTION      0.64   133.83     2  21:26     0.00372       0.285       0.575
  WWMI131017           JUNCTION      0.00   134.62     2  21:25           0       0.282       0.040
  WWMI131018           JUNCTION      4.58   134.66     2  21:25      0.0266       0.282       0.006
  WWMI131019           JUNCTION      0.00   139.21     2  21:22           0       0.255       0.074
  WWMI131020           JUNCTION      0.00   144.52     2  21:19           0       0.255       0.052
  WWMI131021           JUNCTION      0.00   158.02     2  21:16           0       0.255       0.068
  WWMI131022           JUNCTION      0.00   178.78     2  21:13           0       0.255       0.071
  WWMI131023           JUNCTION      2.80   224.13     2  21:10      0.0163       0.255       0.101
  WWMI131024           JUNCTION      0.00   221.13     2  21:10           0       0.243       1.570
  WWMI131025           JUNCTION      0.00   232.50     2  21:09           0       0.243       0.039
  WWMI131111           JUNCTION      0.16   138.68     2  21:21    0.000918       0.255       0.004
  WWMI141008           JUNCTION      0.00   110.50     2  21:42           0       0.283       0.105
  WWMI81               JUNCTION      0.01     0.01     0  21:00    7.75e-05    7.75e-05      -3.213
  WWMI92143            JUNCTION      0.00     0.28     0  00:37           0    8.01e-05       3.610
  WWMI92144            JUNCTION      0.00     0.11     0  00:26           0    7.73e-05      -2.840
  WWMI92146            JUNCTION      0.00     0.11     0  00:43           0    7.95e-05       3.391
  WWMI92147            JUNCTION      0.00     3.08     0  22:00           0      0.0152       0.103
  WWMI92148            JUNCTION      0.00     2.55     2  22:12           0      0.0152       0.043
  WWMI92149            JUNCTION      0.00     2.55     3  22:15           0      0.0151       0.082
  WWMI92150            JUNCTION      0.00     2.55     0  22:18           0      0.0151       0.013
  WWMI92151            JUNCTION      1.34     3.88     0  22:00     0.00801      0.0231       0.107
  WWMI92152            JUNCTION      0.02     3.89     0  22:00    0.000129      0.0232       0.058
  WWMI92156            JUNCTION      0.00     2.54     0  22:04           0      0.0151       0.056
  WWMI92157            JUNCTION      0.00     2.54     0  22:02           0      0.0151       0.082
  WWMI92158            JUNCTION      0.00     2.54     0  22:00           0      0.0151       0.129
  WWMI92159            JUNCTION      0.00     2.54     0  22:00           0      0.0151       0.050
  WWMI92161            JUNCTION      2.54     2.54     0  21:00      0.0152      0.0152       0.164
  WWMJ111043           JUNCTION      1.23     6.82     3  08:44     0.00196      0.0109       0.017
  WWMJ111047           JUNCTION      2.56    11.59     0  08:18     0.00408      0.0185       0.018
  WWMJ111056           JUNCTION      5.59     5.59     0  08:00      0.0089      0.0089       0.014
  WWMJ111094           JUNCTION      9.03     9.03     0  08:00      0.0144      0.0144      -0.003
  WWMJ111103           JUNCTION      0.00     9.04     0  08:14           0      0.0144       0.043
  WWMJ120001           JUNCTION     48.84    48.84     0  08:00      0.0778      0.0778       0.006
  WWMJ120009           JUNCTION      0.00    72.28     0  09:00           0       0.115       2.207
  WWMJ120010           JUNCTION      0.00    71.94     0  09:01           0       0.113       0.002
  WWMJ120012           JUNCTION      0.17    72.25     0  09:00    0.000274       0.113       0.050
  WWMJ120013           JUNCTION      0.00    72.25     0  09:00           0       0.113       0.074
  WWMJ120014           JUNCTION      0.00    72.28     0  09:00           0       0.113      -0.019
  WWMJ120015           JUNCTION      0.00     0.00     0  00:00           0           0       0.000 gal
  WWMJ120016           JUNCTION      0.00    97.47     0  09:01           0       0.189       0.002
  WWMJ120017           JUNCTION      0.00    97.46     0  09:01           0       0.189       0.002
  WWMJ120018           JUNCTION      0.00     0.00     0  00:00           0           0       0.000 gal
  WWMJ120021           JUNCTION      0.12    23.47     0  09:00    0.000196      0.0377       0.011
  WWMJ120022           JUNCTION      0.00    23.40     0  09:00           0      0.0375       0.013
  WWMJ120023           JUNCTION      0.00     6.82     0  09:00           0      0.0109       0.014
  WWMJ120024           JUNCTION      0.00     6.82     0  09:00           0      0.0109       0.021
  WWMJ120025           JUNCTION      0.94    13.98     0  09:00     0.00149      0.0222       0.075
  WWMJ120026           JUNCTION      0.64    14.62     0  09:00     0.00102      0.0233       0.053
  WWMJ120027           JUNCTION      1.45    13.05     0  09:00     0.00231      0.0208       0.032
  WWMJ120032           JUNCTION      2.12    16.60     0  09:00     0.00337      0.0266       0.028
  WWMJ120033           JUNCTION      0.05    23.43     0  09:00    7.12e-05      0.0375       0.014
  WWMJ120034           JUNCTION      0.00    34.01     3  08:00           0      0.0763       0.380
  WWMJ120035           JUNCTION      0.00    34.01     3  08:00           0      0.0763       0.001
  WWMJ120036           JUNCTION      0.00    34.01     3  08:00           0      0.0763       0.007
  WWMJ120037           JUNCTION      0.75    34.01     3  08:00     0.00168      0.0763      -0.002
  WWMJ120038           JUNCTION      0.13    31.27     3  08:00    0.000287      0.0701       0.002
  WWMJ120039           JUNCTION      0.00    31.14     3  08:00           0      0.0699       0.003
  WWMJ120040           JUNCTION      0.00    31.14     3  08:00           0      0.0699       0.001
  WWMJ120041           JUNCTION      1.10    31.14     3  08:00     0.00247      0.0699       0.001
  WWMJ120042           JUNCTION     23.81    30.04     3  08:00      0.0534      0.0674       0.004
  WWMJ120043           JUNCTION      0.00    23.38     0  09:00           0      0.0375       0.011
  WWMJ120047           JUNCTION      4.08     5.74     3  02:28      0.0238      0.0257     706.619
  WWMJ120048           JUNCTION      0.00    71.99     0  09:01           0       0.113       0.009
  WWMJ120060           JUNCTION      2.00    33.26     3  08:00     0.00448      0.0746       0.001
  WWMK120007           JUNCTION      0.39     6.23     3  08:00    0.000874       0.014       0.006
  WWMK120008           JUNCTION      0.71     5.84     0  08:00     0.00159      0.0131       0.205
  WWMK120009           JUNCTION      5.13     5.13     0  07:00      0.0115      0.0115       0.011
  OF-3                 OUTFALL       0.00  1635.52     4  23:09           0        1.95       0.000
  F109157              STORAGE       0.00     1.61     4  07:36           0     0.00671       0.083
  F118029              STORAGE       0.00     0.67     4  07:55           0     0.00278       0.001
  F137193              STORAGE       0.00     1.96     4  07:14           0     0.00818       0.015
  F137204              STORAGE       0.00    14.12     1  15:55           0      0.0853      -0.000
  F89189               STORAGE       0.00    14.48     0  07:11           0      0.0565      -0.005
  G146040              STORAGE       0.00     3.84     1  07:28           0       0.016      -0.025
  HWY240LS             STORAGE       0.00   129.73     4  08:00           0       0.164      -0.011
  J120019              STORAGE       0.00    99.57     4  09:02           0       0.192      -0.496
  
  
  **********************
  Node Surcharge Summary
  **********************
  
  Surcharging occurs when water rises above the top of the highest conduit.
  ---------------------------------------------------------------------
                                               Max. Height   Min. Depth
                                   Hours       Above Crown    Below Rim
  Node                 Type      Surcharged           Feet         Feet
  ---------------------------------------------------------------------
  J-120_ANDR           JUNCTION      112.57         39.129        0.000
  J-130_CHAR           JUNCTION       67.21         35.586        0.000
  J-140_CHEHAL         JUNCTION       93.86         56.300        0.000
  J-150_CREEKSD        JUNCTION        0.23         13.953        0.000
  J-160_DAY            JUNCTION      109.11         55.500        0.000
  J-170_FERN1          JUNCTION      103.98         52.500        0.000
  J-190_HWY240_1       JUNCTION      101.96         54.837        0.000
  WWMF118002           JUNCTION       90.42          4.830        6.156
  WWMF79028            JUNCTION      112.78          0.737        9.236
  WWMF79030            JUNCTION      117.24          2.594        4.129
  WWMF79031            JUNCTION      114.66          1.062        3.851
  WWMG114002           JUNCTION      113.72          5.021        0.159
  WWMG126238           JUNCTION      113.44          2.129        5.811
  WWMG126239           JUNCTION        8.87          0.575        8.085
  WWMG79032            JUNCTION      115.32          1.434        5.219
  WWMH114003           JUNCTION      112.61          4.026        2.224
  WWMH114004           JUNCTION      120.00          6.057        0.000
  WWMH114005           JUNCTION      110.10          2.513        8.297
  WWMH114006           JUNCTION      107.28          0.799       11.461
  WWMH114140           JUNCTION      113.21          4.688        3.952
  WWMH131073           JUNCTION      109.49          2.999        2.851
  WWMH131074           JUNCTION      108.62          2.347        4.013
  WWMH131075           JUNCTION        7.72          1.397        5.083
  WWMH131080           JUNCTION        5.27          0.764        9.406
  WWMH131081           JUNCTION        4.04          0.300        8.050
  WWMH136135           JUNCTION       29.20          0.308        8.728
  WWMH141002           JUNCTION      113.39          7.189        5.821
  WWMH141003           JUNCTION      112.69          6.842        5.718
  WWMH141004           JUNCTION      112.13          6.470        5.401
  WWMH141005           JUNCTION      111.49          5.868        5.342
  WWMH141071           JUNCTION      110.26          3.593        4.157
  WWMH141072           JUNCTION      109.61          2.880        3.050
  WWMI131024           JUNCTION       90.74          0.249        8.381
  WWMJ120009           JUNCTION      115.11          0.273        8.957
  WWMJ120047           JUNCTION      108.42          6.693       19.650
  
  
  *********************
  Node Flooding Summary
  *********************
  
  Flooding refers to all water that overflows a node, whether it ponds or not.
  --------------------------------------------------------------------------
                                                             Total   Maximum
                                 Maximum   Time of Max       Flood    Ponded
                        Hours       Rate    Occurrence      Volume     Depth
  Node                 Flooded       GPM   days hr:min    10^6 gal      Feet
  --------------------------------------------------------------------------
  J-140_CHEHAL            0.03    992.13      1  05:08       0.001    50.000
  J-160_DAY               0.49   2526.40      4  18:40       0.052    50.000
  J-170_FERN1             1.65   2067.90      0  19:01       0.148    50.000
  J-190_HWY240_1          0.01    497.31      4  21:45       0.000    50.000
  WWMH114004            105.46     34.68      2  04:01       0.069     0.000
  
  
  **********************
  Storage Volume Summary
  **********************
  
  ------------------------------------------------------------------------------------------------
                         Average    Avg   Evap  Exfil     Maximum    Max    Time of Max    Maximum
                          Volume   Pcnt   Pcnt   Pcnt      Volume   Pcnt     Occurrence    Outflow
  Storage Unit          1000 ft³   Full   Loss   Loss    1000 ft³   Full    days hr:min        GPM
  ------------------------------------------------------------------------------------------------
  F109157                  0.217   27.0    0.0    0.0       0.347   43.1       4  07:36     445.00
  F118029                  0.195   21.2    0.0    0.0       0.372   40.3       5  03:00       0.00
  F137193                  0.256   29.4    0.0    0.0       0.353   40.6       3  22:38     700.00
  F137204                  1.225   33.2    0.0    0.0       2.074   56.2       1  19:28    2600.00
  F89189                   1.043   34.0    0.0    0.0       1.665   54.2       4  05:23    1600.00
  G146040                  0.384   46.2    0.0    0.0       0.586   70.5       2  06:21     200.04
  HWY240LS                 2.127   22.5    0.0    0.0       3.079   32.6       2  19:07    3200.00
  J120019                  1.561   19.4    0.0    0.0       2.612   32.5       4  19:52    2400.45
  
  
  ***********************
  Outfall Loading Summary
  ***********************
  
  -----------------------------------------------------------
                         Flow       Avg       Max       Total
                         Freq      Flow      Flow      Volume
  Outfall Node           Pcnt       GPM       GPM    10^6 gal
  -----------------------------------------------------------
  OF-3                  99.11    311.19   1635.52       1.953
  -----------------------------------------------------------
  System                99.11    311.19   1635.52       1.953
  
  
  ********************
  Link Flow Summary
  ********************
  
  -----------------------------------------------------------------------------
                                 Maximum  Time of Max   Maximum    Max/    Max/
                                  |Flow|   Occurrence   |Veloc|    Full    Full
  Link                 Type          GPM  days hr:min    ft/sec    Flow   Depth
  -----------------------------------------------------------------------------
  WWFM0026             CONDUIT   2253.76     1  05:08      7.31    0.99    0.82
  WWFM0028             CONDUIT    189.71     4  12:32      4.85    1.46    1.00
  WWFM0038             CONDUIT    200.08     2  06:27      5.61    1.42    1.00
  WWFM0039             CONDUIT      0.00     0  00:00      0.00    0.00    0.00
  WWFM0040             CONDUIT      0.00     0  00:00      0.00    0.00    0.00
  WWFM0041             CONDUIT    865.64     4  04:31      2.46    0.35    1.00
  WWFM0042             CONDUIT    231.69     2  21:07      3.14    0.60    0.78
  WWFM0045             CONDUIT    234.91     4  07:36      6.00    1.53    1.00
  WWFM0048             CONDUIT   1941.10     0  21:02      8.02    1.33    0.96
  WWFM0049             CONDUIT   1938.60     0  21:02      8.01    1.33    0.96
  WWGM0002             CONDUIT      0.82     0  08:00      1.03    0.00    0.51
  WWGM0015             CONDUIT      0.94     0  02:04      0.63    0.00    0.04
  WWGM0152             CONDUIT     31.42     4  11:06      1.67    0.01    0.27
  WWGM0153             CONDUIT     31.42     0  11:05      1.18    0.01    0.07
  WWGM0154             CONDUIT     30.75     0  11:04      1.20    0.01    0.07
  WWGM0155             CONDUIT     30.26     0  11:03      1.58    0.01    0.06
  WWGM0156             CONDUIT     30.26     0  11:02      1.47    0.01    0.06
  WWGM0161             CONDUIT     29.47     0  11:01      2.87    0.03    0.12
  WWGM0162             CONDUIT     29.47     2  11:00      3.38    0.02    0.10
  WWGM0163             CONDUIT     29.06     0  11:00      3.35    0.02    0.10
  WWGM0164             CONDUIT     29.06     0  11:00      1.65    0.06    0.17
  WWGM0165             CONDUIT      0.00     0  00:00      0.00    0.00    0.00
  WWGM0166             CONDUIT      0.00     0  00:00      0.00    0.00    0.50
  WWGM0167             CONDUIT     10.94     4  02:47      0.33    0.04    1.00
  WWGM0168             CONDUIT     37.12     1  03:51      0.15    0.04    1.00
  WWGM0169             CONDUIT     33.03     1  03:51      0.13    0.02    1.00
  WWGM0170             CONDUIT     24.34     0  14:20      1.25    0.02    1.00
  WWGM0171             CONDUIT     13.64     1  09:02      1.24    0.01    0.54
  WWGM0173             CONDUIT     13.65     0  09:01      1.22    0.01    0.07
  WWGM0177             CONDUIT   2300.28     1  07:32      3.11    1.23    0.65
  WWGM0182             CONDUIT   2017.40     4  07:01      3.72    0.56    0.50
  WWGM0184             CONDUIT   1930.28     4  07:02      3.50    0.67    0.51
  WWGM0191             CONDUIT    349.76     3  09:51      1.99    0.12    0.31
  WWGM0198             CONDUIT   1931.01     4  07:02      9.05    0.10    0.36
  WWGM0206             CONDUIT   1342.03     5  00:19      0.95    0.15    1.00
  WWGM0207             CONDUIT    105.18     2  21:47      5.17    0.01    0.53
  WWGM0208             CONDUIT    105.18     2  21:47      8.42    0.01    0.06
  WWGM0209             CONDUIT    105.19     2  21:46      1.77    0.06    0.16
  WWGM0210             CONDUIT    110.50     2  21:42      1.84    0.06    0.17
  WWGM0211             CONDUIT   1290.65     5  00:19      2.34    0.43    1.00
  WWGM0212             CONDUIT   1293.32     5  01:00      2.35    0.56    1.00
  WWGM0213             CONDUIT   1293.10     5  00:06      2.35    1.28    1.00
  WWGM0214             CONDUIT   1289.23     5  00:06      2.34    0.87    1.00
  WWGM0215             CONDUIT   1288.43     5  00:20      2.34    0.72    1.00
  WWGM0232             CONDUIT      1.23     0  00:00      0.77    0.00    0.45
  WWGM0235             CONDUIT   1289.48     5  00:06      3.12    0.75    1.00
  WWGM0238             CONDUIT   1292.31     5  00:11      3.63    0.69    1.00
  WWGM0251             CONDUIT   1267.03     4  23:48      2.92    0.72    0.54
  WWGM0253             CONDUIT   1266.97     4  23:56      3.37    0.52    0.48
  WWGM0273             CONDUIT     14.54     0  12:00      1.19    0.01    0.08
  WWGM0276             CONDUIT     28.93     1  07:49      1.15    0.01    0.17
  WWGM0317             CONDUIT      7.72     0  04:41      0.79    0.00    0.08
  WWGM0354             CONDUIT   2262.05     1  07:32      3.65    8.14    0.56
  WWGM0356             CONDUIT   1266.97     4  23:57      3.19    0.55    0.50
  WWGM0357             CONDUIT   1266.97     4  23:58      3.15    0.52    0.51
  WWGM0372             CONDUIT   1635.52     4  23:09     11.14    0.01    0.07
  WWGM0373             CONDUIT    336.35     2  10:39      1.97    0.04    0.13
  WWGM0374             CONDUIT   1335.56     4  23:57      9.95    0.03    0.11
  WWGM0375             CONDUIT    336.32     2  10:39      9.16    0.01    0.06
  WWGM0376             CONDUIT    336.38     2  10:39      3.90    0.01    0.08
  WWGM0377             CONDUIT   1339.04     4  23:57      1.03    0.04    0.57
  WWGM0378             CONDUIT   1362.09     5  00:06      1.15    0.14    1.00
  WWGM0379             CONDUIT   1355.02     5  00:46      0.98    0.18    1.00
  WWGM0408             CONDUIT     30.75     0  11:03      2.38    0.00    0.05
  WWGM0409             CONDUIT     29.47     0  11:00      2.91    0.03    0.12
  WWGM0411             CONDUIT     34.01     3  08:00      0.21    0.00    0.17
  WWGM0416             CONDUIT     71.94     0  09:01      6.34    0.01    0.07
  WWGM0417             CONDUIT     28.93     1  07:48      2.19    0.02    0.10
  WWGM0467             CONDUIT     31.14     3  08:00      2.15    0.03    0.11
  WWGM0468             CONDUIT    130.30     2  21:25      1.92    0.08    0.18
  WWGM0478             CONDUIT     23.40     0  09:00      1.76    0.02    0.10
  WWGM0479             CONDUIT    133.23     2  21:26      0.69    0.09    0.50
  WWGM0481             CONDUIT     23.37     0  09:01      1.40    0.03    0.12
  WWGM0482             CONDUIT    115.96     2  21:34      0.53    0.06    0.72
  WWGM0487             CONDUIT     71.99     0  09:01      1.13    0.14    0.24
  WWGM0491             CONDUIT    341.44     2  10:33      2.06    0.04    0.13
  WWGM0492             CONDUIT     97.46     0  09:01      3.17    0.01    0.06
  WWGM0496             CONDUIT     48.84     0  08:10      1.07    0.02    0.55
  WWGM0506             CONDUIT     31.27     3  08:00      2.19    0.02    0.11
  WWGM0507             CONDUIT    130.18     2  21:28      0.40    0.05    0.57
  WWGM0510             CONDUIT     16.56     0  09:00      1.12    0.05    0.15
  WWGM0511             CONDUIT     34.01     3  08:00      3.93    0.01    0.06
  WWGM0514             CONDUIT     23.45     0  09:00      0.91    0.02    0.55
  WWGM0516             CONDUIT      6.82     0  09:00      0.97    0.01    0.07
  WWGM0519             CONDUIT     34.01     3  08:00      1.47    0.03    0.12
  WWGM0520             CONDUIT    158.02     2  21:16      2.07    0.09    0.20
  WWGM0526             CONDUIT     23.38     0  09:00      1.43    0.03    0.12
  WWGM0528             CONDUIT     13.98     0  09:00      1.26    0.03    0.15
  WWGM0530             CONDUIT      6.23     3  08:00      0.99    0.01    0.06
  WWGM0531             CONDUIT      5.84     3  08:00      0.26    0.02    0.15
  WWGM0533             CONDUIT    221.46     2  21:10      0.63    0.14    0.61
  WWGM0536             CONDUIT    345.42     2  10:30      1.78    0.05    0.14
  WWGM0539             CONDUIT     72.09     0  09:00      1.59    0.08    0.19
  WWGM0540             CONDUIT    117.16     2  21:33      0.68    0.12    0.35
  WWGM0546             CONDUIT     71.94     0  09:01      2.92    0.03    0.12
  WWGM0555             CONDUIT    110.59     2  21:40      0.34    0.07    0.58
  WWGM0556             CONDUIT     14.48     0  09:00      0.70    0.08    0.19
  WWGM0558             CONDUIT    178.78     2  21:13      1.65    0.16    0.25
  WWGM0559             CONDUIT    144.52     2  21:19      2.04    0.08    0.19
  WWGM0565             CONDUIT     30.04     3  08:00      2.64    0.02    0.09
  WWGM0569             CONDUIT      5.13     0  08:00      0.91    0.01    0.06
  WWGM0580             CONDUIT    221.13     2  21:10      0.79    0.13    0.62
  WWGM0583             CONDUIT    138.53     2  21:21      1.89    0.09    0.19
  WWGM0584             CONDUIT     34.01     3  08:00      0.96    0.03    0.23
  WWGM0597             CONDUIT     31.14     3  08:00      2.75    0.02    0.09
  WWGM0598             CONDUIT      6.82     0  09:00      1.28    0.01    0.06
  WWGM0600             CONDUIT     31.14     3  08:00      2.67    0.02    0.09
  WWGM0601             CONDUIT     72.25     0  09:00      1.74    0.09    0.21
  WWGM0602             CONDUIT     13.05     0  09:00      1.10    0.04    0.13
  WWGM0604             CONDUIT    113.23     2  21:37      0.40    0.07    0.51
  WWGM0608             CONDUIT    338.58     2  10:36      1.85    0.05    0.14
  WWGM0612             CONDUIT      0.00     0  00:00      0.00    0.00    0.00
  WWGM0617             CONDUIT     72.28     0  09:00      0.34    0.07    0.58
  WWGM0651             CONDUIT      5.72     0  11:00      0.80    0.01    0.05
  WWGM0652             CONDUIT      5.02     0  11:05      0.65    0.01    0.06
  WWGM0653             CONDUIT      5.73     0  11:11      0.81    0.01    0.05
  WWGM0654             CONDUIT      5.90     0  11:15      1.42    0.00    0.05
  WWGM0661             CONDUIT     28.69     2  11:00      1.62    0.06    0.17
  WWGM0682             CONDUIT      9.70     0  22:00      0.82    0.02    0.09
  WWGM0691             CONDUIT      4.58     0  11:01      1.20    0.00    0.04
  WWGM0696             CONDUIT      4.58     0  11:00      0.52    0.01    0.06
  WWGM0699             CONDUIT      9.70     0  22:00      1.27    0.01    0.07
  WWGM0700             CONDUIT      9.70     0  22:00      0.84    0.02    0.09
  WWGM0711             CONDUIT      3.09     0  11:00      0.65    0.00    0.04
  WWGM0716             CONDUIT      4.68     0  11:02      1.28    0.00    0.04
  WWGM0717             CONDUIT      9.70     0  22:00      0.85    0.02    0.09
  WWGM0723             CONDUIT      4.58     0  11:00      1.21    0.00    0.03
  WWGM0734             CONDUIT      2.33     0  11:00      0.70    0.00    0.03
  WWGM0756             CONDUIT     13.49     0  09:00      0.86    0.02    0.09
  WWGM0760             CONDUIT     13.66     0  09:00      1.24    0.01    0.07
  WWGM0761             CONDUIT     13.67     0  09:00      1.48    0.01    0.06
  WWGM0762             CONDUIT     11.20     0  09:00      0.86    0.01    0.08
  WWGM0763             CONDUIT     28.79     1  07:46      1.00    0.08    0.18
  WWGM0801             CONDUIT     21.20     3  08:00      1.13    0.02    0.10
  WWGM0802             CONDUIT     20.07     3  08:00      1.12    0.02    0.10
  WWGM0826             CONDUIT     17.04     4  08:00      1.38    0.02    0.10
  WWGM0846             CONDUIT     13.49     4  07:59      1.27    0.03    0.12
  WWGM0855             CONDUIT     17.05     4  08:00      1.31    0.02    0.10
  WWGM0863             CONDUIT   1004.78     3  09:30      5.93    0.10    0.21
  WWGM0867             CONDUIT   1371.27     3  09:26      3.99    0.42    0.45
  WWGM0870             CONDUIT   1510.77     4  21:37      4.14    0.45    0.47
  WWGM0880             CONDUIT     13.48     4  08:00      1.19    0.04    0.12
  WWGM0882             CONDUIT     13.86     4  08:00      1.34    0.03    0.12
  WWGM0884             CONDUIT     10.47     4  07:55      1.20    0.02    0.10
  WWGM0896             CONDUIT    982.13     3  09:30      5.74    0.10    0.22
  WWGM0898             CONDUIT     13.49     4  07:59      2.70    0.01    0.07
  WWGM0917             CONDUIT   1049.52     3  09:29      4.73    0.15    0.26
  WWGM0940             CONDUIT      6.73     1  07:48      1.37    0.01    0.07
  WWGM0953             CONDUIT     28.51     1  07:44      1.30    0.05    0.15
  WWGM0991             CONDUIT     20.09     3  08:00      1.10    0.02    0.10
  WWGM0992             CONDUIT     18.36     3  08:00      1.92    0.01    0.06
  WWGM0993             CONDUIT     10.19     3  07:39      1.34    0.02    0.10
  WWGM0996             CONDUIT      7.20     0  23:30      1.74    0.01    0.06
  WWGM0998             CONDUIT      9.72     1  07:49      1.34    0.02    0.09
  WWGM1005             CONDUIT     21.21     3  08:00      1.15    0.02    0.10
  WWGM1033             CONDUIT     27.31     1  07:40      1.78    0.03    0.11
  WWGM1035             CONDUIT     27.40     1  07:42      1.45    0.04    0.13
  WWGM1039             CONDUIT     28.93     1  07:47      1.28    0.05    0.15
  WWGM1045             CONDUIT      2.02     0  09:00      0.82    0.00    0.03
  WWGM1046             CONDUIT      5.32     0  09:00      0.96    0.00    0.04
  WWGM1047             CONDUIT      5.32     0  09:00      0.99    0.00    0.04
  WWGM1051             CONDUIT      6.80     0  09:00      1.01    0.00    0.05
  WWGM1052             CONDUIT      6.79     0  09:00      1.04    0.00    0.05
  WWGM1053             CONDUIT     10.91     0  09:00      1.26    0.01    0.06
  WWGM1054             CONDUIT      8.97     0  22:00      1.45    0.00    0.05
  WWGM1055             CONDUIT      8.77     0  22:00      1.41    0.00    0.05
  WWGM1056             CONDUIT      8.42     0  22:00      1.39    0.00    0.05
  WWGM1060             CONDUIT      6.57     0  22:01      0.68    0.01    0.06
  WWGM1061             CONDUIT      6.58     0  22:00      0.34    0.02    0.10
  WWGM1062             CONDUIT      5.63     0  22:00      0.62    0.01    0.06
  WWGM1069             CONDUIT      4.79     0  22:00      1.09    0.00    0.05
  WWGM1070             CONDUIT      4.05     0  22:04      0.86    0.01    0.05
  WWGM1071             CONDUIT      4.05     0  22:02      0.92    0.00    0.05
  WWGM1072             CONDUIT      4.05     0  22:00      1.27    0.00    0.02
  WWGM1075             CONDUIT      1.59     0  09:00      0.91    0.00    0.01
  WWGM1076             CONDUIT      1.59     0  09:00      0.60    0.00    0.02
  WWGM1077             CONDUIT      1.49     0  09:00      0.00    0.00    0.01
  WWGM1080             CONDUIT      1.11     0  09:00      0.91    0.00    0.01
  WWGM1081             CONDUIT      0.44     0  09:00      0.49    0.00    0.01
  WWGM1082             CONDUIT      0.00     0  00:00      0.00    0.00    0.00
  WWGM1090             CONDUIT      3.87     0  22:00      0.86    0.00    0.02
  WWGM1091             CONDUIT      2.55     0  22:19      1.43    0.00    0.01
  WWGM1104             CONDUIT      2.55     2  22:12      0.85    0.00    0.02
  WWGM1105             CONDUIT      2.55     3  22:15      1.20    0.00    0.01
  WWGM1106             CONDUIT      2.55     0  22:18      1.18    0.00    0.01
  WWGM1107             CONDUIT      2.54     0  22:00      0.71    0.00    0.03
  WWGM1108             CONDUIT      2.54     0  22:00      0.67    0.00    0.03
  WWGM1109             CONDUIT      2.54     0  22:02      0.78    0.00    0.02
  WWGM1110             CONDUIT      2.54     0  22:04      0.60    0.00    0.03
  WWGM1111             CONDUIT      2.54     0  22:07      0.88    0.00    0.02
  WWGM1113             CONDUIT      0.28     0  00:37      0.00    0.00    0.00
  WWGM1114             CONDUIT      0.11     0  00:26      0.00    0.00    0.00
  WWGM1116             CONDUIT      0.11     0  00:43      0.00    0.00    0.00
  WWGM1117             CONDUIT      0.92     0  00:52      0.00    0.00    0.01
  WWGM1119             CONDUIT      2.02     0  09:00      0.78    0.00    0.03
  WWGM1129             CONDUIT      5.56     0  22:00      0.89    0.00    0.05
  WWGM1131             CONDUIT      3.89     0  22:00      1.00    0.00    0.02
  WWGM1132             CONDUIT      4.05     0  22:00      0.10    0.00    0.10
  WWGM1164             CONDUIT      9.04     0  08:14      0.90    0.01    0.07
  WWGM1165             CONDUIT     11.59     0  09:00      0.98    0.04    0.13
  WWGM1167             CONDUIT      6.82     0  09:00      1.53    0.00    0.05
  WWGM1168             CONDUIT      5.59     3  08:44      1.58    0.00    0.04
  WWGM1176             CONDUIT     33.26     3  08:00      2.49    0.02    0.10
  WWGM1194             CONDUIT      0.00     0  00:00      0.00    0.00    0.00
  WWGM1200             CONDUIT      0.51     2  04:49      0.28    0.00    0.03
  WWGM1201             CONDUIT      0.57     4  21:37      0.29    0.00    0.03
  WWGM1202             CONDUIT      0.59     4  02:19      0.59    0.00    0.02
  WWGM1204             CONDUIT    346.30     2  10:28      2.02    0.04    0.13
  WWGM1205             CONDUIT      0.74     0  00:58      0.00    0.00    0.01
  WWGM1206             CONDUIT    134.62     2  21:25      2.79    0.04    0.14
  WWGM1218             CONDUIT    346.73     2  10:26      0.33    0.03    0.49
  WWGM1234             CONDUIT     26.50     3  08:00      1.58    0.02    0.09
  WWGM1236             CONDUIT     25.97     3  08:00      1.26    0.03    0.11
  WWGM1242             CONDUIT     14.85     0  08:00      0.29    0.02    0.20
  WWGM1244             CONDUIT    379.90     3  09:46      0.70    0.10    0.50
  WWGM1245             CONDUIT     14.90     0  08:00      0.65    0.02    0.19
  WWGM1246             CONDUIT     14.85     0  08:00      1.22    0.01    0.08
  WWGM1247             CONDUIT     15.10     0  08:00      0.26    0.01    0.22
  WWGM1248             CONDUIT    388.38     3  09:47      2.93    0.07    0.18
  WWGM1249             CONDUIT      0.60     3  07:36      0.18    0.00    0.03
  WWGM1252             CONDUIT      3.76     0  13:11      0.71    0.00    0.03
  WWGM1253             CONDUIT     22.85     0  15:31      0.57    0.02    0.48
  WWGM1254             CONDUIT    166.10     0  04:48      0.75    0.05    0.44
  WWGM1255             CONDUIT     17.66     0  16:24      0.94    0.01    0.08
  WWGM1264             CONDUIT      0.67     4  07:55      0.57    0.00    0.03
  WWGM1266             CONDUIT      3.76     3  03:01      0.81    0.00    0.03
  WWGM1272             CONDUIT      0.98     0  00:16      0.85    0.00    0.07
  WWGM1273             CONDUIT      1.96     4  07:14      0.96    0.00    0.04
  WWGM1289             CONDUIT     14.12     1  15:55      2.85    0.00    0.02
  WWGM1290             CONDUIT     12.24     1  15:55      3.04    0.00    0.02
  WWGM1291             CONDUIT     12.24     1  15:54      2.43    0.00    0.02
  WWGM1292             CONDUIT     12.14     1  15:54      1.92    0.00    0.03
  WWGM1293             CONDUIT     11.77     1  15:52      1.13    0.01    0.05
  WWGM1294             CONDUIT     11.78     1  15:51      0.55    0.02    0.08
  WWGM1304             CONDUIT      9.21     2  02:44      0.64    0.01    0.08
  WWGM1306             CONDUIT      8.95     2  02:40      0.70    0.01    0.08
  WWGM1307             CONDUIT      8.70     2  02:36      0.14    0.00    0.23
  WWGM1308             CONDUIT      8.68     2  02:35      0.56    0.02    0.09
  WWGM1309             CONDUIT      8.54     2  02:30      0.21    0.02    0.17
  WWGM1313             CONDUIT   1017.87     4  07:12      5.33    0.12    0.23
  WWGM1314             CONDUIT   1046.30     4  07:11      1.49    0.12    0.62
  WWGM1316             CONDUIT    947.69     4  07:14      3.30    0.22    0.31
  WWGM1318             CONDUIT     11.64     2  03:01      1.07    0.01    0.07
  WWGM1319             CONDUIT    948.78     4  07:14      2.49    0.19    0.40
  WWGM1320             CONDUIT    789.22     4  07:16      2.18    0.42    0.37
  WWGM1321             CONDUIT     12.32     4  12:45      2.69    0.00    0.21
  WWGM1323             CONDUIT      0.18     2  01:02      0.00    0.00    0.01
  WWGM1324             CONDUIT    788.00     4  07:18      2.33    0.30    0.36
  WWGM1325             CONDUIT    531.34     2  09:59      0.85    0.07    0.38
  WWGM1326             CONDUIT    142.63     2  06:38      1.02    0.05    0.53
  WWGM1329             CONDUIT      0.00     0  00:00      0.00    0.00    0.00
  WWGM1330             CONDUIT    530.53     2  10:01      1.99    0.06    0.21
  WWGM1331             CONDUIT      0.62     2  01:55      0.32    0.00    0.02
  WWGM1338             CONDUIT    415.66     2  10:15      1.23    0.12    0.42
  WWGM1339             CONDUIT    367.76     2  10:18      0.80    0.05    0.67
  WWGM1341             CONDUIT    818.55     2  09:51      0.85    0.05    0.87
  WWGM1342             CONDUIT      0.00     0  00:00      0.00    0.00    0.46
  WWGM1352             CONDUIT      0.46     3  00:40      0.19    0.00    0.58
  WWGM1353             CONDUIT      0.30     3  00:09      0.24    0.00    0.13
  WWGM1355             CONDUIT    766.29     2  09:52      1.63    0.32    0.48
  WWGM1356             CONDUIT   1043.54     4  07:11      0.97    0.25    1.00
  WWGM1358             CONDUIT   1046.60     4  07:11      1.93    0.14    0.74
  WWGM1368             CONDUIT      7.10     1  01:02      0.39    0.01    0.10
  WWGM1369             CONDUIT      8.39     2  02:17      0.28    0.04    0.14
  WWGM1371             CONDUIT      2.92     0  21:10      0.15    0.01    0.13
  WWGM1372             CONDUIT      3.38     4  20:46      0.13    0.01    0.16
  WWGM1373             CONDUIT      3.62     1  05:08      0.52    0.01    0.05
  WWGM1378             CONDUIT     12.26     2  16:59      0.74    0.01    0.07
  WWGM1379             CONDUIT     13.12     2  17:05      0.83    0.01    0.07
  WWGM1380             CONDUIT     12.81     2  17:08      0.55    0.01    0.09
  WWGM1381             CONDUIT     16.73     0  17:06      0.99    0.01    0.07
  WWGM1382             CONDUIT     15.83     0  17:08      1.01    0.01    0.07
  WWGM1383             CONDUIT     13.40     2  16:53      0.05    0.00    0.53
  WWGM1389             CONDUIT      2.92     2  20:24      0.45    0.00    0.11
  WWGM1390             CONDUIT    141.14     3  09:47      2.13    0.10    0.19
  WWGM1401             CONDUIT      2.90     3  02:51      0.46    0.01    0.06
  WWGM1402             CONDUIT      2.82     0  21:02      0.50    0.01    0.06
  WWGM1403             CONDUIT      2.82     0  00:10      0.65    0.01    0.05
  WWGM1411             CONDUIT      1.89     1  03:32      0.24    0.01    0.04
  WWGM1419             CONDUIT      0.29     4  22:53      0.27    0.00    0.01
  WWGM1420             CONDUIT      0.00     0  00:00      0.00    0.00    0.00
  WWGM1422             CONDUIT      0.00     0  00:00      0.00    0.00    0.00
  WWGM1442             CONDUIT      9.79     1  07:39      1.29    0.01    0.07
  WWGM1447             CONDUIT      3.26     1  07:37      1.04    0.00    0.03
  WWGM1448             CONDUIT      3.17     2  07:24      0.20    0.01    0.12
  WWGM1449             CONDUIT      2.40     2  07:20      0.72    0.00    0.04
  WWGM1451             CONDUIT      2.94     2  05:11      0.62    0.01    0.05
  WWGM1452             CONDUIT      8.21     1  04:16      0.08    0.01    0.47
  WWGM1462             CONDUIT     16.24     4  04:02      0.19    0.01    0.53
  WWGM1463             CONDUIT     14.33     4  04:03      0.87    0.02    1.00
  WWGM1464             CONDUIT     10.18     4  05:14      0.06    0.02    1.00
  WWGM1465             CONDUIT      2.04     0  08:00      0.79    0.00    0.52
  WWGM1470             CONDUIT     10.46     4  07:58      0.66    0.06    0.16
  WWGM1476             CONDUIT     10.72     0  23:29      0.13    0.01    0.54
  WWGM1477             CONDUIT     12.71     4  04:03      0.14    0.03    0.56
  WWGM1480             CONDUIT      7.84     0  23:30      1.94    0.01    0.07
  WWGM1481             CONDUIT      1.93     0  08:00      0.78    0.00    0.04
  WWGM1529             CONDUIT   1264.71     3  09:27      4.11    0.35    0.41
  WWGM1534             CONDUIT   1130.66     3  09:28      3.75    0.23    0.32
  WWGM1539             CONDUIT      1.61     4  07:36      0.64    0.00    0.04
  WWGM1547             CONDUIT     27.60     3  08:00      1.52    0.02    0.17
  WWGM1548             CONDUIT      0.00     0  00:00      0.00    0.00    0.04
  WWGM1551             CONDUIT    192.34     4  07:47      1.94    0.14    0.24
  WWGM1552             CONDUIT    201.13     4  07:46      2.23    0.11    0.22
  WWGM1553             CONDUIT    205.67     4  07:45      3.98    0.05    0.15
  WWGM1554             CONDUIT    205.63     4  07:45      2.25    0.22    0.31
  WWGM1555             CONDUIT    208.37     4  07:44      1.47    0.41    0.42
  WWGM1557             CONDUIT    211.95     4  07:43      1.86    0.36    0.36
  WWGM1560             CONDUIT    221.36     4  07:42      2.29    0.24    0.32
  WWGM1564             CONDUIT      0.00     0  00:00      0.00    0.00    0.00
  WWGM1565             CONDUIT    124.89     4  07:58      1.87    0.15    0.24
  WWGM1566             CONDUIT    126.10     4  07:57      1.49    0.12    0.21
  WWGM1567             CONDUIT    130.79     4  07:55      0.87    0.17    0.32
  WWGM1568             CONDUIT    173.90     4  07:50      1.93    0.10    0.25
  WWGM1569             CONDUIT      0.00     0  00:00      0.00    0.00    0.02
  WWGM1570             CONDUIT      4.03     3  02:50      0.02    0.00    0.52
  WWGM1571             CONDUIT    174.12     4  07:49      1.13    0.18    0.32
  WWGM1572             CONDUIT      4.10     4  07:48      0.36    0.01    0.16
  WWGM1573             CONDUIT      0.52     4  07:48      0.74    0.00    0.03
  WWGM1574             CONDUIT      0.45     0  08:00      0.00    0.00    0.01
  WWGM1575             CONDUIT      1.27     3  07:59      0.21    0.01    0.06
  WWGM1590             CONDUIT      0.16     3  03:41      0.11    0.00    0.01
  WWGM1591             CONDUIT      0.45     0  00:12      0.56    0.00    0.01
  WWGM1592             CONDUIT      0.00     0  00:00      0.00    0.00    0.50
  WWGM1603             CONDUIT      1.98     3  11:08      0.80    0.00    0.03
  WWGM1604             CONDUIT      5.76     3  02:52      1.19    0.00    0.04
  WWGM1605             CONDUIT      6.32     0  04:27      0.45    0.01    0.83
  WWGM1606             CONDUIT      7.87     0  04:28      0.54    0.01    0.45
  WWGM1607             CONDUIT      5.91     0  11:33      0.93    0.00    0.16
  WWGM1614             CONDUIT      0.00     0  00:00      0.00    0.00    0.00
  WWGM1617             CONDUIT      0.86     0  07:36      0.53    0.00    0.02
  WWGM1618             CONDUIT      0.79     0  07:40      0.92    0.00    0.02
  WWGM1619             CONDUIT      0.76     0  07:45      0.40    0.00    0.03
  WWGM1639             CONDUIT   1282.31     5  00:07      3.52    0.74    0.82
  WWGM1641             CONDUIT   1282.33     5  00:05      3.65    0.74    0.61
  WWGM1642             CONDUIT   1282.32     5  00:04      8.83    0.12    0.24
  WWGM1643             CONDUIT   1270.62     5  00:05      5.86    0.13    0.32
  WWGM1644             CONDUIT     19.64     0  12:01      1.66    0.01    0.08
  WWGM1645             CONDUIT     19.64     0  12:01      1.40    0.02    0.08
  WWGM1646             CONDUIT   1270.62     5  00:05      3.44    0.51    0.47
  WWGM1647             CONDUIT   1270.62     5  00:04      3.22    0.58    0.50
  WWGM1648             CONDUIT     17.94     0  12:00      1.28    0.01    0.08
  WWGM1649             CONDUIT     18.72     0  12:00      1.30    0.02    0.08
  WWGM1650             CONDUIT     19.64     0  12:00      4.25    0.00    0.04
  WWGM1653             CONDUIT   1270.62     5  00:02      3.21    0.57    0.50
  WWGM1654             CONDUIT   1270.63     4  23:59      3.35    0.57    0.48
  WWGM1655             CONDUIT   1270.63     4  23:58      3.09    1.05    0.51
  WWGM1660             CONDUIT      3.84     1  07:28      0.80    0.01    0.07
  WWGM1669             CONDUIT      0.98     0  00:48      0.31    0.00    0.03
  WWGM1685             CONDUIT      0.20     2  02:53      0.00    0.00    0.01
  WWGM1689             CONDUIT      2.78     0  11:00      0.65    0.00    0.04
  WWGM1709             CONDUIT     23.81     0  22:00      1.24    0.01    0.08
  WWGM1710             CONDUIT     28.38     0  22:00      1.17    0.01    0.09
  WWGM1713             CONDUIT     28.94     2  11:00      1.76    0.06    0.16
  WWGM1718             CONDUIT     17.84     0  12:00      1.16    0.02    0.09
  WWGM1739             CONDUIT     26.76     0  22:00      2.31    0.01    0.05
  WWGM1740             CONDUIT     28.38     0  22:00      3.93    0.00    0.04
  WWGM1742             CONDUIT      0.14     0  00:23      0.19    0.00    0.01
  WWGM1743             CONDUIT      0.00     0  00:00      0.00    0.00    0.23
  WWGM1753             CONDUIT     11.37     2  02:58      0.70    0.02    0.09
  WWGM1755             CONDUIT     10.55     2  02:50      0.53    0.02    0.11
  WWGM1756             CONDUIT      0.00     0  00:00      0.00    0.00    0.05
  WWGM1760             CONDUIT     80.93     3  09:51      1.65    0.06    0.17
  WWGM1762             CONDUIT    170.16     2  06:35      1.78    0.25    0.32
  WWGM1763             CONDUIT    143.91     2  06:37      1.61    0.23    0.30
  WWGM1764             CONDUIT      0.32     2  00:00      0.28    0.00    0.02
  WWGM1766             CONDUIT      0.00     0  00:00      0.00    0.00    0.50
  WWGM1767             CONDUIT      2.08     5  02:59      0.01    0.01    0.92
  WWGM1768             CONDUIT      2.70     5  02:59      0.32    0.01    0.91
  WWGM1769             CONDUIT      2.13     5  01:38      0.18    0.01    0.47
  WWGM1770             CONDUIT      0.00     0  00:00      0.00    0.00    0.23
  WWGM1771             CONDUIT      1.83     4  02:10      0.71    0.00    0.02
  WWGM1773             CONDUIT      1.51     4  21:32      0.40    0.00    0.03
  WWGM1779             CONDUIT    591.47     3  09:36      1.55    0.30    0.38
  WWGM1780             CONDUIT    895.99     3  09:32      4.85    0.11    0.28
  WWGM1781             CONDUIT    904.12     3  09:32      4.40    0.13    0.25
  WWGM1782             CONDUIT    942.05     3  09:31      4.44    0.14    0.25
  WWGM1788             CONDUIT   1604.77     4  07:03      3.15    0.58    0.48
  WWGM1790             CONDUIT    232.50     2  21:09      2.13    0.15    0.25
  WWGM1791             CONDUIT    275.02     2  21:08      2.57    0.16    0.28
  WWGM1792             CONDUIT    270.24     2  21:05      1.99    0.37    0.29
  WWGM1793             CONDUIT     54.19     2  21:09      1.12    0.02    0.22
  WWGM1794             CONDUIT     29.01     0  22:11      1.37    0.01    0.09
  WWGM1795             CONDUIT     29.02     0  22:09      1.41    0.01    0.08
  WWGM1796             CONDUIT     29.02     0  22:08      1.17    0.02    0.09
  WWGM1798             CONDUIT     28.89     0  22:06      1.03    0.02    0.10
  WWGM1799             CONDUIT     28.76     0  22:03      1.08    0.02    0.10
  WWGM1800             CONDUIT     28.77     0  22:01      1.08    0.02    0.09
  WWGM1802             CONDUIT     28.76     0  22:00      1.08    0.02    0.10
  WWGM1810             CONDUIT     16.06     4  08:00      1.36    0.02    0.09
  WWGM1811             CONDUIT     15.86     4  08:00      1.40    0.02    0.09
  WWGM1812             CONDUIT     15.86     4  08:00      1.50    0.02    0.09
  WWGM1828             CONDUIT      0.87     0  01:47      0.75    0.00    0.03
  WWGM1834             CONDUIT   1053.73     4  07:09      4.76    0.15    0.26
  WWGM1835             CONDUIT   1046.29     4  07:09      3.79    0.20    0.30
  WWGM1837             CONDUIT   1086.60     4  07:08      2.42    0.81    0.43
  WWGM1839             CONDUIT   1321.22     4  07:06      3.00    0.44    0.43
  WWGM1840             CONDUIT   1042.99     4  07:10      2.99    0.27    0.37
  WWGM1842             CONDUIT   1405.16     4  07:05      2.99    0.52    0.45
  WWGM1967             CONDUIT     97.46     0  09:02      3.44    0.01    0.05
  WWGM2024             CONDUIT     14.48     0  07:11      2.26    0.04    0.13
  WWGM2025             CONDUIT      8.40     2  01:55      0.01    0.00    0.51
  WWGM2026             CONDUIT   1676.65     4  21:36      4.58    0.75    0.58
  WWGM2035             CONDUIT    493.40     3  09:41      1.33    0.15    0.40
  WWGM2037             CONDUIT    504.17     3  09:39      0.94    0.14    0.50
  WWGM2039             CONDUIT      0.00     0  00:00      0.00    0.00    0.01
  WWGM2053             CONDUIT   4249.64     1  05:08     37.80    2.06    1.00
  WWGM2054             CONDUIT      0.83     0  07:19      0.60    0.00    0.51
  WWGM2073             CONDUIT   6266.80     0  21:02     38.54    0.47    0.52
  WWGM2074             CONDUIT      0.00     0  00:00      0.00    0.00    0.00
  WWGM2075             CONDUIT    124.85     4  07:58      3.20    0.06    0.17
  WWGM2076             CONDUIT    124.62     4  07:59      2.12    0.11    0.22
  WWGM2077             CONDUIT    130.40     4  07:59      2.18    0.04    0.23
  WWGM2078             CONDUIT    129.73     4  08:00      1.66    0.36    0.27
  WWGM2093             CONDUIT    168.59     2  06:35      2.19    0.16    0.29
  WWGM2094             CONDUIT    168.72     2  06:35      1.38    0.33    0.38
  WWGM2109             CONDUIT      6.29     1  01:01      0.15    0.02    0.23
  WWGM2110             CONDUIT     25.33     2  13:34      1.16    0.02    1.00
  WWGM2117             CONDUIT      0.00     0  00:00      0.00    0.00    0.04
  WWGM2119             CONDUIT    139.21     2  21:22      1.83    0.09    0.20
  WWGM2137             CONDUIT      9.03     0  08:18      1.01    0.00    0.06
  WWGM2146             CONDUIT     23.76     2  10:06      0.35    0.05    0.28
  WWGM2147             CONDUIT    530.61     2  10:03      5.89    0.01    0.07
  WWGM2148             CONDUIT    528.76     2  10:02      0.85    0.01    0.38
  WWGM2149             CONDUIT    489.37     2  10:06      0.69    0.03    0.28
  WWGM2150             CONDUIT      0.67     2  00:42      0.00    0.00    0.00
  WWGM2151             CONDUIT    475.46     2  10:10      1.81    0.05    0.14
  WWGM2152             CONDUIT    473.52     2  10:11      1.79    0.04    0.20
  PUMP-ANDR1           PUMP       200.04     2  06:27              0.29
  PUMP-CHAR1           PUMP       700.00     1  16:50              1.00
  PUMP-CHEHAL1         PUMP      1600.00     1  05:07              1.00
  PUMP-CREEKSD1        PUMP       445.00     1  22:42              1.00
  PUMP-DAY1            PUMP      1300.00     1  05:20              1.00
  PUMP-DAY2            PUMP      1300.00     1  05:20              1.00
  PUMP-FERN1           PUMP      1200.00     0  19:00              1.00
  PUMP-FERN2           PUMP      1200.00     0  19:00              1.00
  PUMP-HWY240_1        PUMP      1600.00     0  21:01              1.00
  PUMP-HWY240_2        PUMP      1600.00     0  21:01              1.00
  PUMP-SHER1           PUMP         0.00     0  00:00              0.00
  HWY240_DIV           WEIR         0.00     0  00:00                      0.00
  
  
  ***************************
  Flow Classification Summary
  ***************************
  
  -------------------------------------------------------------------------------------
                      Adjusted    ---------- Fraction of Time in Flow Class ---------- 
                       /Actual         Up    Down  Sub   Sup   Up    Down  Norm  Inlet 
  Conduit               Length    Dry  Dry   Dry   Crit  Crit  Crit  Crit  Ltd   Ctrl  
  -------------------------------------------------------------------------------------
  WWFM0026                1.00   0.24  0.76  0.00  0.00  0.00  0.00  0.00  0.00  0.00
  WWFM0028                1.00   0.45  0.53  0.00  0.02  0.00  0.00  0.00  0.32  0.00
  WWFM0038                1.00   0.00  0.00  0.00  0.93  0.01  0.00  0.07  0.03  0.00
  WWFM0039                1.00   1.00  0.00  0.00  0.00  0.00  0.00  0.00  0.00  0.00
  WWFM0040                1.00   1.00  0.00  0.00  0.00  0.00  0.00  0.00  0.00  0.00
  WWFM0041                1.00   0.01  0.00  0.00  0.97  0.00  0.00  0.02  0.09  0.00
  WWFM0042                1.00   0.15  0.83  0.00  0.00  0.00  0.01  0.00  0.00  0.00
  WWFM0045                1.00   0.66  0.31  0.00  0.03  0.00  0.00  0.00  0.37  0.00
  WWFM0048                1.00   0.17  0.82  0.00  0.00  0.00  0.01  0.00  0.00  0.00
  WWFM0049                1.00   0.17  0.82  0.00  0.00  0.00  0.01  0.00  0.00  0.00
  WWGM0002                1.00   0.00  0.00  0.00  0.94  0.00  0.00  0.05  0.95  0.00
  WWGM0015                9.62   0.00  0.00  0.00  0.98  0.00  0.00  0.02  0.98  0.00
  WWGM0152                1.00   0.00  0.00  0.00  0.18  0.00  0.00  0.82  0.18  0.00
  WWGM0153                1.00   0.00  0.00  0.00  1.00  0.00  0.00  0.00  0.00  0.00
  WWGM0154                1.00   0.00  0.00  0.00  0.00  0.00  0.00  1.00  0.00  0.00
  WWGM0155                1.00   0.00  0.00  0.00  0.00  0.00  0.00  1.00  0.00  0.00
  WWGM0156                2.90   0.00  0.00  0.00  0.00  0.00  0.00  1.00  0.00  0.00
  WWGM0161                1.00   0.00  0.00  0.00  0.00  0.00  0.00  1.00  0.00  0.00
  WWGM0162                1.00   0.00  0.00  0.00  0.00  0.00  0.00  1.00  0.00  0.00
  WWGM0163                1.00   0.00  0.00  0.00  0.00  1.00  0.00  0.00  1.00  0.00
  WWGM0164                1.00   0.00  0.00  0.00  0.00  0.00  0.00  1.00  0.00  0.00
  WWGM0165                1.00   1.00  0.00  0.00  0.00  0.00  0.00  0.00  0.00  0.00
  WWGM0166                1.00   0.00  1.00  0.00  0.00  0.00  0.00  0.00  0.00  0.00
  WWGM0167                1.00   0.00  0.00  0.00  0.97  0.00  0.00  0.03  0.01  0.00
  WWGM0168                1.00   0.00  0.03  0.00  0.92  0.00  0.05  0.00  0.00  0.00
  WWGM0169                1.00   0.00  0.00  0.00  1.00  0.00  0.00  0.00  0.08  0.00
  WWGM0170                1.00   0.00  0.00  0.00  0.91  0.00  0.00  0.09  0.02  0.00
  WWGM0171                1.00   0.00  0.00  0.00  0.89  0.00  0.00  0.11  0.89  0.00
  WWGM0173                1.00   0.00  0.00  0.00  0.00  0.00  0.00  1.00  0.00  0.00
  WWGM0177                1.00   0.00  0.00  0.00  0.03  0.00  0.00  0.97  0.00  0.00
  WWGM0182                1.00   0.00  0.00  0.00  0.00  0.00  0.00  1.00  0.00  0.00
  WWGM0184                1.00   0.00  0.00  0.00  0.00  0.00  0.00  1.00  0.00  0.00
  WWGM0191                1.00   0.00  0.00  0.00  0.01  0.00  0.00  0.99  0.01  0.00
  WWGM0198               14.21   0.00  0.00  0.00  0.01  0.97  0.00  0.02  0.97  0.00
  WWGM0206                1.00   0.00  0.00  0.00  1.00  0.00  0.00  0.00  0.05  0.00
  WWGM0207                1.76   0.04  0.00  0.00  0.92  0.00  0.00  0.04  0.92  0.00
  WWGM0208                2.09   0.01  0.00  0.00  0.00  0.00  0.00  0.99  0.00  0.00
  WWGM0209                1.00   0.00  0.00  0.00  0.00  0.00  0.00  1.00  0.00  0.00
  WWGM0210                1.00   0.00  0.00  0.00  1.00  0.00  0.00  0.00  0.99  0.00
  WWGM0211                1.00   0.00  0.00  0.00  0.92  0.00  0.00  0.07  0.02  0.00
  WWGM0212                1.00   0.00  0.00  0.00  0.90  0.00  0.00  0.10  0.00  0.00
  WWGM0213                1.00   0.00  0.00  0.00  0.90  0.00  0.00  0.10  0.00  0.00
  WWGM0214                1.00   0.00  0.00  0.00  1.00  0.00  0.00  0.00  0.10  0.00
  WWGM0215                1.00   0.00  0.00  0.00  0.89  0.00  0.00  0.11  0.81  0.00
  WWGM0232                8.55   0.00  0.00  0.00  0.31  0.08  0.00  0.61  0.39  0.00
  WWGM0235                1.00   0.00  0.00  0.00  0.08  0.00  0.00  0.92  0.02  0.00
  WWGM0238                1.00   0.00  0.00  0.00  0.06  0.00  0.00  0.94  0.01  0.00
  WWGM0251                1.00   0.00  0.00  0.00  0.06  0.00  0.00  0.94  0.00  0.00
  WWGM0253                1.00   0.00  0.00  0.00  0.00  0.00  0.00  1.00  0.00  0.00
  WWGM0273                1.00   0.00  0.00  0.00  0.00  0.00  0.00  1.00  0.00  0.00
  WWGM0276                1.00   0.00  0.00  0.00  0.00  0.00  0.00  0.99  0.00  0.00
  WWGM0317                1.00   0.00  0.00  0.00  0.96  0.00  0.00  0.04  0.96  0.00
  WWGM0354                1.00   0.00  0.00  0.00  0.00  0.00  0.00  1.00  0.00  0.00
  WWGM0356                1.00   0.00  0.00  0.00  0.07  0.00  0.00  0.93  0.00  0.00
  WWGM0357                1.00   0.00  0.00  0.00  0.13  0.00  0.00  0.87  0.00  0.00
  WWGM0372                1.24   0.01  0.01  0.00  0.01  0.98  0.00  0.00  0.02  0.00
  WWGM0373                1.00   0.00  0.00  0.00  0.00  0.00  0.00  1.00  0.00  0.00
  WWGM0374                1.00   0.12  0.00  0.00  0.00  0.00  0.00  0.88  0.00  0.00
  WWGM0375                1.00   0.02  0.00  0.00  0.00  0.00  0.00  0.98  0.00  0.00
  WWGM0376                7.85   0.00  0.00  0.00  0.00  0.00  0.00  1.00  0.00  0.00
  WWGM0377                1.00   0.00  0.11  0.00  0.00  0.00  0.88  0.00  0.00  0.00
  WWGM0378                1.00   0.00  0.00  0.00  0.99  0.00  0.00  0.01  0.00  0.00
  WWGM0379                1.00   0.00  0.00  0.00  0.98  0.00  0.00  0.02  0.01  0.00
  WWGM0408                1.00   0.00  0.00  0.00  0.00  0.00  0.00  1.00  0.00  0.00
  WWGM0409                1.00   0.00  0.00  0.00  0.00  1.00  0.00  0.00  1.00  0.00
  WWGM0411                1.00   0.00  0.04  0.00  0.00  0.00  0.95  0.00  0.00  0.00
  WWGM0416                1.00   0.01  0.00  0.00  0.00  0.00  0.00  0.99  0.00  0.00
  WWGM0417                1.00   0.00  0.00  0.00  0.00  0.00  0.00  1.00  0.00  0.00
  WWGM0467                1.00   0.00  0.00  0.00  0.00  0.00  0.00  1.00  0.00  0.00
  WWGM0468                1.00   0.00  0.00  0.00  0.00  0.00  0.00  1.00  0.00  0.00
  WWGM0478                1.00   0.00  0.00  0.00  0.00  0.00  0.00  1.00  0.00  0.00
  WWGM0479                1.00   0.00  0.00  0.00  0.99  0.00  0.00  0.01  0.05  0.00
  WWGM0481                1.00   0.00  0.00  0.00  0.00  0.00  0.00  1.00  0.00  0.00
  WWGM0482                1.00   0.00  0.00  0.00  1.00  0.00  0.00  0.00  0.04  0.00
  WWGM0487                1.00   0.00  0.00  0.00  0.00  0.00  0.00  1.00  0.00  0.00
  WWGM0491                1.00   0.00  0.00  0.00  0.00  0.00  0.00  1.00  0.00  0.00
  WWGM0492                1.35   0.01  0.00  0.00  0.00  0.00  0.00  0.99  0.00  0.00
  WWGM0496                1.00   0.00  0.00  0.00  0.98  0.00  0.00  0.02  0.98  0.00
  WWGM0506                1.00   0.00  0.00  0.00  0.00  0.00  0.00  1.00  0.00  0.00
  WWGM0507                1.00   0.00  0.04  0.00  0.00  0.00  0.96  0.00  0.00  0.00
  WWGM0510                1.00   0.00  0.00  0.00  0.00  0.00  0.00  1.00  0.00  0.00
  WWGM0511                1.78   0.00  0.00  0.00  0.00  0.00  0.00  1.00  0.00  0.00
  WWGM0514                1.00   0.00  0.00  0.00  0.98  0.00  0.00  0.02  0.98  0.00
  WWGM0516                1.00   0.00  0.00  0.00  0.00  0.00  0.00  1.00  0.00  0.00
  WWGM0519                1.00   0.00  0.00  0.00  0.00  0.00  0.00  1.00  0.00  0.00
  WWGM0520                1.00   0.00  0.00  0.00  0.00  0.00  0.00  1.00  0.00  0.00
  WWGM0526                1.00   0.00  0.00  0.00  0.00  0.00  0.00  1.00  0.00  0.00
  WWGM0528                1.00   0.00  0.00  0.00  0.36  0.00  0.00  0.64  0.30  0.00
  WWGM0530                1.00   0.04  0.00  0.00  0.00  0.00  0.00  0.96  0.00  0.00
  WWGM0531                1.00   0.00  0.04  0.00  0.00  0.00  0.96  0.00  0.00  0.00
  WWGM0533                1.00   0.00  0.03  0.00  0.00  0.00  0.97  0.00  0.00  0.00
  WWGM0536                1.00   0.00  0.00  0.00  0.03  0.00  0.00  0.97  0.00  0.00
  WWGM0539                1.00   0.06  0.00  0.00  0.00  0.00  0.00  0.94  0.00  0.00
  WWGM0540                1.00   0.04  0.00  0.00  0.00  0.00  0.96  0.00  0.00  0.00
  WWGM0546                1.00   0.00  0.00  0.00  0.00  0.00  0.00  1.00  0.00  0.00
  WWGM0555                1.00   0.00  0.06  0.00  0.00  0.00  0.94  0.00  0.00  0.00
  WWGM0556                1.00   0.00  0.00  0.00  0.00  0.00  0.00  1.00  0.00  0.00
  WWGM0558                1.00   0.00  0.00  0.00  0.00  0.00  0.00  1.00  0.00  0.00
  WWGM0559                1.00   0.00  0.00  0.00  0.00  0.00  0.00  1.00  0.00  0.00
  WWGM0565                1.00   0.00  0.00  0.00  0.00  0.00  0.00  1.00  0.00  0.00
  WWGM0569                1.00   0.00  0.00  0.00  0.00  0.00  0.00  1.00  0.00  0.00
  WWGM0580                1.00   0.00  0.00  0.00  1.00  0.00  0.00  0.00  0.99  0.00
  WWGM0583                1.00   0.00  0.00  0.00  0.00  0.00  0.00  1.00  0.00  0.00
  WWGM0584                1.00   0.00  0.00  0.00  0.96  0.00  0.00  0.04  0.96  0.00
  WWGM0597                1.00   0.00  0.00  0.00  0.00  0.00  0.00  1.00  0.00  0.00
  WWGM0598                1.00   0.00  0.00  0.00  0.00  0.00  0.00  1.00  0.00  0.00
  WWGM0600                1.00   0.00  0.00  0.00  0.00  0.00  0.00  1.00  0.00  0.00
  WWGM0601                1.00   0.06  0.00  0.00  0.93  0.00  0.00  0.00  0.89  0.00
  WWGM0602                1.00   0.00  0.00  0.00  0.00  0.00  0.00  1.00  0.00  0.00
  WWGM0604                1.00   0.00  0.05  0.00  0.00  0.00  0.95  0.00  0.00  0.00
  WWGM0608                1.00   0.00  0.00  0.00  0.00  0.00  0.00  1.00  0.00  0.00
  WWGM0612                7.40   1.00  0.00  0.00  0.00  0.00  0.00  0.00  0.00  0.00
  WWGM0617                1.00   0.00  0.06  0.00  0.00  0.00  0.94  0.00  0.00  0.00
  WWGM0651                1.00   0.00  0.00  0.00  0.00  0.00  0.00  1.00  0.00  0.00
  WWGM0652                1.00   0.00  0.00  0.00  0.00  0.00  0.00  1.00  0.00  0.00
  WWGM0653                1.00   0.00  0.00  0.00  0.00  0.00  0.00  1.00  0.00  0.00
  WWGM0654                1.00   0.00  0.00  0.00  0.00  0.00  0.00  1.00  0.00  0.00
  WWGM0661                1.00   0.00  0.00  0.00  0.00  0.00  0.00  1.00  0.00  0.00
  WWGM0682                1.00   0.00  0.00  0.00  0.00  0.00  0.00  1.00  0.00  0.00
  WWGM0691                1.00   0.00  0.00  0.00  0.00  0.00  0.00  1.00  0.00  0.00
  WWGM0696                1.00   0.00  0.00  0.00  0.00  0.00  0.00  1.00  0.00  0.00
  WWGM0699                1.28   0.00  0.00  0.00  0.00  0.00  0.00  1.00  0.00  0.00
  WWGM0700                1.00   0.00  0.00  0.00  0.00  0.00  0.00  1.00  0.00  0.00
  WWGM0711                1.00   0.00  0.00  0.00  0.00  0.00  0.00  1.00  0.00  0.00
  WWGM0716                1.00   0.00  0.00  0.00  0.00  0.00  0.00  1.00  0.00  0.00
  WWGM0717                1.00   0.00  0.00  0.00  0.00  0.00  0.00  1.00  0.00  0.00
  WWGM0723                1.00   0.00  0.00  0.00  0.00  0.00  0.00  1.00  0.00  0.00
  WWGM0734                1.00   0.00  0.00  0.00  0.00  0.00  0.00  1.00  0.00  0.00
  WWGM0756                1.00   0.00  0.00  0.00  0.00  0.00  0.00  1.00  0.00  0.00
  WWGM0760                1.00   0.00  0.00  0.00  0.00  0.00  0.00  1.00  0.00  0.00
  WWGM0761                1.00   0.00  0.00  0.00  0.09  0.91  0.00  0.00  1.00  0.00
  WWGM0762                1.00   0.00  0.00  0.00  1.00  0.00  0.00  0.00  1.00  0.00
  WWGM0763                1.00   0.00  0.00  0.00  0.00  0.00  0.00  1.00  0.00  0.00
  WWGM0801                1.00   0.00  0.00  0.00  0.00  0.00  0.00  1.00  0.00  0.00
  WWGM0802                1.00   0.00  0.00  0.00  0.00  0.00  0.00  1.00  0.00  0.00
  WWGM0826                1.00   0.00  0.00  0.00  0.00  0.00  0.00  1.00  0.00  0.00
  WWGM0846                1.00   0.00  0.00  0.00  0.00  0.00  0.00  1.00  0.00  0.00
  WWGM0855                1.00   0.00  0.00  0.00  0.00  0.00  0.00  1.00  0.00  0.00
  WWGM0863                1.00   0.00  0.00  0.00  0.00  0.00  0.00  1.00  0.00  0.00
  WWGM0867                1.00   0.00  0.00  0.00  0.00  0.00  0.00  1.00  0.00  0.00
  WWGM0870                1.00   0.00  0.00  0.00  0.00  0.00  0.00  1.00  0.00  0.00
  WWGM0880                1.00   0.00  0.00  0.00  0.00  0.00  0.00  1.00  0.00  0.00
  WWGM0882                1.00   0.00  0.00  0.00  0.00  0.00  0.00  1.00  0.00  0.00
  WWGM0884                1.00   0.00  0.00  0.00  0.00  0.00  0.00  1.00  0.00  0.00
  WWGM0896                1.00   0.00  0.00  0.00  0.00  0.00  0.00  1.00  0.00  0.00
  WWGM0898                4.19   0.00  0.00  0.00  0.00  0.00  0.00  1.00  0.00  0.00
  WWGM0917                1.00   0.00  0.00  0.00  0.00  0.00  0.00  1.00  0.00  0.00
  WWGM0940                1.00   0.00  0.00  0.00  0.00  0.00  0.00  1.00  0.00  0.00
  WWGM0953                1.00   0.00  0.00  0.00  0.00  0.00  0.00  1.00  0.00  0.00
  WWGM0991                1.00   0.00  0.00  0.00  0.00  0.00  0.00  1.00  0.00  0.00
  WWGM0992                1.00   0.00  0.00  0.00  0.00  0.00  0.00  1.00  0.00  0.00
  WWGM0993                1.00   0.00  0.00  0.00  0.00  0.00  0.00  1.00  0.00  0.00
  WWGM0996                1.52   0.00  0.00  0.00  0.00  0.00  0.00  1.00  0.00  0.00
  WWGM0998                1.00   0.00  0.00  0.00  0.04  0.96  0.00  0.00  1.00  0.00
  WWGM1005                1.00   0.00  0.00  0.00  0.00  0.00  0.00  1.00  0.00  0.00
  WWGM1033                1.00   0.00  0.00  0.00  0.00  0.00  0.00  1.00  0.00  0.00
  WWGM1035                1.00   0.00  0.00  0.00  0.00  0.00  0.00  1.00  0.00  0.00
  WWGM1039                1.00   0.00  0.00  0.00  0.00  0.00  0.00  1.00  0.00  0.00
  WWGM1045                1.00   0.00  0.00  0.00  0.00  0.00  0.00  1.00  0.00  0.00
  WWGM1046                1.00   0.00  0.00  0.00  0.00  0.00  0.00  1.00  0.00  0.00
  WWGM1047                1.00   0.00  0.00  0.00  0.00  0.00  0.00  1.00  0.00  0.00
  WWGM1051                1.00   0.00  0.00  0.00  1.00  0.00  0.00  0.00  0.98  0.00
  WWGM1052                1.00   0.00  0.00  0.00  0.00  0.00  0.00  1.00  0.00  0.00
  WWGM1053                1.00   0.00  0.00  0.00  0.22  0.78  0.00  0.00  1.00  0.00
  WWGM1054                1.00   0.00  0.00  0.00  0.00  0.00  0.00  1.00  0.00  0.00
  WWGM1055                1.00   0.00  0.00  0.00  0.00  0.00  0.00  1.00  0.00  0.00
  WWGM1056                1.00   0.00  0.00  0.00  0.00  0.00  0.00  1.00  0.00  0.00
  WWGM1060                1.00   0.00  0.00  0.00  0.00  0.00  0.00  1.00  0.00  0.00
  WWGM1061                1.00   0.00  0.00  0.00  0.00  0.00  1.00  0.00  0.00  0.00
  WWGM1062                1.00   0.00  0.00  0.00  0.99  0.00  0.00  0.01  0.00  0.00
  WWGM1069                1.00   0.00  0.00  0.00  0.00  0.00  0.00  1.00  0.00  0.00
  WWGM1070                1.00   0.01  0.00  0.00  0.00  0.00  0.00  0.99  0.00  0.00
  WWGM1071                1.00   0.01  0.00  0.00  0.00  0.00  0.00  0.99  0.00  0.00
  WWGM1072                1.20   0.01  0.00  0.00  0.00  0.00  0.00  0.99  0.00  0.00
  WWGM1075                1.00   0.00  0.00  0.00  0.00  0.00  0.00  1.00  0.00  0.00
  WWGM1076                1.00   0.00  0.00  0.00  1.00  0.00  0.00  0.00  1.00  0.00
  WWGM1077                1.00   0.00  0.00  0.00  0.00  0.00  0.00  1.00  0.00  0.00
  WWGM1080                1.00   0.00  0.00  0.00  0.00  0.00  0.00  1.00  0.00  0.00
  WWGM1081                1.00   0.00  0.00  0.00  0.00  0.00  0.00  1.00  0.00  0.00
  WWGM1082                1.00   1.00  0.00  0.00  0.00  0.00  0.00  0.00  0.00  0.00
  WWGM1090                1.00   0.00  0.00  0.00  0.00  0.00  0.00  1.00  0.00  0.00
  WWGM1091                1.00   0.00  0.00  0.00  0.00  0.00  0.00  1.00  0.00  0.00
  WWGM1104                1.00   0.00  0.00  0.00  0.00  0.00  0.00  1.00  0.00  0.00
  WWGM1105                1.00   0.00  0.00  0.00  0.00  0.00  0.00  1.00  0.00  0.00
  WWGM1106                1.00   0.00  0.00  0.00  0.00  0.00  0.00  1.00  0.00  0.00
  WWGM1107                1.00   0.00  0.00  0.00  0.00  0.00  0.00  1.00  0.00  0.00
  WWGM1108                1.00   0.00  0.00  0.00  0.00  0.00  0.00  1.00  0.00  0.00
  WWGM1109                1.00   0.00  0.00  0.00  0.00  0.00  0.00  1.00  0.00  0.00
  WWGM1110                1.00   0.00  0.00  0.00  0.00  0.00  0.00  1.00  0.00  0.00
  WWGM1111                1.00   0.00  0.00  0.00  0.00  0.00  0.00  1.00  0.00  0.00
  WWGM1113                1.00   0.00  0.00  0.00  0.00  0.00  0.00  1.00  0.00  0.00
  WWGM1114                1.00   0.00  0.00  0.00  1.00  0.00  0.00  0.00  0.99  0.00
  WWGM1116                1.00   0.00  0.00  0.00  0.00  0.00  0.00  1.00  0.00  0.00
  WWGM1117                1.00   0.01  0.00  0.00  0.00  0.00  0.00  0.99  0.00  0.00
  WWGM1119                1.00   0.00  0.00  0.00  0.00  0.00  0.00  1.00  0.00  0.00
  WWGM1129                1.00   0.00  0.00  0.00  0.28  0.00  0.00  0.71  0.00  0.00
  WWGM1131                1.00   0.00  0.00  0.00  0.00  0.00  0.00  1.00  0.00  0.00
  WWGM1132                1.00   0.00  0.01  0.00  0.00  0.00  0.99  0.00  0.00  0.00
  WWGM1164                1.00   0.00  0.00  0.00  1.00  0.00  0.00  0.00  0.00  0.00
  WWGM1165                1.00   0.00  0.00  0.00  0.00  0.00  0.00  1.00  0.00  0.00
  WWGM1167                1.00   0.00  0.00  0.00  0.00  0.00  0.00  1.00  0.00  0.00
  WWGM1168                1.00   0.00  0.00  0.00  0.00  0.00  0.00  1.00  0.00  0.00
  WWGM1176                1.00   0.00  0.00  0.00  0.00  0.00  0.00  1.00  0.00  0.00
  WWGM1194                1.00   1.00  0.00  0.00  0.00  0.00  0.00  0.00  0.00  0.00
  WWGM1200                1.00   0.00  0.00  0.00  0.00  0.00  0.00  1.00  0.00  0.00
  WWGM1201                1.00   0.00  0.00  0.00  0.00  0.00  0.00  1.00  0.00  0.00
  WWGM1202                1.00   0.00  0.00  0.00  0.00  0.00  0.00  1.00  0.00  0.00
  WWGM1204                1.00   0.00  0.00  0.00  0.00  0.00  0.00  1.00  0.00  0.00
  WWGM1205                1.27   0.00  0.00  0.00  0.00  0.00  0.00  1.00  0.00  0.00
  WWGM1206                1.00   0.00  0.00  0.00  0.00  0.00  0.00  1.00  0.00  0.00
  WWGM1218                1.00   0.00  0.20  0.00  0.00  0.00  0.80  0.00  0.00  0.00
  WWGM1234                1.00   0.00  0.00  0.00  0.00  0.00  0.00  1.00  0.00  0.00
  WWGM1236                1.00   0.00  0.00  0.00  0.00  0.00  0.00  1.00  0.00  0.00
  WWGM1242                1.00   0.00  0.00  0.00  1.00  0.00  0.00  0.00  0.00  0.00
  WWGM1244                1.00   0.00  0.07  0.00  0.00  0.00  0.93  0.00  0.00  0.00
  WWGM1245                1.00   0.00  0.00  0.00  1.00  0.00  0.00  0.00  1.00  0.00
  WWGM1246                1.00   0.00  0.00  0.00  0.00  0.00  0.00  1.00  0.00  0.00
  WWGM1247                1.53   0.00  0.01  0.00  0.00  0.00  0.99  0.00  0.00  0.00
  WWGM1248                1.00   0.00  0.00  0.00  0.00  0.00  0.00  1.00  0.00  0.00
  WWGM1249                1.00   0.00  0.00  0.00  0.99  0.00  0.00  0.01  0.00  0.00
  WWGM1252                7.54   0.00  0.00  0.00  1.00  0.00  0.00  0.00  1.00  0.00
  WWGM1253                1.00   0.00  0.00  0.00  1.00  0.00  0.00  0.00  0.03  0.00
  WWGM1254                1.05   0.00  0.04  0.00  0.00  0.00  0.96  0.00  0.00  0.00
  WWGM1255                1.00   0.00  0.00  0.00  0.98  0.00  0.00  0.02  0.24  0.00
  WWGM1264                1.00   0.00  0.00  0.00  0.00  0.00  0.00  1.00  0.00  0.00
  WWGM1266                1.00   0.00  0.00  0.00  0.00  0.00  0.00  1.00  0.00  0.00
  WWGM1272                1.00   0.00  0.00  0.00  0.91  0.09  0.00  0.00  1.00  0.00
  WWGM1273                2.25   0.00  0.00  0.00  0.00  0.00  0.00  1.00  0.00  0.00
  WWGM1289                9.06   0.00  0.00  0.00  0.00  0.00  0.00  1.00  0.00  0.00
  WWGM1290                1.10   0.00  0.00  0.00  0.00  0.00  0.00  1.00  0.00  0.00
  WWGM1291                1.14   0.00  0.00  0.00  0.00  0.00  0.00  1.00  0.00  0.00
  WWGM1292                1.00   0.00  0.00  0.00  0.00  0.00  0.00  1.00  0.00  0.00
  WWGM1293                1.00   0.00  0.00  0.00  0.00  0.00  0.00  1.00  0.00  0.00
  WWGM1294                1.00   0.00  0.00  0.00  0.00  0.00  0.00  1.00  0.00  0.00
  WWGM1304                1.00   0.00  0.00  0.00  1.00  0.00  0.00  0.00  1.00  0.00
  WWGM1306                1.00   0.00  0.00  0.00  1.00  0.00  0.00  0.00  0.00  0.00
  WWGM1307                4.21   0.00  0.02  0.00  0.00  0.00  0.98  0.00  0.00  0.00
  WWGM1308                1.00   0.00  0.00  0.00  0.00  0.00  0.00  1.00  0.00  0.00
  WWGM1309                1.00   0.00  0.02  0.00  0.00  0.00  0.98  0.00  0.00  0.00
  WWGM1313                1.00   0.00  0.00  0.00  0.00  0.00  0.00  1.00  0.00  0.00
  WWGM1314                1.00   0.00  0.09  0.00  0.05  0.00  0.85  0.00  0.00  0.00
  WWGM1316                1.00   0.00  0.00  0.00  0.01  0.00  0.00  0.99  0.01  0.00
  WWGM1318                1.00   0.00  0.00  0.00  0.00  0.00  0.00  1.00  0.00  0.00
  WWGM1319                2.20   0.00  0.00  0.00  0.06  0.00  0.94  0.00  0.00  0.00
  WWGM1320                1.00   0.00  0.00  0.00  0.01  0.00  0.00  0.99  0.00  0.00
  WWGM1321                6.59   0.00  0.00  0.00  0.11  0.18  0.00  0.71  0.29  0.00
  WWGM1323                1.00   0.00  0.00  0.00  0.00  0.00  0.00  1.00  0.00  0.00
  WWGM1324                1.00   0.00  0.00  0.00  0.84  0.00  0.00  0.16  0.54  0.00
  WWGM1325                1.00   0.00  0.16  0.00  0.00  0.00  0.84  0.00  0.00  0.00
  WWGM1326                1.00   0.00  0.00  0.00  0.98  0.00  0.00  0.02  0.98  0.00
  WWGM1329                1.00   0.00  1.00  0.00  0.00  0.00  0.00  0.00  0.00  0.00
  WWGM1330                1.00   0.00  0.00  0.00  0.83  0.00  0.00  0.17  0.83  0.00
  WWGM1331                1.00   0.00  0.00  0.00  0.00  0.00  0.00  1.00  0.00  0.00
  WWGM1338                1.00   0.00  0.00  0.00  0.82  0.00  0.00  0.18  0.00  0.00
  WWGM1339                1.00   0.00  0.00  0.00  1.00  0.00  0.00  0.00  0.18  0.00
  WWGM1341                6.65   0.00  0.01  0.00  0.99  0.00  0.00  0.00  0.01  0.00
  WWGM1342                1.00   0.00  1.00  0.00  0.00  0.00  0.00  0.00  0.00  0.00
  WWGM1352                1.00   0.00  0.00  0.00  1.00  0.00  0.00  0.00  0.57  0.00
  WWGM1353                1.00   0.00  0.00  0.00  0.42  0.00  0.00  0.58  0.41  0.00
  WWGM1355                1.00   0.00  0.00  0.00  0.87  0.00  0.00  0.13  0.03  0.00
  WWGM1356                1.00   0.00  0.00  0.00  0.99  0.00  0.00  0.01  0.06  0.00
  WWGM1358                1.00   0.00  0.00  0.00  0.92  0.00  0.00  0.08  0.01  0.00
  WWGM1368                1.00   0.00  0.00  0.00  1.00  0.00  0.00  0.00  1.00  0.00
  WWGM1369                1.00   0.00  0.00  0.00  0.99  0.00  0.00  0.01  0.11  0.00
  WWGM1371                1.00   0.00  0.00  0.00  0.00  0.00  1.00  0.00  0.00  0.00
  WWGM1372                1.00   0.00  0.01  0.00  0.00  0.00  0.99  0.00  0.00  0.00
  WWGM1373                1.00   0.00  0.00  0.00  0.01  0.00  0.00  0.99  0.00  0.00
  WWGM1378                1.00   0.00  0.00  0.00  1.00  0.00  0.00  0.00  0.09  0.00
  WWGM1379                1.00   0.00  0.00  0.00  1.00  0.00  0.00  0.00  0.92  0.00
  WWGM1380                1.00   0.00  0.00  0.00  1.00  0.00  0.00  0.00  0.99  0.00
  WWGM1381                1.00   0.00  0.00  0.00  1.00  0.00  0.00  0.00  0.03  0.00
  WWGM1382                1.00   0.00  0.00  0.00  0.91  0.00  0.00  0.09  0.91  0.00
  WWGM1383                1.00   0.00  0.09  0.00  0.91  0.00  0.00  0.00  0.00  0.00
  WWGM1389                1.00   0.00  0.00  0.00  0.02  0.00  0.00  0.98  0.01  0.00
  WWGM1390                1.00   0.00  0.00  0.00  1.00  0.00  0.00  0.00  1.00  0.00
  WWGM1401                1.00   0.00  0.00  0.00  0.00  0.00  0.00  1.00  0.00  0.00
  WWGM1402                1.00   0.00  0.00  0.00  0.00  0.00  0.00  1.00  0.00  0.00
  WWGM1403                5.56   0.00  0.00  0.00  0.00  0.00  0.00  1.00  0.00  0.00
  WWGM1411                1.00   0.00  0.00  0.00  0.00  0.00  0.00  1.00  0.00  0.00
  WWGM1419                1.00   0.00  0.00  0.00  0.00  0.00  0.00  1.00  0.00  0.00
  WWGM1420                1.00   1.00  0.00  0.00  0.00  0.00  0.00  0.00  0.00  0.00
  WWGM1422                1.00   1.00  0.00  0.00  0.00  0.00  0.00  0.00  0.00  0.00
  WWGM1442                1.00   0.00  0.00  0.00  0.00  0.00  0.00  1.00  0.00  0.00
  WWGM1447                1.00   0.00  0.00  0.00  0.00  0.00  0.00  1.00  0.00  0.00
  WWGM1448                1.00   0.00  0.02  0.00  0.00  0.00  0.98  0.00  0.00  0.00
  WWGM1449                1.00   0.00  0.00  0.00  0.00  0.00  0.00  1.00  0.00  0.00
  WWGM1451                1.00   0.06  0.00  0.00  0.00  0.00  0.00  0.94  0.00  0.00
  WWGM1452                1.00   0.00  0.06  0.00  0.00  0.00  0.94  0.00  0.00  0.00
  WWGM1462                4.05   0.03  0.07  0.00  0.00  0.00  0.91  0.00  0.00  0.00
  WWGM1463                1.00   0.03  0.00  0.00  0.97  0.00  0.00  0.00  0.02  0.00
  WWGM1464                1.00   0.00  0.03  0.00  0.97  0.00  0.00  0.00  0.00  0.00
  WWGM1465                1.00   0.00  0.00  0.00  0.99  0.00  0.00  0.01  0.99  0.00
  WWGM1470                1.00   0.00  0.00  0.00  0.00  0.00  0.00  1.00  0.00  0.00
  WWGM1476                1.00   0.05  0.03  0.00  0.93  0.00  0.00  0.00  0.93  0.00
  WWGM1477                1.00   0.00  0.08  0.00  0.00  0.00  0.92  0.00  0.00  0.00
  WWGM1480                1.00   0.00  0.00  0.00  0.00  0.00  0.00  1.00  0.00  0.00
  WWGM1481                1.00   0.00  0.00  0.00  0.00  0.00  0.00  1.00  0.00  0.00
  WWGM1529                1.00   0.00  0.00  0.00  0.00  0.00  0.00  1.00  0.00  0.00
  WWGM1534                1.00   0.00  0.00  0.00  0.00  0.00  0.00  1.00  0.00  0.00
  WWGM1539                1.00   0.00  0.00  0.00  0.00  0.00  0.00  1.00  0.00  0.00
  WWGM1547                1.00   0.00  0.00  0.00  0.00  0.00  0.00  1.00  0.00  0.00
  WWGM1548                1.00   0.00  1.00  0.00  0.00  0.00  0.00  0.00  0.00  0.00
  WWGM1551                1.00   0.00  0.00  0.00  0.00  0.00  0.00  1.00  0.00  0.00
  WWGM1552                1.00   0.00  0.00  0.00  0.00  0.00  0.00  0.99  0.00  0.00
  WWGM1553                3.68   0.00  0.00  0.00  0.00  0.00  0.00  1.00  0.00  0.00
  WWGM1554                1.00   0.00  0.00  0.00  0.00  0.00  0.00  1.00  0.00  0.00
  WWGM1555                1.00   0.00  0.00  0.00  0.00  0.00  1.00  0.00  0.00  0.00
  WWGM1557                1.00   0.00  0.00  0.00  0.00  0.00  0.00  1.00  0.00  0.00
  WWGM1560                1.00   0.00  0.00  0.00  0.00  0.00  0.00  1.00  0.00  0.00
  WWGM1564                1.20   1.00  0.00  0.00  0.00  0.00  0.00  0.00  0.00  0.00
  WWGM1565                1.00   0.01  0.00  0.00  0.00  0.00  0.00  0.99  0.00  0.00
  WWGM1566                1.00   0.01  0.00  0.00  0.00  0.00  0.00  0.99  0.00  0.00
  WWGM1567                1.00   0.00  0.01  0.00  0.00  0.00  0.99  0.00  0.00  0.00
  WWGM1568                1.00   0.01  0.00  0.00  0.98  0.00  0.00  0.01  0.98  0.00
  WWGM1569               12.57   0.28  0.72  0.00  0.00  0.00  0.00  0.00  0.00  0.00
  WWGM1570                1.00   0.00  0.28  0.00  0.00  0.00  0.72  0.00  0.00  0.00
  WWGM1571                1.00   0.00  0.01  0.00  0.00  0.00  0.99  0.00  0.00  0.00
  WWGM1572                1.00   0.00  0.00  0.00  0.01  0.00  0.00  0.99  0.00  0.00
  WWGM1573                1.00   0.00  0.00  0.00  0.00  0.00  0.00  1.00  0.00  0.00
  WWGM1574                1.00   0.00  0.00  0.00  0.00  0.00  0.00  1.00  0.00  0.00
  WWGM1575                1.00   0.00  0.00  0.00  0.00  0.00  1.00  0.00  0.00  0.00
  WWGM1590                1.00   0.00  0.00  0.00  0.00  0.00  0.00  1.00  0.00  0.00
  WWGM1591                1.98   0.00  0.00  0.00  0.00  0.00  1.00  0.00  0.00  0.00
  WWGM1592                1.00   0.00  1.00  0.00  0.00  0.00  0.00  0.00  0.00  0.00
  WWGM1603                1.00   0.00  0.00  0.00  0.00  0.00  0.00  1.00  0.00  0.00
  WWGM1604                1.00   0.00  0.00  0.00  0.00  0.00  0.00  1.00  0.00  0.00
  WWGM1605                1.00   0.00  0.00  0.00  0.99  0.00  0.00  0.01  0.02  0.00
  WWGM1606                1.00   0.00  0.00  0.00  0.97  0.00  0.00  0.03  0.05  0.00
  WWGM1607                1.00   0.00  0.00  0.00  0.92  0.00  0.00  0.08  0.91  0.00
  WWGM1614                1.00   1.00  0.00  0.00  0.00  0.00  0.00  0.00  0.00  0.00
  WWGM1617                1.00   0.00  0.00  0.00  0.00  0.00  0.00  1.00  0.00  0.00
  WWGM1618                1.00   0.00  0.00  0.00  0.00  0.00  0.00  1.00  0.00  0.00
  WWGM1619                1.00   0.00  0.00  0.00  0.90  0.02  0.00  0.08  0.87  0.00
  WWGM1639                1.00   0.00  0.00  0.00  0.07  0.00  0.00  0.93  0.04  0.00
  WWGM1641                1.00   0.00  0.00  0.00  0.05  0.00  0.00  0.95  0.00  0.00
  WWGM1642                3.46   0.00  0.00  0.00  0.00  0.00  0.00  1.00  0.00  0.00
  WWGM1643               11.28   0.00  0.00  0.00  0.00  0.00  0.00  1.00  0.00  0.00
  WWGM1644                1.00   0.00  0.00  0.00  0.05  0.01  0.00  0.94  0.06  0.00
  WWGM1645                1.00   0.00  0.00  0.00  0.29  0.71  0.00  0.00  0.00  0.00
  WWGM1646                1.00   0.00  0.00  0.00  0.00  0.00  0.00  1.00  0.00  0.00
  WWGM1647                1.00   0.00  0.00  0.00  0.00  0.00  0.00  1.00  0.00  0.00
  WWGM1648                1.00   0.00  0.00  0.00  0.00  0.00  0.00  1.00  0.00  0.00
  WWGM1649                1.00   0.00  0.00  0.00  0.00  0.00  0.00  1.00  0.00  0.00
  WWGM1650                1.00   0.00  0.00  0.00  0.00  0.00  0.00  1.00  0.00  0.00
  WWGM1653                1.00   0.00  0.00  0.00  0.00  0.00  0.00  1.00  0.00  0.00
  WWGM1654                1.00   0.00  0.00  0.00  0.00  0.00  0.00  1.00  0.00  0.00
  WWGM1655                1.00   0.00  0.00  0.00  0.00  0.00  0.00  1.00  0.00  0.00
  WWGM1660                1.00   0.00  0.00  0.00  0.00  0.00  0.00  1.00  0.00  0.00
  WWGM1669                1.00   0.00  0.00  0.00  1.00  0.00  0.00  0.00  0.99  0.00
  WWGM1685                1.00   0.00  0.00  0.00  0.00  0.00  0.00  1.00  0.00  0.00
  WWGM1689                1.00   0.00  0.00  0.00  0.00  0.00  0.00  1.00  0.00  0.00
  WWGM1709                1.00   0.00  0.00  0.00  0.00  0.00  0.00  1.00  0.00  0.00
  WWGM1710                1.00   0.00  0.00  0.00  1.00  0.00  0.00  0.00  1.00  0.00
  WWGM1713                1.00   0.00  0.00  0.00  0.00  0.00  0.00  1.00  0.00  0.00
  WWGM1718                1.00   0.00  0.00  0.00  0.00  0.00  0.00  1.00  0.00  0.00
  WWGM1739                1.00   0.00  0.00  0.00  0.00  0.00  0.00  1.00  0.00  0.00
  WWGM1740                2.25   0.00  0.00  0.00  0.00  0.00  0.00  1.00  0.00  0.00
  WWGM1742                1.00   0.00  0.00  0.00  1.00  0.00  0.00  0.00  1.00  0.00
  WWGM1743                1.00   0.00  1.00  0.00  0.00  0.00  0.00  0.00  0.00  0.00
  WWGM1753                1.00   0.00  0.00  0.00  0.00  0.00  0.00  1.00  0.00  0.00
  WWGM1755                1.00   0.00  0.00  0.00  1.00  0.00  0.00  0.00  1.00  0.00
  WWGM1756                1.00   0.00  1.00  0.00  0.00  0.00  0.00  0.00  0.00  0.00
  WWGM1760                1.00   0.00  0.00  0.00  1.00  0.00  0.00  0.00  0.89  0.00
  WWGM1762                1.00   0.00  0.00  0.00  0.00  0.00  0.00  1.00  0.00  0.00
  WWGM1763                1.00   0.00  0.00  0.00  0.00  0.00  0.00  1.00  0.00  0.00
  WWGM1764                1.00   0.00  0.00  0.00  0.00  0.00  0.00  1.00  0.00  0.00
  WWGM1766                1.00   0.21  0.79  0.00  0.00  0.00  0.00  0.00  0.00  0.00
  WWGM1767                1.00   0.00  0.21  0.00  0.64  0.00  0.15  0.00  0.00  0.00
  WWGM1768                1.00   0.00  0.00  0.00  0.96  0.00  0.00  0.04  0.34  0.00
  WWGM1769                1.00   0.00  0.00  0.00  0.41  0.00  0.00  0.59  0.11  0.00
  WWGM1770                1.00   0.00  1.00  0.00  0.00  0.00  0.00  0.00  0.00  0.00
  WWGM1771                1.00   0.00  0.00  0.00  0.00  0.00  0.00  1.00  0.00  0.00
  WWGM1773                1.00   0.00  0.00  0.00  0.00  0.00  0.00  1.00  0.00  0.00
  WWGM1779                1.00   0.00  0.02  0.00  0.00  0.00  0.98  0.00  0.00  0.00
  WWGM1780                1.00   0.00  0.00  0.00  0.03  0.01  0.00  0.96  0.04  0.00
  WWGM1781                1.00   0.00  0.00  0.00  0.00  0.00  0.00  1.00  0.00  0.00
  WWGM1782                1.00   0.00  0.00  0.00  0.00  0.00  0.00  1.00  0.00  0.00
  WWGM1788                1.00   0.00  0.00  0.00  0.01  0.00  0.00  0.99  0.00  0.00
  WWGM1790                1.00   0.00  0.00  0.00  0.00  0.00  0.00  1.00  0.00  0.00
  WWGM1791                1.00   0.00  0.00  0.00  1.00  0.00  0.00  0.00  0.98  0.00
  WWGM1792                1.66   0.00  0.00  0.00  0.00  0.00  1.00  0.00  0.00  0.00
  WWGM1793                1.45   0.00  0.00  0.00  1.00  0.00  0.00  0.00  0.99  0.00
  WWGM1794                1.00   0.00  0.00  0.00  1.00  0.00  0.00  0.00  1.00  0.00
  WWGM1795                1.00   0.00  0.00  0.00  1.00  0.00  0.00  0.00  0.98  0.00
  WWGM1796                1.00   0.00  0.00  0.00  1.00  0.00  0.00  0.00  0.00  0.00
  WWGM1798                1.00   0.00  0.00  0.00  1.00  0.00  0.00  0.00  1.00  0.00
  WWGM1799                1.00   0.00  0.00  0.00  1.00  0.00  0.00  0.00  0.87  0.00
  WWGM1800                1.00   0.00  0.00  0.00  1.00  0.00  0.00  0.00  0.66  0.00
  WWGM1802                1.00   0.00  0.00  0.00  1.00  0.00  0.00  0.00  0.20  0.00
  WWGM1810                1.00   0.00  0.00  0.00  0.00  0.00  0.00  1.00  0.00  0.00
  WWGM1811                1.00   0.00  0.00  0.00  0.00  0.00  0.00  1.00  0.00  0.00
  WWGM1812                1.00   0.00  0.00  0.00  0.00  0.00  0.00  1.00  0.00  0.00
  WWGM1828                1.00   0.00  0.00  0.00  0.00  0.00  0.00  1.00  0.00  0.00
  WWGM1834                1.00   0.00  0.00  0.00  0.00  0.00  0.00  1.00  0.00  0.00
  WWGM1835                1.00   0.00  0.00  0.00  0.00  0.00  0.00  1.00  0.00  0.00
  WWGM1837                1.00   0.00  0.00  0.00  0.00  0.00  0.00  1.00  0.00  0.00
  WWGM1839                1.00   0.00  0.00  0.00  0.06  0.00  0.00  0.94  0.03  0.00
  WWGM1840                1.00   0.00  0.00  0.00  0.01  0.00  0.00  0.99  0.01  0.00
  WWGM1842                1.00   0.00  0.00  0.00  0.00  0.00  0.00  1.00  0.00  0.00
  WWGM1967                4.50   0.01  0.00  0.00  0.00  0.00  0.00  0.99  0.00  0.00
  WWGM2024                1.00   0.00  0.00  0.00  0.00  0.00  0.00  1.00  0.00  0.00
  WWGM2025                7.15   0.00  0.13  0.00  0.00  0.00  0.87  0.00  0.00  0.00
  WWGM2026                1.00   0.00  0.00  0.00  1.00  0.00  0.00  0.00  0.01  0.00
  WWGM2035                1.00   0.00  0.00  0.00  0.94  0.00  0.00  0.06  0.94  0.00
  WWGM2037                1.00   0.00  0.05  0.00  0.00  0.00  0.95  0.00  0.00  0.00
  WWGM2039                1.00   0.00  1.00  0.00  0.00  0.00  0.00  0.00  0.00  0.00
  WWGM2053                4.60   1.00  0.00  0.00  0.00  0.00  0.00  0.00  0.76  0.00
  WWGM2054                1.35   0.00  0.00  0.00  1.00  0.00  0.00  0.00  1.00  0.00
  WWGM2073                4.24   0.96  0.03  0.00  0.00  0.01  0.00  0.00  0.83  0.00
  WWGM2074                2.39   1.00  0.00  0.00  0.00  0.00  0.00  0.00  0.00  0.00
  WWGM2075                1.25   0.01  0.00  0.00  0.00  0.00  0.00  0.99  0.00  0.00
  WWGM2076                1.00   0.01  0.00  0.00  0.00  0.00  0.00  0.99  0.00  0.00
  WWGM2077                1.00   0.00  0.00  0.00  1.00  0.00  0.00  0.00  1.00  0.00
  WWGM2078                1.67   0.00  0.00  0.00  0.00  0.00  1.00  0.00  0.00  0.00
  WWGM2093                1.00   0.00  0.00  0.00  0.10  0.00  0.00  0.90  0.07  0.00
  WWGM2094                1.00   0.00  0.00  0.00  0.00  0.00  1.00  0.00  0.00  0.00
  WWGM2109                1.00   0.00  0.12  0.00  0.00  0.00  0.88  0.00  0.00  0.00
  WWGM2110                1.00   0.03  0.00  0.00  0.95  0.00  0.00  0.02  0.03  0.00
  WWGM2117               66.99   0.00  1.00  0.00  0.00  0.00  0.00  0.00  0.00  0.00
  WWGM2119                1.00   0.00  0.00  0.00  1.00  0.00  0.00  0.00  0.96  0.00
  WWGM2137                1.85   0.00  0.00  0.00  0.41  0.59  0.00  0.00  0.54  0.00
  WWGM2146                1.00   0.00  0.02  0.00  0.05  0.00  0.93  0.00  0.02  0.00
  WWGM2147               15.28   0.17  0.00  0.00  0.00  0.00  0.00  0.83  0.00  0.00
  WWGM2148               21.19   0.00  0.17  0.00  0.00  0.00  0.83  0.00  0.00  0.00
  WWGM2149                1.00   0.02  0.15  0.00  0.00  0.00  0.83  0.00  0.00  0.00
  WWGM2150                4.25   0.00  0.00  0.00  0.00  0.00  0.00  1.00  0.00  0.00
  WWGM2151                1.00   0.00  0.00  0.00  0.00  0.00  0.00  1.00  0.00  0.00
  WWGM2152                1.00   0.00  0.00  0.00  0.82  0.00  0.00  0.18  0.82  0.00
  
  
  *************************
  Conduit Surcharge Summary
  *************************
  
  ----------------------------------------------------------------------------
                                                           Hours        Hours 
                         --------- Hours Full --------   Above Full   Capacity
  Conduit                Both Ends  Upstream  Dnstream   Normal Flow   Limited
  ----------------------------------------------------------------------------
  WWFM0026                    0.01      0.01     93.86      0.01         0.01
  WWFM0028                    0.40      0.40     67.20      0.41         0.01
  WWFM0038                    0.53      0.53    112.57      1.08         0.01
  WWFM0041                   24.96     24.96    109.11      0.01         0.01
  WWFM0042                    0.01      0.01    103.98      0.01         0.01
  WWFM0045                    0.20      0.22      0.21      0.21         0.20
  WWFM0048                    0.01      0.01    101.96      0.01         0.01
  WWFM0049                    0.01      0.01    101.96      0.01         0.01
  WWGM0002                    0.01      0.01     90.42      0.01         0.01
  WWGM0167                  113.51    113.51    113.72      0.01         0.01
  WWGM0168                  112.65    112.65    119.85      0.01         0.01
  WWGM0169                  110.45    110.45    120.00      0.01         0.01
  WWGM0170                  107.51    107.51    110.10      0.01         0.01
  WWGM0171                    0.01      0.01    107.28      0.01         0.01
  WWGM0177                    0.01      0.01      0.01      0.52         0.01
  WWGM0206                  111.49    111.49    112.13      0.01         0.01
  WWGM0207                    0.01      0.01    111.74      0.01         0.01
  WWGM0211                  110.29    110.29    111.74      0.01         0.01
  WWGM0212                  109.62    109.62    110.26      0.01         0.01
  WWGM0213                  109.49    109.49    109.61      7.24         7.21
  WWGM0214                  108.92    108.92    109.49      0.01         0.01
  WWGM0215                    7.82      7.82    108.62      0.01         0.01
  WWGM0235                    5.40      5.40      7.72      0.01         0.01
  WWGM0238                    4.10      4.10      5.27      0.01         0.01
  WWGM0354                    0.01      0.01      0.01      2.51         0.01
  WWGM0377                    0.01      0.01    108.70      0.01         0.01
  WWGM0378                  112.98    112.98    113.39      0.01         0.01
  WWGM0379                  112.13    112.13    112.69      0.01         0.01
  WWGM0496                    0.01      0.01    115.11      0.01         0.01
  WWGM0507                    0.01      0.01     40.63      0.01         0.01
  WWGM0514                    0.01      0.01    115.37      0.01         0.01
  WWGM0533                    0.01      0.01    119.27      0.01         0.01
  WWGM0555                    0.01      0.01      5.14      0.01         0.01
  WWGM0580                    0.01      0.01     90.43      0.01         0.01
  WWGM0617                    0.01      0.01    115.07      0.01         0.01
  WWGM1314                    0.01      0.01    111.72      0.01         0.01
  WWGM1326                    0.01      0.01      0.46      0.01         0.01
  WWGM1341                    0.01      0.01    103.15      0.01         0.01
  WWGM1356                  111.82    111.82    113.44      0.01         0.01
  WWGM1358                    0.01      0.01      8.85      0.01         0.01
  WWGM1383                    0.01      0.01    111.97      0.01         0.01
  WWGM1462                    0.01      0.01    113.83      0.01         0.01
  WWGM1463                  114.66    114.66    117.24      0.01         0.01
  WWGM1464                  114.66    114.66    119.58      0.01         0.01
  WWGM1465                    0.01      0.01    115.32      0.01         0.01
  WWGM1476                    0.01      0.01    112.78      0.01         0.01
  WWGM1477                    0.01      0.01    112.67      0.01         0.01
  WWGM1570                    0.01      0.01     88.86      0.01         0.01
  WWGM1639                    0.01      0.01      4.04      0.01         0.01
  WWGM1655                    0.01      0.01      0.01      4.52         0.01
  WWGM1767                    0.01      0.01     53.11      0.01         0.01
  WWGM1768                    0.01      0.01     29.18      0.01         0.01
  WWGM2025                    0.01      0.01    107.67      0.01         0.01
  WWGM2053                    0.01      0.19      0.08      0.10         0.01
  WWGM2054                    0.01      0.01      0.51      0.01         0.01
  WWGM2110                  112.61    112.61    113.21      0.01         0.01
  
  
  ***************
  Pumping Summary
  ***************
  
  ---------------------------------------------------------------------------------------------------------
                                                  Min       Avg       Max     Total     Power    % Time Off
                        Percent   Number of      Flow      Flow      Flow    Volume     Usage    Pump Curve
  Pump                 Utilized   Start-Ups       GPM       GPM       GPM  10^6 gal     Kw-hr    Low   High
  ---------------------------------------------------------------------------------------------------------
  PUMP-ANDR1               0.91           5      0.00    184.23    200.04     0.012      1.60    0.0    0.0
  PUMP-CHAR1               0.35           6      0.00    209.10    700.00     0.006      0.60    0.0    5.6
  PUMP-CHEHAL1             0.44           6      0.00   1571.17   1600.00     0.051      9.05    0.0   19.5
  PUMP-CREEKSD1            0.22           3      0.00    282.13    445.00     0.005      0.27    0.0   24.5
  PUMP-DAY1                0.39           7      0.00   1300.00   1300.00     0.037      6.77    0.0    0.0
  PUMP-DAY2                0.39           7      0.00   1300.00   1300.00     0.037      6.77    0.0    0.0
  PUMP-FERN1               1.35          12      0.00    867.95   1200.00     0.087     19.71    0.0    1.0
  PUMP-FERN2               1.35          12      0.00    867.95   1200.00     0.087     19.71    0.0    1.0
  PUMP-HWY240_1            0.83          12      0.00   1198.97   1600.00     0.074     12.86    0.0    0.9
  PUMP-HWY240_2            0.83          12      0.00   1198.97   1600.00     0.074     12.86    0.0    0.9
  PUMP-SHER1               0.00           0      0.00      0.00      0.00     0.000      0.00    0.0    0.0
  

  Analysis begun on:  Tue Aug  5 12:47:17 2025
  Analysis ended on:  Tue Aug  5 12:49:28 2025
  Total elapsed time: 00:02:11