
  EPA STORM WATER MANAGEMENT MODEL - VERSION 5.2 (Build 5.2.4)
  ------------------------------------------------------------

  Subsistema de Beirolas (Fase III) 
  WARNING 04: minimum elevation drop used for Conduit 78
  WARNING 04: minimum elevation drop used for Conduit 0701182000.1
  WARNING 04: minimum elevation drop used for Conduit 0701190000.1
  WARNING 04: minimum elevation drop used for Conduit 0701258000.1
  WARNING 02: maximum depth increased for Node 24
  
  *************
  Element Count
  *************
  Number of rain gages ...... 2
  Number of subcatchments ... 41
  Number of nodes ........... 387
  Number of links ........... 418
  Number of pollutants ...... 0
  Number of land uses ....... 0
  
  
  ****************
  Raingage Summary
  ****************
                                                      Data       Recording
  Name                 Data Source                    Type       Interval 
  ------------------------------------------------------------------------
  U01                  U01                            INTENSITY    2 min.
  U02                  U01                            INTENSITY    2 min.
  
  
  ********************
  Subcatchment Summary
  ********************
  Name                       Area     Width   %Imperv    %Slope Rain Gage            Outlet              
  -----------------------------------------------------------------------------------------------------------
  B1                         3.61     50.00      5.00    1.0000 U01                  0701001000          
  B10                       11.85    590.00     25.00    1.6000 U01                  0701044000          
  B11                        1.62     64.00      3.00    4.7000 U01                  0701034004          
  B12                       13.20    330.00     70.00    0.3000 U01                  0701050000          
  B13                      708.91    300.00     50.00    3.0000 U01                  57                  
  B14                        8.00    450.00     70.00   11.0000 U01                  52                  
  B15                       25.59    341.24     40.00    2.2000 U01                  0701065000          
  B16A                      16.86     42.50     90.00    1.0000 U01                  0701106000          
  B17                       63.55     80.00     80.00    0.3000 U01                  0701146000          
  B18                       27.49    307.78     70.00    2.5000 U01                  0701161000          
  B19                        0.20      8.00     10.00    1.2000 U01                  0701222000          
  B2                        47.09    356.80     10.00    2.3000 U01                  58                  
  B20                       17.51     10.00      3.00    0.5000 U01                  0701211000          
  B21                       34.64     90.00      5.00    0.4000 U01                  EE17_poco           
  B22                       45.96    400.00     23.00   18.0000 U01                  48                  
  B23                       85.00   1300.00     60.00   10.0000 U01                  56                  
  B24                       55.00    500.00     90.00    5.0000 U01                  60                  
  B25                       22.15     15.00      3.00    0.2000 U01                  0701251000          
  B28                        2.90    100.00     10.00    0.7000 U01                  0701007000          
  B29                        6.03    400.00      3.00    1.0000 U01                  0701013000          
  B3                         2.56    108.33     40.00   12.2000 U01                  0701016002          
  B30                        3.30    384.00      3.00    1.7000 U01                  0701025000          
  B31                        1.70    198.00     10.00    1.7000 U01                  0701027000          
  B32                       17.00    350.00     70.00    8.5000 U01                  0701072000          
  B33A                       0.45     25.00     70.00    3.0000 U01                  0701086000          
  B34                        2.42    120.00     60.00    3.0000 U01                  0701088000          
  B35                        1.96      5.00      2.00    4.7000 U01                  0701178000          
  B36                        9.43      5.00      5.00    2.0000 U01                  0701180000          
  B37                        3.01    100.00     90.00    3.0000 U01                  0701051000          
  B4                         0.86     39.17     90.00   15.0000 U01                  0701014000          
  B5                         6.29    210.00     30.00    6.0000 U01                  0701021004          
  B6                         4.48    121.00     20.00    5.0000 U01                  0701027006          
  B7                         2.00    140.00     50.00    7.3000 U01                  0701037006          
  B8                       180.32   1000.00     75.00   15.0000 U01                  0701035008          
  B9                        19.54    162.50     10.00    2.0000 U01                  0701032000          
  B26                      450.06   1400.00     30.00    7.0000 U02                  46                  
  B27                       25.00    350.00     80.00    2.2000 U02                  44                  
  B33B                       0.37     50.00     60.00    3.0000 U01                  0701071000          
  B16B                      16.86     42.50     90.00    1.0000 U01                  0701070000          
  B8b                        7.00    140.00     60.00    3.1000 U01                  0701035006          
  B21ficticia               30.00     10.00      0.40    5.0000 U01                  0701168000          
  
  
  ************
  Node Summary
  ************
                                           Invert      Max.    Ponded    External
  Name                 Type                 Elev.     Depth      Area    Inflow  
  -------------------------------------------------------------------------------
  3                    JUNCTION              0.00      2.00       0.0
  4                    JUNCTION              0.75      3.25       0.0
  5                    JUNCTION              0.55      2.25       0.0
  6                    JUNCTION              2.09      3.83       0.0
  7                    JUNCTION              0.88      4.40       0.0
  8                    JUNCTION              3.13      3.31       0.0
  9                    JUNCTION              1.30      2.40       0.0
  11                   JUNCTION              0.55      3.45       0.0
  12                   JUNCTION              0.50      3.45       0.0
  13                   JUNCTION              0.45      4.50       0.0
  14                   JUNCTION              0.40      4.70       0.0
  16                   JUNCTION              3.10      2.50       0.0
  17                   JUNCTION              2.06      2.90       0.0
  18                   JUNCTION              1.95      8.21       0.0
  19                   JUNCTION              1.26      8.21       0.0
  20                   JUNCTION              1.00      2.85       0.0
  21                   JUNCTION              1.00      4.30       0.0
  23                   JUNCTION              0.40      3.10       0.0
  24                   JUNCTION              0.45      2.50       0.0
  25                   JUNCTION              0.20      4.80       0.0
  26                   JUNCTION              0.95      3.20       0.0
  27                   JUNCTION             -0.45      3.90       0.0
  28                   JUNCTION             16.00      3.00       0.0
  29                   JUNCTION              4.80      3.00       0.0
  30                   JUNCTION              0.00      3.00       0.0
  31                   JUNCTION             -1.00      3.00       0.0
  32                   JUNCTION             -1.50      3.00       0.0
  33                   JUNCTION              2.00      7.00       0.0
  34                   JUNCTION              1.80      6.25       0.0
  35                   JUNCTION             -1.00      6.30       0.0
  36                   JUNCTION             -1.50      6.00       0.0
  37                   JUNCTION             -2.00      4.00       0.0
  39                   JUNCTION              3.00      7.10       0.0
  41                   JUNCTION              0.00      2.00       0.0
  44                   JUNCTION              1.70      2.16       0.0    Yes
  45                   JUNCTION              1.33      2.52       0.0
  46                   JUNCTION              2.68      3.15       0.0    Yes
  47                   JUNCTION             11.20      7.80       0.0
  48                   JUNCTION             11.30      7.60       0.0    Yes
  49                   JUNCTION             10.00      7.00       0.0
  51                   JUNCTION              0.00      2.00       0.0
  52                   JUNCTION              7.41      1.89       0.0    Yes
  53                   JUNCTION              5.86      3.30       0.0
  54                   JUNCTION              6.65      1.29       0.0
  55                   JUNCTION              6.95      1.09       0.0    Yes
  56                   JUNCTION              6.35      3.36       0.0    Yes
  57                   JUNCTION              8.21      8.50       0.0    Yes
  58                   JUNCTION              3.50      3.40       0.0
  59                   JUNCTION             -1.12      6.16       0.0
  60                   JUNCTION              4.70      3.00       0.0    Yes
  0701001000           JUNCTION              3.02      3.06       0.0    Yes
  0701002000           JUNCTION              2.68      3.32       0.0
  0701003000           JUNCTION              2.29      3.46       0.0
  0701004000           JUNCTION              1.97      3.72       0.0
  0701005000           JUNCTION              1.43      2.55       0.0
  0701006000           JUNCTION              0.66      2.85       0.0
  0701007000           JUNCTION             -0.02      3.58       0.0    Yes
  0701007002           JUNCTION              0.88      2.85       0.0
  0701007004           JUNCTION              0.97      2.80       0.0
  0701007006           JUNCTION              1.35      3.40       0.0
  0701007008           JUNCTION              2.74      2.06       0.0    Yes
  0701008000           JUNCTION             -0.27      4.41       0.0
  0701009000           JUNCTION             -0.59      5.40       0.0
  0701010000           JUNCTION             -0.84      5.61       0.0
  0701011000           JUNCTION             -1.02      5.95       0.0
  0701012000           JUNCTION             -1.27      6.28       0.0
  0701013000           JUNCTION             -1.09      6.12       0.0    Yes
  0701014000           JUNCTION              4.45      2.09       0.0    Yes
  0701015000           JUNCTION              3.67      2.76       0.0
  0701016000           JUNCTION              3.41      2.84       0.0
  0701016002           JUNCTION              4.50      2.05       0.0    Yes
  0701017000           JUNCTION              3.25      2.49       0.0
  0701018000           JUNCTION              2.89      2.35       0.0
  0701019000           JUNCTION              2.50      2.44       0.0
  0701020000           JUNCTION              5.67      1.17       0.0
  0701021000           JUNCTION              4.15      2.65       0.0
  0701021002           JUNCTION              4.21      2.73       0.0
  0701021004           JUNCTION              4.33      2.61       0.0    Yes
  0701022000           JUNCTION              4.07      2.74       0.0
  0701022002           JUNCTION              4.55      2.19       0.0
  0701023000           JUNCTION              3.70      3.34       0.0
  0701024000           JUNCTION              3.38      3.72       0.0
  0701025000           JUNCTION              3.21      2.68       0.0    Yes
  0701026000           JUNCTION              3.02      1.81       0.0
  0701027000           JUNCTION              2.46      1.81       0.0    Yes
  0701027002           JUNCTION              2.75      2.14       0.0
  0701027004           JUNCTION              2.88      3.46       0.0
  0701027006           JUNCTION              3.33      2.98       0.0    Yes
  0701028000           JUNCTION              2.31      1.17       0.0
  0701029000           JUNCTION              2.02      1.88       0.0
  0701030000           JUNCTION              1.81      2.22       0.0
  0701031000           JUNCTION              1.53      2.58       0.0
  0701032000           JUNCTION              4.32      2.42       0.0
  0701033000           JUNCTION              4.17      2.49       0.0    Yes
  0701034000           JUNCTION              3.89      1.68       0.0
  0701034002           JUNCTION              4.62      1.84       0.0
  0701034004           JUNCTION              4.73      1.84       0.0    Yes
  0701035000           JUNCTION              3.44      1.54       0.0    Yes
  0701035002           JUNCTION              4.47      3.07       0.0
  0701035004           JUNCTION              4.74      3.08       0.0
  0701035006           JUNCTION              5.55      3.34       0.0    Yes
  0701035008           JUNCTION              5.92      3.25       0.0    Yes
  0701036000           JUNCTION              2.81      1.67       0.0
  0701037000           JUNCTION              2.30      1.81       0.0
  0701037002           JUNCTION              2.57      1.73       0.0
  0701037006           JUNCTION              3.18      2.88       0.0    Yes
  0701038000           JUNCTION              2.10      1.26       0.0
  0701039000           JUNCTION              1.76      1.70       0.0
  0701040000           JUNCTION              1.68      1.95       0.0
  0701041000           JUNCTION              1.50      2.52       0.0
  0701042000           JUNCTION              1.51      2.17       0.0
  0701043000           JUNCTION              1.17      2.05       0.0
  0701044000           JUNCTION             -2.70      6.30       0.0    Yes
  0701045000           JUNCTION              1.67      2.01       0.0
  0701046000           JUNCTION              1.44      2.21       0.0
  0701047000           JUNCTION              1.09      2.60       0.0
  0701048000           JUNCTION              0.45      3.19       0.0
  0701049000           JUNCTION              0.23      3.12       0.0
  0701050000           JUNCTION             -0.54      4.05       0.0    Yes
  0701051000           JUNCTION              3.93      4.51       0.0    Yes
  0701052000           JUNCTION              3.54      4.84       0.0
  0701053000           JUNCTION              3.38      4.00       0.0
  0701054000           JUNCTION              3.19      2.50       0.0
  0701055000           JUNCTION              2.66      1.48       0.0
  0701056000           JUNCTION              2.04      1.77       0.0
  0701057000           JUNCTION              1.20      2.24       0.0
  0701058000           JUNCTION              2.13      1.54       0.0
  0701059000           JUNCTION              2.03      1.65       0.0
  0701060000           JUNCTION              1.75      1.92       0.0    Yes
  0701061000           JUNCTION              1.30      1.93       0.0
  0701062000           JUNCTION              1.02      2.19       0.0
  0701063000           JUNCTION              0.69      2.81       0.0
  0701064000           JUNCTION              0.38      4.28       0.0
  0701065000           JUNCTION              0.21      6.41       0.0
  0701066000           JUNCTION             -0.10      5.22       0.0
  0701067000           JUNCTION             -0.42      4.79       0.0
  0701068000           JUNCTION             -0.70      5.12       0.0
  0701069000           JUNCTION             -1.04      4.70       0.0
  0701070000           JUNCTION             -1.46      5.14       0.0    Yes
  0701071000           JUNCTION             -1.68      5.73       0.0    Yes
  0701072000           JUNCTION             17.32      3.64       0.0    Yes
  0701073000           JUNCTION             16.93      4.42       0.0
  0701074000           JUNCTION             16.67      4.38       0.0
  0701075000           JUNCTION             15.60      4.26       0.0
  0701076000           JUNCTION             14.12      3.31       0.0
  0701077000           JUNCTION             12.60      2.52       0.0
  0701078000           JUNCTION             11.35      3.49       0.0
  0701079000           JUNCTION              9.41      3.49       0.0
  0701080000           JUNCTION              7.26      3.20       0.0
  0701081000           JUNCTION              3.50      4.35       0.0
  0701082000           JUNCTION              2.80      4.89       0.0
  0701083000           JUNCTION              1.73      4.57       0.0
  0701084000           JUNCTION              0.58      4.42       0.0
  0701085000           JUNCTION             -0.34      4.67       0.0
  0701086000           JUNCTION             -0.73      4.81       0.0    Yes
  0701088000           JUNCTION              8.67      5.42       0.0    Yes
  0701089000           JUNCTION              8.59      5.41       0.0
  0701090000           JUNCTION              7.78      4.28       0.0
  0701091000           JUNCTION              7.25      4.60       0.0
  0701092000           JUNCTION              7.17      3.09       0.0
  0701093000           JUNCTION              6.81      2.53       0.0
  0701094000           JUNCTION              6.34      2.37       0.0
  0701095000           JUNCTION              6.20      2.52       0.0
  0701096000           JUNCTION              6.00      2.95       0.0
  0701097000           JUNCTION              5.84      3.10       0.0
  0701098000           JUNCTION              5.66      3.03       0.0
  0701099000           JUNCTION              5.66      3.13       0.0
  0701100000           JUNCTION              5.50      3.43       0.0
  0701101000           JUNCTION              5.36      3.52       0.0
  0701102000           JUNCTION              5.12      3.52       0.0
  0701103000           JUNCTION              4.97      3.87       0.0
  0701104000           JUNCTION              4.75      3.83       0.0
  0701105000           JUNCTION              4.57      4.15       0.0
  0701106000           JUNCTION              4.43      4.26       0.0    Yes
  0701107000           JUNCTION              2.25      6.45       0.0
  0701108000           JUNCTION              2.09      5.88       0.0
  0701109000           JUNCTION              1.95      5.25       0.0
  0701110000           JUNCTION              1.97      4.84       0.0
  0701111000           JUNCTION              1.86      2.35       0.0
  0701112000           JUNCTION              1.79      2.65       0.0
  0701113000           JUNCTION              1.41      3.56       0.0
  0701114000           JUNCTION              1.31      3.05       0.0
  0701115000           JUNCTION              1.48      2.88       0.0
  0701116000           JUNCTION              1.14      3.20       0.0
  0701117000           JUNCTION              1.05      3.35       0.0
  0701118000           JUNCTION              1.08      3.58       0.0
  0701119000           JUNCTION              0.87      3.94       0.0
  0701120000           JUNCTION              0.86      4.15       0.0
  0701121000           JUNCTION              0.71      4.40       0.0
  0701122000           JUNCTION              0.53      4.79       0.0
  0701123000           JUNCTION              0.53      4.90       0.0
  0701124000           JUNCTION              0.49      5.20       0.0
  0701125000           JUNCTION              0.37      5.55       0.0
  0701126000           JUNCTION              0.43      5.75       0.0
  0701127000           JUNCTION              0.28      6.12       0.0
  0701128000           JUNCTION              0.09      6.61       0.0
  0701129000           JUNCTION              0.11      6.83       0.0
  0701130000           JUNCTION             -0.07      7.20       0.0
  0701131000           JUNCTION             -0.14      7.56       0.0
  0701132000           JUNCTION             -0.23      7.79       0.0
  0701133000           JUNCTION             -0.26      7.86       0.0
  0701134000           JUNCTION             -0.25      7.94       0.0
  0701135000           JUNCTION             -0.36      8.12       0.0
  0701136000           JUNCTION             -0.46      8.13       0.0
  0701137000           JUNCTION             -0.59      8.21       0.0
  0701138000           JUNCTION             -0.71      7.51       0.0
  0701139000           JUNCTION             -0.84      7.85       0.0
  0701140000           JUNCTION             -1.15      7.75       0.0
  0701141000           JUNCTION             -1.11      7.70       0.0
  0701142000           JUNCTION             -1.20      8.24       0.0
  0701143000           JUNCTION             -1.23      8.45       0.0
  0701144000           JUNCTION             -1.28      8.70       0.0
  0701145000           JUNCTION             -1.28      8.98       0.0
  0701146000           JUNCTION             -1.44      9.07       0.0
  0701147000           JUNCTION             -1.37      9.01       0.0
  0701148000           JUNCTION              7.90      8.46       0.0
  0701151000           JUNCTION              7.70      8.00       0.0
  0701152000           JUNCTION              6.91      7.37       0.0
  0701153000           JUNCTION              5.58      7.14       0.0
  0701154000           JUNCTION              5.31      6.58       0.0
  0701155000           JUNCTION              4.55      6.03       0.0
  0701156000           JUNCTION              4.10      5.23       0.0
  0701157000           JUNCTION              3.55      5.59       0.0
  0701158000           JUNCTION              3.12      5.69       0.0
  0701159000           JUNCTION              2.40      6.35       0.0
  0701160000           JUNCTION              2.18      6.50       0.0
  0701161000           JUNCTION              9.41      7.00       0.0    Yes
  0701162000           JUNCTION              8.87      7.58       0.0
  0701163000           JUNCTION              8.16      8.31       0.0
  0701164000           JUNCTION              7.36      4.61       0.0
  0701165000           JUNCTION              6.70      4.52       0.0
  0701166000           JUNCTION              5.95      4.55       0.0
  0701167000           JUNCTION              1.76      5.70       0.0
  0701168000           JUNCTION              5.66      2.48       0.0    Yes
  0701169000           JUNCTION              5.60      2.25       0.0
  0701170000           JUNCTION              1.01      6.58       0.0
  0701171000           JUNCTION             11.20      7.57       0.0
  0701172000           JUNCTION             10.59      6.23       0.0
  0701173000           JUNCTION              9.94      6.81       0.0
  0701174000           JUNCTION              9.08      5.17       0.0
  0701175000           JUNCTION              8.24      2.74       0.0
  0701176000           JUNCTION              7.31      2.43       0.0
  0701177000           JUNCTION              7.00      3.15       0.0
  0701178000           JUNCTION              6.77      4.15       0.0    Yes
  0701179000           JUNCTION              6.31      5.45       0.0
  0701180000           JUNCTION              5.84      5.91       0.0    Yes
  0701181000           JUNCTION              5.84      5.91       0.0
  0701182000           JUNCTION              5.65      5.62       0.0
  0701183000           JUNCTION              5.64      4.91       0.0
  0701184000           JUNCTION              5.59      4.61       0.0
  0701185000           JUNCTION              5.36      4.23       0.0
  0701186000           JUNCTION              5.46      3.71       0.0
  0701187000           JUNCTION              5.44      2.92       0.0
  0701188000           JUNCTION              4.62      3.28       0.0
  0701189000           JUNCTION              4.63      3.28       0.0
  0701190000           JUNCTION              4.65      3.25       0.0
  0701191000           JUNCTION              4.64      3.40       0.0
  0701192000           JUNCTION              4.60      3.45       0.0
  0701193000           JUNCTION              4.49      3.65       0.0
  0701194000           JUNCTION              4.54      3.64       0.0
  0701195000           JUNCTION              4.46      3.58       0.0
  0701196000           JUNCTION              4.43      3.58       0.0
  0701197000           JUNCTION              4.53      3.50       0.0
  0701198000           JUNCTION              4.34      3.75       0.0
  0701199000           JUNCTION              4.33      4.13       0.0
  0701200000           JUNCTION              4.23      3.73       0.0
  0701201000           JUNCTION              4.15      3.81       0.0
  0701202000           JUNCTION              4.11      3.96       0.0
  0701203000           JUNCTION              3.97      3.76       0.0
  0701204000           JUNCTION              3.99      3.78       0.0
  0701205000           JUNCTION              3.74      4.11       0.0
  0701206000           JUNCTION              3.80      4.06       0.0
  0701207000           JUNCTION              3.80      4.10       0.0
  0701208000           JUNCTION              3.68      4.51       0.0
  0701209000           JUNCTION              3.64      4.70       0.0
  0701210000           JUNCTION              3.53      4.88       0.0
  0701211000           JUNCTION              3.59      5.08       0.0    Yes
  0701212000           JUNCTION              3.49      5.53       0.0
  0701213000           JUNCTION              3.43      6.56       0.0
  0701214000           JUNCTION              3.48      6.88       0.0
  0701215000           JUNCTION              3.29      6.21       0.0
  0701216000           JUNCTION              3.03      5.87       0.0
  0701217000           JUNCTION              3.03      5.62       0.0
  0701218000           JUNCTION              3.03      4.21       0.0
  0701219000           JUNCTION              2.87      3.27       0.0
  0701220000           JUNCTION              2.90      1.78       0.0
  0701221000           JUNCTION              2.36      2.40       0.0
  0701222000           JUNCTION              3.69      6.00       0.0
  0701223000           JUNCTION              5.01      2.67       0.0
  0701224000           JUNCTION              4.96      2.72       0.0
  0701225000           JUNCTION              4.93      2.70       0.0
  0701226000           JUNCTION              4.86      2.88       0.0
  0701227000           JUNCTION              2.95      3.15       0.0
  0701228000           JUNCTION              6.29      3.36       0.0
  0701229000           JUNCTION              6.34      2.91       0.0
  0701230000           JUNCTION              6.34      2.31       0.0
  0701231000           JUNCTION              6.54      2.99       0.0
  0701232000           JUNCTION              4.87      3.95       0.0
  0701233000           JUNCTION              4.51      3.97       0.0
  0701234000           JUNCTION              4.05      3.79       0.0
  0701235000           JUNCTION              3.87      3.33       0.0
  0701236000           JUNCTION              3.65      1.65       0.0
  0701237000           JUNCTION              2.79      2.20       0.0
  0701238000           JUNCTION              3.39      1.64       0.0
  0701239000           JUNCTION              3.34      1.64       0.0
  0701240000           JUNCTION              3.19      1.74       0.0
  0701241000           JUNCTION              3.22      1.74       0.0
  0701242000           JUNCTION              3.11      1.84       0.0
  0701243000           JUNCTION              3.27      2.56       0.0
  0701244000           JUNCTION              2.92      2.36       0.0
  0701245000           JUNCTION              2.26      2.96       0.0
  0701246000           JUNCTION              4.67      3.08       0.0
  0701247000           JUNCTION              4.50      2.82       0.0
  0701248000           JUNCTION              4.27      1.85       0.0
  0701249000           JUNCTION              3.97      0.98       0.0
  0701250000           JUNCTION              3.58      1.18       0.0
  0701251000           JUNCTION              4.43      1.88       0.0
  0701252000           JUNCTION              4.01      1.94       0.0
  0701253000           JUNCTION              3.83      1.88       0.0
  0701254000           JUNCTION              3.78      1.81       0.0
  0701255000           JUNCTION              3.46      1.96       0.0
  0701256000           JUNCTION              3.44      1.85       0.0
  0701257000           JUNCTION              3.25      1.96       0.0
  0701258000           JUNCTION              3.16      1.82       0.0
  0701259000           JUNCTION              3.16      1.65       0.0
  0701260000           JUNCTION              2.97      1.63       0.0
  0701261000           JUNCTION              3.05      1.48       0.0
  CEsacav_jus          JUNCTION              3.73      1.48       0.0
  D11aux               JUNCTION              4.73      6.57       0.0
  D13aux               JUNCTION              8.08      8.46       0.0
  D13aux1              JUNCTION              8.08      8.46       0.0
  D18aux               JUNCTION              9.41      7.00       0.0
  D1aux                JUNCTION              3.02      3.06       0.0
  D1B27                JUNCTION              1.67      1.42       0.0
  D22aux               JUNCTION             11.20      7.57       0.0
  D23aux               JUNCTION              6.54      3.36       0.0
  D24aux               JUNCTION              4.67      3.08       0.0
  D26aux               JUNCTION              2.20      2.50       0.0
  D27aux               JUNCTION              1.59      3.28       0.0
  D2aux                JUNCTION              2.74      2.06       0.0
  D2B27                JUNCTION              1.65      1.42       0.0
  D37aux               JUNCTION              3.93      4.51       0.0
  D3aux                JUNCTION              4.50      2.05       0.0
  D4aux                JUNCTION              4.45      2.09       0.0
  D5aux                JUNCTION              4.33      2.61       0.0
  D6aux                JUNCTION              3.33      2.98       0.0
  D7aux                JUNCTION              3.18      2.88       0.0
  JB27                 JUNCTION              1.50      2.44       0.0
  outETAR              JUNCTION              5.07      2.00       0.0
  PI1_1                JUNCTION              1.00      4.00       0.0
  PI1_4                JUNCTION             -0.40      4.75       0.0
  PI2_1                JUNCTION              1.29      2.14       0.0
  PI2_2                JUNCTION              0.40      3.60       0.0
  PI2_3                JUNCTION              0.20      3.80       0.0
  OutD1                OUTFALL               0.00      1.10       0.0
  OutEEsacv            OUTFALL               0.00      0.80       0.0
  OutD18               OUTFALL               0.00      0.60       0.0
  OutD22               OUTFALL               0.00      1.80       0.0
  OutD24               OUTFALL               0.00      0.45       0.0
  OutD34               OUTFALL               0.00      0.50       0.0
  OutD37               OUTFALL              -0.60      1.30       0.0
  OutD23               OUTFALL               0.00      1.60       0.0
  OutETAR1             OUTFALL               0.00      2.00       0.0
  OutETAR2             OUTFALL              -5.00      1.50       0.0
  0701140002           OUTFALL              -5.00      1.20       0.0
  0701135002           OUTFALL              -5.00      1.20       0.0
  OutD2                OUTFALL              -0.60      1.25       0.0
  10                   OUTFALL               0.00      1.65       0.0
  15                   OUTFALL               0.00      2.00       0.0
  1                    OUTFALL              -2.00      1.20       0.0
  2                    OUTFALL              -2.50      3.10       0.0
  22                   OUTFALL              -5.00      0.00       0.0
  38                   OUTFALL              -1.60      0.20       0.0
  40                   OUTFALL              -1.10      0.20       0.0
  43                   OUTFALL              -1.00      2.00       0.0
  50                   OUTFALL               0.00      0.70       0.0
  61                   OUTFALL              -4.00      1.20       0.0
  EE12_poco            STORAGE              -4.41      8.40       0.0
  EE13_poco            STORAGE              -6.95      8.40       0.0
  EE14_poco            STORAGE              -4.50      8.40       0.0
  EE15_poco            STORAGE              -4.50      8.40       0.0
  EE16_poco            STORAGE              -4.00      6.25       0.0
  EE17_poco            STORAGE              -5.10      8.80       0.0    Yes
  EE4_poco             STORAGE              -5.10      8.40       0.0
  EE6_poco             STORAGE              -5.10      8.40       0.0
  EEsacav_poco         STORAGE              -5.10      8.40       0.0
  ETAR_Entrada         STORAGE               1.57      4.50       0.0
  
  
  ************
  Link Summary
  ************
  Name             From Node        To Node          Type            Length    %Slope Roughness
  ---------------------------------------------------------------------------------------------
  1                PI1_1            OutD1            CONDUIT          312.2    0.3203    0.0100
  2                PI2_1            PI2_2            CONDUIT           31.8    2.7972    0.0100
  5                PI2_2            PI2_3            CONDUIT           62.5    0.3197    0.0100
  7                PI2_3            PI1_4            CONDUIT           56.0    0.1786    0.0100
  8                PI1_4            OutD2            CONDUIT          147.2    0.1359    0.0100
  9                59               3                CONDUIT           11.0   21.8477    0.0100
  10               3                4                CONDUIT           44.1   -1.7005    0.0100
  11               4                5                CONDUIT           35.1    0.5692    0.0100
  12               5                PI2_3            CONDUIT          148.3    0.2360    0.0100
  13               6                7                CONDUIT           91.4    1.3241    0.0100
  14               7                3                CONDUIT           19.9    4.4220    0.0100
  15               8                6                CONDUIT           31.8    3.2743    0.0100
  16               9                10               CONDUIT          186.6    0.6966    0.0100
  17               11               12               CONDUIT           99.5    0.0502    0.0100
  18               12               13               CONDUIT          119.5    0.0418    0.0100
  19               24               14               CONDUIT          180.6    0.0277    0.0100
  20               14               25               CONDUIT           77.0    0.2597    0.0100
  33               18               19               CONDUIT           49.5    1.3944    0.0100
  34               D7aux            18               CONDUIT           60.6    2.0305    0.0100
  35               17               18               CONDUIT           29.3    0.3757    0.0100
  36               16               17               CONDUIT           15.0    6.9501    0.0100
  37               D11aux           16               CONDUIT            6.5   25.8622    0.0100
  38               0701032000       16               CONDUIT           21.1    5.7862    0.0100
  39               0701035008       17               CONDUIT           58.7    6.5946    0.0100
  40               19               20               CONDUIT           35.1    0.7401    0.0100
  41.1             20               24               CONDUIT          190.1    0.2894    0.0100
  43               21               23               CONDUIT           32.9    1.8229    0.0100
  45               0701044000       21               CONDUIT           68.1    0.1469    0.0100
  46               23               25               CONDUIT           51.2    0.3909    0.0100
  47               25               15               CONDUIT           83.6    0.2391    0.0100
  48               26               27               CONDUIT          151.6    0.9238    0.0100
  49               27               OutD37           CONDUIT           96.0    0.1562    0.0100
  50.1             28               29               CONDUIT          317.8    3.5261    0.0100
  51               29               30               CONDUIT          135.9    3.5345    0.0100
  52               30               31               CONDUIT          119.9    0.8339    0.0100
  53               31               32               CONDUIT           18.0    2.7742    0.0100
  54               32               1                CONDUIT           15.0    3.3352    0.0100
  55               0701070000       32               CONDUIT           15.4    2.2792    0.0100
  56               39               33               CONDUIT          159.8    0.6260    0.0100
  57               33               34               CONDUIT           61.4    0.3260    0.0100
  58               34               35               CONDUIT           55.0    5.0966    0.0100
  59               35               36               CONDUIT           29.1    1.7173    0.0100
  60               36               37               CONDUIT          157.1    0.3182    0.0100
  61               37               2                CONDUIT          389.2    0.1285    0.0100
  62               D27aux           JB27             CONDUIT            7.8    1.1872    0.0100
  63               JB27             D1B27            CONDUIT           52.4   -0.3228    0.0100
  64               D1B27            D2B27            CONDUIT           60.4    0.0381    0.0100
  65               D2B27            40               CONDUIT          134.8    2.1863    0.0100
  66               D1B27            38               CONDUIT          122.9    2.8231    0.0100
  67               41               EEsacav_poco     CONDUIT           26.9   19.2870    0.0100
  70.1             D26aux           41               CONDUIT          204.5    1.0769    0.0100
  71.1             44               D27aux           CONDUIT           93.2    0.1202    0.0100
  72               45               41               CONDUIT          389.1    0.3421    0.0100
  73.1             JB27             45               CONDUIT          162.2    0.1042    0.0100
  74.1             46               D26aux           CONDUIT           50.1    0.9483    0.0100
  75               0701148000       0701151000       CONDUIT           33.3    0.6008    0.0100
  77               48               47               CONDUIT           46.3    0.2140    0.0100
  78               47               0701171000       CONDUIT            5.0    0.0061    0.0100
  79               47               49               CONDUIT            5.0   26.8372    0.0100
  80.1             49               50               CONDUIT          858.7    1.1646    0.0100
  81.1             51               43               CONDUIT          299.8    0.3336    0.0100
  82.1             52               53               CONDUIT           99.1    1.5636    0.0100
  83               54               0701170000       CONDUIT           44.1   12.9099    0.0100
  83.1             53               33               CONDUIT           16.4   24.1192    0.0100
  84               57               D13aux           CONDUIT            6.2    2.0905    0.0100
  84.1             55               54               CONDUIT           49.8    0.6028    0.0100
  85               58               0701007008       CONDUIT           13.5    5.6512    0.0100
  85.1             56               0701228000       CONDUIT           14.3    0.4184    0.0100
  86               59               EE12_poco        CONDUIT           32.9   -0.0304    0.0850
  87               13               24               CONDUIT          111.6    0.3584    0.0100
  88               60               0701246000       CONDUIT           11.6    0.2597    0.0100
  89               EE16_poco        61               CONDUIT           38.1   13.2378    0.0100
  0701001000.1     0701001000       0701002000       CONDUIT            1.3    6.1355    0.0130
  0701002000.1     0701002000       0701003000       CONDUIT           36.5    1.0402    0.0130
  0701003000.1     0701003000       0701004000       CONDUIT           31.8    0.9442    0.0130
  0701004000.1     0701004000       0701005000       CONDUIT           59.3    0.9113    0.0130
  0701005000.1     0701005000       0701006000       CONDUIT           59.6    0.9906    0.0130
  0701006000.1     0701006000       0701007000       CONDUIT            5.8    3.4412    0.0130
  0701007000.1     0701007000       0701008000       CONDUIT           51.8    0.4825    0.0130
  0701007002.1     0701007002       0701007000       CONDUIT           21.4    2.0571    0.0130
  0701007004.1     0701007004       0701007002       CONDUIT            3.3    2.0964    0.0130
  0701007006.1     0701007006       0701007004       CONDUIT           32.0    1.1861    0.0130
  0701007008.1     0701007008       0701007006       CONDUIT            1.5  259.0112    0.0130
  0701008000.1     0701008000       0701009000       CONDUIT           52.6    0.5703    0.0130
  0701009000.1     0701009000       0701010000       CONDUIT           49.1    0.4887    0.0130
  0701010000.1     0701010000       0701011000       CONDUIT           31.2    0.5457    0.0130
  0701011000.1     0701011000       0701012000       CONDUIT           10.7    1.0291    0.0130
  0701012000.1     0701012000       0701013000       CONDUIT            5.3   -3.5607    0.0130
  0701014000.1     0701014000       0701015000       CONDUIT            6.0    5.8594    0.0130
  0701015000.1     0701015000       0701016000       CONDUIT           34.9    0.7460    0.0130
  0701016000.1     0701016000       0701017000       CONDUIT           43.2    0.3701    0.0130
  0701016002.1     0701016002       0701016000       CONDUIT            6.7    4.6309    0.0130
  0701017000.1     0701017000       0701018000       CONDUIT           42.6    0.8210    0.0130
  0701018000.1     0701018000       0701019000       CONDUIT           24.6    1.3809    0.0130
  0701019000.1     0701019000       0701013000       CONDUIT           17.1    0.7603    0.0130
  0701020000.1     0701020000       0701021000       CONDUIT            5.4   29.2615    0.0130
  0701021000.1     0701021000       0701022000       CONDUIT           17.1    0.4094    0.0130
  0701021002.1     0701021002       0701021000       CONDUIT            7.1    0.7910    0.0130
  0701021004.1     0701021004       0701021002       CONDUIT            1.6    7.5875    0.0130
  0701022000.1     0701022000       0701023000       CONDUIT           42.9    0.8617    0.0130
  0701022002.1     0701022002       0701022000       CONDUIT            3.7   12.8953    0.0130
  0701023000.1     0701023000       0701024000       CONDUIT           57.5    0.5306    0.0130
  0701024000.1     0701024000       0701025000       CONDUIT           55.4    0.3251    0.0130
  0701025000.1     0701025000       0701026000       CONDUIT           31.1    0.5790    0.0130
  0701026000.1     0701026000       0701027000       CONDUIT           16.4    0.7918    0.0130
  0701027000.1     0701027000       0701028000       CONDUIT           67.6    0.1923    0.0130
  0701027002.1     0701027002       0701027000       CONDUIT            6.9    2.3842    0.0130
  0701027004.1     0701027004       0701027002       CONDUIT           12.1    1.0818    0.0130
  0701027006.1     0701027006       0701027004       CONDUIT            1.7   27.6614    0.0130
  0701028000.1     0701028000       0701029000       CONDUIT           61.4    0.4723    0.0130
  0701029000.1     0701029000       0701030000       CONDUIT           28.8    0.7121    0.0130
  0701030000.1     0701030000       0701031000       CONDUIT           62.0    0.4517    0.0130
  0701031000.1     0701031000       0701041000       CONDUIT            4.5    0.5605    0.0130
  0701033000.1     0701033000       0701034000       CONDUIT           28.2    0.9938    0.0130
  0701034000.1     0701034000       0701035000       CONDUIT           14.4    2.0519    0.0130
  0701034002.1     0701034002       0701034000       CONDUIT            8.6    6.8447    0.0130
  0701034004.1     0701034004       0701034002       CONDUIT            1.2   -3.2075    0.0130
  0701035000.1     0701035000       0701036000       CONDUIT           19.1    3.1169    0.0130
  0701035002.1     0701035002       0701035000       CONDUIT           31.4    3.2694    0.0130
  0701035004.1     0701035004       0701035002       CONDUIT            5.8    4.6528    0.0130
  0701035006.1     0701035006       0701035004       CONDUIT           17.9    4.5349    0.0110
  0701036000.1     0701036000       0701037000       CONDUIT           19.5    1.9505    0.0130
  0701037000.1     0701037000       0701038000       CONDUIT           41.1    0.4865    0.0130
  0701037002.1     0701037002       0701037000       CONDUIT            7.1    1.9702    0.0130
  0701037004.1     0701037006       0701037002       CONDUIT           48.9    1.2473    0.0130
  0701038000.1     0701038000       0701039000       CONDUIT           31.9    0.6576    0.0130
  0701039000.1     0701039000       0701040000       CONDUIT            8.5    0.8204    0.0130
  0701040000.1     0701040000       0701031000       CONDUIT           30.3    0.4614    0.0130
  0701041000.1     0701041000       0701042000       CONDUIT           45.2   -0.0465    0.0130
  0701042000.1     0701042000       0701043000       CONDUIT           45.7    0.7140    0.0130
  0701043000.1     0701043000       0701044000       CONDUIT           48.8    0.4916    0.0130
  0701045000.1     0701045000       0701046000       CONDUIT           57.4    0.3832    0.0130
  0701046000.1     0701046000       0701047000       CONDUIT           64.6    0.5262    0.0130
  0701047000.1     0701047000       0701048000       CONDUIT           57.0    0.6144    0.0130
  0701048000.1     0701048000       0701049000       CONDUIT           39.6    0.5300    0.0130
  0701049000.1     0701049000       0701050000       CONDUIT            7.0    3.8329    0.0130
  0701051000.1     0701051000       0701052000       CONDUIT            6.0    3.1910    0.0130
  0701052000.1     0701052000       0701053000       CONDUIT           19.3    0.8244    0.0130
  0701053000.1     0701053000       0701054000       CONDUIT           37.4    0.4837    0.0130
  0701054000.1     0701054000       0701055000       CONDUIT           49.6    0.6437    0.0130
  0701055000.1     0701055000       0701056000       CONDUIT           53.0    1.1694    0.0130
  0701056000.1     0701056000       0701057000       CONDUIT           61.4    0.8795    0.0130
  0701057000.1     0701057000       0701049000       CONDUIT           24.6    1.7875    0.0130
  0701058000.1     0701058000       0701059000       CONDUIT           28.8    0.3127    0.0130
  0701059000.1     0701059000       0701060000       CONDUIT           62.1    0.4349    0.0130
  0701060000.1     0701060000       0701061000       CONDUIT           50.4    0.8923    0.0130
  0701061000.1     0701061000       0701062000       CONDUIT           64.3    0.4356    0.0130
  0701062000.1     0701062000       0701063000       CONDUIT           57.0    0.5618    0.0130
  0701063000.1     0701063000       0701064000       CONDUIT           58.0    0.5343    0.0130
  0701064000.1     0701064000       0701065000       CONDUIT           50.6    0.3161    0.0130
  0701065000.1     0701065000       0701066000       CONDUIT           57.2    0.5242    0.0130
  0701066000.1     0701066000       0701067000       CONDUIT           62.5    0.4963    0.0130
  0701067000.1     0701067000       0701068000       CONDUIT           62.4    0.4328    0.0130
  0701068000.1     0701068000       0701069000       CONDUIT           55.8    0.5909    0.0130
  0701069000.1     0701069000       0701070000       CONDUIT           20.8   -0.8157    0.0130
  0701070000.1     0701070000       0701071000       CONDUIT           20.4    1.0771    0.0130
  0701071000.1     0701071000       EE15_poco        CONDUIT           12.4    0.1616    0.0130
  0701072000.1     0701072000       0701073000       CONDUIT            6.1    1.9740    0.0130
  0701073000.1     0701073000       0701074000       CONDUIT           12.9    1.9400    0.0130
  0701074000.1     0701074000       0701075000       CONDUIT           29.9    3.5475    0.0130
  0701075000.1     0701075000       0701076000       CONDUIT           46.9    3.1331    0.0130
  0701076000.1     0701076000       0701077000       CONDUIT           47.2    3.2042    0.0130
  0701077000.1     0701077000       0701078000       CONDUIT           33.4    3.7141    0.0130
  0701078000.1     0701078000       0701079000       CONDUIT           46.1    4.1864    0.0130
  0701079000.1     0701079000       0701080000       CONDUIT           50.4    4.2497    0.0130
  0701080000.1     0701080000       0701081000       CONDUIT           54.5    3.7808    0.0130
  0701081000.1     0701081000       0701082000       CONDUIT           34.7    1.9883    0.0130
  0701082000.1     0701082000       0701083000       CONDUIT           55.0    1.9268    0.0130
  0701083000.1     0701083000       0701084000       CONDUIT           60.1    1.8980    0.0130
  0701084000.1     0701084000       0701085000       CONDUIT           49.9    1.8234    0.0130
  0701085000.1     0701085000       0701086000       CONDUIT           26.7    1.1222    0.0130
  0701086000.1     0701086000       EE15_poco        CONDUIT           16.6    5.8428    0.0130
  0701088000.1     0701088000       0701089000       CONDUIT            3.4    3.8425    0.0100
  0701089000.1     0701089000       0701090000       CONDUIT           40.5    1.9740    0.0100
  0701090000.1     0701090000       0701091000       CONDUIT           60.0    0.8674    0.0100
  0701091000.1     0701091000       0701092000       CONDUIT           22.7    0.3084    0.0100
  0701092000.1     0701092000       0701093000       CONDUIT           42.6    0.8209    0.0100
  0701093000.1     0701093000       0701094000       CONDUIT           60.4    0.7614    0.0100
  0701094000.1     0701094000       0701095000       CONDUIT            9.1    1.4213    0.0100
  0701095000.1     0701095000       0701096000       CONDUIT           48.8    0.3895    0.0100
  0701096000.1     0701096000       0701097000       CONDUIT           49.7    0.3018    0.0100
  0701097000.1     0701097000       0701098000       CONDUIT           51.7    0.3289    0.0100
  0701098000.1     0701098000       0701099000       CONDUIT           22.5   -0.0445    0.0100
  0701099000.1     0701099000       0701100000       CONDUIT           24.5    0.6117    0.0100
  0701100000.1     0701100000       0701101000       CONDUIT           46.1    0.2817    0.0100
  0701101000.1     0701101000       0701102000       CONDUIT           47.8    0.4814    0.0100
  0701102000.1     0701102000       0701103000       CONDUIT           45.9    0.3052    0.0100
  0701103000.1     0701103000       0701104000       CONDUIT           45.2    0.4645    0.0100
  0701104000.1     0701104000       0701105000       CONDUIT           44.7    0.2910    0.0100
  0701105000.1     0701105000       0701106000       CONDUIT           26.8    0.4847    0.0100
  0701106000.1     0701106000       0701107000       CONDUIT           14.3    3.0115    0.0100
  0701107000.1     0701107000       0701108000       CONDUIT           28.8    0.5211    0.0100
  0701108000.1     0701108000       0701109000       CONDUIT           28.6    0.4542    0.0100
  0701109000.1     0701109000       0701110000       CONDUIT           14.5   -0.1379    0.0100
  0701110000.1     0701110000       0701111000       CONDUIT           67.3    0.1486    0.0100
  0701111000.1     0701111000       0701112000       CONDUIT           29.1    0.2059    0.0100
  0701112000.1     0701112000       0701113000       CONDUIT           23.8    1.5553    0.0100
  0701113000.1     0701113000       0701114000       CONDUIT           31.9    0.2823    0.0100
  0701114000.1     0701114000       0701115000       CONDUIT           67.7   -0.2658    0.0100
  0701115000.1     0701115000       0701116000       CONDUIT           32.6   -0.3373    0.0100
  0701116000.1     0701116000       0701117000       CONDUIT           42.5    0.1884    0.0100
  0701117000.1     0701117000       0701118000       CONDUIT           42.6   -0.0939    0.0100
  0701118000.1     0701118000       0701119000       CONDUIT           44.4    0.4503    0.0100
  0701119000.1     0701119000       0701120000       CONDUIT           38.9    0.0257    0.0100
  0701120000.1     0701120000       0701121000       CONDUIT           40.7    0.3686    0.0100
  0701121000.1     0701121000       0701122000       CONDUIT           40.6    0.4186    0.0100
  0701122000.1     0701122000       0701123000       CONDUIT           38.9   -0.0257    0.0100
  0701123000.1     0701123000       0701124000       CONDUIT           38.7    0.0776    0.0100
  0701124000.1     0701124000       0701125000       CONDUIT           40.8    0.2694    0.0100
  0701125000.1     0701125000       0701126000       CONDUIT           40.9   -0.1591    0.0100
  0701126000.1     0701126000       0701127000       CONDUIT           36.5    0.4215    0.0100
  0701127000.1     0701127000       0701128000       CONDUIT           38.6    0.4426    0.0100
  0701128000.1     0701128000       0701129000       CONDUIT           40.9   -0.0489    0.0100
  0701129000.1     0701129000       0701130000       CONDUIT           40.6    0.4065    0.0100
  0701130000.1     0701130000       0701131000       CONDUIT           43.0    0.1045    0.0100
  0701131000.1     0701131000       0701132000       CONDUIT           29.9    0.2506    0.0100
  0701132000.1     0701132000       0701133000       CONDUIT           34.6    0.0636    0.0100
  0701133000.1     0701133000       0701134000       CONDUIT           39.1   -0.0358    0.0100
  0701134000.1     0701134000       0701135000       CONDUIT           24.8    0.3751    0.0100
  0701135000.1     0701135000       0701136000       CONDUIT           19.3    0.5605    0.0100
  0701135000.2     0701135000       0701135002       CONDUIT          325.1    1.7363    0.0100
  0701136000.1     0701136000       0701137000       CONDUIT           55.4    0.2095    0.0100
  0701137000.1     0701137000       0701138000       CONDUIT           61.3    0.1795    0.0100
  0701138000.1     0701138000       0701139000       CONDUIT           59.2    0.2026    0.0100
  0701139000.1     0701139000       0701140000       CONDUIT           75.8    0.3959    0.0100
  0701140000.1     0701140000       0701141000       CONDUIT            5.7   -1.0472    0.0100
  0701140002.1     0701140000       0701140002       CONDUIT          317.1    1.5926    0.0100
  0701141000.1     0701141000       0701142000       CONDUIT           14.9    0.5384    0.0100
  0701142000.1     0701142000       0701143000       CONDUIT           22.2    0.0903    0.0100
  0701143000.1     0701143000       0701144000       CONDUIT           30.2    0.1326    0.0100
  0701144000.1     0701144000       0701145000       CONDUIT           26.8   -0.0374    0.0100
  0701145000.1     0701145000       0701146000       CONDUIT           30.6    0.4907    0.0100
  0701146000.1     0701146000       0701147000       CONDUIT           67.6   -0.1331    0.0100
  0701151000.1     0701151000       0701152000       CONDUIT           51.4    1.5372    0.0100
  0701152000.1     0701152000       0701153000       CONDUIT           69.5    1.6261    0.0100
  0701153000.1     0701153000       0701154000       CONDUIT           38.8    0.6703    0.0100
  0701154000.1     0701154000       0701155000       CONDUIT           62.0    1.2106    0.0100
  0701155000.1     0701155000       0701156000       CONDUIT           60.9    0.7221    0.0100
  0701156000.1     0701156000       0701157000       CONDUIT           46.1    1.1966    0.0100
  0701157000.1     0701157000       0701158000       CONDUIT           36.0    1.1970    0.0100
  0701158000.1     0701158000       0701159000       CONDUIT           61.3    1.1710    0.0100
  0701159000.1     0701159000       0701160000       CONDUIT           40.9    0.5130    0.0100
  0701160000.1     0701160000       0701107000       CONDUIT           27.7   -0.3243    0.0100
  0701161000.1     0701161000       0701162000       CONDUIT           27.6    0.1452    0.0100
  0701162000.1     0701162000       0701163000       CONDUIT           36.7    1.9237    0.0100
  0701163000.1     0701163000       0701164000       CONDUIT           33.1    2.3862    0.0100
  0701164000.1     0701164000       0701165000       CONDUIT           34.6    1.8580    0.0100
  0701165000.1     0701165000       0701166000       CONDUIT           36.0    2.0612    0.0100
  0701166000.1     0701166000       0701167000       CONDUIT           37.2    2.3875    0.0100
  0701167000.1     0701167000       0701131000       CONDUIT           39.4   -0.3710    0.0100
  0701168000.1     0701168000       0701169000       CONDUIT           27.9    0.2151    0.0100
  0701169000.1     0701169000       0701170000       CONDUIT           35.5   13.0288    0.0100
  0701170000.1     0701170000       0701147000       CONDUIT           17.2   13.9716    0.0100
  0701171000.1     0701171000       0701172000       CONDUIT           20.8    2.9374    0.0100
  0701172000.1     0701172000       0701173000       CONDUIT           21.8    2.9411    0.0100
  0701173000.1     0701173000       0701174000       CONDUIT           45.2    1.9017    0.0100
  0701174000.1     0701174000       0701175000       CONDUIT           44.3    1.8971    0.0100
  0701175000.1     0701175000       0701176000       CONDUIT           35.2    1.6179    0.0100
  0701176000.1     0701176000       0701177000       CONDUIT           31.6    0.9481    0.0100
  0701177000.1     0701177000       0701178000       CONDUIT           35.1    0.6271    0.0100
  0701178000.1     0701178000       0701179000       CONDUIT           36.2    1.2710    0.0100
  0701179000.1     0701179000       0701180000       CONDUIT           24.5    1.8803    0.0100
  0701180000.1     0701180000       0701181000       CONDUIT           25.6   -0.0391    0.0100
  0701181000.1     0701181000       0701182000       CONDUIT           18.5    0.9754    0.0100
  0701182000.1     0701182000       0701183000       CONDUIT           22.7    0.0013    0.0100
  0701183000.1     0701183000       0701184000       CONDUIT           12.0    0.3329    0.0100
  0701184000.1     0701184000       0701185000       CONDUIT           21.8    1.0080    0.0100
  0701185000.1     0701185000       0701186000       CONDUIT           13.5   -0.7429    0.0100
  0701186000.1     0701186000       0701187000       CONDUIT           24.1    0.0830    0.0100
  0701187000.1     0701187000       0701188000       CONDUIT           19.3    4.2049    0.0100
  0701188000.1     0701188000       0701189000       CONDUIT           27.2   -0.0734    0.0100
  0701189000.1     0701189000       0701190000       CONDUIT            9.7   -0.3085    0.0100
  0701190000.1     0701190000       0701191000       CONDUIT           23.1    0.0013    0.0100
  0701191000.1     0701191000       0701192000       CONDUIT           11.9    0.2529    0.0100
  0701192000.1     0701192000       0701193000       CONDUIT           26.0    0.3853    0.0100
  0701193000.1     0701193000       0701194000       CONDUIT            9.0   -0.6696    0.0100
  0701194000.1     0701194000       0701195000       CONDUIT           32.5    0.2152    0.0100
  0701195000.1     0701195000       0701196000       CONDUIT            8.9    0.2238    0.0100
  0701196000.1     0701196000       0701197000       CONDUIT           24.1   -0.4562    0.0100
  0701197000.1     0701197000       0701198000       CONDUIT           33.2    0.5425    0.0100
  0701198000.1     0701198000       0701199000       CONDUIT           18.8    0.0531    0.0100
  0701199000.1     0701199000       0701200000       CONDUIT           40.2    0.2237    0.0100
  0701200000.1     0701200000       0701201000       CONDUIT           30.3    0.2307    0.0100
  0701201000.1     0701201000       0701202000       CONDUIT           34.9    0.0860    0.0100
  0701202000.1     0701202000       0701203000       CONDUIT           45.0    0.2891    0.0100
  0701203000.1     0701203000       0701204000       CONDUIT           45.9   -0.0654    0.0100
  0701204000.1     0701204000       0701205000       CONDUIT           22.8    1.0533    0.0100
  0701205000.1     0701205000       0701206000       CONDUIT           11.1   -0.6279    0.0100
  0701206000.1     0701206000       0701207000       CONDUIT           10.2   -0.0978    0.0100
  0701207000.1     0701207000       0701208000       CONDUIT           70.4    0.1563    0.0100
  0701208000.1     0701208000       0701209000       CONDUIT           35.0    0.0858    0.0100
  0701209000.1     0701209000       0701210000       CONDUIT           34.8    0.2877    0.0100
  0701210000.1     0701210000       0701211000       CONDUIT           34.8   -0.2009    0.0100
  0701211000.1     0701211000       0701212000       CONDUIT           37.0    0.2435    0.0100
  0701212000.1     0701212000       0701213000       CONDUIT           37.0    0.1352    0.0100
  0701213000.1     0701213000       0701214000       CONDUIT           39.2   -0.1530    0.0100
  0701214000.1     0701214000       0701215000       CONDUIT           19.2    0.9915    0.0100
  0701215000.1     0701215000       0701216000       CONDUIT           63.7    0.4085    0.0100
  0701216000.1     0701216000       0701217000       CONDUIT           44.3   -0.0226    0.0100
  0701217000.1     0701217000       0701218000       CONDUIT           48.8   -0.0021    0.0100
  0701218000.1     0701218000       0701219000       CONDUIT           59.4    0.2542    0.0100
  0701218000.2     0701218000       0701227000       CONDUIT           61.5    0.1316    0.0100
  0701219000.1     0701219000       0701220000       CONDUIT           58.0   -0.2241    0.0100
  0701220000.1     0701220000       0701221000       CONDUIT           37.8    1.3741    0.0100
  0701220000.2     0701220000       0701238000       CONDUIT            4.1  -24.6908    0.0130
  0701221000.1     0701221000       0701222000       CONDUIT           72.2   -1.8502    0.0100
  0701222000.1     0701222000       ETAR_Entrada     CONDUIT           44.2    4.8111    0.0100
  0701223000.1     0701223000       0701224000       CONDUIT            8.1    0.6167    0.0100
  0701224000.1     0701224000       0701225000       CONDUIT           14.3    0.1403    0.0100
  0701225000.1     0701225000       0701226000       CONDUIT           43.8    0.1371    0.0100
  0701226000.1     0701226000       0701188000       CONDUIT           62.0    0.3551    0.0100
  0701227000.1     0701227000       0701222000       CONDUIT           68.8   -1.0830    0.0100
  0701228000.1     0701228000       0701229000       CONDUIT            4.1   -1.3391    0.0100
  0701229000.1     0701229000       0701230000       CONDUIT           13.9   -0.0722    0.0100
  0701230000.1     0701230000       0701231000       CONDUIT           27.3   -0.7335    0.0100
  0701231000.1     0701231000       0701232000       CONDUIT           15.4    7.9756    0.0100
  0701232000.1     0701232000       0701233000       CONDUIT           22.9    1.5314    0.0100
  0701233000.1     0701233000       0701234000       CONDUIT           57.7    0.7802    0.0100
  0701234000.1     0701234000       0701235000       CONDUIT           41.5    0.4098    0.0100
  0701235000.1     0701235000       0701236000       CONDUIT           41.3    0.5086    0.0100
  0701236000.1     0701236000       0701237000       CONDUIT            7.3    0.8200    0.0100
  0701237000.1     0701237000       0701238000       CONDUIT            9.3   -6.5382    0.0100
  0701238000.1     0701238000       0701239000       CONDUIT           11.9    3.7577    0.0100
  0701239000.1     0701239000       0701240000       CONDUIT            7.0    2.1491    0.0100
  0701240000.1     0701240000       0701241000       CONDUIT           10.0   -0.2304    0.0100
  0701241000.1     0701241000       0701242000       CONDUIT            6.4    1.5214    0.0100
  0701242000.1     0701242000       0701243000       CONDUIT           35.3   -0.4732    0.0100
  0701243000.1     0701243000       0701244000       CONDUIT           35.4    0.9609    0.0100
  0701244000.1     0701244000       0701245000       CONDUIT           14.4    4.5731    0.0100
  0701245000.1     0701245000       ETAR_Entrada     CONDUIT           11.0    6.2577    0.0100
  0701246000.1     0701246000       0701247000       CONDUIT           48.3    0.3314    0.0100
  0701247000.1     0701247000       0701248000       CONDUIT           43.8    0.5025    0.0100
  0701248000.1     0701248000       0701249000       CONDUIT           46.7    0.6426    0.0100
  0701249000.1     0701249000       0701250000       CONDUIT           41.4    0.6273    0.0100
  0701250000.1     0701250000       0701238000       CONDUIT            8.7   -3.4666    0.0100
  0701251000.1     0701251000       0701252000       CONDUIT           68.3    0.6007    0.0100
  0701252000.1     0701252000       0701253000       CONDUIT           41.6    0.4323    0.0100
  0701253000.1     0701253000       0701254000       CONDUIT           19.0    0.2101    0.0100
  0701254000.1     0701254000       0701255000       CONDUIT           32.2    0.7770    0.0100
  0701255000.1     0701255000       0701256000       CONDUIT           27.6    0.0362    0.0100
  0701256000.1     0701256000       0701257000       CONDUIT           23.9    0.7517    0.0100
  0701257000.1     0701257000       0701258000       CONDUIT           35.8    0.2233    0.0100
  0701258000.1     0701258000       0701259000       CONDUIT           41.8    0.0007    0.0100
  0701259000.1     0701259000       0701260000       CONDUIT           40.2    0.4477    0.0100
  0701260000.1     0701260000       0701261000       CONDUIT           56.6   -0.1589    0.0100
  0701261000.1     0701261000       0701241000       CONDUIT           51.9   -0.3755    0.0100
  CE_sacav_jus.1   CEsacav_jus      0701245000       CONDUIT            4.9   31.4485    0.0100
  CE14_link        0701050000       EE14_poco        CONDUIT            4.4   15.2782    0.0130
  D1.1             D1aux            PI1_1            CONDUIT          110.9    1.8223    0.0100
  D13.1            D13aux1          39               CONDUIT          245.3    2.0718    0.0130
  D13aux.1         D13aux           0701148000       CONDUIT            1.8   10.1068    0.0100
  D18.1            D18aux           OutD18           CONDUIT          581.6    1.6183    0.0130
  D2.1             D2aux            PI2_1            CONDUIT           55.3    2.6249    0.0100
  D22.1            D22aux           OutD22           CONDUIT          910.7    1.2300    0.0130
  D23.1            D23aux           OutD23           CONDUIT           26.3   25.6420    0.0130
  D24.1            D24aux           OutD24           CONDUIT           55.2    8.4859    0.0100
  D3.3             D3aux            6                CONDUIT            7.2   35.6327    0.0130
  D32.1            0701072000       28               CONDUIT            6.6   20.9960    0.0130
  D34.1            0701088000       OutD34           CONDUIT          654.5    1.3782    0.0130
  D37.1            D37aux           26               CONDUIT           93.2    3.1976    0.0130
  D4.1             D4aux            8                CONDUIT            7.2   18.6763    0.0130
  D5.1             D5aux            9                CONDUIT           83.8    3.6254    0.0130
  D6.1             D6aux            11               CONDUIT            2.9  321.9103    0.0130
  EE12_link        0701013000       59               CONDUIT            4.3    0.7042    0.0278
  EE13_link        0701044000       EE13_poco        CONDUIT           81.5    0.7975    0.0130
  EE16_link        0701147000       EE16_poco        CONDUIT            5.6  -12.0727    0.0130
  outETAR.1        outETAR          OutETAR1         CONDUIT            6.4  128.2005    0.0100
  OutETAR.2        ETAR_Entrada     OutETAR2         CONDUIT          400.0    1.8553    0.0100
  Troplein14.1     EE14_poco        27               CONDUIT           15.1   11.6916    0.0100
  Tropleinsacav.1  EEsacav_poco     OutEEsacv        CONDUIT            5.5    2.7483    0.0100
  EE12.B1          EE12_poco        0701020000       TYPE2 PUMP  
  EE12.B3          EE12_poco        0701020000       TYPE2 PUMP  
  EE12.B2          EE12_poco        0701020000       TYPE2 PUMP  
  EE13.B1          EE13_poco        0701045000       TYPE2 PUMP  
  EE13.B3          EE13_poco        0701045000       TYPE2 PUMP  
  EE13.B2          EE13_poco        0701045000       TYPE2 PUMP  
  EE14.B1          EE14_poco        0701058000       TYPE2 PUMP  
  EE14.B3          EE14_poco        0701058000       TYPE2 PUMP  
  EE14.B2          EE14_poco        0701058000       TYPE2 PUMP  
  EE15.B1          EE15_poco        0701113000       TYPE2 PUMP  
  EE15.B3          EE15_poco        0701113000       TYPE2 PUMP  
  EE15.B2          EE15_poco        0701113000       TYPE2 PUMP  
  EE16.B1          EE16_poco        0701223000       TYPE2 PUMP  
  EE16.B3          EE16_poco        0701223000       TYPE2 PUMP  
  EE16.B2          EE16_poco        0701223000       TYPE2 PUMP  
  EE16.B4          EE16_poco        0701223000       TYPE2 PUMP  
  EE17.B1          EE17_poco        0701168000       TYPE2 PUMP  
  EE17.B2          EE17_poco        0701168000       TYPE2 PUMP  
  EE15.B4          EE15_poco        0701113000       TYPE2 PUMP  
  EE4.B2           EE4_poco         0701251000       TYPE2 PUMP  
  EE4.B1           EE4_poco         0701251000       TYPE2 PUMP  
  EE6.B2           EE6_poco         0701222000       TYPE2 PUMP  
  EE6.B1           EE6_poco         0701222000       TYPE2 PUMP  
  EEsacav.B2       EEsacav_poco     CEsacav_jus      TYPE1 PUMP  
  EEsacav.B3       EEsacav_poco     CEsacav_jus      TYPE1 PUMP  
  EEsacav.B4       EEsacav_poco     CEsacav_jus      TYPE2 PUMP  
  EEsacav.B1       EEsacav_poco     CEsacav_jus      TYPE2 PUMP  
  Parafuso1        ETAR_Entrada     outETAR          TYPE2 PUMP  
  Parafuso2        ETAR_Entrada     outETAR          TYPE2 PUMP  
  EE17.B3          EE17_poco        0701168000       TYPE2 PUMP  
  D1               0701001000       D1aux            WEIR        
  D2               0701007008       D2aux            WEIR        
  D4               0701014000       D4aux            WEIR        
  D3               0701016002       D3aux            WEIR        
  D5               0701021004       D5aux            WEIR        
  D6               0701027006       D6aux            WEIR        
  D7               0701037006       D7aux            WEIR        
  D11              0701034004       D11aux           WEIR        
  D18              0701161000       D18aux           WEIR        
  D22              0701171000       D22aux           WEIR        
  D24              0701246000       D24aux           WEIR        
  D37              0701051000       D37aux           WEIR        
  D23              0701228000       D23aux           WEIR        
  D27              D27aux           22               WEIR        
  D13              D13aux           D13aux1          WEIR        
  D8_ficticio      0701035008       0701035006       WEIR        
  D9aux            0701032000       0701033000       WEIR        
  D26              D26aux           51               WEIR        
  
  
  *********************
  Cross Section Summary
  *********************
                                        Full     Full     Hyd.     Max.   No. of     Full
  Conduit          Shape               Depth     Area     Rad.    Width  Barrels     Flow
  ---------------------------------------------------------------------------------------
  1                EGG                  1.10     0.62     0.21     0.73        1  1244.61
  2                EGG                  1.25     0.80     0.24     0.83        1  5172.08
  5                EGG                  1.25     0.80     0.24     0.83        1  1748.66
  7                EGG                  1.25     0.80     0.24     0.83        1  1306.80
  8                EGG                  1.25     0.80     0.24     0.83        1  1140.01
  9                CIRCULAR             0.80     0.50     0.20     0.80        1  8035.61
  10               CIRCULAR             0.80     0.50     0.20     0.80        1  2241.87
  11               CIRCULAR             0.80     0.50     0.20     0.80        1  1296.98
  12               CIRCULAR             0.80     0.50     0.20     0.80        1   835.10
  13               EGG                  1.35     0.93     0.26     0.90        1  4369.14
  14               EGG                  1.35     0.93     0.26     0.90        1  7984.40
  15               EGG                  1.35     0.93     0.26     0.90        1  6870.52
  16               EGG                  1.65     1.39     0.32     1.10        1  5411.53
  17               EGG                  1.80     1.65     0.35     1.20        1  1832.69
  18               EGG                  1.25     0.80     0.24     0.83        1   632.51
  19               CIRCULAR             2.00     3.14     0.50     2.00        1  3293.00
  20               CIRCULAR             2.00     3.14     0.50     2.00        1 10086.95
  33               HORSESHOE            2.50     5.18     0.63     2.50        1 45195.22
  34               EGG                  0.90     0.41     0.17     0.60        1  1835.07
  35               HORSESHOE            2.50     5.18     0.63     2.50        1 23459.46
  36               EGG                  2.00     2.04     0.39     1.33        1 28550.76
  37               EGG                  2.00     2.04     0.39     1.33        1 55075.21
  38               EGG                  2.00     2.04     0.39     1.33        1 26050.69
  39               HORSESHOE            2.50     5.18     0.63     2.50        1 98287.74
  40               HORSESHOE            2.50     5.18     0.63     2.50        1 32927.53
  41.1             HORSESHOE            2.50     5.18     0.63     2.50        1 20589.34
  43               CIRCULAR             1.20     1.13     0.30     1.20        1  6843.44
  45               CIRCULAR             1.20     1.13     0.30     1.20        1  1942.74
  46               CIRCULAR             1.20     1.13     0.30     1.20        1  3168.85
  47               CIRCULAR             2.00     3.14     0.50     2.00        1  9678.28
  48               EGG                  1.20     0.74     0.23     0.80        1  2665.68
  49               EGG                  1.30     0.86     0.25     0.87        1  1356.89
  50.1             CIRCULAR             1.20     1.13     0.30     1.20        1  9517.86
  51               CIRCULAR             1.20     1.13     0.30     1.20        1  9529.17
  52               CIRCULAR             1.20     1.13     0.30     1.20        1  4628.65
  53               CIRCULAR             1.20     1.13     0.30     1.20        1  8442.35
  54               CIRCULAR             1.20     1.13     0.30     1.20        1  9256.63
  55               CIRCULAR             0.60     0.28     0.15     0.60        1  1205.15
  56               MODBASKETHANDLE      3.10     7.59     0.73     2.70        1 48527.55
  57               MODBASKETHANDLE      3.10     7.59     0.73     2.70        1 35020.87
  58               MODBASKETHANDLE      3.10     7.59     0.73     2.70        1 138470.73
  59               MODBASKETHANDLE      3.10     7.59     0.73     2.70        1 80378.42
  60               MODBASKETHANDLE      3.10     7.59     0.73     2.70        1 34598.79
  61               MODBASKETHANDLE      3.10     7.59     0.73     2.70        1 21983.95
  62               CIRCULAR             1.00     0.79     0.25     1.00        1  3396.26
  63               CIRCULAR             0.20     0.03     0.05     0.20        1    24.23
  64               CIRCULAR             0.20     0.03     0.05     0.20        1     8.32
  65               CIRCULAR             0.20     0.03     0.05     0.20        1    63.05
  66               CIRCULAR             0.20     0.03     0.05     0.20        1    71.64
  67               CIRCULAR             1.00     0.79     0.25     1.00        1 13689.11
  70.1             CIRCULAR             0.50     0.20     0.12     0.50        1   509.44
  71.1             CIRCULAR             1.00     0.79     0.25     1.00        1  1080.49
  72               CIRCULAR             1.00     0.79     0.25     1.00        1  1823.14
  73.1             CIRCULAR             1.00     0.79     0.25     1.00        1  1006.11
  74.1             CIRCULAR             2.00     3.14     0.50     2.00        1 19273.94
  75               CIRCULAR             0.80     0.50     0.20     0.80        1  1332.53
  77               CIRCULAR             1.00     0.79     0.25     1.00        1  1441.82
  78               CIRCULAR             1.00     0.79     0.25     1.00        1   242.88
  79               CIRCULAR             1.00     0.79     0.25     1.00        1 16147.72
  80.1             CIRCULAR             0.70     0.38     0.17     0.70        1  1299.47
  81.1             CIRCULAR             2.00     3.14     0.50     2.00        1 11431.13
  82.1             CIRCULAR             1.20     1.13     0.30     1.20        1  6338.00
  83               CIRCULAR             0.40     0.13     0.10     0.40        1   972.82
  83.1             CIRCULAR             1.20     1.13     0.30     1.20        1 24892.80
  84               MODBASKETHANDLE      3.10     7.59     0.73     2.70        1 88683.34
  84.1             CIRCULAR             0.36     0.10     0.09     0.36        1   158.72
  85               CIRCULAR             0.45     0.16     0.11     0.45        1   881.14
  85.1             CIRCULAR             1.60     2.01     0.40     1.60        1  7060.99
  86               CIRCULAR             0.60     0.28     0.15     0.60        1    16.37
  87               CIRCULAR             1.00     0.79     0.25     1.00        1  1866.13
  88               CIRCULAR             0.45     0.16     0.11     0.45        1   188.91
  89               RECT_CLOSED          1.20     1.02     0.25     0.85        1 14680.67
  0701001000.1     CIRCULAR             0.40     0.13     0.10     0.40        1   515.88
  0701002000.1     CIRCULAR             0.40     0.13     0.10     0.40        1   212.41
  0701003000.1     CIRCULAR             0.40     0.13     0.10     0.40        1   202.38
  0701004000.1     CIRCULAR             0.40     0.13     0.10     0.40        1   198.82
  0701005000.1     CIRCULAR             0.40     0.13     0.10     0.40        1   207.29
  0701006000.1     CIRCULAR             0.45     0.16     0.11     0.45        1   528.91
  0701007000.1     CIRCULAR             0.45     0.16     0.11     0.45        1   198.04
  0701007002.1     CIRCULAR             0.45     0.16     0.11     0.45        1   408.95
  0701007004.1     CIRCULAR             0.45     0.16     0.11     0.45        1   412.83
  0701007006.1     CIRCULAR             0.45     0.16     0.11     0.45        1   310.52
  0701007008.1     CIRCULAR             0.45     0.16     0.11     0.45        1  4588.72
  0701008000.1     CIRCULAR             0.45     0.16     0.11     0.45        1   215.33
  0701009000.1     CIRCULAR             0.45     0.16     0.11     0.45        1   199.33
  0701010000.1     CIRCULAR             0.45     0.16     0.11     0.45        1   210.62
  0701011000.1     CIRCULAR             0.45     0.16     0.11     0.45        1   289.24
  0701012000.1     CIRCULAR             0.45     0.16     0.11     0.45        1   538.02
  0701014000.1     CIRCULAR             0.40     0.13     0.10     0.40        1   504.14
  0701015000.1     CIRCULAR             0.40     0.13     0.10     0.40        1   179.88
  0701016000.1     CIRCULAR             0.40     0.13     0.10     0.40        1   126.71
  0701016002.1     CIRCULAR             0.40     0.13     0.10     0.40        1   448.19
  0701017000.1     CIRCULAR             0.40     0.13     0.10     0.40        1   188.71
  0701018000.1     CIRCULAR             0.40     0.13     0.10     0.40        1   244.74
  0701019000.1     CIRCULAR             0.40     0.13     0.10     0.40        1   181.60
  0701020000.1     CIRCULAR             0.40     0.13     0.10     0.40        1  1126.61
  0701021000.1     CIRCULAR             0.50     0.20     0.12     0.50        1   241.62
  0701021002.1     CIRCULAR             0.40     0.13     0.10     0.40        1   185.23
  0701021004.1     CIRCULAR             0.40     0.13     0.10     0.40        1   573.69
  0701022000.1     CIRCULAR             0.50     0.20     0.12     0.50        1   350.53
  0701022002.1     CIRCULAR             0.40     0.13     0.10     0.40        1   747.90
  0701023000.1     CIRCULAR             0.50     0.20     0.12     0.50        1   275.07
  0701024000.1     CIRCULAR             0.50     0.20     0.12     0.50        1   215.31
  0701025000.1     CIRCULAR             0.50     0.20     0.12     0.50        1   287.33
  0701026000.1     CIRCULAR             0.50     0.20     0.12     0.50        1   336.01
  0701027000.1     CIRCULAR             0.50     0.20     0.12     0.50        1   165.61
  0701027002.1     CIRCULAR             0.40     0.13     0.10     0.40        1   321.59
  0701027004.1     CIRCULAR             0.40     0.13     0.10     0.40        1   216.62
  0701027006.1     CIRCULAR             0.40     0.13     0.10     0.40        1  1095.38
  0701028000.1     CIRCULAR             0.50     0.20     0.12     0.50        1   259.53
  0701029000.1     CIRCULAR             0.50     0.20     0.12     0.50        1   318.66
  0701030000.1     CIRCULAR             0.50     0.20     0.12     0.50        1   253.80
  0701031000.1     CIRCULAR             1.00     0.79     0.25     1.00        1  1795.17
  0701033000.1     CIRCULAR             0.40     0.13     0.10     0.40        1   207.62
  0701034000.1     CIRCULAR             0.40     0.13     0.10     0.40        1   298.34
  0701034002.1     CIRCULAR             0.40     0.13     0.10     0.40        1   544.88
  0701034004.1     CIRCULAR             0.40     0.13     0.10     0.40        1   373.00
  0701035000.1     CIRCULAR             0.60     0.28     0.15     0.60        1  1084.09
  0701035002.1     CIRCULAR             0.60     0.28     0.15     0.60        1  1110.29
  0701035004.1     CIRCULAR             0.60     0.28     0.15     0.60        1  1324.52
  0701035006.1     CIRCULAR             0.60     0.28     0.15     0.60        1  1545.38
  0701036000.1     CIRCULAR             0.60     0.28     0.15     0.60        1   857.57
  0701037000.1     CIRCULAR             0.60     0.28     0.15     0.60        1   428.30
  0701037002.1     CIRCULAR             0.40     0.13     0.10     0.40        1   292.34
  0701037004.1     CIRCULAR             0.40     0.13     0.10     0.40        1   232.60
  0701038000.1     CIRCULAR             0.60     0.28     0.15     0.60        1   497.94
  0701039000.1     CIRCULAR             0.60     0.28     0.15     0.60        1   556.18
  0701040000.1     CIRCULAR             0.60     0.28     0.15     0.60        1   417.10
  0701041000.1     CIRCULAR             1.00     0.79     0.25     1.00        1   516.96
  0701042000.1     CIRCULAR             1.00     0.79     0.25     1.00        1  2025.99
  0701043000.1     CIRCULAR             1.00     0.79     0.25     1.00        1  1681.11
  0701045000.1     CIRCULAR             0.80     0.50     0.20     0.80        1   818.62
  0701046000.1     CIRCULAR             0.80     0.50     0.20     0.80        1   959.32
  0701047000.1     CIRCULAR             0.80     0.50     0.20     0.80        1  1036.59
  0701048000.1     CIRCULAR             0.80     0.50     0.20     0.80        1   962.78
  0701049000.1     CIRCULAR             0.80     0.50     0.20     0.80        1  2589.02
  0701051000.1     CIRCULAR             0.40     0.13     0.10     0.40        1   372.04
  0701052000.1     CIRCULAR             0.40     0.13     0.10     0.40        1   189.10
  0701053000.1     CIRCULAR             0.40     0.13     0.10     0.40        1   144.84
  0701054000.1     CIRCULAR             0.40     0.13     0.10     0.40        1   167.10
  0701055000.1     CIRCULAR             0.40     0.13     0.10     0.40        1   225.22
  0701056000.1     CIRCULAR             0.40     0.13     0.10     0.40        1   195.32
  0701057000.1     CIRCULAR             0.40     0.13     0.10     0.40        1   278.45
  0701058000.1     CIRCULAR             0.80     0.50     0.20     0.80        1   739.55
  0701059000.1     CIRCULAR             0.80     0.50     0.20     0.80        1   872.09
  0701060000.1     CIRCULAR             0.80     0.50     0.20     0.80        1  1249.16
  0701061000.1     CIRCULAR             0.80     0.50     0.20     0.80        1   872.78
  0701062000.1     CIRCULAR             0.80     0.50     0.20     0.80        1   991.17
  0701063000.1     CIRCULAR             0.80     0.50     0.20     0.80        1   966.62
  0701064000.1     CIRCULAR             0.80     0.50     0.20     0.80        1   743.47
  0701065000.1     CIRCULAR             0.80     0.50     0.20     0.80        1   957.48
  0701066000.1     CIRCULAR             0.80     0.50     0.20     0.80        1   931.62
  0701067000.1     CIRCULAR             0.80     0.50     0.20     0.80        1   869.96
  0701068000.1     CIRCULAR             0.80     0.50     0.20     0.80        1  1016.58
  0701069000.1     CIRCULAR             0.80     0.50     0.20     0.80        1  1194.37
  0701070000.1     CIRCULAR             0.80     0.50     0.20     0.80        1  1372.48
  0701071000.1     CIRCULAR             0.80     0.50     0.20     0.80        1   531.53
  0701072000.1     CIRCULAR             0.20     0.03     0.05     0.20        1    46.08
  0701073000.1     CIRCULAR             0.40     0.13     0.10     0.40        1   290.09
  0701074000.1     CIRCULAR             0.40     0.13     0.10     0.40        1   392.27
  0701075000.1     CIRCULAR             0.40     0.13     0.10     0.40        1   368.65
  0701076000.1     CIRCULAR             0.40     0.13     0.10     0.40        1   372.81
  0701077000.1     CIRCULAR             0.40     0.13     0.10     0.40        1   401.38
  0701078000.1     CIRCULAR             0.40     0.13     0.10     0.40        1   426.13
  0701079000.1     CIRCULAR             0.40     0.13     0.10     0.40        1   429.35
  0701080000.1     CIRCULAR             0.40     0.13     0.10     0.40        1   404.96
  0701081000.1     CIRCULAR             0.40     0.13     0.10     0.40        1   293.67
  0701082000.1     CIRCULAR             0.40     0.13     0.10     0.40        1   289.10
  0701083000.1     CIRCULAR             0.40     0.13     0.10     0.40        1   286.93
  0701084000.1     CIRCULAR             0.40     0.13     0.10     0.40        1   281.24
  0701085000.1     CIRCULAR             0.40     0.13     0.10     0.40        1   220.63
  0701086000.1     CIRCULAR             0.40     0.13     0.10     0.40        1   503.43
  0701088000.1     CIRCULAR             0.20     0.03     0.05     0.20        1    83.59
  0701089000.1     CIRCULAR             0.40     0.13     0.10     0.40        1   380.40
  0701090000.1     CIRCULAR             0.40     0.13     0.10     0.40        1   252.16
  0701091000.1     CIRCULAR             0.40     0.13     0.10     0.40        1   150.37
  0701092000.1     CIRCULAR             0.40     0.13     0.10     0.40        1   245.31
  0701093000.1     CIRCULAR             0.40     0.13     0.10     0.40        1   236.26
  0701094000.1     CIRCULAR             0.40     0.13     0.10     0.40        1   322.78
  0701095000.1     CIRCULAR             0.40     0.13     0.10     0.40        1   168.98
  0701096000.1     CIRCULAR             0.40     0.13     0.10     0.40        1   148.73
  0701097000.1     CIRCULAR             0.40     0.13     0.10     0.40        1   155.27
  0701098000.1     CIRCULAR             0.40     0.13     0.10     0.40        1    57.11
  0701099000.1     CIRCULAR             0.40     0.13     0.10     0.40        1   211.75
  0701100000.1     CIRCULAR             0.40     0.13     0.10     0.40        1   143.70
  0701101000.1     CIRCULAR             0.40     0.13     0.10     0.40        1   187.85
  0701102000.1     CIRCULAR             0.40     0.13     0.10     0.40        1   149.58
  0701103000.1     CIRCULAR             0.40     0.13     0.10     0.40        1   184.53
  0701104000.1     CIRCULAR             0.40     0.13     0.10     0.40        1   146.07
  0701105000.1     CIRCULAR             0.40     0.13     0.10     0.40        1   188.50
  0701106000.1     CIRCULAR             0.40     0.13     0.10     0.40        1   469.85
  0701107000.1     CIRCULAR             0.80     0.50     0.20     0.80        1  1241.05
  0701108000.1     CIRCULAR             0.80     0.50     0.20     0.80        1  1158.59
  0701109000.1     CIRCULAR             0.80     0.50     0.20     0.80        1   638.31
  0701110000.1     CIRCULAR             0.80     0.50     0.20     0.80        1   662.72
  0701111000.1     CIRCULAR             0.80     0.50     0.20     0.80        1   780.06
  0701112000.1     CIRCULAR             1.20     1.13     0.30     1.20        1  6321.13
  0701113000.1     CIRCULAR             1.20     1.13     0.30     1.20        1  2693.12
  0701114000.1     CIRCULAR             1.20     1.13     0.30     1.20        1  2613.00
  0701115000.1     CIRCULAR             1.20     1.13     0.30     1.20        1  2943.84
  0701116000.1     CIRCULAR             1.20     1.13     0.30     1.20        1  2199.87
  0701117000.1     CIRCULAR             1.20     1.13     0.30     1.20        1  1553.17
  0701118000.1     CIRCULAR             1.20     1.13     0.30     1.20        1  3401.28
  0701119000.1     CIRCULAR             1.20     1.13     0.30     1.20        1   812.34
  0701120000.1     CIRCULAR             1.20     1.13     0.30     1.20        1  3077.30
  0701121000.1     CIRCULAR             1.20     1.13     0.30     1.20        1  3279.22
  0701122000.1     CIRCULAR             1.20     1.13     0.30     1.20        1   812.78
  0701123000.1     CIRCULAR             1.20     1.13     0.30     1.20        1  1411.65
  0701124000.1     CIRCULAR             1.20     1.13     0.30     1.20        1  2630.88
  0701125000.1     CIRCULAR             1.20     1.13     0.30     1.20        1  2021.78
  0701126000.1     CIRCULAR             1.20     1.13     0.30     1.20        1  3290.67
  0701127000.1     CIRCULAR             1.20     1.13     0.30     1.20        1  3372.19
  0701128000.1     CIRCULAR             1.20     1.13     0.30     1.20        1  1120.82
  0701129000.1     CIRCULAR             1.20     1.13     0.30     1.20        1  3231.67
  0701130000.1     CIRCULAR             1.20     1.13     0.30     1.20        1  1638.77
  0701131000.1     CIRCULAR             1.20     1.13     0.30     1.20        1  2537.17
  0701132000.1     CIRCULAR             1.20     1.13     0.30     1.20        1  1278.36
  0701133000.1     CIRCULAR             1.20     1.13     0.30     1.20        1   959.59
  0701134000.1     CIRCULAR             1.20     1.13     0.30     1.20        1  3104.43
  0701135000.1     CIRCULAR             1.20     1.13     0.30     1.20        1  3794.64
  0701135000.2     CIRCULAR             1.20     1.13     0.30     1.20        1  6678.88
  0701136000.1     CIRCULAR             1.20     1.13     0.30     1.20        1  2319.79
  0701137000.1     CIRCULAR             1.20     1.13     0.30     1.20        1  2147.76
  0701138000.1     CIRCULAR             1.20     1.13     0.30     1.20        1  2281.68
  0701139000.1     CIRCULAR             1.20     1.13     0.30     1.20        1  3189.38
  0701140000.1     CIRCULAR             1.20     1.13     0.30     1.20        1  5186.84
  0701140002.1     CIRCULAR             1.20     1.13     0.30     1.20        1  6396.57
  0701141000.1     CIRCULAR             1.20     1.13     0.30     1.20        1  3719.04
  0701142000.1     CIRCULAR             1.20     1.13     0.30     1.20        1  1523.06
  0701143000.1     CIRCULAR             1.20     1.13     0.30     1.20        1  1845.79
  0701144000.1     CIRCULAR             1.20     1.13     0.30     1.20        1   979.93
  0701145000.1     CIRCULAR             1.20     1.13     0.30     1.20        1  3550.74
  0701146000.1     CIRCULAR             1.20     1.13     0.30     1.20        1  1849.28
  0701151000.1     CIRCULAR             0.80     0.50     0.20     0.80        1  2131.45
  0701152000.1     CIRCULAR             0.80     0.50     0.20     0.80        1  2192.28
  0701153000.1     CIRCULAR             0.80     0.50     0.20     0.80        1  1407.48
  0701154000.1     CIRCULAR             0.80     0.50     0.20     0.80        1  1891.52
  0701155000.1     CIRCULAR             0.80     0.50     0.20     0.80        1  1460.88
  0701156000.1     CIRCULAR             0.80     0.50     0.20     0.80        1  1880.55
  0701157000.1     CIRCULAR             0.80     0.50     0.20     0.80        1  1880.87
  0701158000.1     CIRCULAR             0.80     0.50     0.20     0.80        1  1860.38
  0701159000.1     CIRCULAR             0.80     0.50     0.20     0.80        1  1231.37
  0701160000.1     CIRCULAR             0.80     0.50     0.20     0.80        1   979.08
  0701161000.1     CIRCULAR             0.50     0.20     0.12     0.50        1   187.05
  0701162000.1     CIRCULAR             0.50     0.20     0.12     0.50        1   680.87
  0701163000.1     CIRCULAR             0.50     0.20     0.12     0.50        1   758.31
  0701164000.1     CIRCULAR             0.50     0.20     0.12     0.50        1   669.15
  0701165000.1     CIRCULAR             0.50     0.20     0.12     0.50        1   704.79
  0701166000.1     CIRCULAR             0.50     0.20     0.12     0.50        1   758.51
  0701167000.1     CIRCULAR             0.50     0.20     0.12     0.50        1   298.99
  0701168000.1     CIRCULAR             0.40     0.13     0.10     0.40        1   125.58
  0701169000.1     CIRCULAR             0.40     0.13     0.10     0.40        1   977.29
  0701170000.1     CIRCULAR             0.40     0.13     0.10     0.40        1  1012.03
  0701171000.1     CIRCULAR             0.60     0.28     0.15     0.60        1  1368.12
  0701172000.1     CIRCULAR             0.60     0.28     0.15     0.60        1  1368.99
  0701173000.1     CIRCULAR             0.60     0.28     0.15     0.60        1  1100.81
  0701174000.1     CIRCULAR             0.60     0.28     0.15     0.60        1  1099.50
  0701175000.1     CIRCULAR             0.60     0.28     0.15     0.60        1  1015.38
  0701176000.1     CIRCULAR             0.60     0.28     0.15     0.60        1   777.28
  0701177000.1     CIRCULAR             0.60     0.28     0.15     0.60        1   632.16
  0701178000.1     CIRCULAR             0.60     0.28     0.15     0.60        1   899.94
  0701179000.1     CIRCULAR             0.60     0.28     0.15     0.60        1  1094.60
  0701180000.1     CIRCULAR             0.60     0.28     0.15     0.60        1   157.79
  0701181000.1     CIRCULAR             0.60     0.28     0.15     0.60        1   788.39
  0701182000.1     CIRCULAR             0.60     0.28     0.15     0.60        1    29.26
  0701183000.1     CIRCULAR             0.60     0.28     0.15     0.60        1   460.59
  0701184000.1     CIRCULAR             0.60     0.28     0.15     0.60        1   801.45
  0701185000.1     CIRCULAR             0.60     0.28     0.15     0.60        1   688.04
  0701186000.1     CIRCULAR             0.60     0.28     0.15     0.60        1   230.03
  0701187000.1     CIRCULAR             0.60     0.28     0.15     0.60        1  1636.91
  0701188000.1     CIRCULAR             1.20     1.13     0.30     1.20        1  1373.50
  0701189000.1     CIRCULAR             1.20     1.13     0.30     1.20        1  2815.25
  0701190000.1     CIRCULAR             1.20     1.13     0.30     1.20        1   184.31
  0701191000.1     CIRCULAR             1.20     1.13     0.30     1.20        1  2548.99
  0701192000.1     CIRCULAR             1.20     1.13     0.30     1.20        1  3146.21
  0701193000.1     CIRCULAR             1.20     1.13     0.30     1.20        1  4147.71
  0701194000.1     CIRCULAR             1.20     1.13     0.30     1.20        1  2351.19
  0701195000.1     CIRCULAR             1.20     1.13     0.30     1.20        1  2397.86
  0701196000.1     CIRCULAR             1.20     1.13     0.30     1.20        1  3423.61
  0701197000.1     CIRCULAR             1.20     1.13     0.30     1.20        1  3733.31
  0701198000.1     CIRCULAR             1.20     1.13     0.30     1.20        1  1168.07
  0701199000.1     CIRCULAR             1.20     1.13     0.30     1.20        1  2397.10
  0701200000.1     CIRCULAR             1.20     1.13     0.30     1.20        1  2434.57
  0701201000.1     CIRCULAR             1.20     1.13     0.30     1.20        1  1486.38
  0701202000.1     CIRCULAR             1.20     1.13     0.30     1.20        1  2725.52
  0701203000.1     CIRCULAR             1.20     1.13     0.30     1.20        1  1295.97
  0701204000.1     CIRCULAR             1.20     1.13     0.30     1.20        1  5202.04
  0701205000.1     CIRCULAR             1.20     1.13     0.30     1.20        1  4016.39
  0701206000.1     CIRCULAR             1.20     1.13     0.30     1.20        1  1584.83
  0701207000.1     CIRCULAR             1.20     1.13     0.30     1.20        1  2003.62
  0701208000.1     CIRCULAR             1.20     1.13     0.30     1.20        1  1484.38
  0701209000.1     CIRCULAR             1.20     1.13     0.30     1.20        1  2718.55
  0701210000.1     CIRCULAR             1.20     1.13     0.30     1.20        1  2272.11
  0701211000.1     CIRCULAR             1.20     1.13     0.30     1.20        1  2501.14
  0701212000.1     CIRCULAR             1.20     1.13     0.30     1.20        1  1863.74
  0701213000.1     CIRCULAR             1.20     1.13     0.30     1.20        1  1982.55
  0701214000.1     CIRCULAR             1.20     1.13     0.30     1.20        1  5047.12
  0701215000.1     CIRCULAR             1.20     1.13     0.30     1.20        1  3239.45
  0701216000.1     CIRCULAR             1.20     1.13     0.30     1.20        1   761.47
  0701217000.1     CIRCULAR             1.20     1.13     0.30     1.20        1   229.52
  0701218000.1     CIRCULAR             0.80     0.50     0.20     0.80        1   866.84
  0701218000.2     CIRCULAR             0.80     0.50     0.20     0.80        1   623.66
  0701219000.1     CIRCULAR             0.80     0.50     0.20     0.80        1   813.78
  0701220000.1     CIRCULAR             0.80     0.50     0.20     0.80        1  2015.24
  0701220000.2     CIRCULAR             0.45     0.16     0.11     0.45        1  1416.77
  0701221000.1     CIRCULAR             0.80     0.50     0.20     0.80        1  2338.46
  0701222000.1     CIRCULAR             0.80     0.50     0.20     0.80        1  3770.83
  0701223000.1     CIRCULAR             1.20     1.13     0.30     1.20        1  3980.47
  0701224000.1     CIRCULAR             1.20     1.13     0.30     1.20        1  1898.84
  0701225000.1     CIRCULAR             1.20     1.13     0.30     1.20        1  1876.91
  0701226000.1     CIRCULAR             1.20     1.13     0.30     1.20        1  3020.42
  0701227000.1     CIRCULAR             0.80     0.50     0.20     0.80        1  1789.11
  0701228000.1     CIRCULAR             0.50     0.20     0.12     0.50        1   568.07
  0701229000.1     CIRCULAR             0.50     0.20     0.12     0.50        1   131.91
  0701230000.1     CIRCULAR             0.80     0.50     0.20     0.80        1  1472.38
  0701231000.1     CIRCULAR             0.80     0.50     0.20     0.80        1  4855.09
  0701232000.1     CIRCULAR             0.80     0.50     0.20     0.80        1  2127.48
  0701233000.1     CIRCULAR             0.80     0.50     0.20     0.80        1  1518.54
  0701234000.1     CIRCULAR             0.80     0.50     0.20     0.80        1  1100.56
  0701235000.1     CIRCULAR             0.80     0.50     0.20     0.80        1  1226.00
  0701236000.1     CIRCULAR             0.80     0.50     0.20     0.80        1  1556.74
  0701237000.1     CIRCULAR             0.80     0.50     0.20     0.80        1  4395.88
  0701238000.1     CIRCULAR             0.50     0.20     0.12     0.50        1   951.60
  0701239000.1     CIRCULAR             0.80     0.50     0.20     0.80        1  2520.23
  0701240000.1     CIRCULAR             0.80     0.50     0.20     0.80        1   825.14
  0701241000.1     CIRCULAR             0.80     0.50     0.20     0.80        1  2120.49
  0701242000.1     CIRCULAR             0.80     0.50     0.20     0.80        1  1182.57
  0701243000.1     CIRCULAR             0.80     0.50     0.20     0.80        1  1685.23
  0701244000.1     CIRCULAR             1.10     0.95     0.28     1.10        1  8594.62
  0701245000.1     CIRCULAR             1.00     0.79     0.25     1.00        1  7797.39
  0701246000.1     CIRCULAR             0.45     0.16     0.11     0.45        1   213.39
  0701247000.1     CIRCULAR             0.45     0.16     0.11     0.45        1   262.76
  0701248000.1     CIRCULAR             0.45     0.16     0.11     0.45        1   297.14
  0701249000.1     CIRCULAR             0.45     0.16     0.11     0.45        1   293.58
  0701250000.1     CIRCULAR             0.80     0.50     0.20     0.80        1  3200.88
  0701251000.1     CIRCULAR             0.40     0.13     0.10     0.40        1   209.84
  0701252000.1     CIRCULAR             0.40     0.13     0.10     0.40        1   178.02
  0701253000.1     CIRCULAR             0.40     0.13     0.10     0.40        1   124.12
  0701254000.1     CIRCULAR             0.40     0.13     0.10     0.40        1   238.66
  0701255000.1     CIRCULAR             0.40     0.13     0.10     0.40        1    51.55
  0701256000.1     CIRCULAR             0.40     0.13     0.10     0.40        1   234.74
  0701257000.1     CIRCULAR             0.40     0.13     0.10     0.40        1   127.94
  0701258000.1     CIRCULAR             0.40     0.13     0.10     0.40        1     7.31
  0701259000.1     CIRCULAR             0.40     0.13     0.10     0.40        1   181.15
  0701260000.1     CIRCULAR             0.40     0.13     0.10     0.40        1   107.92
  0701261000.1     CIRCULAR             0.40     0.13     0.10     0.40        1   165.91
  CE_sacav_jus.1   CIRCULAR             1.10     0.95     0.28     1.10        1 22538.42
  CE14_link        CIRCULAR             0.80     0.50     0.20     0.80        1  5169.03
  D1.1             EGG                  1.10     0.62     0.21     0.73        1  2968.67
  D13.1            MODBASKETHANDLE      3.10     7.59     0.73     2.70        1 67912.10
  D13aux.1         CIRCULAR             0.80     0.50     0.20     0.80        1  5465.41
  D18.1            CIRCULAR             0.60     0.28     0.15     0.60        1   781.14
  D2.1             EGG                  1.25     0.80     0.24     0.83        1  5010.22
  D22.1            CIRCULAR             1.80     2.54     0.45     1.80        1 12749.28
  D23.1            CIRCULAR             1.60     2.01     0.40     1.60        1 42520.24
  D24.1            CIRCULAR             0.45     0.16     0.11     0.45        1  1079.76
  D3.3             EGG                  1.35     0.93     0.26     0.90        1 17434.70
  D32.1            CIRCULAR             1.20     1.13     0.30     1.20        1 17865.59
  D34.1            CIRCULAR             0.50     0.20     0.12     0.50        1   443.31
  D37.1            CIRCULAR             0.70     0.38     0.17     0.70        1  1656.31
  D4.1             EGG                  1.35     0.93     0.26     0.90        1 12622.20
  D5.1             EGG                  1.50     1.15     0.29     1.00        1  7365.25
  D6.1             EGG                  1.80     1.65     0.35     1.20        1 112856.75
  EE12_link        CIRCULAR             0.60     0.28     0.15     0.60        1   240.97
  EE13_link        CIRCULAR             0.80     0.50     0.20     0.80        1  1180.95
  EE16_link        CIRCULAR             1.20     1.13     0.30     1.20        1 13547.27
  outETAR.1        CIRCULAR             2.00     3.14     0.50     2.00        1 224096.02
  OutETAR.2        RECT_OPEN            1.50     3.00     0.60     2.00        1 29070.84
  Troplein14.1     CIRCULAR             0.80     0.50     0.20     0.80        1  5878.31
  Tropleinsacav.1  CIRCULAR             0.80     0.50     0.20     0.80        1  2850.02
  
  
  ****************
  Analysis Options
  ****************
  Flow Units ............... LPS
  Process Models:
    Rainfall/Runoff ........ YES
    RDII ................... NO
    Snowmelt ............... NO
    Groundwater ............ NO
    Flow Routing ........... YES
    Ponding Allowed ........ YES
    Water Quality .......... NO
  Infiltration Method ...... HORTON
  Flow Routing Method ...... DYNWAVE
  Surcharge Method ......... EXTRAN
  Starting Date ............ 12/02/2006 01:00:00
  Ending Date .............. 12/06/2006 01:00:00
  Antecedent Dry Days ...... 0.0
  Report Time Step ......... 00:05:00
  Wet Time Step ............ 00:02:00
  Dry Time Step ............ 00:02:00
  Routing Time Step ........ 30.00 sec
  Variable Time Step ....... YES
  Maximum Trials ........... 8
  Number of Threads ........ 1
  Head Tolerance ........... 0.001500 m
  
  
  **************************        Volume         Depth
  Runoff Quantity Continuity     hectare-m            mm
  **************************     ---------       -------
  Total Precipitation ......        53.667        27.080
  Evaporation Loss .........         0.000         0.000
  Infiltration Loss ........        20.755        10.473
  Surface Runoff ...........        28.063        14.160
  Final Storage ............         4.863         2.454
  Continuity Error (%) .....        -0.027
  
  
  **************************        Volume        Volume
  Flow Routing Continuity        hectare-m      10^6 ltr
  **************************     ---------     ---------
  Dry Weather Inflow .......        20.272       202.726
  Wet Weather Inflow .......        28.057       280.569
  Groundwater Inflow .......         0.000         0.000
  RDII Inflow ..............         0.000         0.000
  External Inflow ..........         0.000         0.000
  External Outflow .........        49.193       491.936
  Flooding Loss ............         0.012         0.118
  Evaporation Loss .........         0.000         0.000
  Exfiltration Loss ........         0.000         0.000
  Initial Stored Volume ....         0.000         0.000
  Final Stored Volume ......         0.249         2.491
  Continuity Error (%) .....        -2.328
  
  
  *************************
  Highest Continuity Errors
  *************************
  Node 3 (100.00%)
  Node EE15_poco (-14.42%)
  Node EE14_poco (-9.04%)
  Node 0701058000 (8.35%)
  Node 11 (7.09%)
  
  
  ***************************
  Time-Step Critical Elements
  ***************************
  Link 0701190000.1 (32.32%)
  Link 0701229000.1 (16.97%)
  Link 0701216000.1 (8.11%)
  Link 0701144000.1 (5.08%)
  Link 0701109000.1 (4.59%)
  
  
  ********************************
  Highest Flow Instability Indexes
  ********************************
  Link 0701260000.1 (70)
  Link 0701259000.1 (69)
  Link 0701218000.2 (34)
  Link 0701216000.1 (33)
  Link 0701219000.1 (33)
  
  
  *********************************
  Most Frequent Nonconverging Nodes
  *********************************
  Node OutD1 (16.97%)
  Node OutEEsacv (16.97%)
  Node OutD18 (16.97%)
  Node OutD22 (16.97%)
  Node OutD24 (16.97%)
  
  
  *************************
  Routing Time Step Summary
  *************************
  Minimum Time Step           :     0.22 sec
  Average Time Step           :     6.13 sec
  Maximum Time Step           :    13.47 sec
  % of Time in Steady State   :     0.00
  Average Iterations per Step :     5.45
  % of Steps Not Converging   :    16.97
  Time Step Frequencies       :
     30.000 -  3.817 sec      :    67.30 %
      3.817 -  0.486 sec      :    31.89 %
      0.486 -  0.062 sec      :     0.81 %
      0.062 -  0.008 sec      :     0.00 %
      0.008 -  0.001 sec      :     0.00 %
  
  
  ***************************
  Subcatchment Runoff Summary
  ***************************
  
  ------------------------------------------------------------------------------------------------------------------------------
                            Total      Total      Total      Total     Imperv       Perv      Total       Total     Peak  Runoff
                           Precip      Runon       Evap      Infil     Runoff     Runoff     Runoff      Runoff   Runoff   Coeff
  Subcatchment                 mm         mm         mm         mm         mm         mm         mm    10^6 ltr      LPS
  ------------------------------------------------------------------------------------------------------------------------------
  B1                        27.08       0.00       0.00      20.46       1.25       0.34       1.59        0.06     7.28   0.059
  B10                       27.08       0.00       0.00      16.19       6.01       0.00       6.01        0.71   115.21   0.222
  B11                       27.08       0.00       0.00      20.94       0.73       0.00       0.73        0.01     3.53   0.027
  B12                       27.08       0.00       0.00       6.48      16.42       0.00      16.42        2.17   101.73   0.607
  B13                       27.08       0.00       0.00      10.40      11.95       0.96      12.91       91.54  1520.85   0.477
  B14                       27.08       0.00       0.00       6.48      16.85       0.00      16.85        1.35   222.15   0.622
  B15                       27.08       0.00       0.00      10.30      10.78       5.94      16.72        4.28   355.26   0.617
  B16A                      27.08       0.00       0.00       1.77      22.76       0.93      23.69        3.99    93.41   0.875
  B17                       27.08       0.00       0.00       4.01      17.81       0.75      18.56       11.79   168.60   0.685
  B18                       27.08       0.00       0.00       4.80      18.78       3.33      22.11        6.08   463.10   0.817
  B19                       27.08       0.00       0.00      14.77       2.72       9.61      12.32        0.02     2.12   0.455
  B2                        27.08       0.00       0.00      18.47       2.69       2.35       5.04        2.37   146.34   0.186
  B20                       27.08       0.00       0.00      20.94       0.70       0.00       0.70        0.12     4.48   0.026
  B21                       27.08       0.00       0.00      19.65       1.34       2.10       3.44        1.19    49.04   0.127
  B22                       27.08       0.00       0.00      16.62       5.52       0.00       5.52        2.54   347.92   0.204
  B23                       27.08       0.00       0.00       5.77      16.20       5.07      21.27       18.08  2183.32   0.785
  B24                       27.08       0.00       0.00       1.30      24.13       1.40      25.54       14.04  1087.97   0.943
  B25                       27.08       0.00       0.00      20.94       0.69       0.00       0.69        0.15     4.65   0.025
  B28                       27.08       0.00       0.00      19.34       2.56       0.64       3.20        0.09    11.86   0.118
  B29                       27.08       0.00       0.00      20.94       0.70       0.00       0.70        0.04    12.31   0.026
  B3                        27.08       0.00       0.00       7.56      10.86       8.69      19.55        0.50    85.81   0.722
  B30                       27.08       0.00       0.00      20.94       0.73       0.00       0.73        0.02     7.84   0.027
  B31                       27.08       0.00       0.00      19.43       2.42       0.00       2.42        0.04    10.55   0.089
  B32                       27.08       0.00       0.00       3.92      18.90       4.20      23.10        3.93   511.99   0.853
  B33A                      27.08       0.00       0.00       6.48      16.80       0.00      16.80        0.08     9.75   0.620
  B34                       27.08       0.00       0.00       5.17      16.23       5.67      21.90        0.53    78.99   0.809
  B35                       27.08       0.00       0.00      21.15       0.48       0.00       0.48        0.01     1.57   0.018
  B36                       27.08       0.00       0.00      20.51       1.16       0.00       1.16        0.11     4.33   0.043
  B37                       27.08       0.00       0.00       2.16      21.47       0.00      21.47        0.65    55.02   0.793
  B4                        27.08       0.00       0.00       2.03      22.98       0.45      23.43        0.20    27.59   0.865
  B5                        27.08       0.00       0.00      15.11       7.22       0.00       7.22        0.45    75.47   0.267
  B6                        27.08       0.00       0.00      17.27       4.82       0.00       4.82        0.22    37.12   0.178
  B7                        27.08       0.00       0.00      10.79      12.05       0.00      12.05        0.24    44.60   0.445
  B8                        27.08       0.00       0.00       3.81      20.14       2.96      23.10       41.66  3462.93   0.853
  B9                        27.08       0.00       0.00      19.43       2.40       0.00       2.40        0.47    56.71   0.089
  B26                       27.08       0.00       0.00      13.04       8.06       5.14      13.19       59.37  3448.30   0.487
  B27                       27.08       0.00       0.00       2.97      21.47       2.45      23.92        5.98   483.22   0.883
  B33B                      27.08       0.00       0.00       8.63      14.46       0.00      14.46        0.05    10.00   0.534
  B16B                      27.08       0.00       0.00       1.77      22.76       0.93      23.69        3.99    93.41   0.875
  B8b                       27.08       0.00       0.00       8.47      15.29       0.89      16.17        1.13   122.01   0.597
  B21ficticia               27.08       0.00       0.00      21.06       0.11       1.06       1.17        0.35    11.45   0.043
  
  
  ******************
  Node Depth Summary
  ******************
  
  ---------------------------------------------------------------------------------
                                 Average  Maximum  Maximum  Time of Max    Reported
                                   Depth    Depth      HGL   Occurrence   Max Depth
  Node                 Type       Meters   Meters   Meters  days hr:min      Meters
  ---------------------------------------------------------------------------------
  3                    JUNCTION     0.02     0.06     0.06     3  17:28        0.06
  4                    JUNCTION     0.00     0.00     0.75     0  00:00        0.00
  5                    JUNCTION     0.00     0.00     0.55     0  00:00        0.00
  6                    JUNCTION     0.00     0.03     2.12     3  12:43        0.03
  7                    JUNCTION     0.00     0.02     0.90     3  12:44        0.02
  8                    JUNCTION     0.00     0.00     3.13     0  00:00        0.00
  9                    JUNCTION     0.00     0.02     1.32     3  12:44        0.02
  11                   JUNCTION     0.35     1.02     1.57     3  12:51        0.99
  12                   JUNCTION     0.40     1.05     1.55     3  12:52        1.02
  13                   JUNCTION     0.45     1.06     1.51     3  12:52        1.05
  14                   JUNCTION     0.21     0.75     1.15     3  12:46        0.72
  16                   JUNCTION     0.01     0.06     3.16     3  12:44        0.06
  17                   JUNCTION     0.18     0.83     2.89     3  12:44        0.83
  18                   JUNCTION     0.11     0.40     2.35     3  12:44        0.40
  19                   JUNCTION     0.13     0.47     1.73     3  12:44        0.47
  20                   JUNCTION     0.16     0.61     1.61     3  12:45        0.60
  21                   JUNCTION     0.00     0.00     1.00     0  00:00        0.00
  23                   JUNCTION     0.05     0.55     0.95     3  12:48        0.53
  24                   JUNCTION     0.33     1.04     1.49     3  12:47        1.03
  25                   JUNCTION     0.21     0.74     0.94     3  12:48        0.74
  26                   JUNCTION     0.00     0.04     0.99     3  12:45        0.04
  27                   JUNCTION     0.00     0.05    -0.40     3  12:53        0.05
  28                   JUNCTION     0.02     0.18    16.18     3  12:42        0.16
  29                   JUNCTION     0.02     0.17     4.97     3  12:43        0.17
  30                   JUNCTION     0.03     0.25     0.25     3  12:43        0.24
  31                   JUNCTION     0.02     0.26    -0.74     3  12:44        0.25
  32                   JUNCTION     0.02     0.19    -1.31     3  12:48        0.18
  33                   JUNCTION     0.01     0.09     2.09     3  12:44        0.09
  34                   JUNCTION     0.00     0.03     1.83     3  12:45        0.03
  35                   JUNCTION     0.01     0.04    -0.96     3  12:47        0.04
  36                   JUNCTION     0.01     0.07    -1.43     3  12:49        0.07
  37                   JUNCTION     0.02     0.09    -1.91     3  12:53        0.09
  39                   JUNCTION     0.00     0.00     3.00     0  00:00        0.00
  41                   JUNCTION     0.14     0.23     0.23     3  20:27        0.23
  44                   JUNCTION     0.22     0.53     2.23     3  12:42        0.51
  45                   JUNCTION     0.17     0.42     1.75     3  12:47        0.41
  46                   JUNCTION     0.33     2.30     4.98     3  12:41        2.03
  47                   JUNCTION     0.10     0.19    11.39     3  12:42        0.18
  48                   JUNCTION     0.10     0.41    11.71     3  12:42        0.36
  49                   JUNCTION     0.03     0.20    10.20     3  12:45        0.20
  51                   JUNCTION     0.09     0.66     0.66     3  12:45        0.66
  52                   JUNCTION     0.03     0.19     7.59     3  12:42        0.16
  53                   JUNCTION     0.02     0.10     5.95     3  17:10        0.10
  54                   JUNCTION     0.02     0.02     6.67     1  05:03        0.02
  55                   JUNCTION     0.04     0.05     7.00     0  05:02        0.05
  56                   JUNCTION     0.40     0.90     7.25     3  12:42        0.80
  57                   JUNCTION     0.08     0.16     8.37     3  13:38        0.16
  58                   JUNCTION     0.04     0.25     3.75     3  12:42        0.23
  59                   JUNCTION     0.46     2.22     1.10     3  13:16        2.21
  60                   JUNCTION     0.29     3.00     7.70     3  12:40        3.00
  0701001000           JUNCTION     0.02     0.03     3.05     3  12:42        0.03
  0701002000           JUNCTION     0.03     0.05     2.73     3  12:42        0.05
  0701003000           JUNCTION     0.03     0.05     2.34     3  12:43        0.05
  0701004000           JUNCTION     0.03     0.05     2.02     3  12:43        0.05
  0701005000           JUNCTION     0.03     0.05     1.48     3  12:45        0.05
  0701006000           JUNCTION     0.04     2.10     2.76     3  13:42        0.57
  0701007000           JUNCTION     0.15     1.92     1.90     3  13:42        1.25
  0701007002           JUNCTION     0.07     0.51     1.39     3  13:41        0.45
  0701007004           JUNCTION     0.07     0.28     1.25     3  13:43        0.27
  0701007006           JUNCTION     0.08     0.21     1.56     3  12:43        0.20
  0701007008           JUNCTION     0.02     0.05     2.79     3  12:42        0.05
  0701008000           JUNCTION     0.16     1.99     1.72     3  13:42        1.47
  0701009000           JUNCTION     0.19     2.18     1.59     3  13:42        1.75
  0701010000           JUNCTION     0.22     2.24     1.40     3  13:42        1.97
  0701011000           JUNCTION     0.36     2.37     1.35     3  13:42        2.13
  0701012000           JUNCTION     0.61     2.54     1.27     3  13:42        2.37
  0701013000           JUNCTION     0.43     2.19     1.10     3  13:16        2.18
  0701014000           JUNCTION     0.01     0.06     4.51     3  12:42        0.06
  0701015000           JUNCTION     0.02     0.10     3.77     3  12:42        0.09
  0701016000           JUNCTION     0.04     0.28     3.69     3  12:42        0.23
  0701016002           JUNCTION     0.02     0.12     4.62     3  12:42        0.10
  0701017000           JUNCTION     0.03     0.21     3.46     3  12:43        0.19
  0701018000           JUNCTION     0.03     0.18     3.07     3  12:43        0.17
  0701019000           JUNCTION     0.03     0.21     2.71     3  12:43        0.20
  0701020000           JUNCTION     0.04     0.08     5.75     3  12:28        0.08
  0701021000           JUNCTION     0.12     0.30     4.45     3  12:43        0.29
  0701021002           JUNCTION     0.06     0.24     4.45     3  12:42        0.23
  0701021004           JUNCTION     0.01     0.10     4.43     3  12:42        0.08
  0701022000           JUNCTION     0.10     0.24     4.31     3  12:43        0.23
  0701022002           JUNCTION     0.00     0.00     4.55     0  00:00        0.00
  0701023000           JUNCTION     0.11     0.28     3.98     3  12:44        0.27
  0701024000           JUNCTION     0.13     0.33     3.71     3  12:44        0.33
  0701025000           JUNCTION     0.11     0.28     3.48     3  12:44        0.28
  0701026000           JUNCTION     0.10     0.24     3.27     3  12:45        0.24
  0701027000           JUNCTION     0.16     0.43     2.90     3  12:46        0.42
  0701027002           JUNCTION     0.01     0.15     2.90     3  12:45        0.14
  0701027004           JUNCTION     0.01     0.12     3.00     3  12:42        0.10
  0701027006           JUNCTION     0.01     0.05     3.38     3  12:42        0.04
  0701028000           JUNCTION     0.12     0.33     2.63     3  12:46        0.32
  0701029000           JUNCTION     0.11     0.28     2.29     3  12:47        0.27
  0701030000           JUNCTION     0.12     0.32     2.13     3  12:47        0.31
  0701031000           JUNCTION     0.19     0.46     1.99     3  12:47        0.45
  0701032000           JUNCTION     0.01     0.08     4.40     3  12:42        0.06
  0701033000           JUNCTION     0.00     0.00     4.17     0  00:08        0.00
  0701034000           JUNCTION     0.00     0.03     3.92     3  17:13        0.02
  0701034002           JUNCTION     0.00     0.02     4.64     3  17:12        0.02
  0701034004           JUNCTION     0.04     0.08     4.81     3  12:42        0.08
  0701035000           JUNCTION     0.05     0.14     3.59     3  12:43        0.14
  0701035002           JUNCTION     0.05     0.14     4.61     3  12:42        0.13
  0701035004           JUNCTION     0.04     0.13     4.87     3  12:42        0.12
  0701035006           JUNCTION     0.04     0.12     5.67     3  12:42        0.11
  0701035008           JUNCTION     0.07     0.27     6.19     3  12:42        0.26
  0701036000           JUNCTION     0.05     0.16     2.97     3  12:43        0.15
  0701037000           JUNCTION     0.09     0.27     2.57     3  12:43        0.26
  0701037002           JUNCTION     0.04     0.10     2.67     3  12:42        0.09
  0701037006           JUNCTION     0.04     0.12     3.30     3  12:42        0.11
  0701038000           JUNCTION     0.08     0.24     2.34     3  12:44        0.23
  0701039000           JUNCTION     0.08     0.22     1.98     3  12:44        0.22
  0701040000           JUNCTION     0.09     0.31     1.99     3  12:47        0.30
  0701041000           JUNCTION     0.22     0.48     1.99     3  12:46        0.48
  0701042000           JUNCTION     0.11     0.27     1.78     3  12:46        0.27
  0701043000           JUNCTION     0.12     0.30     1.47     3  12:47        0.30
  0701044000           JUNCTION     0.12     0.32    -2.38     3  12:47        0.31
  0701045000           JUNCTION     0.14     0.35     2.02     3  12:55        0.35
  0701046000           JUNCTION     0.13     0.32     1.76     3  13:00        0.32
  0701047000           JUNCTION     0.13     0.30     1.39     3  13:02        0.30
  0701048000           JUNCTION     0.13     0.32     0.77     3  12:57        0.32
  0701049000           JUNCTION     0.09     0.31     0.54     3  12:48        0.31
  0701050000           JUNCTION     0.08     0.33    -0.21     3  12:48        0.33
  0701051000           JUNCTION     0.02     0.10     4.03     3  12:42        0.10
  0701052000           JUNCTION     0.03     0.14     3.68     3  12:42        0.14
  0701053000           JUNCTION     0.03     0.16     3.54     3  12:43        0.16
  0701054000           JUNCTION     0.03     0.15     3.34     3  12:44        0.15
  0701055000           JUNCTION     0.03     0.13     2.79     3  12:44        0.13
  0701056000           JUNCTION     0.03     0.13     2.17     3  12:45        0.13
  0701057000           JUNCTION     0.02     0.11     1.31     3  12:46        0.11
  0701058000           JUNCTION     0.15     0.43     2.56     3  12:46        0.43
  0701059000           JUNCTION     0.15     0.39     2.42     3  13:03        0.39
  0701060000           JUNCTION     0.13     0.32     2.07     3  12:57        0.32
  0701061000           JUNCTION     0.16     0.40     1.70     3  12:47        0.40
  0701062000           JUNCTION     0.14     0.36     1.38     3  13:00        0.36
  0701063000           JUNCTION     0.15     0.37     1.06     3  13:00        0.37
  0701064000           JUNCTION     0.17     0.43     0.81     3  12:49        0.43
  0701065000           JUNCTION     0.16     0.49     0.70     3  12:48        0.49
  0701066000           JUNCTION     0.17     0.50     0.40     3  12:48        0.50
  0701067000           JUNCTION     0.17     0.53     0.11     3  12:48        0.52
  0701068000           JUNCTION     0.16     0.53    -0.17     3  12:49        0.53
  0701069000           JUNCTION     0.38     0.80    -0.24     3  12:49        0.80
  0701070000           JUNCTION     0.15     0.40    -1.06     3  12:49        0.40
  0701071000           JUNCTION     0.22     0.59    -1.09     3  12:50        0.59
  0701072000           JUNCTION     0.04     0.16    17.48     3  12:42        0.15
  0701073000           JUNCTION     0.04     0.38    17.31     3  12:54        0.21
  0701074000           JUNCTION     0.03     0.22    16.89     3  12:54        0.17
  0701075000           JUNCTION     0.03     0.23    15.83     3  12:54        0.22
  0701076000           JUNCTION     0.03     0.21    14.33     3  12:55        0.21
  0701077000           JUNCTION     0.03     0.20    12.80     3  12:55        0.19
  0701078000           JUNCTION     0.03     0.19    11.54     3  12:55        0.18
  0701079000           JUNCTION     0.03     0.18     9.59     3  12:55        0.17
  0701080000           JUNCTION     0.03     0.19     7.45     3  12:55        0.17
  0701081000           JUNCTION     0.04     0.22     3.72     3  12:55        0.18
  0701082000           JUNCTION     0.04     0.22     3.02     3  12:56        0.17
  0701083000           JUNCTION     0.04     0.22     1.95     3  12:56        0.15
  0701084000           JUNCTION     0.04     0.22     0.80     3  12:56        0.15
  0701085000           JUNCTION     0.04     0.25    -0.09     3  12:56        0.16
  0701086000           JUNCTION     0.04     0.16    -0.57     3  12:57        0.11
  0701088000           JUNCTION     0.07     0.38     9.05     3  12:43        0.37
  0701089000           JUNCTION     0.02     0.11     8.70     3  12:43        0.11
  0701090000           JUNCTION     0.02     0.14     7.92     3  12:44        0.14
  0701091000           JUNCTION     0.03     0.18     7.43     3  12:44        0.18
  0701092000           JUNCTION     0.02     0.14     7.31     3  12:45        0.14
  0701093000           JUNCTION     0.02     0.14     6.95     3  12:45        0.14
  0701094000           JUNCTION     0.02     0.12     6.46     3  12:45        0.12
  0701095000           JUNCTION     0.03     0.17     6.37     3  12:46        0.17
  0701096000           JUNCTION     0.03     0.18     6.18     3  12:47        0.18
  0701097000           JUNCTION     0.03     0.18     6.02     3  12:47        0.17
  0701098000           JUNCTION     0.05     0.26     5.92     3  12:48        0.25
  0701099000           JUNCTION     0.02     0.15     5.81     3  12:48        0.14
  0701100000           JUNCTION     0.03     0.19     5.69     3  12:48        0.18
  0701101000           JUNCTION     0.03     0.16     5.52     3  12:48        0.16
  0701102000           JUNCTION     0.03     0.18     5.30     3  12:49        0.18
  0701103000           JUNCTION     0.03     0.16     5.13     3  12:49        0.16
  0701104000           JUNCTION     0.03     0.18     4.93     3  12:50        0.18
  0701105000           JUNCTION     0.02     0.16     4.73     3  12:50        0.16
  0701106000           JUNCTION     0.05     0.22     4.65     3  13:39        0.22
  0701107000           JUNCTION     0.56     2.85     5.10     3  13:38        2.41
  0701108000           JUNCTION     0.59     2.63     4.72     3  13:38        2.26
  0701109000           JUNCTION     0.70     2.39     4.34     3  13:38        2.08
  0701110000           JUNCTION     0.62     2.14     4.11     3  13:38        1.91
  0701111000           JUNCTION     0.52     1.37     3.23     3  13:38        1.31
  0701112000           JUNCTION     0.36     1.07     2.86     3  13:39        1.06
  0701113000           JUNCTION     0.80     3.56     4.97     3  13:42        1.77
  0701114000           JUNCTION     0.90     3.05     4.36     0  07:34        1.74
  0701115000           JUNCTION     0.67     1.16     2.64     3  13:41        1.16
  0701116000           JUNCTION     0.55     1.11     2.25     3  13:39        1.11
  0701117000           JUNCTION     0.62     1.12     2.17     3  13:40        1.11
  0701118000           JUNCTION     0.37     0.86     1.94     3  13:23        0.84
  0701119000           JUNCTION     0.54     1.09     1.96     3  13:23        1.09
  0701120000           JUNCTION     0.41     1.00     1.86     3  13:23        0.99
  0701121000           JUNCTION     0.41     1.11     1.82     3  13:23        1.11
  0701122000           JUNCTION     0.61     1.24     1.77     3  13:23        1.23
  0701123000           JUNCTION     0.55     1.16     1.69     3  13:24        1.15
  0701124000           JUNCTION     0.52     1.12     1.61     3  13:24        1.11
  0701125000           JUNCTION     0.64     1.18     1.55     3  13:24        1.17
  0701126000           JUNCTION     0.40     0.98     1.42     3  13:24        0.98
  0701127000           JUNCTION     0.39     1.12     1.40     3  13:24        1.12
  0701128000           JUNCTION     0.62     1.25     1.34     3  13:24        1.25
  0701129000           JUNCTION     0.40     1.15     1.26     3  13:25        1.15
  0701130000           JUNCTION     0.54     1.27     1.20     3  13:24        1.27
  0701131000           JUNCTION     0.52     1.25     1.11     3  13:24        1.25
  0701132000           JUNCTION     0.61     1.27     1.05     3  13:24        1.27
  0701133000           JUNCTION     0.60     1.22     0.97     3  13:24        1.22
  0701134000           JUNCTION     0.43     1.12     0.87     3  13:25        1.12
  0701135000           JUNCTION     0.42     1.19     0.83     3  13:26        1.19
  0701136000           JUNCTION     0.52     1.35     0.89     3  17:22        1.26
  0701137000           JUNCTION     0.56     1.35     0.76     3  17:23        1.30
  0701138000           JUNCTION     0.59     1.36     0.65     3  17:23        1.32
  0701139000           JUNCTION     0.66     1.36     0.52     3  17:23        1.35
  0701140000           JUNCTION     0.96     1.54     0.39     3  12:59        1.54
  0701141000           JUNCTION     0.92     1.51     0.40     3  13:57        1.50
  0701142000           JUNCTION     1.00     1.61     0.41     3  12:57        1.58
  0701143000           JUNCTION     1.03     1.65     0.42     3  12:57        1.60
  0701144000           JUNCTION     1.07     1.70     0.42     3  12:57        1.65
  0701145000           JUNCTION     1.07     1.71     0.43     3  12:57        1.64
  0701146000           JUNCTION     1.22     1.87     0.43     3  12:57        1.80
  0701147000           JUNCTION     1.13     1.78     0.41     3  12:57        1.70
  0701148000           JUNCTION     0.48     2.42    10.32     3  13:38        1.70
  0701151000           JUNCTION     0.31     2.32    10.02     3  13:38        1.59
  0701152000           JUNCTION     0.31     2.62     9.53     3  13:38        1.89
  0701153000           JUNCTION     0.42     3.29     8.87     3  13:38        2.57
  0701154000           JUNCTION     0.37     3.18     8.49     3  13:38        2.48
  0701155000           JUNCTION     0.44     3.32     7.87     3  13:38        2.66
  0701156000           JUNCTION     0.40     3.12     7.22     3  13:38        2.53
  0701157000           JUNCTION     0.43     3.12     6.67     3  13:38        2.65
  0701158000           JUNCTION     0.47     3.13     6.25     3  13:38        2.75
  0701159000           JUNCTION     0.62     3.30     5.70     3  13:38        2.90
  0701160000           JUNCTION     0.80     3.17     5.35     3  13:38        2.73
  0701161000           JUNCTION     0.10     0.41     9.82     3  12:42        0.40
  0701162000           JUNCTION     0.05     0.23     9.10     3  12:42        0.21
  0701163000           JUNCTION     0.05     0.19     8.36     3  12:42        0.19
  0701164000           JUNCTION     0.05     0.21     7.56     3  12:43        0.20
  0701165000           JUNCTION     0.05     0.20     6.90     3  12:43        0.20
  0701166000           JUNCTION     0.05     0.19     6.14     3  12:43        0.19
  0701167000           JUNCTION     0.25     0.63     2.39     3  12:43        0.62
  0701168000           JUNCTION     0.07     0.23     5.89     3  12:43        0.22
  0701169000           JUNCTION     0.02     0.07     5.67     3  12:44        0.06
  0701170000           JUNCTION     0.03     0.07     1.08     3  12:44        0.07
  0701171000           JUNCTION     0.05     0.10    11.30     3  17:09        0.10
  0701172000           JUNCTION     0.05     0.10    10.69     3  12:43        0.09
  0701173000           JUNCTION     0.06     0.11    10.05     3  12:43        0.10
  0701174000           JUNCTION     0.06     0.11     9.19     3  12:43        0.10
  0701175000           JUNCTION     0.06     0.11     8.35     3  12:44        0.11
  0701176000           JUNCTION     0.07     0.13     7.44     3  12:44        0.12
  0701177000           JUNCTION     0.08     0.14     7.14     3  12:45        0.14
  0701178000           JUNCTION     0.07     0.13     6.90     3  12:45        0.13
  0701179000           JUNCTION     0.06     0.11     6.42     3  12:45        0.11
  0701180000           JUNCTION     0.16     0.26     6.10     3  12:46        0.25
  0701181000           JUNCTION     0.07     0.13     5.97     3  12:47        0.13
  0701182000           JUNCTION     0.14     0.24     5.89     3  12:47        0.23
  0701183000           JUNCTION     0.10     0.17     5.81     3  12:48        0.17
  0701184000           JUNCTION     0.07     0.13     5.72     3  12:48        0.13
  0701185000           JUNCTION     0.24     0.36     5.72     3  12:49        0.36
  0701186000           JUNCTION     0.13     0.23     5.69     3  12:50        0.23
  0701187000           JUNCTION     0.05     0.09     5.53     3  12:50        0.09
  0701188000           JUNCTION     0.64     0.87     5.49     3  12:52        0.87
  0701189000           JUNCTION     0.60     0.82     5.45     3  12:53        0.82
  0701190000           JUNCTION     0.55     0.76     5.41     3  12:54        0.76
  0701191000           JUNCTION     0.48     0.71     5.35     3  12:53        0.71
  0701192000           JUNCTION     0.52     0.75     5.35     3  12:56        0.75
  0701193000           JUNCTION     0.65     0.88     5.37     3  12:55        0.87
  0701194000           JUNCTION     0.57     0.79     5.33     3  12:55        0.79
  0701195000           JUNCTION     0.64     0.85     5.31     3  12:54        0.85
  0701196000           JUNCTION     0.67     0.88     5.31     3  12:56        0.88
  0701197000           JUNCTION     0.35     0.48     5.01     3  12:56        0.48
  0701198000           JUNCTION     0.51     0.79     5.13     3  13:07        0.75
  0701199000           JUNCTION     0.44     0.75     5.08     3  13:06        0.74
  0701200000           JUNCTION     0.45     0.84     5.07     3  13:04        0.80
  0701201000           JUNCTION     0.52     0.90     5.05     3  13:04        0.90
  0701202000           JUNCTION     0.46     0.93     5.04     3  13:05        0.93
  0701203000           JUNCTION     0.61     1.05     5.02     3  13:04        1.04
  0701204000           JUNCTION     0.37     0.99     4.98     3  13:04        0.97
  0701205000           JUNCTION     0.69     1.25     4.99     3  13:01        1.22
  0701206000           JUNCTION     0.60     1.18     4.98     3  12:59        1.16
  0701207000           JUNCTION     0.57     1.17     4.97     3  13:03        1.16
  0701208000           JUNCTION     0.63     1.26     4.94     3  13:02        1.25
  0701209000           JUNCTION     0.64     1.30     4.94     3  12:58        1.26
  0701210000           JUNCTION     0.75     1.40     4.93     3  12:58        1.34
  0701211000           JUNCTION     0.64     1.32     4.91     3  13:02        1.26
  0701212000           JUNCTION     0.74     1.40     4.89     3  12:58        1.33
  0701213000           JUNCTION     0.79     1.45     4.88     3  12:58        1.36
  0701214000           JUNCTION     0.70     1.37     4.85     3  12:58        1.29
  0701215000           JUNCTION     0.90     1.55     4.84     3  13:02        1.46
  0701216000           JUNCTION     1.15     1.77     4.80     3  13:02        1.68
  0701217000           JUNCTION     1.14     1.74     4.77     3  13:02        1.65
  0701218000           JUNCTION     1.12     1.71     4.74     3  13:02        1.62
  0701219000           JUNCTION     1.25     1.84     4.71     3  12:59        1.76
  0701220000           JUNCTION     1.18     1.78     4.68     0  01:22        1.72
  0701221000           JUNCTION     1.70     2.24     4.60     3  12:59        2.19
  0701222000           JUNCTION     0.22     0.37     4.06     3  13:03        0.36
  0701223000           JUNCTION     0.35     0.64     5.65     3  12:23        0.53
  0701224000           JUNCTION     0.49     0.67     5.63     0  06:32        0.66
  0701225000           JUNCTION     0.48     0.67     5.60     0  06:33        0.66
  0701226000           JUNCTION     0.38     0.57     5.43     3  12:54        0.57
  0701227000           JUNCTION     1.17     1.65     4.60     3  12:58        1.58
  0701228000           JUNCTION     0.46     0.96     7.25     3  12:42        0.89
  0701229000           JUNCTION     0.41     0.86     7.21     3  12:42        0.81
  0701230000           JUNCTION     0.40     0.72     7.07     3  12:43        0.70
  0701231000           JUNCTION     0.08     0.22     6.76     3  12:44        0.22
  0701232000           JUNCTION     0.11     0.25     5.12     3  12:43        0.25
  0701233000           JUNCTION     0.13     0.30     4.81     3  12:44        0.30
  0701234000           JUNCTION     0.16     0.57     4.62     3  17:14        0.50
  0701235000           JUNCTION     0.21     0.75     4.62     3  17:14        0.74
  0701236000           JUNCTION     0.40     1.65     5.30     3  13:08        0.96
  0701237000           JUNCTION     1.26     2.20     4.99     0  02:38        2.16
  0701238000           JUNCTION     0.66     1.12     4.51     3  17:12        1.09
  0701239000           JUNCTION     0.16     0.27     3.61     3  17:16        0.27
  0701240000           JUNCTION     0.44     0.70     3.90     3  17:16        0.69
  0701241000           JUNCTION     0.40     0.66     3.87     3  17:16        0.65
  0701242000           JUNCTION     0.52     0.78     3.88     3  17:16        0.77
  0701243000           JUNCTION     0.20     0.34     3.60     3  17:15        0.34
  0701244000           JUNCTION     0.12     0.20     3.11     3  17:17        0.20
  0701245000           JUNCTION     0.19     0.29     2.55     3  13:16        0.29
  0701246000           JUNCTION     0.26     2.25     6.92     3  12:42        2.23
  0701247000           JUNCTION     0.22     1.73     6.23     3  12:44        1.72
  0701248000           JUNCTION     0.21     1.34     5.61     3  12:47        1.32
  0701249000           JUNCTION     0.23     0.98     4.95     3  13:09        0.96
  0701250000           JUNCTION     0.52     1.18     4.76     3  13:09        0.91
  0701251000           JUNCTION     0.01     0.04     4.47     3  12:46        0.04
  0701252000           JUNCTION     0.02     0.04     4.05     3  12:47        0.04
  0701253000           JUNCTION     0.02     0.05     3.88     3  12:48        0.05
  0701254000           JUNCTION     0.01     0.07     3.85     3  13:25        0.07
  0701255000           JUNCTION     0.11     0.39     3.85     3  13:24        0.39
  0701256000           JUNCTION     0.12     0.43     3.87     3  13:25        0.43
  0701257000           JUNCTION     0.28     0.62     3.87     3  13:25        0.62
  0701258000           JUNCTION     0.36     0.71     3.87     3  13:26        0.70
  0701259000           JUNCTION     0.36     0.70     3.86     3  13:26        0.70
  0701260000           JUNCTION     0.54     0.89     3.86     3  13:25        0.88
  0701261000           JUNCTION     0.47     0.80     3.85     3  13:26        0.80
  CEsacav_jus          JUNCTION     0.12     0.26     3.99     0  00:54        0.25
  D11aux               JUNCTION     0.00     0.00     4.73     0  00:00        0.00
  D13aux               JUNCTION     0.17     0.30     8.39     3  13:38        0.30
  D13aux1              JUNCTION     0.00     0.00     8.08     0  00:00        0.00
  D18aux               JUNCTION     0.02     0.21     9.62     3  12:44        0.21
  D1aux                JUNCTION     0.00     0.02     3.04     3  12:42        0.01
  D1B27                JUNCTION     0.06     0.25     1.92     3  12:44        0.25
  D22aux               JUNCTION     0.00     0.01    11.21     3  12:45        0.01
  D23aux               JUNCTION     0.02     0.22     6.76     3  12:42        0.21
  D24aux               JUNCTION     0.02     0.22     4.89     3  12:44        0.22
  D26aux               JUNCTION     0.58     2.50     4.70     3  12:41        2.50
  D27aux               JUNCTION     0.12     0.28     1.87     3  12:43        0.27
  D2aux                JUNCTION     0.00     0.05     2.79     3  12:42        0.04
  D2B27                JUNCTION     0.08     0.25     1.90     3  12:45        0.25
  D37aux               JUNCTION     0.00     0.03     3.96     3  12:42        0.03
  D3aux                JUNCTION     0.00     0.02     4.52     3  12:42        0.01
  D4aux                JUNCTION     0.00     0.00     4.45     0  00:00        0.00
  D5aux                JUNCTION     0.00     0.02     4.35     3  12:42        0.01
  D6aux                JUNCTION     0.00     0.00     3.33     0  00:00        0.00
  D7aux                JUNCTION     0.00     0.04     3.22     3  12:42        0.03
  JB27                 JUNCTION     0.23     0.52     2.02     3  12:43        0.51
  outETAR              JUNCTION     0.21     0.24     5.31     0  05:39        0.24
  PI1_1                JUNCTION     0.00     0.02     1.02     3  17:15        0.02
  PI1_4                JUNCTION     0.00     0.07    -0.33     3  12:52        0.07
  PI2_1                JUNCTION     0.00     0.04     1.33     3  12:44        0.04
  PI2_2                JUNCTION     0.00     0.08     0.48     3  12:45        0.08
  PI2_3                JUNCTION     0.00     0.07     0.27     3  12:50        0.07
  OutD1                OUTFALL      0.00     0.01     0.01     3  17:15        0.01
  OutEEsacv            OUTFALL      0.00     0.00     0.00     0  00:00        0.00
  OutD18               OUTFALL      0.01     0.21     0.21     3  12:44        0.21
  OutD22               OUTFALL      0.00     0.00     0.00     3  12:45        0.00
  OutD24               OUTFALL      0.02     0.22     0.22     3  12:44        0.22
  OutD34               OUTFALL      0.00     0.03     0.03     3  12:43        0.02
  OutD37               OUTFALL      0.00     0.02    -0.58     3  12:53        0.02
  OutD23               OUTFALL      0.02     0.22     0.22     3  12:42        0.20
  OutETAR1             OUTFALL      0.09     0.10     0.10     0  06:43        0.10
  OutETAR2             OUTFALL      0.07     0.21    -4.79     3  13:16        0.21
  0701140002           OUTFALL      0.06     0.34    -4.66     3  12:59        0.34
  0701135002           OUTFALL      0.01     0.19    -4.81     3  13:26        0.18
  OutD2                OUTFALL      0.00     0.05    -0.55     3  12:52        0.05
  10                   OUTFALL      0.00     0.01     0.01     3  12:43        0.01
  15                   OUTFALL      0.21     0.74     0.74     3  12:48        0.74
  1                    OUTFALL      0.02     0.18    -1.82     3  12:45        0.18
  2                    OUTFALL      0.00     0.04    -2.46     3  12:53        0.04
  22                   OUTFALL      0.00     0.00    -5.00     0  00:00        0.00
  38                   OUTFALL      0.00     0.05    -1.55     3  12:44        0.05
  40                   OUTFALL      0.00     0.05    -1.05     3  12:45        0.05
  43                   OUTFALL      0.09     0.66    -0.34     3  12:45        0.66
  50                   OUTFALL      0.03     0.20     0.20     3  12:45        0.20
  61                   OUTFALL      0.00     0.00    -4.00     0  00:00        0.00
  EE12_poco            STORAGE      0.62     5.16     0.75     3  13:19        5.16
  EE13_poco            STORAGE      0.33     3.61    -3.34     3  12:53        3.57
  EE14_poco            STORAGE      0.20     3.05    -1.45     3  13:05        3.04
  EE15_poco            STORAGE      0.14     2.39    -2.11     3  13:01        2.38
  EE16_poco            STORAGE      1.69     4.43     0.43     3  12:57        4.33
  EE17_poco            STORAGE      0.06     0.31    -4.79     3  12:44        0.30
  EE4_poco             STORAGE      0.00     0.00    -5.10     0  00:00        0.00
  EE6_poco             STORAGE      0.00     0.00    -5.10     0  00:00        0.00
  EEsacav_poco         STORAGE      0.36     2.13    -2.97     3  13:00        2.13
  ETAR_Entrada         STORAGE      0.66     1.06     2.63     3  13:16        1.06
  
  
  *******************
  Node Inflow Summary
  *******************
  
  -------------------------------------------------------------------------------------------------
                                  Maximum  Maximum                  Lateral       Total        Flow
                                  Lateral    Total  Time of Max      Inflow      Inflow     Balance
                                   Inflow   Inflow   Occurrence      Volume      Volume       Error
  Node                 Type           LPS      LPS  days hr:min    10^6 ltr    10^6 ltr     Percent
  -------------------------------------------------------------------------------------------------
  3                    JUNCTION      0.00     3.08     3  12:44           0     0.00211    2113.862 ltr
  4                    JUNCTION      0.00     0.00     0  00:00           0           0       0.000 ltr
  5                    JUNCTION      0.00     0.00     0  00:00           0           0       0.000 ltr
  6                    JUNCTION      0.00     5.25     3  12:42           0     0.00216       3.540
  7                    JUNCTION      0.00     3.27     3  12:43           0     0.00208      -1.430
  8                    JUNCTION      0.00     0.00     0  00:00           0           0       0.000 ltr
  9                    JUNCTION      0.00     2.27     3  12:42           0     0.00117       3.174
  11                   JUNCTION      0.00   393.63     3  12:46           0       0.783       7.631
  12                   JUNCTION      0.00   454.01     3  12:46           0        1.72       1.083
  13                   JUNCTION      0.00   475.98     3  12:46           0        2.06      -1.472
  14                   JUNCTION      0.00  2808.92     3  12:47           0        64.6       0.022
  16                   JUNCTION      0.00    56.42     3  12:42           0       0.469      -0.017
  17                   JUNCTION      0.00  3557.99     3  12:42           0        64.8       0.032
  18                   JUNCTION      0.00  3381.54     3  12:44           0        64.8       0.008
  19                   JUNCTION      0.00  3377.48     3  12:44           0        64.8       0.010
  20                   JUNCTION      0.00  3370.27     3  12:44           0        64.8       0.019
  21                   JUNCTION      0.00     0.00     0  00:00           0           0       0.000 ltr
  23                   JUNCTION      0.00   167.57     3  17:16           0        0.12       0.728
  24                   JUNCTION      0.00  3346.46     3  12:45           0        65.9       0.180
  25                   JUNCTION      0.00  2887.36     3  12:47           0        64.7       0.019
  26                   JUNCTION      0.00     5.26     3  12:42           0     0.00652      -1.420
  27                   JUNCTION      0.00     4.37     3  12:45           0     0.00662       2.530
  28                   JUNCTION      0.00   459.42     3  12:42           0        3.04      -0.031
  29                   JUNCTION      0.00   442.78     3  12:42           0        3.04       0.064
  30                   JUNCTION      0.00   430.48     3  12:43           0        3.04       0.034
  31                   JUNCTION      0.00   442.15     3  12:44           0        3.04      -0.012
  32                   JUNCTION      0.00   460.28     3  12:45           0        3.14       0.056
  33                   JUNCTION      0.00   231.43     3  12:43           0        2.32       0.173
  34                   JUNCTION      0.00   184.89     3  12:44           0        2.31       0.054
  35                   JUNCTION      0.00   180.63     3  12:45           0        2.31       0.091
  36                   JUNCTION      0.00   171.93     3  12:47           0        2.31       0.124
  37                   JUNCTION      0.00   161.18     3  12:49           0        2.31       0.416
  39                   JUNCTION      0.00     0.00     0  00:00           0           0       0.000 ltr
  41                   JUNCTION      0.00  1052.47     3  12:47           0         105      -0.211
  44                   JUNCTION    572.30   572.30     3  12:42        32.9        32.9       0.014
  45                   JUNCTION      0.00   540.47     3  12:44           0        32.9       0.057
  46                   JUNCTION   3592.14  3592.14     3  12:42         102         103       0.024
  47                   JUNCTION      0.00   366.45     3  12:42           0         9.1      -0.008
  48                   JUNCTION    372.37   372.37     3  12:42         9.1         9.1       0.006
  49                   JUNCTION      0.00   286.16     3  12:42           0        1.86       0.155
  51                   JUNCTION      0.00  2667.21     3  12:41           0        29.9       0.022
  52                   JUNCTION    225.37   225.37     3  12:42        2.32        2.32       0.010
  53                   JUNCTION      0.00   219.11     3  12:42           0        2.32      -0.052
  54                   JUNCTION      0.00     3.91     0  05:03           0       0.943       0.015
  55                   JUNCTION      3.91     3.91     0  05:00       0.943       0.943       0.019
  56                   JUNCTION   2245.78  2245.78     3  12:42        36.2        36.2       0.033
  57                   JUNCTION   1680.58  1680.58     3  13:38         144         144       0.013
  58                   JUNCTION    146.34   146.34     3  12:42        2.37        2.37       0.010
  59                   JUNCTION      0.00   193.81     3  12:44           0        7.93       0.318
  60                   JUNCTION   1141.67  1141.67     3  12:42        29.9        29.9       0.002
  0701001000           JUNCTION      9.38     9.38     3  12:42        0.68        0.68       0.017
  0701002000           JUNCTION      0.00     7.03     3  12:42           0       0.679       0.018
  0701003000           JUNCTION      0.00     6.94     3  12:42           0       0.678       0.018
  0701004000           JUNCTION      0.00     6.88     3  12:43           0       0.678       0.013
  0701005000           JUNCTION      0.00    19.43     3  13:42           0       0.678       0.062
  0701006000           JUNCTION      0.00    66.41     3  13:42           0       0.715      -0.052
  0701007000           JUNCTION     14.20   148.60     3  12:44       0.784        6.73      -0.007
  0701007002           JUNCTION      0.00   133.76     3  13:39           0        5.23      -0.034
  0701007004           JUNCTION      0.00   132.87     3  12:44           0        5.23       0.035
  0701007006           JUNCTION      0.00   139.43     3  12:42           0        5.23       0.057
  0701007008           JUNCTION      9.96   152.57     3  12:42        2.87        5.24       0.009
  0701008000           JUNCTION      0.00   132.85     3  17:14           0        6.69       0.054
  0701009000           JUNCTION      0.00   124.04     3  12:51           0        6.69      -0.003
  0701010000           JUNCTION      0.00   124.24     3  12:51           0        6.69      -0.002
  0701011000           JUNCTION      0.00   124.27     3  12:51           0        6.69       0.049
  0701012000           JUNCTION      0.00   123.85     3  12:51           0        6.69       0.110
  0701013000           JUNCTION     13.56   215.16     3  12:44       0.457        7.94       0.073
  0701014000           JUNCTION     27.71    27.71     3  12:42       0.236       0.236       0.006
  0701015000           JUNCTION      0.00    27.15     3  12:42           0       0.236       0.031
  0701016000           JUNCTION      0.00   105.57     3  12:42           0       0.804      -0.011
  0701016002           JUNCTION     86.04    86.04     3  12:42        0.57        0.57       0.001
  0701017000           JUNCTION      0.00   103.37     3  12:42           0       0.804       0.032
  0701018000           JUNCTION      0.00   101.02     3  12:43           0       0.804       0.006
  0701019000           JUNCTION      0.00   100.61     3  12:43           0       0.804       0.007
  0701020000           JUNCTION      0.00    95.80     0  06:38           0        7.92       0.496
  0701021000           JUNCTION      0.00   168.55     3  12:42           0        8.48       0.904
  0701021002           JUNCTION      0.00    72.42     3  12:42           0       0.603       0.708
  0701021004           JUNCTION     75.47    75.47     3  12:42       0.455       0.455      -0.061
  0701022000           JUNCTION      0.00   164.32     3  12:43           0        8.26       0.052
  0701022002           JUNCTION      0.00     0.00     0  00:00           0           0       0.000 ltr
  0701023000           JUNCTION      0.00   163.46     3  12:43           0        8.25       0.346
  0701024000           JUNCTION      0.00   162.45     3  12:44           0        8.23      -0.605
  0701025000           JUNCTION      7.84   162.63     3  12:44      0.0244         8.3       0.020
  0701026000           JUNCTION      0.00   162.36     3  12:45           0         8.3       0.018
  0701027000           JUNCTION     10.55   197.06     3  12:45      0.0415        8.55       0.029
  0701027002           JUNCTION      0.00    35.53     3  12:44           0       0.216       0.108
  0701027004           JUNCTION      0.00    36.63     3  12:42           0       0.216       0.052
  0701027006           JUNCTION     37.12    37.12     3  12:42       0.216       0.216      -0.050
  0701028000           JUNCTION      0.00   192.17     3  12:46           0        8.55       0.008
  0701029000           JUNCTION      0.00   191.91     3  12:46           0        8.55       0.015
  0701030000           JUNCTION      0.00   191.28     3  12:47           0        8.55       0.020
  0701031000           JUNCTION      0.00   342.45     3  12:44           0        14.6       0.034
  0701032000           JUNCTION     56.71    56.71     3  12:42       0.468       0.468      -0.053
  0701033000           JUNCTION      0.00     0.00     0  07:00    0.000346    0.000346       0.086
  0701034000           JUNCTION      0.00     2.54     3  17:12           0      0.0124       0.038
  0701034002           JUNCTION      0.00     2.57     3  12:42           0       0.012       0.015
  0701034004           JUNCTION      3.53     3.53     3  17:08      0.0122      0.0122       1.075
  0701035000           JUNCTION      0.00   131.43     3  12:42    3.77e-05        4.43       0.019
  0701035002           JUNCTION      0.00   129.71     3  12:42           0        4.42       0.011
  0701035004           JUNCTION      0.00   131.31     3  12:42           0        4.42       0.012
  0701035006           JUNCTION    132.19   132.19     3  12:42        4.42        4.42       0.005
  0701035008           JUNCTION   3537.51  3537.51     3  12:42        64.4        64.4      -0.003
  0701036000           JUNCTION      0.00   129.74     3  12:43           0        4.43       0.011
  0701037000           JUNCTION      0.00   165.72     3  12:43           0        6.01       0.002
  0701037002           JUNCTION      0.00    40.39     3  12:42           0        1.58       0.045
  0701037006           JUNCTION     49.32    49.32     3  12:42        1.59        1.59       0.006
  0701038000           JUNCTION      0.00   166.22     3  12:43           0        6.01       0.019
  0701039000           JUNCTION      0.00   164.60     3  12:44           0        6.01       0.020
  0701040000           JUNCTION      0.00   164.48     3  12:44           0        6.01      -0.016
  0701041000           JUNCTION      0.00   335.97     3  12:45           0        14.6       0.051
  0701042000           JUNCTION      0.00   331.24     3  12:46           0        14.5       0.055
  0701043000           JUNCTION      0.00   331.19     3  12:46           0        14.5      -0.012
  0701044000           JUNCTION    115.27   395.77     3  12:46        0.73        15.3       0.018
  0701045000           JUNCTION      0.00   316.60     3  12:41           0        15.7       5.041
  0701046000           JUNCTION      0.00   316.60     3  12:56           0        14.9      -4.148
  0701047000           JUNCTION      0.00   316.60     3  13:02           0        15.6       0.024
  0701048000           JUNCTION      0.00   316.60     3  13:02           0        15.6       0.017
  0701049000           JUNCTION      0.00   363.64     3  12:46           0        16.2       0.013
  0701050000           JUNCTION    101.73   460.01     3  12:47        2.17        18.4       0.011
  0701051000           JUNCTION     55.03    55.03     3  12:42       0.647       0.647       0.007
  0701052000           JUNCTION      0.00    49.29     3  12:42           0       0.641      -0.001
  0701053000           JUNCTION      0.00    49.21     3  12:42           0       0.641       0.025
  0701054000           JUNCTION      0.00    48.35     3  12:43           0       0.641       0.014
  0701055000           JUNCTION      0.00    48.02     3  12:44           0       0.641      -0.004
  0701056000           JUNCTION      0.00    47.98     3  12:44           0       0.641       0.035
  0701057000           JUNCTION      0.00    47.29     3  12:45           0        0.64       0.009
  0701058000           JUNCTION      0.00   416.40     0  11:58           0        20.1       9.116
  0701059000           JUNCTION      0.00   416.47     3  12:46           0        18.4      -5.002
  0701060000           JUNCTION      0.00   416.40     3  13:13           0        19.3       0.049
  0701061000           JUNCTION      0.00   416.40     3  12:57           0        19.3       0.085
  0701062000           JUNCTION      0.00   416.78     3  12:47           0        19.3       0.030
  0701063000           JUNCTION      0.00   416.40     3  13:00           0        19.3       0.007
  0701064000           JUNCTION      0.00   416.40     3  13:00           0        19.3      -0.022
  0701065000           JUNCTION    355.26   668.27     3  12:47        4.28        23.6       0.058
  0701066000           JUNCTION      0.00   666.26     3  12:48           0        23.6       0.076
  0701067000           JUNCTION      0.00   666.17     3  12:48           0        23.6      -0.034
  0701068000           JUNCTION      0.00   667.01     3  12:48           0        23.6       0.006
  0701069000           JUNCTION      0.00   664.95     3  12:48           0        23.6       0.053
  0701070000           JUNCTION     94.73   749.62     3  12:49        4.33        27.9       0.005
  0701071000           JUNCTION     11.27   693.91     3  12:49       0.393        28.2       0.020
  0701072000           JUNCTION    513.93   513.93     3  12:42        4.45        4.45      -0.056
  0701073000           JUNCTION      0.00   634.37     3  12:53           0         1.4      -0.021
  0701074000           JUNCTION      0.00   335.59     3  12:54           0        1.41       0.084
  0701075000           JUNCTION      0.00   260.12     3  12:54           0         1.4       0.007
  0701076000           JUNCTION      0.00   225.94     3  12:54           0         1.4       0.000
  0701077000           JUNCTION      0.00   204.40     3  12:55           0         1.4       0.014
  0701078000           JUNCTION      0.00   195.03     3  12:55           0         1.4      -0.029
  0701079000           JUNCTION      0.00   189.32     3  12:55           0         1.4       0.078
  0701080000           JUNCTION      0.00   185.69     3  12:55           0         1.4      -0.047
  0701081000           JUNCTION      0.00   181.24     3  12:55           0         1.4       0.071
  0701082000           JUNCTION      0.00   176.94     3  12:55           0         1.4       0.037
  0701083000           JUNCTION      0.00   170.81     3  12:56           0         1.4       0.021
  0701084000           JUNCTION      0.00   164.77     3  12:56           0         1.4      -0.008
  0701085000           JUNCTION      0.00   164.20     3  12:56           0         1.4       0.004
  0701086000           JUNCTION     16.48   167.42     3  12:56        1.87        3.27       0.010
  0701088000           JUNCTION     79.09    79.09     3  12:42       0.564       0.564       0.029
  0701089000           JUNCTION      0.00    63.41     3  12:43           0       0.564       0.171
  0701090000           JUNCTION      0.00    63.40     3  12:44           0       0.563       0.178
  0701091000           JUNCTION      0.00    63.35     3  12:44           0       0.562       0.024
  0701092000           JUNCTION      0.00    63.29     3  12:44           0       0.561       0.007
  0701093000           JUNCTION      0.00    63.25     3  12:45           0       0.561       0.011
  0701094000           JUNCTION      0.00    63.16     3  12:45           0       0.561       0.208
  0701095000           JUNCTION      0.00    63.15     3  12:45           0        0.56       0.303
  0701096000           JUNCTION      0.00    63.12     3  12:46           0       0.558      -0.156
  0701097000           JUNCTION      0.00    62.76     3  12:47           0       0.559       0.064
  0701098000           JUNCTION      0.00    62.73     3  12:47           0       0.559      -0.081
  0701099000           JUNCTION      0.00    62.48     3  12:48           0       0.559       0.253
  0701100000           JUNCTION      0.00    62.47     3  12:48           0       0.558      -0.041
  0701101000           JUNCTION      0.00    62.24     3  12:48           0       0.558       0.327
  0701102000           JUNCTION      0.00    62.22     3  12:48           0       0.556      -0.130
  0701103000           JUNCTION      0.00    61.82     3  12:49           0       0.557       0.298
  0701104000           JUNCTION      0.00    61.79     3  12:49           0       0.556      -0.089
  0701105000           JUNCTION      0.00    61.33     3  12:50           0       0.556       0.043
  0701106000           JUNCTION     94.73   145.50     3  12:50        4.33        4.89       0.007
  0701107000           JUNCTION      0.00  1792.63     3  13:41           0         149       0.004
  0701108000           JUNCTION      0.00  1792.31     3  13:41           0         149       0.003
  0701109000           JUNCTION      0.00  1792.84     3  13:41           0         149       0.011
  0701110000           JUNCTION      0.00  1792.36     3  13:41           0         149       0.016
  0701111000           JUNCTION      0.00  1792.57     3  13:41           0         149       0.011
  0701112000           JUNCTION      0.00  1792.65     3  13:41           0         149       0.045
  0701113000           JUNCTION      0.00  2584.18     3  13:41           0         185      -0.213
  0701114000           JUNCTION      0.00  2455.95     3  13:40           0         185      -0.154
  0701115000           JUNCTION      0.00  2401.83     3  13:41           0         186       0.011
  0701116000           JUNCTION      0.00  2332.95     3  13:41           0         186       0.009
  0701117000           JUNCTION      0.00  2331.81     3  13:40           0         186       0.028
  0701118000           JUNCTION      0.00  2330.84     3  13:41           0         186       0.005
  0701119000           JUNCTION      0.00  2330.56     3  13:41           0         186       0.017
  0701120000           JUNCTION      0.00  2322.63     3  13:40           0         186       0.012
  0701121000           JUNCTION      0.00  2312.11     3  13:42           0         186       0.013
  0701122000           JUNCTION      0.00  2305.56     3  13:43           0         186       0.017
  0701123000           JUNCTION      0.00  2306.17     3  13:43           0         186       0.014
  0701124000           JUNCTION      0.00  2301.40     3  13:43           0         186       0.011
  0701125000           JUNCTION      0.00  2294.75     3  13:42           0         186       0.017
  0701126000           JUNCTION      0.00  2290.70     3  13:42           0         185       0.011
  0701127000           JUNCTION      0.00  2283.49     3  13:49           0         185       0.011
  0701128000           JUNCTION      0.00  2282.81     3  13:51           0         185       0.016
  0701129000           JUNCTION      0.00  2282.80     3  13:51           0         185       0.010
  0701130000           JUNCTION      0.00  2283.88     3  13:53           0         185       0.014
  0701131000           JUNCTION      0.00  2418.13     3  13:25           0         191       0.004
  0701132000           JUNCTION      0.00  2419.47     3  13:25           0         191       0.014
  0701133000           JUNCTION      0.00  2420.21     3  13:25           0         191       0.015
  0701134000           JUNCTION      0.00  2419.10     3  13:25           0         190       0.018
  0701135000           JUNCTION      0.00  2418.43     3  13:25           0         190      -0.008
  0701136000           JUNCTION      0.00  2149.52     3  12:55           0         188       0.016
  0701137000           JUNCTION      0.00  2086.66     3  12:55           0         188       0.050
  0701138000           JUNCTION      0.00  2077.91     3  12:56           0         188       0.027
  0701139000           JUNCTION      0.00  2078.78     3  12:56           0         188       0.057
  0701140000           JUNCTION      0.00  2083.79     3  12:56           0         188       0.036
  0701141000           JUNCTION      0.00  1498.99     0  12:01           0         164       0.037
  0701142000           JUNCTION      0.00  1491.58     0  12:01           0         164       0.029
  0701143000           JUNCTION      0.00  1487.59     0  12:01           0         164       0.022
  0701144000           JUNCTION      0.00  1482.80     0  12:01           0         164       0.015
  0701145000           JUNCTION      0.00  1478.77     0  12:01           0         164       0.017
  0701146000           JUNCTION    168.60  1602.13     0  12:00        11.8         176       0.033
  0701147000           JUNCTION      0.00  1647.51     0  12:00           0         179       0.082
  0701148000           JUNCTION      0.00  1676.07     3  13:38           0         144       0.020
  0701151000           JUNCTION      0.00  1677.71     3  13:38           0         144       0.007
  0701152000           JUNCTION      0.00  1825.56     3  17:14           0         144       0.012
  0701153000           JUNCTION      0.00  1684.04     3  13:38           0         144      -0.042
  0701154000           JUNCTION      0.00  4125.57     3  20:56           0         144      -0.050
  0701155000           JUNCTION      0.00  2579.38     3  20:56           0         144       0.002
  0701156000           JUNCTION      0.00  2027.52     3  20:57           0         144      -0.023
  0701157000           JUNCTION      0.00  1765.29     3  20:57           0         144       0.006
  0701158000           JUNCTION      0.00  1695.37     3  13:38           0         144       0.006
  0701159000           JUNCTION      0.00  1696.39     3  13:38           0         144       0.008
  0701160000           JUNCTION      0.00  1697.11     3  13:38           0         144       0.022
  0701161000           JUNCTION    463.21   463.21     3  12:42        6.11        6.11       0.005
  0701162000           JUNCTION      0.00   236.35     3  12:42           0        5.17       0.001
  0701163000           JUNCTION      0.00   237.15     3  12:42           0        5.17       0.009
  0701164000           JUNCTION      0.00   236.35     3  12:42           0        5.17       0.005
  0701165000           JUNCTION      0.00   236.22     3  12:43           0        5.17       0.005
  0701166000           JUNCTION      0.00   236.14     3  12:43           0        5.17       0.005
  0701167000           JUNCTION      0.00   236.03     3  12:43           0        5.17       0.031
  0701168000           JUNCTION     11.45    63.49     3  17:15       0.351        2.65       1.652
  0701169000           JUNCTION      0.00    58.35     3  12:43           0        2.61       2.259
  0701170000           JUNCTION      0.00    59.96     3  12:44           0         3.5      -0.056
  0701171000           JUNCTION      0.00    77.87     3  12:42           0        7.24       0.008
  0701172000           JUNCTION      0.00    74.72     3  12:42           0        7.24       0.018
  0701173000           JUNCTION      0.00    74.56     3  12:43           0        7.24       0.002
  0701174000           JUNCTION      0.00    74.61     3  12:43           0        7.24       0.011
  0701175000           JUNCTION      0.00    74.44     3  12:43           0        7.24       0.016
  0701176000           JUNCTION      0.00    74.07     3  12:44           0        7.23       0.022
  0701177000           JUNCTION      0.00    74.04     3  12:44           0        7.23      -0.001
  0701178000           JUNCTION      2.86    76.01     3  12:45       0.355        7.59       0.005
  0701179000           JUNCTION      0.00    76.13     3  12:45           0        7.59       0.010
  0701180000           JUNCTION      5.62    81.58     3  12:45       0.455        8.04       0.033
  0701181000           JUNCTION      0.00    80.74     3  12:46           0        8.04       0.005
  0701182000           JUNCTION      0.00    80.72     3  12:47           0        8.04       0.023
  0701183000           JUNCTION      0.00    80.29     3  12:47           0        8.04       0.011
  0701184000           JUNCTION      0.00    80.32     3  12:48           0        8.04       0.006
  0701185000           JUNCTION      0.00    80.30     3  12:48           0        8.04       0.052
  0701186000           JUNCTION      0.00    79.36     3  12:49           0        8.03       0.021
  0701187000           JUNCTION      0.00    79.11     3  12:50           0        8.03       0.009
  0701188000           JUNCTION      0.00  1268.86     3  12:50           0         192       0.028
  0701189000           JUNCTION      0.00  1268.06     3  12:52           0         192       0.017
  0701190000           JUNCTION      0.00  1265.23     3  12:53           0         192       0.026
  0701191000           JUNCTION      0.00  1266.32     3  12:53           0         192       0.006
  0701192000           JUNCTION      0.00  1264.54     3  12:54           0         192       0.013
  0701193000           JUNCTION      0.00  1263.47     3  12:57           0         192       0.024
  0701194000           JUNCTION      0.00  1263.54     3  12:54           0         192       0.020
  0701195000           JUNCTION      0.00  1264.57     3  12:55           0         192       0.019
  0701196000           JUNCTION      0.00  1263.22     3  12:55           0         192       0.032
  0701197000           JUNCTION      0.00  1260.52     3  12:56           0         192       0.006
  0701198000           JUNCTION      0.00  1260.46     3  12:56           0         192       0.014
  0701199000           JUNCTION      0.00  1312.19     3  13:02           0         192       0.019
  0701200000           JUNCTION      0.00  1301.63     3  13:07           0         192       0.005
  0701201000           JUNCTION      0.00  1332.44     3  13:08           0         192       0.021
  0701202000           JUNCTION      0.00  1329.70     3  13:08           0         192       0.006
  0701203000           JUNCTION      0.00  1355.10     3  13:08           0         192       0.024
  0701204000           JUNCTION      0.00  1377.85     3  13:08           0         192       0.006
  0701205000           JUNCTION      0.00  1384.29     3  13:09           0         192       0.027
  0701206000           JUNCTION      0.00  1409.24     3  13:09           0         192       0.020
  0701207000           JUNCTION      0.00  1408.69     3  13:09           0         192       0.015
  0701208000           JUNCTION      0.00  1408.73     3  13:10           0         192       0.018
  0701209000           JUNCTION      0.00  1400.92     3  13:10           0         192       0.026
  0701210000           JUNCTION      0.00  1400.82     3  13:10           0         192       0.022
  0701211000           JUNCTION      5.76  1406.49     3  13:10       0.467         192       0.018
  0701212000           JUNCTION      0.00  1398.67     3  13:08           0         192       0.023
  0701213000           JUNCTION      0.00  1399.18     3  13:08           0         192       0.022
  0701214000           JUNCTION      0.00  1399.40     3  13:08           0         192       0.028
  0701215000           JUNCTION      0.00  1393.87     3  13:09           0         192       0.032
  0701216000           JUNCTION      0.00  1393.86     3  13:09           0         192       0.028
  0701217000           JUNCTION      0.00  1394.20     3  13:09           0         192       0.016
  0701218000           JUNCTION      0.00  1393.99     3  13:09           0         192       0.019
  0701219000           JUNCTION      0.00   709.33     3  13:08           0        95.2       0.030
  0701220000           JUNCTION      0.00   928.20     3  13:03           0        98.8       0.033
  0701221000           JUNCTION      0.00   822.82     3  13:03           0        85.7       0.047
  0701222000           JUNCTION      2.12  1643.31     3  13:03      0.0246         183       0.013
  0701223000           JUNCTION      0.00  1187.80     0  02:16           0         187       1.305
  0701224000           JUNCTION      0.00  1240.86     3  12:40           0         185       0.903
  0701225000           JUNCTION      0.00  1236.57     3  12:41           0         183      -0.566
  0701226000           JUNCTION      0.00  1203.43     0  06:33           0         184       0.017
  0701227000           JUNCTION      0.00   820.78     3  13:03           0        97.3       0.028
  0701228000           JUNCTION      0.00  2254.50     3  12:42           0        36.2       0.055
  0701229000           JUNCTION      0.00   485.48     3  12:42           0        26.1       0.026
  0701230000           JUNCTION      0.00   486.06     3  12:42           0        26.1       0.038
  0701231000           JUNCTION      0.00   484.03     3  12:43           0        26.1       0.008
  0701232000           JUNCTION      0.00   467.01     3  12:43           0        26.1       0.007
  0701233000           JUNCTION      0.00   466.73     3  12:44           0        26.1       0.013
  0701234000           JUNCTION      0.00   466.06     3  12:44           0        26.1       0.074
  0701235000           JUNCTION      0.00   511.38     3  17:16           0        26.6       0.045
  0701236000           JUNCTION      0.00   645.92     3  17:09           0        29.5      -0.201
  0701237000           JUNCTION      0.00   886.08     3  12:44           0        29.8      -0.199
  0701238000           JUNCTION      0.00  1113.67     3  12:44           0        66.6       0.130
  0701239000           JUNCTION      0.00   616.14     3  17:16           0        61.7       0.013
  0701240000           JUNCTION      0.00   615.75     3  17:16           0        61.7       0.033
  0701241000           JUNCTION      0.00   615.79     3  17:14           0        61.8       0.024
  0701242000           JUNCTION      0.00   614.71     3  17:16           0        61.8       0.039
  0701243000           JUNCTION      0.00   613.38     3  17:17           0        61.8       0.009
  0701244000           JUNCTION      0.00   613.81     3  17:17           0        61.8       0.008
  0701245000           JUNCTION      0.00  1471.08     3  13:16           0         169       0.882
  0701246000           JUNCTION      0.00   973.49     3  12:45           0        29.9       0.018
  0701247000           JUNCTION      0.00   442.87     3  12:43           0          27       0.017
  0701248000           JUNCTION      0.00   442.90     3  12:47           0          27      -0.008
  0701249000           JUNCTION      0.00   442.81     3  12:47           0          27       0.008
  0701250000           JUNCTION      0.00   442.97     3  12:45           0          27       0.137
  0701251000           JUNCTION      4.65     4.65     3  12:46       0.152       0.152       0.046
  0701252000           JUNCTION      0.00     4.63     3  12:46           0       0.152       0.016
  0701253000           JUNCTION      0.00     4.62     3  12:47           0       0.152       0.087
  0701254000           JUNCTION      0.00     5.06     3  13:45           0       0.152       0.044
  0701255000           JUNCTION      0.00    16.00     3  13:07           0       0.181       0.601
  0701256000           JUNCTION      0.00    17.98     3  13:03           0       0.194       0.776
  0701257000           JUNCTION      0.00    13.71     3  13:08           0       0.182       2.127
  0701258000           JUNCTION      0.00    11.26     3  12:55           0       0.184       2.674
  0701259000           JUNCTION      0.00    11.33     3  12:55           0       0.176       2.924
  0701260000           JUNCTION      0.00    11.24     3  12:55           0       0.167       4.938
  0701261000           JUNCTION      0.00    11.19     3  12:55           0       0.143       4.396
  CEsacav_jus          JUNCTION      0.00   878.60     0  02:45           0         110       2.227
  D11aux               JUNCTION      0.00     0.00     0  00:00           0           0       0.000 ltr
  D13aux               JUNCTION      0.00  1678.05     3  13:38           0         144       0.032
  D13aux1              JUNCTION      0.00     0.00     0  00:00           0           0       0.000 ltr
  D18aux               JUNCTION      0.00   226.35     3  12:42           0       0.941       0.029
  D1aux                JUNCTION      0.00     2.25     3  12:42           0     0.00121      -4.316
  D1B27                JUNCTION      0.00    18.71     3  12:44           0      0.0637       0.319
  D22aux               JUNCTION      0.00     4.88     3  17:09           0     0.00113       2.171
  D23aux               JUNCTION      0.00  1768.58     3  12:42           0          10       0.005
  D24aux               JUNCTION      0.00   530.94     3  12:46           0        2.92       0.007
  D26aux               JUNCTION      0.00  3645.66     3  12:42           0         103       0.007
  D27aux               JUNCTION      0.00   566.41     3  12:42           0        32.9       0.012
  D2aux                JUNCTION      0.00    12.77     3  12:42           0      0.0108      -0.509
  D2B27                JUNCTION      0.00     8.55     3  12:44           0      0.0318       0.775
  D37aux               JUNCTION      0.00     5.40     3  12:42           0     0.00648      -0.682
  D3aux                JUNCTION      0.00     5.51     3  12:42           0     0.00209      -2.951
  D4aux                JUNCTION      0.00     0.00     0  00:00           0           0       0.000 ltr
  D5aux                JUNCTION      0.00     2.42     3  12:42           0     0.00115      -1.704
  D6aux                JUNCTION      0.00     0.00     0  00:00           0           0       0.000 ltr
  D7aux                JUNCTION      0.00     8.49     3  12:42           0     0.00566      -1.940
  JB27                 JUNCTION      0.00   563.48     3  12:43           0        32.9       0.039
  outETAR              JUNCTION      0.00  1028.00     0  00:52           0         269       0.080
  PI1_1                JUNCTION      0.00     2.07     3  12:42           0     0.00127       6.505
  PI1_4                JUNCTION      0.00     7.26     3  12:50           0      0.0107       0.192
  PI2_1                JUNCTION      0.00    12.77     3  12:43           0      0.0108      -0.422
  PI2_2                JUNCTION      0.00    11.99     3  12:44           0      0.0109      -0.587
  PI2_3                JUNCTION      0.00    11.33     3  12:46           0      0.0109       2.536
  OutD1                OUTFALL       0.00     0.86     3  17:15           0     0.00119       0.000
  OutEEsacv            OUTFALL       0.00     0.00     0  00:00           0           0       0.000 ltr
  OutD18               OUTFALL       0.00   202.62     3  12:44           0        0.94       0.000
  OutD22               OUTFALL       0.00     0.83     3  12:45           0     0.00111       0.000
  OutD24               OUTFALL       0.00   530.81     3  12:44           0        2.92       0.000
  OutD34               OUTFALL       0.00     3.21     3  12:43           0     0.00064       0.000
  OutD37               OUTFALL       0.00     2.72     3  12:53           0     0.00645       0.000
  OutD23               OUTFALL       0.00  1748.54     3  12:42           0          10       0.000
  OutETAR1             OUTFALL       0.00  1028.00     0  06:43           0         269       0.000
  OutETAR2             OUTFALL       0.00  1761.38     3  13:16           0        81.3       0.000
  0701140002           OUTFALL       0.00  1128.22     3  12:59           0        23.9       0.000
  0701135002           OUTFALL       0.00   346.04     3  13:26           0        2.07       0.000
  OutD2                OUTFALL       0.00     6.53     3  12:52           0      0.0107       0.000
  10                   OUTFALL       0.00     1.54     3  12:43           0     0.00113       0.000
  15                   OUTFALL       0.00  2844.25     3  12:48           0        64.6       0.000
  1                    OUTFALL       0.00   457.43     3  12:45           0        3.14       0.000
  2                    OUTFALL       0.00   133.19     3  12:53           0         2.3       0.000
  22                   OUTFALL       0.00     0.00     0  00:00           0           0       0.000 ltr
  38                   OUTFALL       0.00     9.97     3  12:44           0      0.0111       0.000
  40                   OUTFALL       0.00     8.46     3  12:45           0      0.0224       0.000
  43                   OUTFALL       0.00  2666.35     3  12:45           0        29.9       0.000
  50                   OUTFALL       0.00   231.44     3  12:45           0        1.86       0.000
  61                   OUTFALL       0.00     0.00     0  00:00           0           0       0.000 ltr
  EE12_poco            STORAGE       0.00   190.88     3  12:50           0        7.91      -0.211
  EE13_poco            STORAGE       0.00   394.37     3  12:47           0        15.3      -2.780
  EE14_poco            STORAGE       0.00   457.24     3  12:48           0        18.4      -8.288
  EE15_poco            STORAGE       0.00   816.51     3  12:57           0        31.5     -12.604
  EE16_poco            STORAGE       0.00  1661.55     0  12:00           0         179      -4.581
  EE17_poco            STORAGE      52.85    52.85     3  12:42        2.21        2.21      -4.103
  EE4_poco             STORAGE       0.00     0.00     0  00:00           0           0       0.000 ltr
  EE6_poco             STORAGE       0.00     0.00     0  00:00           0           0       0.000 ltr
  EEsacav_poco         STORAGE       0.00  1058.81     3  12:11           0         105      -4.085
  ETAR_Entrada         STORAGE       0.00  2792.78     3  13:15           0         351       0.051
  
  
  **********************
  Node Surcharge Summary
  **********************
  
  Surcharging occurs when water rises above the top of the highest conduit.
  ---------------------------------------------------------------------
                                               Max. Height   Min. Depth
                                   Hours       Above Crown    Below Rim
  Node                 Type      Surcharged         Meters       Meters
  ---------------------------------------------------------------------
  46                   JUNCTION        0.08          0.299        0.851
  60                   JUNCTION        6.22          2.550        0.000
  0701006000           JUNCTION        0.04          1.518        0.752
  0701007000           JUNCTION        1.25          0.987        1.663
  0701007002           JUNCTION        0.01          0.043        2.337
  0701008000           JUNCTION        1.86          1.537        2.423
  0701009000           JUNCTION        2.51          1.706        3.224
  0701010000           JUNCTION        3.03          1.784        3.366
  0701011000           JUNCTION        4.44          1.912        3.578
  0701012000           JUNCTION       10.88          1.952        3.738
  0701107000           JUNCTION        0.74          0.701        3.599
  0701108000           JUNCTION       11.52          1.818        3.252
  0701109000           JUNCTION       13.67          1.580        2.860
  0701110000           JUNCTION       11.50          1.338        2.702
  0701111000           JUNCTION        6.86          0.562        0.978
  0701113000           JUNCTION        3.52          2.350        0.000
  0701114000           JUNCTION        5.84          1.840        0.000
  0701122000           JUNCTION        0.45          0.026        3.554
  0701128000           JUNCTION        0.60          0.034        5.356
  0701130000           JUNCTION        1.01          0.051        5.929
  0701132000           JUNCTION        1.44          0.061        6.519
  0701133000           JUNCTION        0.43          0.014        6.636
  0701136000           JUNCTION        2.06          0.154        6.776
  0701137000           JUNCTION        2.52          0.144        6.856
  0701138000           JUNCTION        2.93          0.155        6.145
  0701139000           JUNCTION        5.89          0.151        6.489
  0701141000           JUNCTION       13.14          0.288        6.192
  0701142000           JUNCTION       15.40          0.401        6.629
  0701143000           JUNCTION       15.63          0.441        6.799
  0701144000           JUNCTION       16.43          0.492        6.998
  0701145000           JUNCTION       16.17          0.497        7.273
  0701146000           JUNCTION       24.40          0.661        7.199
  0701147000           JUNCTION       17.03          0.558        7.232
  0701148000           JUNCTION        3.90          1.621        6.038
  0701151000           JUNCTION        0.74          1.517        5.683
  0701152000           JUNCTION        1.13          1.815        4.755
  0701153000           JUNCTION        2.02          2.291        3.849
  0701154000           JUNCTION        2.31          2.374        3.396
  0701155000           JUNCTION        2.90          2.509        2.711
  0701156000           JUNCTION        3.29          2.313        2.107
  0701157000           JUNCTION        4.47          2.319        2.474
  0701158000           JUNCTION        6.52          2.329        2.564
  0701159000           JUNCTION       10.73          2.496        3.054
  0701160000           JUNCTION       13.79          2.365        3.325
  0701205000           JUNCTION        0.11          0.045        2.855
  0701208000           JUNCTION        0.11          0.052        3.248
  0701209000           JUNCTION        0.16          0.095        3.395
  0701210000           JUNCTION        0.49          0.186        3.484
  0701211000           JUNCTION        0.16          0.107        3.763
  0701212000           JUNCTION        0.49          0.194        4.126
  0701213000           JUNCTION        0.94          0.236        5.114
  0701214000           JUNCTION        0.27          0.162        5.508
  0701215000           JUNCTION       16.63          0.347        4.663
  0701216000           JUNCTION       24.03          0.569        4.101
  0701217000           JUNCTION       22.75          0.535        3.875
  0701218000           JUNCTION       22.11          0.507        2.503
  0701219000           JUNCTION       94.72          1.034        1.426
  0701220000           JUNCTION       94.56          0.880        0.000
  0701221000           JUNCTION       95.09          1.418        0.162
  0701227000           JUNCTION       94.65          0.846        1.504
  0701229000           JUNCTION        7.02          0.363        2.048
  0701236000           JUNCTION        0.15          0.840        0.000
  0701237000           JUNCTION        0.74          0.600        0.000
  0701246000           JUNCTION        2.06          1.646        0.834
  0701247000           JUNCTION        3.06          1.269        1.091
  0701248000           JUNCTION        4.22          0.875        0.515
  0701249000           JUNCTION        6.22          0.530        0.000
  0701250000           JUNCTION        0.77          0.380        0.000
  0701256000           JUNCTION        0.01          0.018        1.422
  0701257000           JUNCTION       11.98          0.208        1.342
  0701258000           JUNCTION       19.69          0.296        1.114
  0701259000           JUNCTION       20.56          0.304        0.946
  0701260000           JUNCTION       88.54          0.480        0.740
  0701261000           JUNCTION       64.32          0.392        0.678
  D26aux               JUNCTION        0.27          0.500        0.000
  
  
  *********************
  Node Flooding Summary
  *********************
  
  Flooding refers to all water that overflows a node, whether it ponds or not.
  --------------------------------------------------------------------------
                                                             Total   Maximum
                                 Maximum   Time of Max       Flood    Ponded
                        Hours       Rate    Occurrence      Volume     Depth
  Node                 Flooded       LPS   days hr:min    10^6 ltr    Meters
  --------------------------------------------------------------------------
  60                      0.11    168.54      3  12:42       0.034     0.000
  0701113000              0.01    546.41      3  18:56       0.001     0.000
  0701114000              0.01    350.55      0  07:34       0.001     0.000
  0701220000              0.08    106.68      3  13:03       0.008     0.000
  0701236000              0.01    427.08      3  17:09       0.003     0.000
  0701237000              0.03    499.67      3  13:07       0.023     0.000
  0701249000              0.01      2.19      3  13:09       0.000     0.000
  0701250000              0.01     21.09      3  13:09       0.000     0.000
  D26aux                  0.07    434.48      3  12:42       0.046     0.000
  
  
  **********************
  Storage Volume Summary
  **********************
  
  ------------------------------------------------------------------------------------------------
                         Average    Avg   Evap  Exfil     Maximum    Max    Time of Max    Maximum
                          Volume   Pcnt   Pcnt   Pcnt      Volume   Pcnt     Occurrence    Outflow
  Storage Unit           1000 m³   Full   Loss   Loss     1000 m³   Full    days hr:min        LPS
  ------------------------------------------------------------------------------------------------
  EE12_poco                0.008    7.4    0.0    0.0       0.064   61.4       3  13:19      95.80
  EE13_poco                0.007    3.9    0.0    0.0       0.080   43.0       3  12:53     316.60
  EE14_poco                0.004    2.4    0.0    0.0       0.067   36.3       3  13:05     416.40
  EE15_poco                0.007    1.6    0.0    0.0       0.131   28.4       3  13:01     686.00
  EE16_poco                0.100   27.0    0.0    0.0       0.262   70.9       3  12:57    1187.80
  EE17_poco                0.001    0.6    0.0    0.0       0.004    3.5       3  12:44      54.00
  EE4_poco                 0.000    0.0    0.0    0.0       0.000    0.0       0  00:00       0.00
  EE6_poco                 0.000    0.0    0.0    0.0       0.000    0.0       0  00:00       0.00
  EEsacav_poco             0.021    4.2    0.0    0.0       0.126   25.4       3  13:00     878.60
  ETAR_Entrada             0.044   14.6    0.0    0.0       0.071   23.5       3  13:16    2789.38
  
  
  ***********************
  Outfall Loading Summary
  ***********************
  
  -----------------------------------------------------------
                         Flow       Avg       Max       Total
                         Freq      Flow      Flow      Volume
  Outfall Node           Pcnt       LPS       LPS    10^6 ltr
  -----------------------------------------------------------
  OutD1                  3.52      0.17      0.86       0.001
  OutEEsacv              0.00      0.00      0.00       0.000
  OutD18                26.36     24.72    202.62       0.940
  OutD22                 1.94      0.29      0.83       0.001
  OutD24                19.77    101.52    530.81       2.924
  OutD34                 0.23      1.38      3.21       0.001
  OutD37                 9.71      0.51      2.72       0.006
  OutD23                38.17    163.43   1748.54      10.011
  OutETAR1              99.90    867.24   1028.00     268.969
  OutETAR2              52.76    867.60   1761.38      81.253
  0701140002            29.38    491.46   1128.22      23.946
  0701135002             7.41    228.82    346.04       2.074
  OutD2                  8.06      0.88      6.53       0.011
  10                     1.05      0.49      1.54       0.001
  15                    99.96    314.90   2844.25      64.599
  1                     63.35     29.95    457.43       3.136
  2                     99.47     10.75    133.19       2.297
  22                     0.00      0.00      0.00       0.000
  38                     2.82      2.43      9.97       0.011
  40                     5.12      3.11      8.46       0.022
  43                    36.68    522.64   2666.35      29.875
  50                    82.99     12.24    231.44       1.856
  61                     0.00      0.00      0.00       0.000
  -----------------------------------------------------------
  System                29.94   3644.55  10660.34     491.934
  
  
  ********************
  Link Flow Summary
  ********************
  
  -----------------------------------------------------------------------------
                                 Maximum  Time of Max   Maximum    Max/    Max/
                                  |Flow|   Occurrence   |Veloc|    Full    Full
  Link                 Type          LPS  days hr:min     m/sec    Flow   Depth
  -----------------------------------------------------------------------------
  1                    CONDUIT      0.86     3  17:15      0.42    0.00    0.01
  2                    CONDUIT     11.99     3  12:44      1.25    0.00    0.05
  5                    CONDUIT     11.33     3  12:46      0.87    0.01    0.05
  7                    CONDUIT      7.26     3  12:50      0.55    0.01    0.05
  8                    CONDUIT      6.53     3  12:52      0.49    0.01    0.05
  9                    CONDUIT      0.00     0  00:00      0.00    0.00    0.03
  10                   CONDUIT      0.00     0  00:00      0.00    0.00    0.03
  11                   CONDUIT      0.00     0  00:00      0.00    0.00    0.00
  12                   CONDUIT      0.00     0  00:00      0.00    0.00    0.04
  13                   CONDUIT      3.27     3  12:43      0.93    0.00    0.02
  14                   CONDUIT      3.08     3  12:44      0.93    0.00    0.02
  15                   CONDUIT      0.00     0  00:00      0.00    0.00    0.01
  16                   CONDUIT      1.54     3  12:43      0.60    0.00    0.01
  17                   CONDUIT    393.63     3  12:46      0.95    0.21    0.57
  18                   CONDUIT    454.01     3  12:46      0.89    0.72    0.84
  19                   CONDUIT   2808.92     3  12:47      2.11    0.85    0.45
  20                   CONDUIT   2887.36     3  12:47      2.75    0.29    0.37
  33                   CONDUIT   3377.48     3  12:44      4.45    0.07    0.17
  34                   CONDUIT      7.84     3  12:42      0.16    0.00    0.24
  35                   CONDUIT   3376.45     3  12:44      2.87    0.14    0.25
  36                   CONDUIT     51.90     3  12:44      0.20    0.00    0.22
  37                   CONDUIT      0.00     0  00:00      0.00    0.00    0.02
  38                   CONDUIT     56.42     3  12:42      3.03    0.00    0.03
  39                   CONDUIT   3514.03     3  12:42      7.87    0.04    0.22
  40                   CONDUIT   3370.27     3  12:44      3.42    0.10    0.22
  41.1                 CONDUIT   3346.46     3  12:45      2.04    0.16    0.33
  43                   CONDUIT      0.00     0  00:00      0.00    0.00    0.23
  45                   CONDUIT      0.00     0  00:00      0.00    0.00    0.00
  46                   CONDUIT    167.57     3  17:16      0.61    0.05    0.54
  47                   CONDUIT   2844.25     3  12:48      2.68    0.29    0.37
  48                   CONDUIT      4.37     3  12:45      0.80    0.00    0.03
  49                   CONDUIT      2.72     3  12:53      0.44    0.00    0.03
  50.1                 CONDUIT    442.78     3  12:42      4.38    0.05    0.15
  51                   CONDUIT    430.48     3  12:43      3.17    0.05    0.18
  52                   CONDUIT    442.15     3  12:44      2.59    0.10    0.21
  53                   CONDUIT    434.05     3  12:45      3.63    0.05    0.18
  54                   CONDUIT    457.43     3  12:45      4.26    0.05    0.15
  55                   CONDUIT     60.14     3  12:49      1.43    0.05    0.23
  56                   CONDUIT      0.00     0  00:00      0.00    0.00    0.01
  57                   CONDUIT    184.89     3  12:44      1.18    0.01    0.02
  58                   CONDUIT    180.63     3  12:45      2.03    0.00    0.01
  59                   CONDUIT    171.93     3  12:47      1.43    0.00    0.02
  60                   CONDUIT    161.18     3  12:49      0.96    0.00    0.02
  61                   CONDUIT    133.19     3  12:53      0.76    0.01    0.02
  62                   CONDUIT    563.48     3  12:43      1.99    0.17    0.40
  63                   CONDUIT     18.71     3  12:44      0.60    0.77    1.00
  64                   CONDUIT      8.55     3  12:44      0.27    1.03    1.00
  65                   CONDUIT      8.46     3  12:45      1.40    0.13    0.25
  66                   CONDUIT      9.97     3  12:44      1.60    0.14    0.25
  67                   CONDUIT   1058.81     3  12:11      9.17    0.08    0.59
  70.1                 CONDUIT    551.14     3  12:45      3.86    1.08    0.73
  71.1                 CONDUIT    566.41     3  12:42      2.31    0.52    0.40
  72                   CONDUIT    504.42     3  12:47      2.48    0.28    0.31
  73.1                 CONDUIT    540.47     3  12:44      1.54    0.54    0.46
  74.1                 CONDUIT   3645.66     3  12:42      5.39    0.19    1.00
  75                   CONDUIT   1677.71     3  13:38      3.70    1.26    1.00
  77                   CONDUIT    366.45     3  12:42      1.87    0.25    0.30
  78                   CONDUIT     77.87     3  12:42      1.15    0.32    0.14
  79                   CONDUIT    286.16     3  12:42      5.99    0.02    0.14
  80.1                 CONDUIT    231.44     3  12:45      2.55    0.18    0.29
  81.1                 CONDUIT   2666.35     3  12:45      2.97    0.23    0.33
  82.1                 CONDUIT    219.11     3  12:42      3.01    0.03    0.12
  83                   CONDUIT      3.96     3  05:55      2.14    0.00    0.10
  83.1                 CONDUIT    231.43     3  12:43      6.75    0.01    0.07
  84                   CONDUIT   1678.05     3  13:38      2.69    0.02    0.07
  84.1                 CONDUIT      3.91     0  05:03      0.89    0.02    0.09
  85                   CONDUIT    142.86     3  12:42      3.07    0.16    0.33
  85.1                 CONDUIT   2254.50     3  12:42      4.15    0.32    0.58
  86                   CONDUIT    190.88     3  12:50      0.77   11.66    1.00
  87                   CONDUIT    475.98     3  12:46      0.79    0.26    0.83
  88                   CONDUIT    973.49     3  12:45      6.12    5.15    1.00
  89                   CONDUIT      0.00     0  00:00      0.00    0.00    0.00
  0701001000.1         CONDUIT      7.03     3  12:42      1.39    0.01    0.08
  0701002000.1         CONDUIT      6.94     3  12:42      0.78    0.03    0.12
  0701003000.1         CONDUIT      6.88     3  12:43      0.75    0.03    0.13
  0701004000.1         CONDUIT      6.88     3  12:43      0.76    0.03    0.12
  0701005000.1         CONDUIT     15.71     3  13:42      0.75    0.08    0.55
  0701006000.1         CONDUIT     65.49     3  13:51      1.13    0.12    1.00
  0701007000.1         CONDUIT    132.85     3  17:14      1.37    0.67    1.00
  0701007002.1         CONDUIT    131.49     3  12:44      2.27    0.32    1.00
  0701007004.1         CONDUIT    133.76     3  13:39      1.83    0.32    0.67
  0701007006.1         CONDUIT    132.87     3  12:44      1.68    0.43    0.50
  0701007008.1         CONDUIT    139.43     3  12:42      4.29    0.03    0.29
  0701008000.1         CONDUIT    124.04     3  12:51      1.32    0.58    1.00
  0701009000.1         CONDUIT    124.24     3  12:51      1.00    0.62    1.00
  0701010000.1         CONDUIT    124.27     3  12:51      0.78    0.59    1.00
  0701011000.1         CONDUIT    123.85     3  12:51      0.79    0.43    1.00
  0701012000.1         CONDUIT    123.77     3  12:51      0.78    0.23    1.00
  0701014000.1         CONDUIT     27.15     3  12:42      2.13    0.05    0.16
  0701015000.1         CONDUIT     27.00     3  12:42      0.46    0.15    0.48
  0701016000.1         CONDUIT    103.37     3  12:42      1.29    0.82    0.61
  0701016002.1         CONDUIT     79.11     3  12:42      2.63    0.18    0.29
  0701017000.1         CONDUIT    101.02     3  12:43      1.53    0.54    0.52
  0701018000.1         CONDUIT    100.61     3  12:43      1.85    0.41    0.45
  0701019000.1         CONDUIT    100.09     3  12:43      1.48    0.55    0.53
  0701020000.1         CONDUIT     95.85     3  17:16      5.04    0.09    0.48
  0701021000.1         CONDUIT    164.32     3  12:43      1.40    0.68    0.58
  0701021002.1         CONDUIT     72.75     3  12:42      1.12    0.39    0.68
  0701021004.1         CONDUIT     72.42     3  12:42      2.01    0.13    0.41
  0701022000.1         CONDUIT    163.46     3  12:43      1.60    0.47    0.52
  0701022002.1         CONDUIT      0.00     0  00:00      0.00    0.00    0.29
  0701023000.1         CONDUIT    162.45     3  12:44      1.34    0.59    0.59
  0701024000.1         CONDUIT    161.17     3  12:44      1.30    0.75    0.61
  0701025000.1         CONDUIT    162.36     3  12:45      1.57    0.57    0.52
  0701026000.1         CONDUIT    161.84     3  12:45      1.69    0.48    0.49
  0701027000.1         CONDUIT    192.17     3  12:46      1.24    1.16    0.73
  0701027002.1         CONDUIT     34.14     3  12:43      1.10    0.11    0.57
  0701027004.1         CONDUIT     35.53     3  12:44      1.31    0.16    0.30
  0701027006.1         CONDUIT     36.63     3  12:42      1.97    0.03    0.21
  0701028000.1         CONDUIT    191.91     3  12:46      1.54    0.74    0.61
  0701029000.1         CONDUIT    191.28     3  12:47      1.55    0.60    0.60
  0701030000.1         CONDUIT    190.50     3  12:47      1.16    0.75    0.78
  0701031000.1         CONDUIT    335.97     3  12:45      0.95    0.19    0.47
  0701033000.1         CONDUIT      0.00     0  00:08      0.01    0.00    0.03
  0701034000.1         CONDUIT      2.44     3  17:13      0.72    0.01    0.06
  0701034002.1         CONDUIT      2.53     3  17:12      1.09    0.00    0.05
  0701034004.1         CONDUIT      2.57     3  12:42      0.28    0.01    0.13
  0701035000.1         CONDUIT    129.74     3  12:43      2.58    0.12    0.23
  0701035002.1         CONDUIT    129.65     3  12:42      2.62    0.12    0.23
  0701035004.1         CONDUIT    129.71     3  12:42      2.80    0.10    0.22
  0701035006.1         CONDUIT    131.31     3  12:42      3.19    0.08    0.20
  0701036000.1         CONDUIT    129.40     3  12:43      2.18    0.15    0.26
  0701037000.1         CONDUIT    166.22     3  12:43      1.48    0.39    0.42
  0701037002.1         CONDUIT     39.84     3  12:42      1.59    0.14    0.29
  0701037004.1         CONDUIT     40.39     3  12:42      1.47    0.17    0.27
  0701038000.1         CONDUIT    164.60     3  12:44      1.58    0.33    0.40
  0701039000.1         CONDUIT    164.48     3  12:44      1.51    0.30    0.43
  0701040000.1         CONDUIT    160.54     3  12:44      1.04    0.38    0.63
  0701041000.1         CONDUIT    331.24     3  12:46      1.12    0.64    0.40
  0701042000.1         CONDUIT    331.19     3  12:46      1.83    0.16    0.28
  0701043000.1         CONDUIT    330.78     3  12:48      1.66    0.20    0.30
  0701045000.1         CONDUIT    316.60     3  12:56      1.55    0.39    0.43
  0701046000.1         CONDUIT    316.60     3  13:02      1.71    0.33    0.40
  0701047000.1         CONDUIT    316.60     3  13:02      1.81    0.31    0.38
  0701048000.1         CONDUIT    316.60     3  12:58      1.72    0.33    0.39
  0701049000.1         CONDUIT    362.52     3  12:47      2.69    0.14    0.32
  0701051000.1         CONDUIT     49.29     3  12:42      2.03    0.13    0.25
  0701052000.1         CONDUIT     49.21     3  12:42      1.17    0.26    0.37
  0701053000.1         CONDUIT     48.35     3  12:43      1.05    0.33    0.39
  0701054000.1         CONDUIT     48.02     3  12:44      1.15    0.29    0.37
  0701055000.1         CONDUIT     47.98     3  12:44      1.39    0.21    0.32
  0701056000.1         CONDUIT     47.29     3  12:45      1.28    0.24    0.34
  0701057000.1         CONDUIT     47.25     3  12:46      1.65    0.17    0.28
  0701058000.1         CONDUIT    416.47     3  12:46      1.77    0.56    0.51
  0701059000.1         CONDUIT    416.40     3  13:13      2.05    0.48    0.49
  0701060000.1         CONDUIT    416.40     3  12:57      1.98    0.33    0.45
  0701061000.1         CONDUIT    416.78     3  12:47      1.78    0.48    0.47
  0701062000.1         CONDUIT    416.40     3  13:00      1.89    0.42    0.45
  0701063000.1         CONDUIT    416.40     3  13:00      1.67    0.43    0.50
  0701064000.1         CONDUIT    416.94     3  12:50      1.52    0.56    0.57
  0701065000.1         CONDUIT    666.26     3  12:48      2.06    0.70    0.61
  0701066000.1         CONDUIT    666.17     3  12:48      1.99    0.72    0.63
  0701067000.1         CONDUIT    667.01     3  12:48      1.94    0.77    0.65
  0701068000.1         CONDUIT    664.95     3  12:48      1.50    0.65    0.83
  0701069000.1         CONDUIT    665.10     3  12:49      1.61    0.56    0.77
  0701070000.1         CONDUIT    689.41     3  12:49      2.10    0.50    0.62
  0701071000.1         CONDUIT    693.58     3  12:50      1.88    1.30    0.69
  0701072000.1         CONDUIT    634.37     3  12:53     33.76   13.77    0.87
  0701073000.1         CONDUIT    335.59     3  12:54      2.74    1.16    0.95
  0701074000.1         CONDUIT    260.12     3  12:54      3.47    0.66    0.58
  0701075000.1         CONDUIT    225.94     3  12:54      3.10    0.61    0.56
  0701076000.1         CONDUIT    204.40     3  12:55      3.04    0.55    0.53
  0701077000.1         CONDUIT    195.03     3  12:55      3.17    0.49    0.49
  0701078000.1         CONDUIT    189.32     3  12:55      3.29    0.44    0.47
  0701079000.1         CONDUIT    185.69     3  12:55      3.29    0.43    0.46
  0701080000.1         CONDUIT    181.24     3  12:55      3.13    0.45    0.47
  0701081000.1         CONDUIT    176.94     3  12:55      2.44    0.60    0.56
  0701082000.1         CONDUIT    170.81     3  12:56      2.40    0.59    0.55
  0701083000.1         CONDUIT    164.77     3  12:56      2.36    0.57    0.54
  0701084000.1         CONDUIT    164.20     3  12:56      2.27    0.58    0.57
  0701085000.1         CONDUIT    157.08     3  12:56      1.91    0.71    0.62
  0701086000.1         CONDUIT    166.48     3  12:57      3.58    0.33    0.40
  0701088000.1         CONDUIT     63.41     3  12:43      2.42    0.76    0.78
  0701089000.1         CONDUIT     63.40     3  12:44      2.04    0.17    0.30
  0701090000.1         CONDUIT     63.35     3  12:44      1.45    0.25    0.39
  0701091000.1         CONDUIT     63.29     3  12:44      1.15    0.42    0.45
  0701092000.1         CONDUIT     63.25     3  12:45      1.64    0.26    0.35
  0701093000.1         CONDUIT     63.16     3  12:45      1.59    0.27    0.35
  0701094000.1         CONDUIT     63.15     3  12:45      1.73    0.20    0.35
  0701095000.1         CONDUIT     63.12     3  12:46      1.24    0.37    0.43
  0701096000.1         CONDUIT     62.76     3  12:47      1.14    0.42    0.45
  0701097000.1         CONDUIT     62.73     3  12:47      0.99    0.40    0.53
  0701098000.1         CONDUIT     62.48     3  12:48      0.89    1.09    0.55
  0701099000.1         CONDUIT     62.47     3  12:48      1.38    0.30    0.41
  0701100000.1         CONDUIT     62.24     3  12:48      1.12    0.43    0.45
  0701101000.1         CONDUIT     62.22     3  12:48      1.31    0.33    0.41
  0701102000.1         CONDUIT     61.82     3  12:49      1.14    0.41    0.45
  0701103000.1         CONDUIT     61.79     3  12:49      1.28    0.33    0.41
  0701104000.1         CONDUIT     61.33     3  12:50      1.13    0.42    0.45
  0701105000.1         CONDUIT     61.23     3  12:50      1.34    0.32    0.39
  0701106000.1         CONDUIT    145.39     3  12:50      3.22    0.31    0.77
  0701107000.1         CONDUIT   1792.31     3  13:41      3.57    1.44    1.00
  0701108000.1         CONDUIT   1792.84     3  13:41      3.57    1.55    1.00
  0701109000.1         CONDUIT   1792.36     3  13:41      3.57    2.81    1.00
  0701110000.1         CONDUIT   1792.57     3  13:41      3.57    2.70    1.00
  0701111000.1         CONDUIT   1792.65     3  13:41      3.57    2.30    1.00
  0701112000.1         CONDUIT   1923.09     3  13:41      2.27    0.30    0.95
  0701113000.1         CONDUIT   2455.95     3  13:40      2.17    0.91    1.00
  0701114000.1         CONDUIT   2401.83     3  13:41      2.14    0.92    0.98
  0701115000.1         CONDUIT   2332.95     3  13:41      2.35    0.79    0.82
  0701116000.1         CONDUIT   2331.81     3  13:40      2.14    1.06    0.92
  0701117000.1         CONDUIT   2330.84     3  13:41      2.36    1.50    0.82
  0701118000.1         CONDUIT   2330.56     3  13:41      2.63    0.69    0.81
  0701119000.1         CONDUIT   2322.63     3  13:40      2.50    2.86    0.87
  0701120000.1         CONDUIT   2312.11     3  13:42      2.79    0.75    0.88
  0701121000.1         CONDUIT   2305.56     3  13:43      2.13    0.70    0.96
  0701122000.1         CONDUIT   2306.17     3  13:43      2.06    2.84    0.98
  0701123000.1         CONDUIT   2301.40     3  13:43      2.11    1.63    0.95
  0701124000.1         CONDUIT   2294.75     3  13:42      2.10    0.87    0.95
  0701125000.1         CONDUIT   2290.70     3  13:42      2.39    1.13    0.90
  0701126000.1         CONDUIT   2283.49     3  13:49      3.04    0.69    0.88
  0701127000.1         CONDUIT   2282.81     3  13:51      2.48    0.68    0.97
  0701128000.1         CONDUIT   2282.80     3  13:51      2.36    2.04    0.98
  0701129000.1         CONDUIT   2283.88     3  13:53      2.36    0.71    0.98
  0701130000.1         CONDUIT   2283.96     3  13:53      2.03    1.39    1.00
  0701131000.1         CONDUIT   2419.47     3  13:25      2.14    0.95    1.00
  0701132000.1         CONDUIT   2420.21     3  13:25      2.16    1.89    1.00
  0701133000.1         CONDUIT   2419.10     3  13:25      2.37    2.52    0.96
  0701134000.1         CONDUIT   2418.43     3  13:25      5.91    0.78    0.96
  0701135000.1         CONDUIT   2149.52     3  12:55      2.73    0.57    0.99
  0701135000.2         CONDUIT    346.04     3  13:26      3.11    0.05    0.15
  0701136000.1         CONDUIT   2086.66     3  12:55      2.11    0.90    1.00
  0701137000.1         CONDUIT   2077.91     3  12:56      1.86    0.97    1.00
  0701138000.1         CONDUIT   2078.78     3  12:56      1.84    0.91    1.00
  0701139000.1         CONDUIT   2083.79     3  12:56      1.84    0.65    1.00
  0701140000.1         CONDUIT   1498.99     0  12:01      1.33    0.29    1.00
  0701140002.1         CONDUIT   1128.22     3  12:59      4.26    0.18    0.28
  0701141000.1         CONDUIT   1491.58     0  12:01      1.36    0.40    1.00
  0701142000.1         CONDUIT   1487.59     0  12:01      1.32    0.98    1.00
  0701143000.1         CONDUIT   1482.80     0  12:01      1.31    0.80    1.00
  0701144000.1         CONDUIT   1478.77     0  12:01      1.31    1.51    1.00
  0701145000.1         CONDUIT   1483.76     0  12:00      1.31    0.42    1.00
  0701146000.1         CONDUIT   1607.22     0  12:00      1.42    0.87    1.00
  0701151000.1         CONDUIT   1825.56     3  17:14      4.55    0.86    1.00
  0701152000.1         CONDUIT   1684.04     3  13:38      4.76    0.77    1.00
  0701153000.1         CONDUIT   4125.57     3  20:56     13.09    2.93    1.00
  0701154000.1         CONDUIT   2579.38     3  20:56      5.68    1.36    1.00
  0701155000.1         CONDUIT   2027.52     3  20:57      4.29    1.39    1.00
  0701156000.1         CONDUIT   1765.29     3  20:57      4.56    0.94    1.00
  0701157000.1         CONDUIT   1695.37     3  13:38      4.04    0.90    1.00
  0701158000.1         CONDUIT   1696.39     3  13:38      3.37    0.91    1.00
  0701159000.1         CONDUIT   1697.11     3  13:38      3.38    1.38    1.00
  0701160000.1         CONDUIT   1697.26     3  13:38      3.38    1.73    1.00
  0701161000.1         CONDUIT    236.35     3  12:42      1.50    1.26    0.75
  0701162000.1         CONDUIT    237.15     3  12:42      3.08    0.35    0.42
  0701163000.1         CONDUIT    236.35     3  12:42      3.41    0.31    0.38
  0701164000.1         CONDUIT    236.22     3  12:43      3.11    0.35    0.41
  0701165000.1         CONDUIT    236.14     3  12:43      3.23    0.34    0.40
  0701166000.1         CONDUIT    236.03     3  12:43      3.41    0.31    0.38
  0701167000.1         CONDUIT    236.73     3  12:43      1.35    0.79    0.83
  0701168000.1         CONDUIT     58.35     3  12:43      1.40    0.46    0.37
  0701169000.1         CONDUIT     56.29     3  12:44      4.22    0.06    0.16
  0701170000.1         CONDUIT     58.91     3  12:44      2.17    0.06    0.58
  0701171000.1         CONDUIT     74.72     3  12:42      2.59    0.05    0.16
  0701172000.1         CONDUIT     74.56     3  12:43      2.57    0.05    0.16
  0701173000.1         CONDUIT     74.61     3  12:43      2.22    0.07    0.18
  0701174000.1         CONDUIT     74.44     3  12:43      2.20    0.07    0.18
  0701175000.1         CONDUIT     74.07     3  12:44      2.09    0.07    0.18
  0701176000.1         CONDUIT     74.04     3  12:44      1.72    0.10    0.21
  0701177000.1         CONDUIT     73.68     3  12:45      1.49    0.12    0.23
  0701178000.1         CONDUIT     76.13     3  12:45      1.98    0.08    0.19
  0701179000.1         CONDUIT     75.99     3  12:45      1.16    0.07    0.30
  0701180000.1         CONDUIT     80.74     3  12:46      0.86    0.51    0.37
  0701181000.1         CONDUIT     80.72     3  12:47      1.15    0.10    0.30
  0701182000.1         CONDUIT     80.29     3  12:47      0.92    2.74    0.35
  0701183000.1         CONDUIT     80.32     3  12:48      1.22    0.17    0.28
  0701184000.1         CONDUIT     80.30     3  12:48      0.78    0.10    0.39
  0701185000.1         CONDUIT     79.36     3  12:49      0.58    0.12    0.49
  0701186000.1         CONDUIT     79.11     3  12:50      1.29    0.34    0.27
  0701187000.1         CONDUIT     79.08     3  12:50      1.37    0.05    0.57
  0701188000.1         CONDUIT   1268.06     3  12:52      1.54    0.92    0.70
  0701189000.1         CONDUIT   1265.23     3  12:53      1.66    0.45    0.65
  0701190000.1         CONDUIT   1266.32     3  12:53      1.85    6.87    0.61
  0701191000.1         CONDUIT   1264.54     3  12:54      1.87    0.50    0.61
  0701192000.1         CONDUIT   1263.47     3  12:57      1.62    0.40    0.67
  0701193000.1         CONDUIT   1263.54     3  12:54      1.59    0.30    0.69
  0701194000.1         CONDUIT   1264.57     3  12:55      1.61    0.54    0.68
  0701195000.1         CONDUIT   1263.22     3  12:55      1.50    0.53    0.72
  0701196000.1         CONDUIT   1260.52     3  12:56      1.86    0.37    0.58
  0701197000.1         CONDUIT   1260.46     3  12:56      2.33    0.34    0.52
  0701198000.1         CONDUIT   1312.19     3  13:02      1.99    1.12    0.63
  0701199000.1         CONDUIT   1301.63     3  13:07      2.13    0.54    0.65
  0701200000.1         CONDUIT   1332.44     3  13:08      2.00    0.55    0.71
  0701201000.1         CONDUIT   1329.70     3  13:08      1.93    0.89    0.76
  0701202000.1         CONDUIT   1355.10     3  13:08      1.76    0.50    0.82
  0701203000.1         CONDUIT   1377.85     3  13:08      1.78    1.06    0.84
  0701204000.1         CONDUIT   1384.29     3  13:09      2.01    0.27    0.91
  0701205000.1         CONDUIT   1409.24     3  13:09      1.43    0.35    0.99
  0701206000.1         CONDUIT   1408.69     3  13:09      1.55    0.89    0.97
  0701207000.1         CONDUIT   1408.73     3  13:10      1.47    0.70    0.99
  0701208000.1         CONDUIT   1400.92     3  13:10      1.36    0.94    1.00
  0701209000.1         CONDUIT   1400.82     3  13:10      1.24    0.52    1.00
  0701210000.1         CONDUIT   1401.16     3  13:10      1.24    0.62    1.00
  0701211000.1         CONDUIT   1398.67     3  13:08      1.24    0.56    1.00
  0701212000.1         CONDUIT   1399.18     3  13:08      1.24    0.75    1.00
  0701213000.1         CONDUIT   1399.40     3  13:08      1.24    0.71    1.00
  0701214000.1         CONDUIT   1393.87     3  13:09      1.23    0.28    1.00
  0701215000.1         CONDUIT   1393.86     3  13:09      1.23    0.43    1.00
  0701216000.1         CONDUIT   1394.20     3  13:09      1.23    1.83    1.00
  0701217000.1         CONDUIT   1393.99     3  13:09      1.23    6.07    1.00
  0701218000.1         CONDUIT    709.33     3  13:08      1.41    0.82    1.00
  0701218000.2         CONDUIT    820.78     3  13:03      1.63    1.32    1.00
  0701219000.1         CONDUIT    709.45     3  13:08      1.41    0.87    1.00
  0701220000.1         CONDUIT    822.82     3  13:03      1.64    0.41    1.00
  0701220000.2         CONDUIT    751.13     3  12:45      5.80    0.53    1.00
  0701221000.1         CONDUIT    822.72     3  13:03      2.09    0.35    0.73
  0701222000.1         CONDUIT   1640.55     3  13:03      4.23    0.44    0.73
  0701223000.1         CONDUIT   1240.86     3  12:40     24.02    0.31    0.47
  0701224000.1         CONDUIT   1236.57     3  12:41      2.00    0.65    0.55
  0701225000.1         CONDUIT   1203.43     0  06:33      1.99    0.64    0.53
  0701226000.1         CONDUIT   1202.42     0  06:33      1.86    0.40    0.59
  0701227000.1         CONDUIT    820.91     3  13:03      2.09    0.46    0.73
  0701228000.1         CONDUIT    485.48     3  12:42      2.47    0.85    1.00
  0701229000.1         CONDUIT    486.06     3  12:42      2.48    3.68    1.00
  0701230000.1         CONDUIT    484.03     3  12:43      1.40    0.33    0.65
  0701231000.1         CONDUIT    467.01     3  12:43      5.28    0.10    0.24
  0701232000.1         CONDUIT    466.73     3  12:44      3.07    0.22    0.34
  0701233000.1         CONDUIT    466.06     3  12:44      2.39    0.31    0.53
  0701234000.1         CONDUIT    511.38     3  17:16      2.10    0.46    0.78
  0701235000.1         CONDUIT    575.75     3  12:44      2.26    0.47    0.97
  0701236000.1         CONDUIT    886.08     3  12:44      2.42    0.57    1.00
  0701237000.1         CONDUIT    661.80     3  12:44      1.69    0.15    1.00
  0701238000.1         CONDUIT    616.14     3  17:16      3.80    0.65    0.77
  0701239000.1         CONDUIT    615.75     3  17:16      1.99    0.24    0.61
  0701240000.1         CONDUIT    615.79     3  17:14      1.39    0.75    0.85
  0701241000.1         CONDUIT    614.71     3  17:16      1.36    0.29    0.89
  0701242000.1         CONDUIT    613.38     3  17:17      1.54    0.52    0.74
  0701243000.1         CONDUIT    613.81     3  17:17      3.07    0.36    0.42
  0701244000.1         CONDUIT    613.74     3  17:17      4.21    0.07    0.22
  0701245000.1         CONDUIT   1469.92     3  13:16      5.73    0.19    0.65
  0701246000.1         CONDUIT    442.87     3  12:43      2.78    2.08    1.00
  0701247000.1         CONDUIT    442.90     3  12:47      2.78    1.69    1.00
  0701248000.1         CONDUIT    442.81     3  12:47      2.78    1.49    1.00
  0701249000.1         CONDUIT    442.97     3  12:45      2.79    1.51    1.00
  0701250000.1         CONDUIT    453.49     3  12:42      1.40    0.14    0.89
  0701251000.1         CONDUIT      4.63     3  12:46      0.68    0.02    0.10
  0701252000.1         CONDUIT      4.62     3  12:47      0.53    0.03    0.12
  0701253000.1         CONDUIT      4.80     3  13:41      0.50    0.04    0.14
  0701254000.1         CONDUIT      9.85     3  13:44      0.61    0.04    0.49
  0701255000.1         CONDUIT     17.98     3  13:03      0.31    0.35    0.99
  0701256000.1         CONDUIT     13.70     3  13:08      0.48    0.06    1.00
  0701257000.1         CONDUIT     11.26     3  12:55      0.22    0.09    1.00
  0701258000.1         CONDUIT     11.33     3  12:55      0.20    1.55    1.00
  0701259000.1         CONDUIT     11.24     3  12:55      0.26    0.06    1.00
  0701260000.1         CONDUIT     11.19     3  12:55      0.09    0.10    1.00
  0701261000.1         CONDUIT     11.25     3  12:55      0.09    0.07    1.00
  CE_sacav_jus.1       CONDUIT    972.80     0  09:19     48.02    0.04    0.21
  CE14_link            CONDUIT    457.24     3  12:48      3.81    0.09    0.31
  D1.1                 CONDUIT      2.07     3  12:42      0.87    0.00    0.02
  D13.1                CONDUIT      0.00     0  00:00      0.00    0.00    0.00
  D13aux.1             CONDUIT   1676.07     3  13:38      4.53    0.31    0.69
  D18.1                CONDUIT    202.62     3  12:44      2.32    0.26    0.35
  D2.1                 CONDUIT     12.77     3  12:43      1.63    0.00    0.04
  D22.1                CONDUIT      0.83     3  12:45      0.53    0.00    0.00
  D23.1                CONDUIT   1748.54     3  12:42     10.36    0.04    0.14
  D24.1                CONDUIT    530.81     3  12:44      6.75    0.49    0.50
  D3.3                 CONDUIT      5.25     3  12:42      1.76    0.00    0.02
  D32.1                CONDUIT    459.42     3  12:42      5.45    0.03    0.13
  D34.1                CONDUIT      3.21     3  12:43      0.66    0.01    0.06
  D37.1                CONDUIT      5.26     3  12:42      1.00    0.00    0.04
  D4.1                 CONDUIT      0.00     0  00:00      0.00    0.00    0.00
  D5.1                 CONDUIT      2.27     3  12:42      0.81    0.00    0.01
  D6.1                 CONDUIT      0.00     0  00:00      0.00    0.00    0.28
  EE12_link            CONDUIT    193.81     3  12:44      0.69    0.80    1.00
  EE13_link            CONDUIT    394.37     3  12:47      2.11    0.33    0.40
  EE16_link            CONDUIT   1661.55     0  12:00      2.03    0.12    0.97
  outETAR.1            CONDUIT   1028.00     0  06:43     24.97    0.00    0.08
  OutETAR.2            CONDUIT   1761.38     3  13:16      4.22    0.06    0.14
  Troplein14.1         CONDUIT      0.00     0  00:00      0.00    0.00    0.03
  Tropleinsacav.1      CONDUIT      0.00     0  00:00      0.00    0.00    0.00
  EE12.B1              PUMP        32.90     0  01:28              1.00
  EE12.B3              PUMP        32.90     0  00:25              1.00
  EE12.B2              PUMP        30.00     0  06:38              1.00
  EE13.B1              PUMP       113.30     0  06:44              1.00
  EE13.B3              PUMP       113.30     0  00:21              1.00
  EE13.B2              PUMP        90.00     3  12:41              1.00
  EE14.B1              PUMP       208.20     0  11:58              1.00
  EE14.B3              PUMP       208.20     0  00:31              1.00
  EE14.B2              PUMP         0.00     0  00:00              0.00
  EE15.B1              PUMP       206.00     3  12:49              1.00
  EE15.B3              PUMP       120.00     0  00:21              1.00
  EE15.B2              PUMP       154.00     0  00:21              1.00
  EE16.B1              PUMP       451.40     0  02:16              1.00
  EE16.B3              PUMP       120.00     0  01:08              1.00
  EE16.B2              PUMP       165.00     0  01:08              1.00
  EE16.B4              PUMP       451.40     0  01:08              1.00
  EE17.B1              PUMP        18.00     3  12:43              1.00
  EE17.B2              PUMP        18.00     0  00:11              1.00
  EE15.B4              PUMP       206.00     0  00:21              1.00
  EE4.B2               PUMP         0.00     0  00:00              0.00
  EE4.B1               PUMP         0.00     0  00:00              0.00
  EE6.B2               PUMP         0.00     0  00:00              0.00
  EE6.B1               PUMP         0.00     0  00:00              0.00
  EEsacav.B2           PUMP       190.00     0  00:05              1.00
  EEsacav.B3           PUMP       100.00     0  00:05              1.00
  EEsacav.B4           PUMP       294.30     0  00:05              1.00
  EEsacav.B1           PUMP       294.30     0  02:45              1.00
  Parafuso1            PUMP       514.00     0  00:52              1.00
  Parafuso2            PUMP       514.00     0  00:10              1.00
  EE17.B3              PUMP        18.00     0  00:11              1.00
  D1                   WEIR         2.25     3  12:42                      0.00
  D2                   WEIR        12.77     3  12:42                      0.01
  D4                   WEIR         0.00     0  00:00                      0.00
  D3                   WEIR         5.51     3  12:42                      0.13
  D5                   WEIR         2.42     3  12:42                      0.02
  D6                   WEIR         0.00     0  00:00                      0.00
  D7                   WEIR         8.49     3  12:42                      0.05
  D11                  WEIR         0.00     0  00:00                      0.00
  D18                  WEIR       226.35     3  12:42                      0.54
  D22                  WEIR         4.88     3  17:09                      0.00
  D24                  WEIR       530.94     3  12:46                      1.00
  D37                  WEIR         5.40     3  12:42                      0.04
  D23                  WEIR      1768.58     3  12:42                      0.45
  D27                  WEIR         0.00     0  00:00                      0.00
  D13                  WEIR         0.00     0  00:00                      0.00
  D8_ficticio          WEIR         0.00     0  00:00                      0.00
  D9aux                WEIR         0.00     0  00:00                      0.00
  D26                  WEIR      2667.21     3  12:41                      1.00
  
  
  ***************************
  Flow Classification Summary
  ***************************
  
  -------------------------------------------------------------------------------------
                      Adjusted    ---------- Fraction of Time in Flow Class ---------- 
                       /Actual         Up    Down  Sub   Sup   Up    Down  Norm  Inlet 
  Conduit               Length    Dry  Dry   Dry   Crit  Crit  Crit  Crit  Ltd   Ctrl  
  -------------------------------------------------------------------------------------
  1                       1.00   0.12  0.00  0.00  0.88  0.00  0.00  0.00  0.00  0.00
  2                       3.14   0.98  0.01  0.00  0.00  0.01  0.00  0.00  1.00  0.00
  5                       1.00   0.00  0.98  0.00  0.01  0.00  0.00  0.00  0.99  0.00
  7                       1.00   0.00  0.00  0.00  0.00  0.00  0.00  1.00  0.00  0.00
  8                       1.00   0.00  0.00  0.00  1.00  0.00  0.00  0.00  0.00  0.00
  9                      17.06   0.12  0.88  0.00  0.00  0.00  0.00  0.00  0.00  0.00
  10                      1.65   0.12  0.88  0.00  0.00  0.00  0.00  0.00  0.00  0.00
  11                      1.53   1.00  0.00  0.00  0.00  0.00  0.00  0.00  0.00  0.00
  12                      1.00   0.00  1.00  0.00  0.00  0.00  0.00  0.00  0.00  0.00
  13                      1.00   0.23  0.00  0.00  0.76  0.00  0.00  0.00  0.87  0.00
  14                      6.14   0.12  0.87  0.00  0.01  0.00  0.00  0.00  0.88  0.00
  15                      3.47   0.23  0.77  0.00  0.00  0.00  0.00  0.00  0.00  0.00
  16                      1.00   0.12  0.00  0.00  0.88  0.00  0.00  0.00  0.00  0.00
  17                      1.00   0.01  0.00  0.00  0.99  0.00  0.00  0.00  0.00  0.00
  18                      1.00   0.01  0.00  0.00  0.99  0.00  0.00  0.00  0.00  0.00
  19                      1.00   0.00  0.00  0.00  1.00  0.00  0.00  0.00  0.00  0.00
  20                      1.00   0.00  0.00  0.00  0.18  0.82  0.00  0.00  0.96  0.00
  33                      2.76   0.00  0.00  0.00  0.00  1.00  0.00  0.00  1.00  0.00
  34                      1.22   0.00  0.98  0.00  0.02  0.00  0.00  0.00  0.88  0.00
  35                      3.24   0.00  0.00  0.00  0.00  1.00  0.00  0.00  0.00  0.00
  36                     12.27   0.00  0.00  0.00  1.00  0.00  0.00  0.00  1.00  0.00
  37                     48.24   0.00  1.00  0.00  0.00  0.00  0.00  0.00  0.00  0.00
  38                      8.14   0.00  0.00  0.00  0.01  0.99  0.00  0.00  0.01  0.00
  39                      4.08   0.00  0.00  0.00  0.00  1.00  0.00  0.00  1.00  0.00
  40                      3.22   0.00  0.00  0.00  0.00  1.00  0.00  0.00  1.00  0.00
  41.1                    1.00   0.00  0.00  0.00  1.00  0.00  0.00  0.00  1.00  0.00
  43                      2.88   0.79  0.21  0.00  0.00  0.00  0.00  0.00  0.00  0.00
  45                      1.00   1.00  0.00  0.00  0.00  0.00  0.00  0.00  0.00  0.00
  46                      1.22   0.00  0.79  0.00  0.21  0.00  0.00  0.00  0.84  0.00
  47                      1.00   0.00  0.00  0.00  0.00  1.00  0.00  0.00  0.03  0.00
  48                      1.00   0.07  0.90  0.00  0.03  0.00  0.00  0.00  0.92  0.00
  49                      1.00   0.07  0.00  0.00  0.93  0.00  0.00  0.00  0.00  0.00
  50.1                    1.00   0.09  0.00  0.00  0.41  0.50  0.00  0.00  0.72  0.00
  51                      1.00   0.00  0.28  0.00  0.27  0.44  0.00  0.00  0.99  0.00
  52                      1.00   0.00  0.00  0.00  0.54  0.45  0.00  0.00  0.01  0.00
  53                      6.04   0.00  0.30  0.00  0.19  0.50  0.00  0.00  0.74  0.00
  54                      7.74   0.00  0.00  0.00  0.49  0.51  0.00  0.00  0.08  0.00
  55                      4.35   0.00  0.98  0.00  0.01  0.01  0.00  0.00  0.12  0.00
  56                      1.00   0.00  1.00  0.00  0.00  0.00  0.00  0.00  0.00  0.00
  57                      1.65   0.00  0.00  0.00  0.00  1.00  0.00  0.00  0.00  0.00
  58                      4.32   0.00  0.00  0.00  0.00  1.00  0.00  0.00  0.99  0.00
  59                      5.53   0.00  0.00  0.00  0.00  1.00  0.00  0.00  0.99  0.00
  60                      1.00   0.00  0.00  0.00  0.99  0.01  0.00  0.00  0.98  0.00
  61                      1.00   0.01  0.00  0.00  0.88  0.11  0.00  0.00  0.00  0.00
  62                      9.62   0.00  0.00  0.00  0.00  1.00  0.00  0.00  1.00  0.00
  63                      1.00   0.00  0.00  0.00  1.00  0.00  0.00  0.00  0.00  0.00
  64                      1.00   0.00  0.00  0.00  1.00  0.00  0.00  0.00  0.00  0.00
  65                      1.00   0.98  0.00  0.00  0.00  0.02  0.00  0.00  0.00  0.00
  66                      1.00   0.99  0.00  0.00  0.00  0.01  0.00  0.00  0.00  0.00
  67                      7.64   0.00  0.00  0.00  0.11  0.89  0.00  0.00  0.20  0.00
  70.1                    1.00   0.00  0.00  0.00  0.00  1.00  0.00  0.00  0.00  0.00
  71.1                    1.00   0.00  0.00  0.00  0.00  1.00  0.00  0.00  0.00  0.00
  72                      1.00   0.00  0.00  0.00  0.03  0.97  0.00  0.00  0.07  0.00
  73.1                    1.00   0.00  0.00  0.00  1.00  0.00  0.00  0.00  0.00  0.00
  74.1                    2.11   0.00  0.00  0.00  0.22  0.78  0.00  0.00  0.83  0.00
  75                      1.64   0.00  0.00  0.00  0.01  0.99  0.00  0.00  0.00  0.00
  77                      1.07   0.00  0.00  0.00  0.95  0.05  0.00  0.00  0.92  0.00
  78                      6.86   0.00  0.00  0.00  0.00  1.00  0.00  0.00  0.00  0.00
  79                     47.39   0.01  0.30  0.00  0.05  0.64  0.00  0.00  0.99  0.00
  80.1                    1.00   0.01  0.00  0.00  0.22  0.77  0.00  0.00  0.30  0.00
  81.1                    1.00   0.01  0.00  0.00  0.81  0.18  0.00  0.00  0.02  0.00
  82.1                    1.00   0.00  0.00  0.00  0.00  1.00  0.00  0.00  0.00  0.00
  83                      2.21   0.00  0.00  0.00  0.02  0.98  0.00  0.00  0.85  0.00
  83.1                   15.47   0.00  0.00  0.00  0.00  1.00  0.00  0.00  0.01  0.00
  84                     27.66   0.00  0.00  0.00  0.00  1.00  0.00  0.00  1.00  0.00
  84.1                    1.00   0.00  0.00  0.00  0.00  1.00  0.00  0.00  0.00  0.00
  85                      5.67   0.00  0.00  0.00  0.41  0.59  0.00  0.00  0.63  0.00
  85.1                    5.21   0.00  0.00  0.00  1.00  0.00  0.00  0.00  0.00  0.00
  86                      1.00   0.00  0.00  0.00  0.02  0.00  0.98  0.00  0.00  0.00
  87                      1.00   0.00  0.22  0.00  0.76  0.00  0.02  0.00  0.90  0.00
  88                      2.85   0.00  0.00  0.00  0.99  0.01  0.00  0.00  0.00  0.00
  89                      4.68   1.00  0.00  0.00  0.00  0.00  0.00  0.00  0.00  0.00
  0701001000.1           46.59   0.00  0.00  0.00  0.00  0.00  0.00  1.00  0.00  0.00
  0701002000.1            1.00   0.00  0.00  0.00  0.00  0.00  0.00  1.00  0.00  0.00
  0701003000.1            1.13   0.00  0.00  0.00  0.00  0.00  0.00  1.00  0.00  0.00
  0701004000.1            1.00   0.00  0.00  0.00  0.00  1.00  0.00  0.00  0.01  0.00
  0701005000.1            1.00   0.00  0.00  0.00  0.01  0.00  0.00  0.99  0.01  0.00
  0701006000.1            9.33   0.00  0.00  0.00  0.02  0.00  0.00  0.98  0.00  0.00
  0701007000.1            1.00   0.00  0.00  0.00  0.60  0.40  0.00  0.00  0.01  0.00
  0701007002.1            2.18   0.00  0.00  0.00  0.02  0.00  0.00  0.98  0.01  0.00
  0701007004.1           14.06   0.00  0.00  0.00  0.01  0.00  0.00  0.99  0.00  0.00
  0701007006.1            1.27   0.00  0.00  0.00  0.00  1.00  0.00  0.00  0.05  0.00
  0701007008.1          207.74   0.00  0.00  0.00  0.00  1.00  0.00  0.00  1.00  0.00
  0701008000.1            1.00   0.00  0.00  0.00  0.03  0.00  0.00  0.97  0.01  0.00
  0701009000.1            1.00   0.00  0.00  0.00  0.15  0.00  0.00  0.85  0.11  0.00
  0701010000.1            1.10   0.00  0.00  0.00  1.00  0.00  0.00  0.00  0.83  0.00
  0701011000.1            3.67   0.00  0.00  0.00  1.00  0.00  0.00  0.00  0.00  0.00
  0701012000.1           10.27   0.00  0.00  0.00  1.00  0.00  0.00  0.00  0.00  0.00
  0701014000.1           10.02   0.00  0.00  0.00  0.00  0.00  0.00  1.00  0.00  0.00
  0701015000.1            1.00   0.00  0.00  0.00  1.00  0.00  0.00  0.00  1.00  0.00
  0701016000.1            1.00   0.00  0.00  0.00  0.99  0.01  0.00  0.00  0.00  0.00
  0701016002.1            8.28   0.00  0.00  0.00  0.00  0.00  0.00  1.00  0.00  0.00
  0701017000.1            1.00   0.00  0.00  0.00  0.00  0.00  0.00  1.00  0.00  0.00
  0701018000.1            1.60   0.00  0.00  0.00  0.00  0.00  0.00  1.00  0.00  0.00
  0701019000.1            2.00   0.00  0.00  0.00  0.00  0.00  0.00  1.00  0.00  0.00
  0701020000.1           20.23   0.00  0.00  0.00  0.33  0.67  0.00  0.00  0.89  0.00
  0701021000.1            2.02   0.00  0.00  0.00  0.00  0.00  0.00  1.00  0.00  0.00
  0701021002.1            4.88   0.00  0.00  0.00  1.00  0.00  0.00  0.00  0.15  0.00
  0701021004.1           41.62   0.00  0.00  0.00  0.86  0.13  0.00  0.01  0.93  0.00
  0701022000.1            1.00   0.00  0.00  0.00  0.03  0.97  0.00  0.00  0.93  0.00
  0701022002.1           21.36   0.00  1.00  0.00  0.00  0.00  0.00  0.00  0.00  0.00
  0701023000.1            1.00   0.00  0.00  0.00  0.71  0.20  0.00  0.09  0.80  0.00
  0701024000.1            1.00   0.00  0.00  0.00  1.00  0.00  0.00  0.00  0.00  0.00
  0701025000.1            1.18   0.00  0.00  0.00  0.00  0.99  0.00  0.00  0.00  0.00
  0701026000.1            2.39   0.00  0.00  0.00  0.00  0.00  0.00  1.00  0.00  0.00
  0701027000.1            1.00   0.00  0.00  0.00  0.00  0.00  0.00  1.00  0.00  0.00
  0701027002.1            6.60   0.00  0.00  0.00  0.27  0.03  0.00  0.70  0.30  0.00
  0701027004.1            3.06   0.00  0.00  0.00  0.59  0.41  0.00  0.00  0.05  0.00
  0701027006.1           63.52   0.00  0.00  0.00  0.16  0.84  0.00  0.00  1.00  0.00
  0701028000.1            1.00   0.00  0.00  0.00  0.01  0.99  0.00  0.00  0.00  0.00
  0701029000.1            1.33   0.00  0.00  0.00  0.01  0.99  0.00  0.00  0.99  0.00
  0701030000.1            1.00   0.00  0.00  0.00  1.00  0.00  0.00  0.00  1.00  0.00
  0701031000.1           12.15   0.00  0.00  0.00  1.00  0.00  0.00  0.00  0.00  0.00
  0701033000.1            1.29   0.00  0.00  0.00  1.00  0.00  0.00  0.00  1.00  0.00
  0701034000.1            3.03   0.00  0.00  0.00  0.00  0.00  0.00  1.00  0.00  0.00
  0701034002.1            7.31   0.01  0.00  0.00  0.00  0.00  0.00  0.99  0.00  0.00
  0701034004.1           39.67   0.00  0.01  0.00  0.00  0.00  0.99  0.00  0.00  0.00
  0701035000.1            3.28   0.00  0.00  0.00  0.00  0.00  0.00  1.00  0.00  0.00
  0701035002.1            2.03   0.00  0.00  0.00  0.00  1.00  0.00  0.00  0.99  0.00
  0701035004.1           12.24   0.00  0.00  0.00  0.00  1.00  0.00  0.00  1.00  0.00
  0701035006.1            4.41   0.00  0.00  0.00  0.00  1.00  0.00  0.00  1.00  0.00
  0701036000.1            2.80   0.00  0.00  0.00  0.00  0.00  0.00  1.00  0.00  0.00
  0701037000.1            1.00   0.00  0.00  0.00  0.00  1.00  0.00  0.00  0.00  0.00
  0701037002.1            6.06   0.00  0.00  0.00  0.00  0.00  0.00  1.00  0.00  0.00
  0701037004.1            1.00   0.00  0.00  0.00  0.00  1.00  0.00  0.00  0.00  0.00
  0701038000.1            1.31   0.00  0.00  0.00  0.00  0.00  0.00  1.00  0.00  0.00
  0701039000.1            5.15   0.00  0.00  0.00  0.04  0.40  0.00  0.56  0.42  0.00
  0701040000.1            1.29   0.00  0.00  0.00  1.00  0.00  0.00  0.00  0.93  0.00
  0701041000.1            1.00   0.00  0.00  0.00  0.00  0.00  1.00  0.00  0.00  0.00
  0701042000.1            1.25   0.00  0.00  0.00  0.00  0.24  0.00  0.76  0.19  0.00
  0701043000.1            1.08   0.00  0.00  0.00  0.00  0.00  0.00  1.00  0.00  0.00
  0701045000.1            1.00   0.00  0.00  0.00  0.36  0.04  0.00  0.59  0.27  0.00
  0701046000.1            1.00   0.00  0.00  0.00  0.00  0.00  0.00  1.00  0.00  0.00
  0701047000.1            1.00   0.00  0.00  0.00  0.00  0.00  0.00  1.00  0.00  0.00
  0701048000.1            1.19   0.00  0.00  0.00  0.00  0.00  0.00  1.00  0.00  0.00
  0701049000.1           11.28   0.00  0.00  0.00  0.00  0.00  0.00  1.00  0.00  0.00
  0701051000.1            8.30   0.00  0.00  0.00  0.00  0.00  0.00  1.00  0.00  0.00
  0701052000.1            1.81   0.00  0.00  0.00  0.88  0.12  0.00  0.00  0.99  0.00
  0701053000.1            1.00   0.00  0.00  0.00  0.00  0.00  0.00  1.00  0.00  0.00
  0701054000.1            1.00   0.00  0.00  0.00  0.00  0.00  0.00  1.00  0.00  0.00
  0701055000.1            1.00   0.00  0.00  0.00  0.49  0.50  0.00  0.00  0.96  0.00
  0701056000.1            1.00   0.00  0.00  0.00  0.00  0.00  0.00  1.00  0.00  0.00
  0701057000.1            1.70   0.00  0.00  0.00  0.00  0.00  0.00  1.00  0.00  0.00
  0701058000.1            1.48   0.01  0.00  0.00  0.51  0.01  0.00  0.47  0.48  0.00
  0701059000.1            1.00   0.01  0.00  0.00  0.00  0.00  0.00  0.99  0.00  0.00
  0701060000.1            1.05   0.01  0.00  0.00  0.14  0.85  0.00  0.00  0.93  0.00
  0701061000.1            1.00   0.01  0.00  0.00  0.18  0.82  0.00  0.00  0.01  0.00
  0701062000.1            1.00   0.01  0.00  0.00  0.00  0.00  0.00  0.99  0.00  0.00
  0701063000.1            1.00   0.01  0.00  0.00  0.97  0.02  0.00  0.00  0.99  0.00
  0701064000.1            1.00   0.00  0.00  0.00  0.14  0.00  0.00  0.85  0.07  0.00
  0701065000.1            1.00   0.00  0.00  0.00  0.00  0.00  0.00  1.00  0.00  0.00
  0701066000.1            1.00   0.00  0.00  0.00  0.01  0.06  0.00  0.93  0.06  0.00
  0701067000.1            1.00   0.00  0.00  0.00  0.00  0.00  0.00  1.00  0.00  0.00
  0701068000.1            1.00   0.00  0.00  0.00  1.00  0.00  0.00  0.00  0.99  0.00
  0701069000.1            2.48   0.00  0.01  0.00  0.00  0.00  0.99  0.00  0.00  0.00
  0701070000.1            2.71   0.00  0.00  0.00  0.71  0.29  0.00  0.00  1.00  0.00
  0701071000.1            3.12   0.00  0.00  0.00  0.00  0.00  0.00  1.00  0.00  0.00
  0701072000.1            4.72   0.00  0.00  0.00  0.00  0.00  0.00  1.00  0.00  0.00
  0701073000.1            3.33   0.00  0.00  0.00  0.00  0.00  0.00  1.00  0.00  0.00
  0701074000.1            1.71   0.00  0.00  0.00  0.00  0.00  0.00  1.00  0.00  0.00
  0701075000.1            1.05   0.00  0.00  0.00  0.00  0.00  0.00  1.00  0.00  0.00
  0701076000.1            1.05   0.00  0.00  0.00  0.00  0.00  0.00  1.00  0.00  0.00
  0701077000.1            1.55   0.00  0.00  0.00  0.00  0.00  0.00  1.00  0.00  0.00
  0701078000.1            1.16   0.00  0.00  0.00  0.00  0.00  0.00  1.00  0.00  0.00
  0701079000.1            1.07   0.00  0.00  0.00  0.00  0.00  0.00  1.00  0.00  0.00
  0701080000.1            1.00   0.00  0.00  0.00  0.00  0.00  0.00  1.00  0.00  0.00
  0701081000.1            1.24   0.00  0.00  0.00  0.00  0.00  0.00  1.00  0.00  0.00
  0701082000.1            1.00   0.00  0.00  0.00  0.00  0.00  0.00  1.00  0.00  0.00
  0701083000.1            1.00   0.00  0.00  0.00  0.00  0.00  0.00  1.00  0.00  0.00
  0701084000.1            1.00   0.00  0.00  0.00  0.00  0.01  0.00  0.98  0.01  0.00
  0701085000.1            1.40   0.00  0.00  0.00  0.00  0.00  0.00  1.00  0.00  0.00
  0701086000.1            3.60   0.00  0.00  0.00  0.00  0.00  0.00  1.00  0.00  0.00
  0701088000.1           12.00   0.00  0.00  0.00  0.00  1.00  0.00  0.00  0.79  0.00
  0701089000.1            1.24   0.00  0.00  0.00  0.00  0.06  0.00  0.94  0.05  0.00
  0701090000.1            1.00   0.00  0.00  0.00  0.00  0.10  0.00  0.90  0.10  0.00
  0701091000.1            1.40   0.00  0.00  0.00  0.00  0.00  0.00  1.00  0.00  0.00
  0701092000.1            1.00   0.00  0.00  0.00  0.00  0.00  0.00  1.00  0.00  0.00
  0701093000.1            1.00   0.00  0.00  0.00  0.00  0.00  0.00  1.00  0.00  0.00
  0701094000.1            4.97   0.00  0.00  0.00  0.00  0.11  0.00  0.89  0.11  0.00
  0701095000.1            1.00   0.00  0.00  0.00  0.00  0.01  0.00  0.99  0.01  0.00
  0701096000.1            1.00   0.00  0.00  0.00  0.00  0.00  0.00  1.00  0.00  0.00
  0701097000.1            1.00   0.00  0.00  0.00  0.99  0.00  0.00  0.00  0.99  0.00
  0701098000.1            1.08   0.00  0.00  0.00  0.00  0.00  0.99  0.00  0.00  0.00
  0701099000.1            1.50   0.01  0.00  0.00  0.00  0.09  0.00  0.90  0.08  0.00
  0701100000.1            1.00   0.01  0.00  0.00  0.00  0.00  0.00  0.99  0.00  0.00
  0701101000.1            1.00   0.01  0.00  0.00  0.00  0.02  0.00  0.97  0.02  0.00
  0701102000.1            1.00   0.01  0.00  0.00  0.00  0.00  0.00  0.99  0.00  0.00
  0701103000.1            1.00   0.01  0.00  0.00  0.00  0.03  0.00  0.97  0.02  0.00
  0701104000.1            1.00   0.01  0.00  0.00  0.00  0.00  0.00  0.99  0.00  0.00
  0701105000.1            1.30   0.00  0.01  0.00  0.86  0.06  0.00  0.07  0.87  0.00
  0701106000.1            4.00   0.00  0.00  0.00  0.01  0.01  0.00  0.98  0.02  0.00
  0701107000.1            1.83   0.00  0.00  0.00  0.17  0.17  0.00  0.66  0.20  0.00
  0701108000.1            1.78   0.00  0.00  0.00  1.00  0.00  0.00  0.00  0.74  0.00
  0701109000.1            2.81   0.00  0.00  0.00  1.00  0.00  0.00  0.00  0.00  0.00
  0701110000.1            1.00   0.00  0.00  0.00  1.00  0.00  0.00  0.00  0.00  0.00
  0701111000.1            1.49   0.00  0.00  0.00  0.08  0.00  0.00  0.92  0.00  0.00
  0701112000.1            3.79   0.00  0.00  0.00  1.00  0.00  0.00  0.00  0.51  0.00
  0701113000.1            1.82   0.00  0.00  0.00  1.00  0.00  0.00  0.00  0.00  0.00
  0701114000.1            1.00   0.00  0.00  0.00  1.00  0.00  0.00  0.00  0.00  0.00
  0701115000.1            1.85   0.00  0.00  0.00  0.00  0.00  1.00  0.00  0.00  0.00
  0701116000.1            1.27   0.00  0.00  0.00  1.00  0.00  0.00  0.00  0.00  0.00
  0701117000.1            1.13   0.00  0.00  0.00  0.00  0.00  1.00  0.00  0.00  0.00
  0701118000.1            1.45   0.00  0.00  0.00  0.98  0.02  0.00  0.00  0.99  0.00
  0701119000.1            1.07   0.00  0.00  0.00  1.00  0.00  0.00  0.00  0.00  0.00
  0701120000.1            1.51   0.00  0.00  0.00  0.03  0.97  0.00  0.00  0.08  0.00
  0701121000.1            1.56   0.00  0.00  0.00  1.00  0.00  0.00  0.00  0.91  0.00
  0701122000.1            1.07   0.00  0.00  0.00  1.00  0.00  0.00  0.00  0.00  0.00
  0701123000.1            1.21   0.00  0.00  0.00  0.99  0.00  0.00  0.00  0.00  0.00
  0701124000.1            1.41   0.00  0.00  0.00  0.99  0.00  0.00  0.00  0.00  0.00
  0701125000.1            1.28   0.00  0.00  0.00  1.00  0.00  0.00  0.00  0.00  0.00
  0701126000.1            1.74   0.00  0.00  0.00  0.02  0.98  0.00  0.00  0.03  0.00
  0701127000.1            1.66   0.01  0.00  0.00  0.99  0.00  0.00  0.00  0.97  0.00
  0701128000.1            1.08   0.01  0.00  0.00  0.99  0.00  0.00  0.00  0.00  0.00
  0701129000.1            1.55   0.01  0.00  0.00  0.14  0.85  0.00  0.00  0.96  0.00
  0701130000.1            1.13   0.01  0.00  0.00  0.35  0.00  0.00  0.64  0.00  0.00
  0701131000.1            1.90   0.01  0.00  0.00  0.99  0.00  0.00  0.00  0.03  0.00
  0701132000.1            1.32   0.01  0.00  0.00  0.99  0.00  0.00  0.00  0.01  0.00
  0701133000.1            1.10   0.01  0.00  0.00  0.05  0.00  0.94  0.00  0.00  0.00
  0701134000.1            2.49   0.01  0.00  0.00  0.07  0.02  0.00  0.91  0.03  0.00
  0701135000.1            3.52   0.01  0.00  0.00  0.11  0.88  0.00  0.00  0.90  0.00
  0701135000.2            1.00   0.97  0.00  0.00  0.00  0.03  0.00  0.00  0.00  0.00
  0701136000.1            1.00   0.01  0.00  0.00  0.99  0.00  0.00  0.00  0.56  0.00
  0701137000.1            1.00   0.01  0.00  0.00  0.59  0.00  0.00  0.40  0.02  0.00
  0701138000.1            1.00   0.01  0.00  0.00  0.88  0.00  0.00  0.11  0.29  0.00
  0701139000.1            1.00   0.01  0.00  0.00  0.99  0.00  0.00  0.00  0.01  0.00
  0701140000.1           13.99   0.01  0.00  0.00  0.99  0.00  0.00  0.00  0.00  0.00
  0701140002.1            1.00   0.84  0.00  0.00  0.00  0.16  0.00  0.00  0.02  0.00
  0701141000.1            4.52   0.01  0.00  0.00  0.99  0.00  0.00  0.00  0.00  0.00
  0701142000.1            2.16   0.01  0.00  0.00  0.99  0.00  0.00  0.00  0.00  0.00
  0701143000.1            1.68   0.01  0.00  0.00  0.99  0.00  0.00  0.00  0.00  0.00
  0701144000.1            1.61   0.01  0.00  0.00  0.99  0.00  0.00  0.00  0.00  0.00
  0701145000.1            2.15   0.00  0.00  0.00  0.99  0.00  0.00  0.00  0.00  0.00
  0701146000.1            1.00   0.00  0.00  0.00  1.00  0.00  0.00  0.00  0.00  0.00
  0701151000.1            1.37   0.00  0.00  0.00  0.01  0.99  0.00  0.00  0.00  0.00
  0701152000.1            1.03   0.00  0.00  0.00  0.01  0.01  0.00  0.97  0.01  0.00
  0701153000.1            1.44   0.00  0.00  0.00  0.03  0.00  0.00  0.97  0.00  0.00
  0701154000.1            1.06   0.00  0.00  0.00  0.03  0.97  0.00  0.00  0.97  0.00
  0701155000.1            1.00   0.00  0.00  0.00  0.03  0.00  0.00  0.96  0.00  0.00
  0701156000.1            1.42   0.00  0.00  0.00  0.04  0.96  0.00  0.00  0.26  0.00
  0701157000.1            1.82   0.00  0.00  0.00  0.06  0.94  0.00  0.00  0.93  0.00
  0701158000.1            1.06   0.00  0.00  0.00  0.09  0.90  0.00  0.00  0.92  0.00
  0701159000.1            1.28   0.00  0.00  0.00  1.00  0.00  0.00  0.00  0.76  0.00
  0701160000.1            1.71   0.00  0.00  0.00  0.14  0.00  0.86  0.00  0.00  0.00
  0701161000.1            1.15   0.00  0.00  0.00  0.00  0.00  0.00  1.00  0.00  0.00
  0701162000.1            1.55   0.00  0.00  0.00  0.00  1.00  0.00  0.00  0.07  0.00
  0701163000.1            1.84   0.00  0.00  0.00  0.00  0.00  0.00  1.00  0.00  0.00
  0701164000.1            1.62   0.00  0.00  0.00  0.00  0.00  0.00  1.00  0.00  0.00
  0701165000.1            1.61   0.00  0.00  0.00  0.00  0.00  0.00  1.00  0.00  0.00
  0701166000.1            1.64   0.00  0.00  0.00  0.00  0.00  0.00  1.00  0.00  0.00
  0701167000.1            1.00   0.00  0.00  0.00  0.00  0.00  0.99  0.00  0.00  0.00
  0701168000.1            1.07   0.00  0.00  0.00  0.44  0.56  0.00  0.00  0.00  0.00
  0701169000.1            2.75   0.00  0.00  0.00  0.11  0.20  0.00  0.69  0.28  0.00
  0701170000.1            5.83   0.00  0.00  0.00  0.99  0.01  0.00  0.00  1.00  0.00
  0701171000.1            3.49   0.00  0.00  0.00  0.00  1.00  0.00  0.00  0.66  0.00
  0701172000.1            3.34   0.00  0.00  0.00  0.00  0.00  0.00  1.00  0.00  0.00
  0701173000.1            1.40   0.00  0.00  0.00  0.00  1.00  0.00  0.00  0.91  0.00
  0701174000.1            1.43   0.00  0.00  0.00  0.00  1.00  0.00  0.00  0.99  0.00
  0701175000.1            1.71   0.00  0.00  0.00  0.00  0.00  0.00  1.00  0.00  0.00
  0701176000.1            1.64   0.00  0.00  0.00  0.00  0.03  0.00  0.97  0.03  0.00
  0701177000.1            1.33   0.00  0.00  0.00  0.00  0.00  0.00  1.00  0.00  0.00
  0701178000.1            1.55   0.00  0.00  0.00  0.00  1.00  0.00  0.00  0.00  0.00
  0701179000.1            2.57   0.00  0.00  0.00  1.00  0.00  0.00  0.00  1.00  0.00
  0701180000.1            1.17   0.00  0.00  0.00  0.00  0.00  1.00  0.00  0.00  0.00
  0701181000.1            2.83   0.00  0.00  0.00  0.99  0.01  0.00  0.00  1.00  0.00
  0701182000.1            1.12   0.00  0.00  0.00  0.00  0.00  0.00  1.00  0.00  0.00
  0701183000.1            3.38   0.00  0.00  0.00  0.00  0.00  0.00  1.00  0.00  0.00
  0701184000.1            2.41   0.00  0.00  0.00  1.00  0.00  0.00  0.00  1.00  0.00
  0701185000.1            3.61   0.00  0.00  0.00  1.00  0.00  0.00  0.00  0.00  0.00
  0701186000.1            1.35   0.00  0.00  0.00  0.00  1.00  0.00  0.00  0.00  0.00
  0701187000.1            4.26   0.00  0.00  0.00  0.99  0.00  0.00  0.00  1.00  0.00
  0701188000.1            1.71   0.00  0.00  0.00  1.00  0.00  0.00  0.00  0.00  0.00
  0701189000.1            6.09   0.00  0.00  0.00  1.00  0.00  0.00  0.00  0.00  0.00
  0701190000.1            1.56   0.00  0.00  0.00  0.30  0.00  0.00  0.70  0.00  0.00
  0701191000.1            4.79   0.00  0.00  0.00  0.72  0.26  0.00  0.01  0.55  0.00
  0701192000.1            2.39   0.00  0.00  0.00  0.99  0.00  0.00  0.00  0.01  0.00
  0701193000.1            7.92   0.00  0.00  0.00  0.99  0.00  0.00  0.00  0.00  0.00
  0701194000.1            1.69   0.01  0.00  0.00  0.99  0.00  0.00  0.00  0.00  0.00
  0701195000.1            6.21   0.01  0.00  0.00  0.99  0.00  0.00  0.00  0.00  0.00
  0701196000.1            2.68   0.01  0.00  0.00  0.00  0.00  0.99  0.00  0.00  0.00
  0701197000.1            2.03   0.01  0.00  0.00  0.00  0.99  0.00  0.00  0.99  0.00
  0701198000.1            2.37   0.01  0.00  0.00  0.99  0.00  0.00  0.00  0.00  0.00
  0701199000.1            1.38   0.01  0.00  0.00  0.19  0.01  0.00  0.79  0.16  0.00
  0701200000.1            1.84   0.01  0.00  0.00  0.99  0.00  0.00  0.00  0.74  0.00
  0701201000.1            1.36   0.01  0.00  0.00  0.25  0.00  0.00  0.74  0.00  0.00
  0701202000.1            1.30   0.01  0.00  0.00  0.99  0.00  0.00  0.00  0.68  0.00
  0701203000.1            1.00   0.01  0.00  0.00  0.08  0.00  0.91  0.00  0.00  0.00
  0701204000.1            3.52   0.01  0.00  0.00  0.99  0.00  0.00  0.00  0.81  0.00
  0701205000.1            6.26   0.01  0.00  0.00  0.99  0.00  0.00  0.00  0.00  0.00
  0701206000.1            4.73   0.01  0.00  0.00  0.99  0.00  0.00  0.00  0.00  0.00
  0701207000.1            1.00   0.01  0.00  0.00  0.99  0.00  0.00  0.00  0.33  0.00
  0701208000.1            1.36   0.01  0.00  0.00  0.99  0.00  0.00  0.00  0.00  0.00
  0701209000.1            1.68   0.00  0.01  0.00  0.99  0.00  0.00  0.00  0.00  0.00
  0701210000.1            1.56   0.00  0.00  0.00  1.00  0.00  0.00  0.00  0.01  0.00
  0701211000.1            1.53   0.00  0.00  0.00  1.00  0.00  0.00  0.00  0.00  0.00
  0701212000.1            1.37   0.00  0.00  0.00  1.00  0.00  0.00  0.00  0.01  0.00
  0701213000.1            1.32   0.00  0.00  0.00  0.99  0.00  0.01  0.00  0.00  0.00
  0701214000.1            4.12   0.01  0.00  0.00  0.99  0.01  0.00  0.00  0.01  0.00
  0701215000.1            1.00   0.01  0.00  0.00  0.99  0.00  0.00  0.00  0.00  0.00
  0701216000.1            1.00   0.01  0.00  0.00  0.99  0.00  0.00  0.00  0.00  0.00
  0701217000.1            1.00   0.01  0.00  0.00  0.99  0.00  0.00  0.00  0.00  0.00
  0701218000.1            1.00   0.01  0.00  0.00  0.99  0.00  0.00  0.00  0.00  0.00
  0701218000.2            1.00   0.00  0.01  0.00  0.99  0.00  0.00  0.00  0.00  0.00
  0701219000.1            1.00   0.01  0.00  0.00  0.99  0.00  0.00  0.00  0.00  0.00
  0701220000.1            1.80   0.01  0.00  0.00  0.99  0.00  0.00  0.00  0.00  0.00
  0701220000.2           26.66   0.01  0.08  0.00  0.74  0.02  0.16  0.00  0.18  0.00
  0701221000.1            1.03   0.00  0.00  0.00  1.00  0.00  0.00  0.00  0.01  0.00
  0701222000.1            2.33   0.00  0.00  0.00  0.04  0.96  0.00  0.00  1.00  0.00
  0701223000.1            8.57   0.01  0.00  0.00  0.46  0.53  0.00  0.00  0.42  0.00
  0701224000.1            3.59   0.01  0.00  0.00  0.89  0.00  0.00  0.09  0.15  0.00
  0701225000.1            1.16   0.01  0.00  0.00  0.00  0.00  0.00  0.99  0.00  0.00
  0701226000.1            1.00   0.00  0.01  0.00  0.99  0.00  0.00  0.00  0.91  0.00
  0701227000.1            1.00   0.00  0.00  0.00  1.00  0.00  0.00  0.00  0.01  0.00
  0701228000.1           12.44   0.00  0.00  0.00  1.00  0.00  0.00  0.00  0.00  0.00
  0701229000.1            2.08   0.00  0.00  0.00  1.00  0.00  0.00  0.00  0.00  0.00
  0701230000.1            2.10   0.00  0.00  0.00  0.00  0.00  1.00  0.00  0.00  0.00
  0701231000.1            8.09   0.00  0.00  0.00  0.00  0.00  0.00  1.00  0.00  0.00
  0701232000.1            3.08   0.00  0.00  0.00  0.00  1.00  0.00  0.00  1.00  0.00
  0701233000.1            1.01   0.00  0.00  0.00  0.00  1.00  0.00  0.00  0.99  0.00
  0701234000.1            1.20   0.00  0.00  0.00  0.22  0.04  0.00  0.74  0.12  0.00
  0701235000.1            1.27   0.00  0.00  0.00  0.99  0.01  0.00  0.01  0.73  0.00
  0701236000.1            8.06   0.00  0.00  0.00  1.00  0.00  0.00  0.00  0.00  0.00
  0701237000.1           12.35   0.00  0.00  0.00  1.00  0.00  0.00  0.00  0.00  0.00
  0701238000.1            5.92   0.00  0.00  0.00  0.00  1.00  0.00  0.00  0.02  0.00
  0701239000.1           11.20   0.00  0.00  0.00  0.99  0.00  0.00  0.00  0.99  0.00
  0701240000.1            4.45   0.00  0.00  0.00  1.00  0.00  0.00  0.00  0.00  0.00
  0701241000.1           11.01   0.00  0.00  0.00  0.99  0.00  0.00  0.00  0.00  0.00
  0701242000.1            1.46   0.00  0.00  0.00  0.00  0.00  0.99  0.00  0.00  0.00
  0701243000.1            1.74   0.01  0.00  0.00  0.00  0.00  0.00  0.99  0.00  0.00
  0701244000.1            8.56   0.00  0.00  0.00  0.00  0.99  0.00  0.00  0.86  0.00
  0701245000.1           11.87   0.00  0.00  0.00  0.28  0.72  0.00  0.00  0.92  0.00
  0701246000.1            1.00   0.00  0.00  0.00  0.05  0.00  0.00  0.95  0.00  0.00
  0701247000.1            1.00   0.00  0.00  0.00  0.05  0.00  0.00  0.94  0.00  0.00
  0701248000.1            1.00   0.00  0.00  0.00  0.09  0.91  0.00  0.00  0.92  0.00
  0701249000.1            1.00   0.00  0.00  0.00  1.00  0.00  0.00  0.00  0.84  0.00
  0701250000.1           10.59   0.00  0.00  0.00  0.35  0.00  0.64  0.00  0.00  0.00
  0701251000.1            1.00   0.00  0.00  0.00  0.00  0.00  0.00  1.00  0.00  0.00
  0701252000.1            1.00   0.00  0.00  0.00  1.00  0.00  0.00  0.00  1.00  0.00
  0701253000.1            1.56   0.00  0.00  0.00  0.01  0.00  0.00  0.99  0.00  0.00
  0701254000.1            1.21   0.00  0.00  0.00  0.23  0.00  0.00  0.76  0.21  0.00
  0701255000.1            1.00   0.01  0.00  0.00  0.75  0.00  0.00  0.25  0.06  0.00
  0701256000.1            1.61   0.01  0.00  0.00  0.93  0.00  0.00  0.06  0.11  0.00
  0701257000.1            1.00   0.01  0.00  0.00  0.99  0.00  0.00  0.00  0.05  0.00
  0701258000.1            1.00   0.01  0.00  0.00  0.99  0.00  0.00  0.00  0.00  0.00
  0701259000.1            1.00   0.01  0.00  0.00  0.98  0.00  0.00  0.00  0.02  0.00
  0701260000.1            1.00   0.01  0.01  0.00  0.97  0.00  0.00  0.00  0.00  0.00
  0701261000.1            1.00   0.01  0.00  0.00  0.99  0.00  0.00  0.00  0.00  0.00
  CE_sacav_jus.1         54.99   0.00  0.00  0.00  0.01  0.99  0.00  0.00  0.47  0.00
  CE14_link              29.94   0.00  0.00  0.00  0.00  0.00  0.00  1.00  0.00  0.00
  D1.1                    1.00   0.12  0.87  0.00  0.00  0.00  0.00  0.00  0.88  0.00
  D13.1                   1.00   1.00  0.00  0.00  0.00  0.00  0.00  0.00  0.00  0.00
  D13aux.1               75.97   0.00  0.00  0.00  0.00  1.00  0.00  0.00  1.00  0.00
  D18.1                   1.00   0.01  0.00  0.00  0.84  0.15  0.00  0.00  0.01  0.00
  D2.1                    1.77   0.95  0.00  0.00  0.05  0.01  0.00  0.00  1.00  0.00
  D22.1                   1.00   0.88  0.00  0.00  0.11  0.01  0.00  0.00  0.00  0.00
  D23.1                   9.54   0.01  0.00  0.00  0.75  0.24  0.00  0.00  0.05  0.00
  D24.1                   1.61   0.01  0.00  0.00  0.90  0.09  0.00  0.00  0.01  0.00
  D3.3                   31.17   0.23  0.76  0.00  0.00  0.00  0.00  0.00  0.88  0.00
  D32.1                  29.27   0.09  0.40  0.00  0.00  0.50  0.00  0.00  0.98  0.00
  D34.1                   1.00   1.00  0.00  0.00  0.00  0.00  0.00  0.00  0.00  0.00
  D37.1                   1.00   0.92  0.00  0.00  0.05  0.02  0.00  0.00  0.92  0.00
  D4.1                   23.93   1.00  0.00  0.00  0.00  0.00  0.00  0.00  0.00  0.00
  D5.1                    1.22   0.12  0.87  0.00  0.00  0.00  0.00  0.00  0.88  0.00
  D6.1                  248.92   0.01  0.99  0.00  0.00  0.00  0.00  0.00  0.00  0.00
  EE12_link               7.70   0.00  0.00  0.00  1.00  0.00  0.00  0.00  0.00  0.00
  EE13_link               1.00   0.00  0.00  0.00  0.00  0.00  0.00  1.00  0.00  0.00
  EE16_link              27.57   0.00  0.01  0.00  0.16  0.00  0.83  0.00  0.00  0.00
  outETAR.1             117.83   0.00  0.00  0.00  0.00  1.00  0.00  0.00  0.00  0.00
  OutETAR.2               1.00   0.71  0.00  0.00  0.00  0.29  0.00  0.00  0.05  0.00
  Troplein14.1            9.62   0.07  0.93  0.00  0.00  0.00  0.00  0.00  0.00  0.00
  Tropleinsacav.1        15.52   1.00  0.00  0.00  0.00  0.00  0.00  0.00  0.00  0.00
  
  
  *************************
  Conduit Surcharge Summary
  *************************
  
  ----------------------------------------------------------------------------
                                                           Hours        Hours 
                         --------- Hours Full --------   Above Full   Capacity
  Conduit                Both Ends  Upstream  Dnstream   Normal Flow   Limited
  ----------------------------------------------------------------------------
  63                          1.21      1.21     68.02      0.01         0.01
  64                          1.21      1.21      1.97      0.05         0.05
  67                          0.01      0.01      7.56      0.01         0.01
  70.1                        0.01     18.11      0.01      0.26         0.01
  74.1                        0.08      0.08      0.27      0.01         0.01
  75                          0.74      3.90      0.74      3.30         0.74
  86                          1.89      1.89      3.78     45.93         0.01
  87                          0.01      0.01      0.21      0.01         0.01
  88                          5.70      6.22      5.70      8.76         5.70
  0701005000.1                0.01      0.01      0.03      0.01         0.01
  0701006000.1                0.81      0.81      1.25      0.01         0.01
  0701007000.1                1.71      1.71      1.86      0.01         0.01
  0701007002.1                0.01      0.01      1.28      0.01         0.01
  0701007004.1                0.01      0.01      0.01      0.01         0.01
  0701008000.1                1.86      1.86      2.51      0.01         0.01
  0701009000.1                2.55      2.55      3.03      0.01         0.01
  0701010000.1                3.06      3.06      4.44      0.01         0.01
  0701011000.1                4.84      4.84     10.88      0.01         0.01
  0701012000.1                7.87      7.87     54.59      0.01         0.01
  0701027000.1                0.01      0.01      0.01      0.13         0.01
  0701069000.1                0.01      0.01      0.04      0.01         0.01
  0701071000.1                0.01      0.01      0.01      0.71         0.01
  0701072000.1                0.01      0.01      0.07      0.21         0.01
  0701073000.1                0.01      0.01      0.01      0.01         0.01
  0701088000.1                0.01      0.26      0.01      0.01         0.01
  0701098000.1                0.01      0.01      0.01      0.09         0.01
  0701106000.1                0.01      0.01      0.74      0.01         0.01
  0701107000.1               10.03     10.03     11.52      5.84         5.94
  0701108000.1               11.88     11.88     13.67      7.58         7.39
  0701109000.1               11.50     11.50     14.26     23.13         0.01
  0701110000.1                6.85     11.50      6.85     22.10         6.85
  0701111000.1                2.87      7.33      2.87     16.92         2.87
  0701112000.1                0.01      0.01      3.30      0.01         0.01
  0701113000.1                3.75      3.80      5.69      0.01         0.50
  0701114000.1                0.01      0.01      6.54      0.01         0.01
  0701116000.1                0.01      0.01      0.01      0.83         0.01
  0701117000.1                0.01      0.01      0.01      6.13         0.01
  0701119000.1                0.01      0.01      0.01     20.25         0.01
  0701121000.1                0.01      0.01      0.45      0.01         0.01
  0701122000.1                0.01      0.01      0.57     20.09         0.01
  0701123000.1                0.01      0.01      0.01      7.53         0.01
  0701125000.1                0.01      0.01      0.01      2.06         0.01
  0701127000.1                0.01      0.01      0.60      0.01         0.01
  0701128000.1                0.01      0.01      0.84     12.35         0.01
  0701129000.1                0.01      0.01      1.01      0.01         0.01
  0701130000.1                0.68      1.34      0.68      4.46         0.68
  0701131000.1                1.14      1.14      1.44      0.01         0.01
  0701132000.1                0.42      1.57      0.42      9.87         0.42
  0701133000.1                0.01      0.01      0.68     16.77         0.01
  0701135000.1                0.01      0.01      2.06      0.01         0.01
  0701136000.1                2.06      2.06      2.53      0.01         0.01
  0701137000.1                2.68      2.68      2.94      0.01         0.07
  0701138000.1                3.05      3.05      5.90      0.01         0.01
  0701139000.1                6.42      6.42     14.78      0.01         0.01
  0701140000.1               13.14     13.14     14.93      0.01         0.01
  0701141000.1               13.98     13.98     15.40      0.01         0.01
  0701142000.1               15.53     15.53     15.64      0.01         0.81
  0701143000.1               15.84     15.84     16.43      0.01         0.01
  0701144000.1               16.17     16.17     16.59     16.30         0.01
  0701145000.1               16.44     16.44     24.40      0.01         0.01
  0701146000.1               17.03     17.03     25.08      0.01         0.01
  0701151000.1                0.74      0.74      1.13      0.01         0.01
  0701152000.1                1.13      1.13      2.02      0.01         0.01
  0701153000.1                2.26      2.29      2.33      2.44         2.22
  0701154000.1                2.39      2.39      2.92      0.02         0.01
  0701155000.1                2.93      2.93      3.30      1.86         1.83
  0701156000.1                3.31      3.31      4.47      0.01         0.01
  0701157000.1                4.47      4.47      6.52      0.01         0.01
  0701158000.1                6.52      6.52     10.72      0.01         0.01
  0701159000.1               10.72     10.72     13.79      4.77         4.78
  0701160000.1                9.71      9.71     14.57      9.81         0.01
  0701161000.1                0.01      0.01      0.01      0.21         0.01
  0701167000.1                0.01      0.01      0.72      0.01         0.01
  0701170000.1                0.01      0.01     95.09      0.01         0.01
  0701182000.1                0.01      0.01      0.01     13.13         0.01
  0701187000.1                0.01      0.01     27.87      0.01         0.01
  0701190000.1                0.01      0.01      0.01     94.73         0.01
  0701198000.1                0.01      0.01      0.01     16.73         0.01
  0701203000.1                0.01      0.01      0.01      0.08         0.01
  0701204000.1                0.01      0.01      0.11      0.01         0.01
  0701205000.1                0.01      0.01      0.14      0.01         0.01
  0701207000.1                0.01      0.01      0.11      0.01         0.01
  0701208000.1                0.14      0.14      0.16      0.01         0.01
  0701209000.1                0.18      0.18      0.49      0.01         0.01
  0701210000.1                0.16      0.16      0.56      0.01         0.01
  0701211000.1                0.19      0.19      0.49      0.01         0.01
  0701212000.1                0.55      0.55      0.94      0.01         0.01
  0701213000.1                0.27      0.27      1.31      0.01         0.01
  0701214000.1                0.40      0.40     16.63      0.01         0.01
  0701215000.1               16.63     16.63     24.03      0.01         0.01
  0701216000.1               22.75     22.75     24.03     25.46         0.01
  0701217000.1               22.09     22.10     23.35     94.10         0.07
  0701218000.1               94.52     94.52     94.72      0.01         0.01
  0701218000.2               94.52     94.52     94.65      2.40         2.83
  0701219000.1               94.56     94.56     94.74      0.01         0.01
  0701220000.1               94.69     94.69     95.09      0.01         0.01
  0701220000.2                1.31      1.31     94.97      0.01         0.01
  0701221000.1                0.01      0.01     95.11      0.01         0.01
  0701222000.1                0.01      0.01     27.88      0.01         0.01
  0701227000.1                0.01      0.01     94.65      0.01         0.01
  0701228000.1                7.01      7.01     10.86      0.01         0.01
  0701229000.1                4.80      4.80      7.01      9.43         0.01
  0701235000.1                0.01      0.01      0.14      0.01         0.01
  0701236000.1                0.15      0.19      0.70      0.01         0.01
  0701237000.1                8.85      8.85     95.63      0.01         0.01
  0701238000.1                0.01      3.56      0.01      0.01         0.01
  0701245000.1                0.01      0.01      7.85      0.01         0.01
  0701246000.1                3.06      5.70      3.06      7.60         3.06
  0701247000.1                3.42      3.45      4.22      2.91         2.28
  0701248000.1                4.49      4.49      6.22      1.02         1.02
  0701249000.1                6.22      6.22     14.72      1.08         1.09
  0701250000.1                0.01      0.01      0.76      0.01         0.01
  0701255000.1                0.01      0.01      0.01      0.01         0.01
  0701256000.1                0.17      0.17     11.97      0.01         0.01
  0701257000.1               12.77     12.77     19.68      0.01         0.01
  0701258000.1               20.50     20.54     20.55      0.08         9.04
  0701259000.1               20.55     20.55     88.54      0.01         0.01
  0701260000.1               64.23     64.23     88.62      0.01         0.01
  0701261000.1               15.97     20.81     74.00      0.01         0.81
  D13aux.1                    0.01      0.01      3.90      0.01         0.01
  EE12_link                   3.59      3.59      3.78      0.01         0.01
  EE16_link                   0.01      0.01     17.93      0.01         0.01
  
  
  ***************
  Pumping Summary
  ***************
  
  ---------------------------------------------------------------------------------------------------------
                                                  Min       Avg       Max     Total     Power    % Time Off
                        Percent   Number of      Flow      Flow      Flow    Volume     Usage    Pump Curve
  Pump                 Utilized   Start-Ups       LPS       LPS       LPS  10^6 ltr     Kw-hr    Low   High
  ---------------------------------------------------------------------------------------------------------
  EE12.B1                  8.69        1343      0.00     32.90     32.90     0.988     21.42    0.0  100.0
  EE12.B3                 57.29        1505      0.00     32.87     32.90     6.503    170.53    0.0  100.0
  EE12.B2                  4.19         181      0.00     30.00     30.00     0.434      7.87    0.0  100.0
  EE13.B1                  2.56         948      0.00    113.30    113.30     1.003     18.88    0.0  100.0
  EE13.B3                 38.32        2609      0.00    111.58    113.30    14.569    332.76    0.0  100.0
  EE13.B2                  0.42          23      0.00     90.00     90.00     0.129      2.13    0.0  100.0
  EE14.B1                  1.00         495      0.00    208.20    208.20     0.719      9.78    0.0  100.0
  EE14.B3                 28.03        3583      0.00    203.28    208.20    19.335    345.00    0.0  100.0
  EE14.B2                  0.00           0      0.00      0.00      0.00     0.000      0.00    0.0    0.0
  EE15.B1                  0.74         233      0.00    206.00    206.00     0.524      7.68    0.0  100.0
  EE15.B3                 21.42        2821      0.00    120.00    120.00     8.882    160.40    0.0  100.0
  EE15.B2                 21.42        2821      0.00    153.93    154.00    11.388    205.66    0.0  100.0
  EE16.B1                 20.67        1866      0.00    451.40    451.40    32.250    510.23    0.0  100.0
  EE16.B3                 61.22        3762      0.00    120.00    120.00    25.389    546.08    0.0  100.0
  EE16.B2                 61.22        3762      0.00    165.00    165.00    34.910    750.86    0.0  100.0
  EE16.B4                 61.22        3762      0.00    449.92    451.40    94.896   2038.58    0.0  100.0
  EE17.B1                  0.09          39      0.00     18.00     18.00     0.006      0.17    0.0  100.0
  EE17.B2                 18.48        1121      0.00     18.00     18.00     1.149     33.93    0.0  100.0
  EE15.B4                 21.42        2821      0.00    205.52    206.00    15.176    274.08    0.0  100.0
  EE4.B2                   0.00           0      0.00      0.00      0.00     0.000      0.00    0.0    0.0
  EE4.B1                   0.00           0      0.00      0.00      0.00     0.000      0.00    0.0    0.0
  EE6.B2                   0.00           0      0.00      0.00      0.00     0.000      0.00    0.0    0.0
  EE6.B1                   0.00           0      0.00      0.00      0.00     0.000      0.00    0.0    0.0
  EEsacav.B2              53.87        2484      0.00    189.96    190.00    35.360    831.93    0.0  100.0
  EEsacav.B3              53.87        2484      0.00    100.00    100.00    18.618    438.04    0.0  100.0
  EEsacav.B4              53.87        2484      0.00    292.44    294.30    54.135   1273.02    0.0  100.0
  EEsacav.B1               1.78         937      0.00    294.30    294.30     1.809     36.45    0.0  100.0
  Parafuso1               52.07        4062      0.00    514.00    514.00    92.492    763.96    0.0  100.0
  Parafuso2               99.47          55      0.00    514.00    514.00   176.690   1536.97    0.0  100.0
  EE17.B3                 18.48        1121      0.00     18.00     18.00     1.149     33.93    0.0  100.0
  

  Analysis begun on:  Tue Aug  5 12:49:28 2025
  Analysis ended on:  Tue Aug  5 12:50:52 2025
  Total elapsed time: 00:01:24