
  EPA STORM WATER MANAGEMENT MODEL - VERSION 5.2 (Build 5.2.4)
  ------------------------------------------------------------

  Scenario Run :  ORIGINAL_SYS 
  WARNING 04: minimum elevation drop used for Conduit FM-824_22
  WARNING 04: minimum elevation drop used for Conduit FM-LS221
  WARNING 04: minimum elevation drop used for Conduit FM-LS222
  WARNING 04: minimum elevation drop used for Conduit FM-LS251
  WARNING 04: minimum elevation drop used for Conduit GM-824_78
  WARNING 04: minimum elevation drop used for Conduit GM-919_117
  WARNING 04: minimum elevation drop used for Conduit GM-929_161
  WARNING 04: minimum elevation drop used for Conduit GM-929_209
  WARNING 04: minimum elevation drop used for Conduit GM-929_211
  WARNING 04: minimum elevation drop used for Conduit GM-929_221
  WARNING 04: minimum elevation drop used for Conduit GM-929_223
  WARNING 04: minimum elevation drop used for Conduit GM-929_3
  WARNING 04: minimum elevation drop used for Conduit GM-929_44
  WARNING 04: minimum elevation drop used for Conduit GM-930_168
  WARNING 04: minimum elevation drop used for Conduit PX-9609
  WARNING 02: maximum depth increased for Node J-220-OUT
  WARNING 02: maximum depth increased for Node J-221-OUT
  WARNING 02: maximum depth increased for Node J-225-OUT
  WARNING 02: maximum depth increased for Node J-226-OUT
  WARNING 02: maximum depth increased for Node J-230-OUT
  WARNING 02: maximum depth increased for Node JN_919_22
  WARNING 02: maximum depth increased for Node JN_919_9
  WARNING 02: maximum depth increased for Node JN_920_1
  WARNING 02: maximum depth increased for Node JN_920_12
  WARNING 02: maximum depth increased for Node JN_929_19
  WARNING 02: maximum depth increased for Node JN_930_16
  WARNING 02: maximum depth increased for Node JN_930_19
  WARNING 02: maximum depth increased for Node JN_930_24
  WARNING 02: maximum depth increased for Node JN_930_28
  WARNING 02: maximum depth increased for Node JN_930_38
  
  ****************
  Analysis Options
  ****************
  Flow Units ............... GPM
  Process Models:
    Rainfall/Runoff ........ YES
    RDII ................... NO
    Snowmelt ............... NO
    Groundwater ............ NO
    Flow Routing ........... YES
    Ponding Allowed ........ NO
    Water Quality .......... NO
  Flow Routing Method ...... DYNWAVE
  Surcharge Method ......... EXTRAN
  Starting Date ............ 01/01/2002 00:00:00
  Ending Date .............. 01/08/2002 00:00:00
  Antecedent Dry Days ...... 5.0
  Report Time Step ......... 00:15:00
  Routing Time Step ........ 10.00 sec
  Variable Time Step ....... YES
  Maximum Trials ........... 8
  Number of Threads ........ 1
  Head Tolerance ........... 0.001000 ft
  
  
  **************************        Volume        Volume
  Flow Routing Continuity        acre-feet      10^6 gal
  **************************     ---------     ---------
  Dry Weather Inflow .......         2.176         0.709
  Wet Weather Inflow .......         0.000         0.000
  Groundwater Inflow .......         0.000         0.000
  RDII Inflow ..............         0.000         0.000
  External Inflow ..........         0.000         0.000
  External Outflow .........         1.761         0.574
  Flooding Loss ............         0.001         0.000
  Evaporation Loss .........         0.000         0.000
  Exfiltration Loss ........         0.000         0.000
  Initial Stored Volume ....         0.116         0.038
  Final Stored Volume ......         0.440         0.144
  Continuity Error (%) .....         3.899
  
  
  *************************
  Highest Continuity Errors
  *************************
  Node WW-250 (-106.32%)
  Node WW-1002 (-50.98%)
  Node MH_824_61 (50.20%)
  Node WW-242 (38.90%)
  Node WW-247 (33.48%)
  
  
  ***************************
  Time-Step Critical Elements
  ***************************
  None
  
  
  ********************************
  Highest Flow Instability Indexes
  ********************************
  Link GM-930_179 (22)
  Link GM-919_228 (18)
  Link GM-929_198 (17)
  Link GM-919_61 (17)
  Link GM-813_1 (15)
  
  
  *********************************
  Most Frequent Nonconverging Nodes
  *********************************
  Node OFALL-12 (24.58%)
  Node WW-147_BC (24.58%)
  Node WW-232_OUTFALL (24.58%)
  Node MH_919_228 (4.34%)
  Node MH_930_179 (4.08%)
  
  
  *************************
  Routing Time Step Summary
  *************************
  Minimum Time Step           :     0.23 sec
  Average Time Step           :     9.93 sec
  Maximum Time Step           :    10.00 sec
  % of Time in Steady State   :     0.00
  Average Iterations per Step :     4.77
  % of Steps Not Converging   :    24.58
  Time Step Frequencies       :
     10.000 -  1.585 sec      :    99.98 %
      1.585 -  0.251 sec      :     0.01 %
      0.251 -  0.040 sec      :     0.00 %
      0.040 -  0.006 sec      :     0.00 %
      0.006 -  0.001 sec      :     0.00 %
  
  
  ******************
  Node Depth Summary
  ******************
  
  ---------------------------------------------------------------------------------
                                 Average  Maximum  Maximum  Time of Max    Reported
                                   Depth    Depth      HGL   Occurrence   Max Depth
  Node                 Type         Feet     Feet     Feet  days hr:min        Feet
  ---------------------------------------------------------------------------------
  J-1002-OUT           JUNCTION     7.61    14.99    22.49     0  00:07       14.46
  J-1003-OUT           JUNCTION     4.06    91.20   102.80     0  00:05       78.32
  J-147-OUT            JUNCTION     4.01    38.36    47.96     0  00:00        3.97
  J-220-OUT            JUNCTION     2.20    15.24    21.24     5  21:56       11.69
  J-221-OUT            JUNCTION     0.79    15.32    23.32     6  03:43       15.09
  J-222-OUT            JUNCTION     0.00     0.00     5.00     0  00:00        0.00
  J-223-OUT            JUNCTION     0.21    36.95    46.95     6  17:26       36.77
  J-224-OUT            JUNCTION     0.07    17.29    28.29     0  00:01        5.70
  J-225-OUT            JUNCTION     2.53    30.79    35.99     5  18:01       26.76
  J-226-OUT            JUNCTION     2.18    78.17    83.17     0  00:00       29.99
  J-227-OUT            JUNCTION     0.14    28.66    36.96     6  07:42       27.20
  J-228-OUT            JUNCTION     0.14    12.15    31.75     4  20:12       11.47
  J-229-OUT            JUNCTION     0.50    64.77    69.77     0  00:00       56.52
  J-230-OUT            JUNCTION     9.80    46.52    51.02     6  22:02       44.94
  J-231-OUT            JUNCTION     0.60    21.38    25.88     2  01:17       20.04
  J-232-OUT            JUNCTION     5.42    54.30    61.30     0  00:00        5.33
  J-242-OUT            JUNCTION     0.00     0.00    12.30     0  00:00        0.00
  J-243-OUT            JUNCTION     0.03     5.99    23.69     5  21:55        4.96
  J-246-OUT            JUNCTION     0.05    42.80    60.70     0  00:02        1.34
  J-247-OUT            JUNCTION     0.00     0.00     7.00     0  00:00        0.00
  J-250-OUT            JUNCTION     2.50    12.36    23.86     0  00:00       10.27
  J-251-OUT            JUNCTION     0.00     0.00     8.50     0  00:00        0.00
  J-258-OUT            JUNCTION     0.00     0.49     8.89     0  00:01        0.01
  JN_824_1             JUNCTION     4.65    43.09    52.09     0  00:00        4.62
  JN_824_10            JUNCTION     0.07    30.91    44.81     0  00:06        0.47
  JN_824_2             JUNCTION     0.00     0.00     8.50     0  00:00        0.00
  JN_824_20            JUNCTION     0.00     0.00     9.20     0  00:00        0.00
  JN_824_21            JUNCTION     1.35    62.54    76.34     0  00:00        6.82
  JN_824_22            JUNCTION     0.13    39.77    54.77     0  00:02        5.47
  JN_824_25            JUNCTION     0.01     0.24    15.24     0  00:06        0.16
  JN_824_26            JUNCTION     0.00     0.13    15.63     5  21:56        0.13
  JN_824_8             JUNCTION     4.50    32.39    41.89     0  00:00       12.10
  JN_825_10            JUNCTION     0.00     0.00     5.00     0  00:00        0.00
  JN_825_6             JUNCTION     4.96    91.84   102.54     0  00:05       78.92
  JN_825_7             JUNCTION     5.11    12.31    22.31     0  00:07       11.88
  JN_919_22            JUNCTION     0.14    13.74    24.74     2  22:25        8.56
  JN_919_26            JUNCTION     0.46    15.59    26.19     0  00:01        4.97
  JN_919_3             JUNCTION     0.20    38.17    43.17     6  17:26       37.48
  JN_919_9             JUNCTION     0.84    39.06    47.06     2  22:06       14.79
  JN_920_1             JUNCTION     1.96    29.87    35.87     5  18:01       25.32
  JN_920_12            JUNCTION     5.75    41.60    50.90     6  22:02       39.99
  JN_920_23            JUNCTION     0.30    26.46    31.46     2  01:17       19.22
  JN_929_19            JUNCTION     0.24     9.99    24.99     5  01:03        6.89
  JN_929_40            JUNCTION     0.13    11.67    30.17     4  20:12       10.65
  JN_929_43            JUNCTION     3.85    67.61    76.21     0  00:01        3.78
  JN_929_5             JUNCTION     0.02     8.92    23.92     6  07:44        7.82
  JN_930_16            JUNCTION     2.89    15.72    21.02     5  21:56       12.19
  JN_930_19            JUNCTION     0.09     4.14    14.14     4  21:57        3.55
  JN_930_24            JUNCTION     2.98    27.81    34.41     5  18:01       14.52
  JN_930_28            JUNCTION     1.24    25.17    34.07     5  18:02       13.72
  JN_930_38            JUNCTION     0.18    23.34    33.54     5  18:00       20.79
  JX-6929              JUNCTION     0.20    40.27    45.27     6  17:25       37.47
  MH_813_1             JUNCTION     2.43     5.60     4.10     6  17:20        5.59
  MH_813_2             JUNCTION     2.89     6.10     4.10     6  17:20        6.09
  MH_813_3             JUNCTION     3.38     6.60     4.10     6  17:20        6.59
  MH_824_1             JUNCTION     0.01     0.01     1.91     0  21:30        0.01
  MH_824_10            JUNCTION     0.88     3.02    -0.88     7  00:00        3.02
  MH_824_100           JUNCTION     0.01     0.01    13.21     6  22:00        0.01
  MH_824_101           JUNCTION     0.01     0.01    11.21     6  22:00        0.01
  MH_824_102           JUNCTION     0.01     0.01     9.21     6  22:00        0.01
  MH_824_103           JUNCTION     0.00     0.00    17.20     6  22:00        0.00
  MH_824_104           JUNCTION     0.01     0.02     8.62     6  22:00        0.02
  MH_824_105           JUNCTION     0.00     0.00     6.80     0  00:00        0.00
  MH_824_106           JUNCTION     0.01     0.01     5.51     6  22:00        0.01
  MH_824_107           JUNCTION     0.00     0.00     5.30     6  22:00        0.00
  MH_824_108           JUNCTION     0.06     0.70     4.10     6  17:21        0.69
  MH_824_109           JUNCTION     0.01     0.70    14.80     5  21:54        0.66
  MH_824_11            JUNCTION     0.01     0.01     2.61     6  20:58        0.01
  MH_824_110           JUNCTION     0.00     0.01     9.11     1  22:00        0.01
  MH_824_111           JUNCTION     0.00     0.00    14.40     0  00:20        0.00
  MH_824_112           JUNCTION     0.00     0.00    10.60     6  22:00        0.00
  MH_824_113           JUNCTION     0.01     0.01    14.41     0  08:00        0.01
  MH_824_114           JUNCTION     0.12     2.20    14.80     5  21:54        2.16
  MH_824_115           JUNCTION     0.06     1.71    14.81     5  21:54        1.66
  MH_824_116           JUNCTION     0.51     4.00    14.80     5  21:53        3.96
  MH_824_117           JUNCTION     0.01     0.01    14.81     0  07:42        0.01
  MH_824_118           JUNCTION     0.01     0.01    16.31     0  07:20        0.01
  MH_824_119           JUNCTION     0.01     0.01     4.11     3  22:00        0.01
  MH_824_12            JUNCTION     0.01     0.01     1.81     6  22:00        0.01
  MH_824_120           JUNCTION     0.00     0.00    11.10     6  22:00        0.00
  MH_824_121           JUNCTION     0.16     1.30     4.10     6  17:21        1.29
  MH_824_122           JUNCTION     1.51     4.40     4.10     6  17:21        4.39
  MH_824_123           JUNCTION     1.94     5.00     4.10     6  17:20        4.99
  MH_824_124           JUNCTION     0.00     0.00     8.70     6  22:00        0.00
  MH_824_125           JUNCTION     0.68     2.90     4.10     6  17:21        2.89
  MH_824_126           JUNCTION     0.36     2.10     4.10     6  17:21        2.09
  MH_824_127           JUNCTION     0.00     0.01    10.91     5  07:40        0.01
  MH_824_128           JUNCTION     1.09     5.50    14.80     5  21:54        5.46
  MH_824_129           JUNCTION     0.00     0.01    11.21     6  22:00        0.01
  MH_824_13            JUNCTION     2.18     5.02    -0.88     7  00:00        5.02
  MH_824_130           JUNCTION     0.00     0.00     9.70     6  22:00        0.00
  MH_824_131           JUNCTION     0.00     0.00    12.40     6  22:00        0.00
  MH_824_132           JUNCTION     0.54     4.11    14.81     5  21:54        4.06
  MH_824_133           JUNCTION     1.25     5.80    14.80     5  21:54        5.76
  MH_824_134           JUNCTION     0.00     0.01    15.21     1  22:00        0.01
  MH_824_135           JUNCTION     0.01     0.01    14.81     6  22:00        0.01
  MH_824_136           JUNCTION     0.01     0.01    12.91     6  22:00        0.01
  MH_824_137           JUNCTION     0.01     0.01    14.61     6  22:00        0.01
  MH_824_138           JUNCTION     0.00     0.00     8.20     0  00:00        0.00
  MH_824_139           JUNCTION     0.01     0.01    12.01     6  22:00        0.01
  MH_824_14            JUNCTION     0.01     0.02     1.02     6  22:00        0.02
  MH_824_140           JUNCTION     3.16     8.80    14.80     5  21:53        8.76
  MH_824_141           JUNCTION     1.87     6.90    14.80     5  21:54        6.86
  MH_824_142           JUNCTION     2.57     8.00    14.80     5  21:54        7.96
  MH_824_143           JUNCTION     0.01     0.01    13.21     0  07:27        0.01
  MH_824_144           JUNCTION     0.01     0.01    11.41     6  21:35        0.01
  MH_824_145           JUNCTION     0.01     0.01     7.21     1  21:40        0.01
  MH_824_146           JUNCTION     0.01     0.01    13.61     6  22:00        0.01
  MH_824_147           JUNCTION     0.50     2.50     4.10     6  17:20        2.49
  MH_824_148           JUNCTION     2.25     5.40     4.10     6  17:20        5.39
  MH_824_149           JUNCTION     1.03     3.60     4.10     6  17:20        3.59
  MH_824_15            JUNCTION     0.17     1.22    -0.88     6  23:59        1.22
  MH_824_150           JUNCTION     0.01     0.01    14.21     3  07:59        0.01
  MH_824_151           JUNCTION     0.01     0.01     4.21     1  21:56        0.01
  MH_824_152           JUNCTION     1.65     4.60     4.10     6  17:20        4.59
  MH_824_153           JUNCTION     4.01     9.80    14.80     5  21:54        9.76
  MH_824_154           JUNCTION     0.00     0.00    10.50     5  20:54        0.00
  MH_824_155           JUNCTION     0.01     0.01    11.21     6  22:00        0.01
  MH_824_156           JUNCTION     0.01     0.01    13.11     6  22:00        0.01
  MH_824_157           JUNCTION     0.01     0.02    11.82     6  22:00        0.02
  MH_824_158           JUNCTION     0.02     0.02    10.22     6  22:00        0.02
  MH_824_159           JUNCTION     0.16     2.40    14.80     5  21:53        2.36
  MH_824_16            JUNCTION     0.04     0.52    -0.88     6  23:58        0.52
  MH_824_160           JUNCTION     0.00     0.26    11.96     5  21:57        0.24
  MH_824_161           JUNCTION     0.01     0.01    11.01     6  22:00        0.01
  MH_824_162           JUNCTION     0.02     0.03     9.63     6  22:00        0.03
  MH_824_163           JUNCTION     0.01     0.01    12.21     6  22:00        0.01
  MH_824_164           JUNCTION     0.00     0.00    16.20     6  21:35        0.00
  MH_824_17            JUNCTION     0.02     0.02    -0.08     6  20:42        0.02
  MH_824_18            JUNCTION     0.00     0.00     3.60     0  21:31        0.00
  MH_824_19            JUNCTION     2.85     5.82    -0.88     6  23:59        5.82
  MH_824_2             JUNCTION     0.01     0.01     0.81     0  21:53        0.01
  MH_824_20            JUNCTION     0.02     0.02    -0.48     3  22:00        0.02
  MH_824_21            JUNCTION     0.00     0.00     4.30     6  22:00        0.00
  MH_824_22            JUNCTION     0.00     0.01     2.41     6  22:00        0.01
  MH_824_23            JUNCTION     0.01     0.01     2.11     6  22:00        0.01
  MH_824_24            JUNCTION     0.00     0.00     5.30     0  00:27        0.00
  MH_824_25            JUNCTION     3.13    14.80     7.80     0  00:00        6.12
  MH_824_26            JUNCTION     0.00     0.00     3.50     0  00:25        0.00
  MH_824_27            JUNCTION     0.00     0.00     1.30     6  22:00        0.00
  MH_824_28            JUNCTION     0.00     0.00     0.20     6  21:02        0.00
  MH_824_29            JUNCTION     0.00     0.00    -0.90     6  21:27        0.00
  MH_824_3             JUNCTION     0.01     0.01     0.21     3  22:00        0.01
  MH_824_30            JUNCTION     0.01     0.08    -1.22     6  23:57        0.08
  MH_824_31            JUNCTION     0.00     0.00     3.50     0  07:20        0.00
  MH_824_32            JUNCTION     0.00     0.00     2.90     0  07:48        0.00
  MH_824_33            JUNCTION     1.74     4.42    -0.88     6  23:59        4.42
  MH_824_34            JUNCTION     2.50     5.42    -0.88     6  23:59        5.42
  MH_824_35            JUNCTION     0.11     0.68    -1.22     6  23:57        0.68
  MH_824_36            JUNCTION     0.00     0.00     2.00     6  22:00        0.00
  MH_824_37            JUNCTION     0.27     0.99    -1.21     6  23:56        0.98
  MH_824_38            JUNCTION     0.51     1.28    -1.22     6  23:59        1.28
  MH_824_39            JUNCTION     0.00     0.00     1.80     6  22:00        0.00
  MH_824_4             JUNCTION     0.01     0.01     1.61     0  20:57        0.01
  MH_824_40            JUNCTION     0.01     0.01     0.41     0  08:00        0.01
  MH_824_41            JUNCTION     0.00     0.00     7.30     6  22:00        0.00
  MH_824_42            JUNCTION     0.00     0.00     4.50     6  22:00        0.00
  MH_824_43            JUNCTION     0.00     0.00     3.20     3  22:00        0.00
  MH_824_44            JUNCTION     0.00     0.01     0.51     6  21:45        0.01
  MH_824_45            JUNCTION     0.00     0.01    -0.99     0  21:55        0.01
  MH_824_46            JUNCTION     0.01     0.01     1.31     1  08:00        0.01
  MH_824_47            JUNCTION     0.93     3.12    -0.88     6  23:59        3.12
  MH_824_48            JUNCTION     0.01     0.01     1.11     6  21:17        0.01
  MH_824_49            JUNCTION     0.00     0.00     6.40     6  22:00        0.00
  MH_824_5             JUNCTION     0.01     0.02    -0.88     7  00:00        0.02
  MH_824_50            JUNCTION     0.01     0.01     3.81     1  07:45        0.01
  MH_824_51            JUNCTION     0.00     0.01     2.91     6  21:45        0.01
  MH_824_52            JUNCTION     0.00     0.00     7.20     0  00:00        0.00
  MH_824_53            JUNCTION     0.00     0.00     2.50     6  21:29        0.00
  MH_824_54            JUNCTION     0.00     0.00     3.30     4  01:53        0.00
  MH_824_55            JUNCTION     0.00     0.00     2.70     6  21:12        0.00
  MH_824_56            JUNCTION     0.00     0.00     4.20     0  00:00        0.00
  MH_824_57            JUNCTION     0.00     0.00     3.60     1  07:43        0.00
  MH_824_58            JUNCTION     0.00     0.00     4.50     6  22:00        0.00
  MH_824_59            JUNCTION     0.00     0.00     3.00     0  07:48        0.00
  MH_824_6             JUNCTION     0.45     2.12    -0.88     7  00:00        2.12
  MH_824_60            JUNCTION     0.44     2.13    -0.87     6  23:59        2.12
  MH_824_61            JUNCTION     0.06     0.72    -0.88     6  23:52        0.72
  MH_824_62            JUNCTION     0.01     0.01     4.01     6  22:00        0.01
  MH_824_63            JUNCTION     0.01     0.06     0.16     0  00:00        0.02
  MH_824_64            JUNCTION     0.01     0.01     0.01     3  22:00        0.01
  MH_824_65            JUNCTION     0.00     0.00     4.30     6  22:00        0.00
  MH_824_66            JUNCTION     0.00     0.00     6.00     0  00:00        0.00
  MH_824_67            JUNCTION     0.02     0.02     1.52     6  22:00        0.02
  MH_824_68            JUNCTION     0.00     0.00     5.00     6  22:00        0.00
  MH_824_69            JUNCTION     0.00     0.00    10.10     0  00:00        0.00
  MH_824_7             JUNCTION     0.16     1.22    -0.88     6  23:58        1.22
  MH_824_70            JUNCTION     0.01     0.02     8.52     6  22:00        0.02
  MH_824_71            JUNCTION     0.00     0.00    10.00     6  22:00        0.00
  MH_824_72            JUNCTION     0.01     0.01     7.81     2  22:00        0.01
  MH_824_73            JUNCTION     0.00     0.00     9.10     6  22:00        0.00
  MH_824_74            JUNCTION     0.00     0.01     7.81     6  22:00        0.01
  MH_824_75            JUNCTION     0.01     0.05     7.25     7  00:00        0.05
  MH_824_76            JUNCTION     0.00     0.00     8.90     6  22:00        0.00
  MH_824_77            JUNCTION     0.01     0.01     8.21     6  22:00        0.01
  MH_824_78            JUNCTION     0.02     0.02     8.22     6  22:00        0.02
  MH_824_79            JUNCTION     0.00     0.00    13.10     3  22:00        0.00
  MH_824_8             JUNCTION     0.77     2.82    -0.88     6  23:59        2.81
  MH_824_80            JUNCTION     0.01     0.02     7.32     6  22:00        0.02
  MH_824_81            JUNCTION     0.00     0.00    11.60     4  21:11        0.00
  MH_824_82            JUNCTION     0.68     2.77     5.97     6  23:59        2.76
  MH_824_83            JUNCTION     0.23     1.67     5.97     6  23:59        1.66
  MH_824_84            JUNCTION     0.37     2.07     5.97     6  23:58        2.06
  MH_824_85            JUNCTION     0.04     0.46     5.96     6  23:57        0.46
  MH_824_86            JUNCTION     0.01     0.01     6.31     6  22:00        0.01
  MH_824_87            JUNCTION     0.00     0.00    10.90     4  21:48        0.00
  MH_824_88            JUNCTION     1.04     3.37     5.97     6  23:59        3.36
  MH_824_89            JUNCTION     1.41     3.86     5.96     6  23:54        3.86
  MH_824_9             JUNCTION     0.01     0.01     2.81     4  21:42        0.01
  MH_824_90            JUNCTION     0.01     0.01     7.61     3  22:00        0.01
  MH_824_91            JUNCTION     0.00     0.00     8.70     6  22:00        0.00
  MH_824_92            JUNCTION     0.00     0.00    11.40     0  00:18        0.00
  MH_824_93            JUNCTION     0.00     0.01     7.81     6  22:00        0.01
  MH_824_94            JUNCTION     0.01     0.01     7.11     6  22:00        0.01
  MH_824_95            JUNCTION     0.02     0.03     5.63     5  22:00        0.03
  MH_824_96            JUNCTION     0.01     0.01     5.81     6  22:00        0.01
  MH_824_97            JUNCTION     0.01     0.01    10.31     6  22:00        0.01
  MH_824_98            JUNCTION     0.01     0.01    11.71     6  22:00        0.01
  MH_824_99            JUNCTION     0.01     0.01    14.61     6  22:00        0.01
  MH_825_10            JUNCTION     0.01     0.01     0.31     3  21:29        0.01
  MH_825_11            JUNCTION     3.35     7.96    -1.14     6  23:58        7.96
  MH_825_12            JUNCTION     0.01     0.01     4.21     3  21:25        0.01
  MH_825_13            JUNCTION     0.01     0.01     6.51     5  07:51        0.01
  MH_825_14            JUNCTION     0.00     0.00    11.40     1  21:44        0.00
  MH_825_2             JUNCTION     0.00     0.56     2.96     0  00:02        0.02
  MH_825_3             JUNCTION     0.01     5.77     7.47     0  00:01        0.63
  MH_825_4             JUNCTION     0.00     2.35     4.25     0  00:03        0.41
  MH_825_5             JUNCTION     0.02     6.30    11.70     0  00:00        1.10
  MH_825_6             JUNCTION     0.01     0.01    11.81     6  21:28        0.01
  MH_825_7             JUNCTION     0.01     0.03     8.13     0  00:00        0.01
  MH_825_8             JUNCTION     0.14     1.06    -1.14     6  23:59        1.05
  MH_825_9             JUNCTION     0.07     0.66    -1.14     7  00:00        0.66
  MH_919_1             JUNCTION     0.03     0.17     9.47     0  00:22        0.16
  MH_919_10            JUNCTION     0.01     0.01     5.21     6  22:00        0.01
  MH_919_100           JUNCTION     0.01     0.01    10.31     6  22:00        0.01
  MH_919_101           JUNCTION     0.01     0.01     5.31     6  22:00        0.01
  MH_919_102           JUNCTION     0.02     0.02    10.02     2  20:39        0.02
  MH_919_103           JUNCTION     0.03     0.04     5.44     6  22:00        0.04
  MH_919_104           JUNCTION     0.01     0.01     4.51     6  22:00        0.01
  MH_919_105           JUNCTION     0.05     0.06    -0.94     6  22:00        0.06
  MH_919_106           JUNCTION     0.01     0.01    11.71     6  22:00        0.01
  MH_919_107           JUNCTION     0.01     0.01    10.61     6  22:00        0.01
  MH_919_108           JUNCTION     0.01     0.01     4.41     6  22:00        0.01
  MH_919_109           JUNCTION     1.76     5.50     7.50     6  03:43        5.49
  MH_919_11            JUNCTION     0.02     0.02    13.22     6  22:00        0.02
  MH_919_110           JUNCTION     0.01     0.02     4.42     6  22:00        0.02
  MH_919_111           JUNCTION     1.70     5.41     7.51     6  03:43        5.39
  MH_919_112           JUNCTION     0.02     0.02     8.52     6  22:00        0.02
  MH_919_113           JUNCTION     0.01     0.01     5.11     0  21:51        0.01
  MH_919_114           JUNCTION     0.01     0.01    11.71     6  22:00        0.01
  MH_919_115           JUNCTION     0.01     0.02     3.32     6  22:00        0.02
  MH_919_116           JUNCTION     0.02     0.02     2.52     6  22:00        0.02
  MH_919_117           JUNCTION     0.06     0.07     2.57     6  22:00        0.07
  MH_919_118           JUNCTION     0.01     0.01     5.81     0  21:31        0.01
  MH_919_119           JUNCTION     1.22     4.61     7.51     6  03:43        4.59
  MH_919_12            JUNCTION     0.02     0.02    12.12     6  22:00        0.02
  MH_919_120           JUNCTION     0.05     0.07    -0.03     6  22:02        0.07
  MH_919_121           JUNCTION     0.06     0.07     0.27     6  22:27        0.07
  MH_919_122           JUNCTION     0.05     0.07     0.57     6  22:02        0.07
  MH_919_123           JUNCTION     0.02     0.03     4.43     6  22:00        0.03
  MH_919_124           JUNCTION     0.04     0.05     1.05     6  22:00        0.05
  MH_919_125           JUNCTION     0.04     0.04     1.94     6  22:00        0.04
  MH_919_126           JUNCTION     0.04     0.04     2.64     6  22:00        0.04
  MH_919_127           JUNCTION     0.88     3.90     7.50     6  03:43        3.89
  MH_919_128           JUNCTION     0.01     0.01     3.51     6  22:00        0.01
  MH_919_129           JUNCTION     0.03     0.04     4.14     6  22:00        0.04
  MH_919_13            JUNCTION     0.04     0.17     7.97     0  00:30        0.17
  MH_919_130           JUNCTION     0.01     0.02     1.72     6  22:00        0.02
  MH_919_131           JUNCTION     0.03     0.03     3.03     6  22:00        0.03
  MH_919_132           JUNCTION     0.03     0.03     0.23     6  22:00        0.03
  MH_919_133           JUNCTION     0.01     0.01     5.11     6  22:00        0.01
  MH_919_134           JUNCTION     0.02     0.20     7.50     2  22:04        0.20
  MH_919_135           JUNCTION     0.08     1.11     7.51     2  22:03        1.09
  MH_919_136           JUNCTION     1.11     4.41     7.51     2  22:01        4.39
  MH_919_137           JUNCTION     0.56     3.11     7.51     6  03:43        3.09
  MH_919_138           JUNCTION     0.30     2.30     7.50     6  03:41        2.29
  MH_919_139           JUNCTION     0.01     0.01     9.41     6  22:00        0.01
  MH_919_14            JUNCTION     0.01     0.01    16.01     6  22:00        0.01
  MH_919_140           JUNCTION     0.00     0.01     8.01     6  22:00        0.01
  MH_919_141           JUNCTION     0.59     3.21     7.51     6  03:43        3.19
  MH_919_142           JUNCTION     0.01     0.01    10.61     6  22:00        0.01
  MH_919_143           JUNCTION     0.04     0.04     0.44     6  22:00        0.04
  MH_919_144           JUNCTION     0.01     0.01     7.91     0  21:57        0.01
  MH_919_145           JUNCTION     0.01     0.01    10.01     6  22:00        0.01
  MH_919_146           JUNCTION     0.01     0.01     6.91     6  22:00        0.01
  MH_919_147           JUNCTION     0.01     0.01     4.21     6  22:00        0.01
  MH_919_148           JUNCTION     0.66     3.41     7.51     6  03:43        3.39
  MH_919_149           JUNCTION     0.35     2.51     7.51     6  03:43        2.49
  MH_919_15            JUNCTION     0.02     0.02    14.72     6  22:00        0.02
  MH_919_150           JUNCTION     0.02     0.02     6.42     6  22:00        0.02
  MH_919_151           JUNCTION     0.01     0.01     8.11     6  22:00        0.01
  MH_919_152           JUNCTION     0.00     0.00     9.60     0  22:00        0.00
  MH_919_153           JUNCTION     0.01     0.01     6.11     6  22:00        0.01
  MH_919_154           JUNCTION     0.02     0.02     5.02     6  21:28        0.02
  MH_919_155           JUNCTION     0.02     0.03     1.63     6  22:00        0.03
  MH_919_156           JUNCTION     0.27     2.21     7.51     6  03:40        2.19
  MH_919_157           JUNCTION     0.01     0.01     8.51     6  22:00        0.01
  MH_919_158           JUNCTION     0.44     2.80     7.50     6  03:41        2.79
  MH_919_159           JUNCTION     0.01     0.01     8.01     6  22:00        0.01
  MH_919_16            JUNCTION     0.02     0.02    14.82     1  21:32        0.02
  MH_919_160           JUNCTION     0.01     0.01     5.21     6  22:00        0.01
  MH_919_161           JUNCTION     0.29     2.31     7.51     6  03:43        2.29
  MH_919_162           JUNCTION     0.02     0.02     3.12     6  22:00        0.02
  MH_919_163           JUNCTION     0.01     0.01     5.31     6  22:00        0.01
  MH_919_164           JUNCTION     0.02     0.02     5.22     6  22:00        0.02
  MH_919_165           JUNCTION     0.02     0.03     4.03     6  22:00        0.03
  MH_919_166           JUNCTION     0.01     0.01     6.51     6  22:00        0.01
  MH_919_167           JUNCTION     0.00     0.01     8.61     6  22:00        0.01
  MH_919_168           JUNCTION     0.01     0.01     8.01     1  21:38        0.01
  MH_919_169           JUNCTION     0.01     0.01     3.91     6  22:00        0.01
  MH_919_17            JUNCTION     0.01     0.22     9.32     5  22:01        0.21
  MH_919_170           JUNCTION     0.00     0.01     6.91     0  07:22        0.01
  MH_919_171           JUNCTION     0.01     0.02     7.52     3  22:00        0.02
  MH_919_172           JUNCTION     0.01     0.01     7.51     6  22:00        0.01
  MH_919_173           JUNCTION     0.01     0.02     4.52     6  22:00        0.02
  MH_919_174           JUNCTION     0.00     0.01     5.31     6  22:00        0.01
  MH_919_175           JUNCTION     0.01     0.01     5.51     6  22:00        0.01
  MH_919_176           JUNCTION     0.01     0.01     6.61     6  22:00        0.01
  MH_919_177           JUNCTION     0.02     0.02     5.82     1  07:39        0.02
  MH_919_178           JUNCTION     0.01     0.01     6.11     6  22:00        0.01
  MH_919_179           JUNCTION     0.01     0.01     6.81     6  22:00        0.01
  MH_919_18            JUNCTION     0.02     0.24     8.94     5  22:05        0.24
  MH_919_180           JUNCTION     0.01     0.01     7.81     6  22:00        0.01
  MH_919_181           JUNCTION     0.01     0.01     6.61     6  22:00        0.01
  MH_919_182           JUNCTION     0.02     0.03     4.73     6  22:00        0.03
  MH_919_183           JUNCTION     0.00     0.00     9.30     1  21:15        0.00
  MH_919_184           JUNCTION     0.02     0.02    -0.58     6  21:57        0.02
  MH_919_185           JUNCTION     0.03     0.20    -0.80     6  17:25        0.20
  MH_919_186           JUNCTION     0.00     0.00     7.20     6  22:00        0.00
  MH_919_187           JUNCTION     0.01     0.01     1.91     6  22:00        0.01
  MH_919_188           JUNCTION     0.00     0.01     4.51     6  22:00        0.01
  MH_919_189           JUNCTION     0.00     0.00     5.80     6  21:16        0.00
  MH_919_19            JUNCTION     0.01     0.01     8.51     6  22:00        0.01
  MH_919_190           JUNCTION     0.29     0.91    -0.79     6  17:22        0.90
  MH_919_191           JUNCTION     0.24     0.81    -0.79     6  17:24        0.80
  MH_919_192           JUNCTION     0.01     0.02     0.12     6  22:00        0.02
  MH_919_193           JUNCTION     0.01     0.01     1.71     6  22:00        0.01
  MH_919_194           JUNCTION     0.01     0.01     2.91     6  22:00        0.01
  MH_919_195           JUNCTION     0.00     0.01     9.01     5  22:00        0.01
  MH_919_196           JUNCTION     0.01     0.01     4.01     5  21:24        0.01
  MH_919_197           JUNCTION     0.03     0.27     3.57     6  10:34        0.20
  MH_919_198           JUNCTION     0.00     0.01    10.41     1  21:54        0.01
  MH_919_199           JUNCTION     0.01     0.01     7.01     6  22:00        0.01
  MH_919_2             JUNCTION     0.03     0.17    11.87     0  00:23        0.16
  MH_919_20            JUNCTION     0.01     0.01    10.11     0  21:49        0.01
  MH_919_200           JUNCTION     0.91     3.41     3.81     2  21:18        3.10
  MH_919_201           JUNCTION     1.28     4.18     3.88     2  21:18        3.80
  MH_919_202           JUNCTION     0.45     2.39     3.79     2  21:18        2.10
  MH_919_203           JUNCTION     0.21     1.66     3.76     2  21:17        1.40
  MH_919_204           JUNCTION     0.10     1.26     3.86     2  21:17        0.90
  MH_919_205           JUNCTION     0.02     0.02     1.72     0  08:00        0.02
  MH_919_206           JUNCTION     0.01     0.01     2.41     0  21:55        0.01
  MH_919_207           JUNCTION     0.02     0.03     4.53     6  22:02        0.03
  MH_919_208           JUNCTION     0.01     0.02     1.32     6  21:35        0.02
  MH_919_209           JUNCTION     0.02     0.03     5.03     2  22:00        0.03
  MH_919_21            JUNCTION     0.01     0.01    10.61     6  22:00        0.01
  MH_919_210           JUNCTION     0.02     0.02     5.62     6  22:00        0.02
  MH_919_211           JUNCTION     0.01     0.01     8.41     6  21:08        0.01
  MH_919_212           JUNCTION     0.01     0.01     4.11     6  22:00        0.01
  MH_919_213           JUNCTION     0.03     0.04     5.84     6  22:00        0.04
  MH_919_214           JUNCTION     0.01     0.01     4.71     6  21:28        0.01
  MH_919_215           JUNCTION     0.03     1.65     4.55     6  10:31        0.60
  MH_919_216           JUNCTION     0.01     0.01     9.51     0  07:14        0.01
  MH_919_217           JUNCTION     0.01     0.01     5.21     6  22:00        0.01
  MH_919_218           JUNCTION     0.00     0.01     9.21     6  22:00        0.01
  MH_919_219           JUNCTION     0.01     0.01     7.51     6  22:00        0.01
  MH_919_22            JUNCTION     0.01     0.02     9.42     6  22:00        0.02
  MH_919_220           JUNCTION     0.02     0.03     6.83     6  22:00        0.03
  MH_919_221           JUNCTION     4.25     8.01     3.61     2  21:18        7.90
  MH_919_222           JUNCTION     0.01     0.01     6.21     4  07:29        0.01
  MH_919_223           JUNCTION     0.38     2.11     3.61     6  10:31        2.00
  MH_919_224           JUNCTION     0.01     0.01     4.01     2  07:17        0.01
  MH_919_225           JUNCTION     0.01     0.01     8.21     6  22:00        0.01
  MH_919_226           JUNCTION     0.00     0.00     6.30     0  00:00        0.00
  MH_919_227           JUNCTION     0.02     0.02     7.22     6  22:00        0.02
  MH_919_228           JUNCTION     3.75     7.43     3.53     2  21:18        7.40
  MH_919_229           JUNCTION     0.89     3.12     3.52     2  21:18        3.10
  MH_919_23            JUNCTION     0.00     0.00    12.60     6  22:00        0.00
  MH_919_230           JUNCTION     0.74     2.82     3.52     2  21:18        2.80
  MH_919_231           JUNCTION     0.00     0.01     9.51     0  07:19        0.01
  MH_919_232           JUNCTION     0.00     0.00     8.90     0  07:52        0.00
  MH_919_233           JUNCTION     0.21     1.50     3.50     4  08:45        1.50
  MH_919_234           JUNCTION     0.01     0.10     3.50     5  16:52        0.09
  MH_919_24            JUNCTION     0.01     0.01    11.51     0  21:54        0.01
  MH_919_25            JUNCTION     0.01     0.01     9.11     0  21:20        0.01
  MH_919_26            JUNCTION     0.01     0.01    15.51     1  21:49        0.01
  MH_919_27            JUNCTION     0.03     0.20    -1.40     0  00:10        0.18
  MH_919_28            JUNCTION     0.02     0.28     8.18     5  22:06        0.27
  MH_919_29            JUNCTION     0.11     1.11     7.51     2  22:03        1.09
  MH_919_3             JUNCTION     0.03     0.17    11.07     0  00:25        0.16
  MH_919_30            JUNCTION     0.02     0.02     8.32     6  22:00        0.02
  MH_919_31            JUNCTION     0.02     0.02     7.62     6  22:00        0.02
  MH_919_32            JUNCTION     0.01     0.01    16.21     6  22:00        0.01
  MH_919_33            JUNCTION     0.00     0.01    11.91     6  20:58        0.01
  MH_919_34            JUNCTION     0.00     0.01    12.61     0  22:00        0.01
  MH_919_35            JUNCTION     0.01     0.01     0.31     6  22:00        0.01
  MH_919_36            JUNCTION     0.03     0.23    -2.47     0  00:14        0.23
  MH_919_37            JUNCTION     0.01     0.01     2.01     1  21:12        0.01
  MH_919_38            JUNCTION     0.01     0.01     9.81     0  21:57        0.01
  MH_919_39            JUNCTION     0.02     0.28     7.48     5  22:08        0.27
  MH_919_4             JUNCTION     0.01     0.25    11.15     5  22:00        0.25
  MH_919_40            JUNCTION     0.01     0.01     9.41     6  22:00        0.01
  MH_919_41            JUNCTION     0.87     3.91     7.51     6  03:43        3.89
  MH_919_42            JUNCTION     0.01     0.01     6.71     6  22:00        0.01
  MH_919_43            JUNCTION     0.30     2.21     7.51     2  22:03        2.19
  MH_919_44            JUNCTION     0.35     2.40     7.50     2  22:03        2.39
  MH_919_45            JUNCTION     0.01     0.01    10.71     6  22:00        0.01
  MH_919_46            JUNCTION     0.02     0.02     9.72     0  07:29        0.02
  MH_919_47            JUNCTION     0.02     0.02     9.02     0  07:47        0.02
  MH_919_48            JUNCTION     0.04     0.31    -3.39     4  21:48        0.30
  MH_919_49            JUNCTION     0.02     0.03     2.53     6  22:00        0.03
  MH_919_5             JUNCTION     0.02     0.02     6.22     6  22:00        0.02
  MH_919_50            JUNCTION     0.02     0.02     4.02     6  22:00        0.02
  MH_919_51            JUNCTION     0.01     0.01     5.31     6  22:00        0.01
  MH_919_52            JUNCTION     0.01     0.02     1.62     6  22:00        0.02
  MH_919_53            JUNCTION     0.01     0.02     4.72     6  22:00        0.02
  MH_919_54            JUNCTION     0.01     0.01     8.31     6  22:00        0.01
  MH_919_55            JUNCTION     0.58     3.10     7.50     2  22:03        3.09
  MH_919_56            JUNCTION     0.02     0.27     6.57     5  22:12        0.27
  MH_919_57            JUNCTION     1.22     4.63     7.53     6  03:44        4.59
  MH_919_58            JUNCTION     0.02     0.02     8.42     0  07:58        0.02
  MH_919_59            JUNCTION     1.33     4.80     7.50     2  22:03        4.79
  MH_919_6             JUNCTION     0.01     0.02     7.22     6  22:00        0.02
  MH_919_60            JUNCTION     2.36     6.41     7.51     2  22:03        6.39
  MH_919_61            JUNCTION     2.15     6.10     7.50     2  22:03        6.09
  MH_919_63            JUNCTION     0.02     0.24     5.74     5  22:14        0.24
  MH_919_64            JUNCTION     0.16     1.40    -3.40     2  20:46        1.40
  MH_919_65            JUNCTION     0.02     0.15     0.45     5  22:28        0.15
  MH_919_66            JUNCTION     0.03     0.26     2.66     5  22:22        0.26
  MH_919_67            JUNCTION     0.04     0.30     1.60     5  22:26        0.30
  MH_919_68            JUNCTION     0.01     0.01     9.31     5  21:10        0.01
  MH_919_69            JUNCTION     0.03     0.27     3.77     5  22:18        0.26
  MH_919_7             JUNCTION     0.00     0.00    10.60     6  22:00        0.00
  MH_919_70            JUNCTION     0.03     0.26     5.06     5  22:12        0.26
  MH_919_71            JUNCTION     4.83     9.56     7.66     6  03:44        9.39
  MH_919_72            JUNCTION     0.02     0.03     7.63     6  21:20        0.03
  MH_919_73            JUNCTION     0.03     0.03     6.93     6  22:00        0.03
  MH_919_74            JUNCTION     0.03     0.26     4.56     5  22:16        0.26
  MH_919_75            JUNCTION     0.03     0.04    -2.96     3  22:00        0.04
  MH_919_76            JUNCTION     0.01     0.01     8.51     6  22:00        0.01
  MH_919_77            JUNCTION     0.02     0.02     8.22     6  22:00        0.02
  MH_919_78            JUNCTION     0.04     0.50     7.50     6  03:43        0.49
  MH_919_79            JUNCTION     0.19     1.80     7.50     2  22:03        1.79
  MH_919_8             JUNCTION     0.01     0.01     9.01     6  22:00        0.01
  MH_919_80            JUNCTION     0.01     0.01    10.71     6  22:00        0.01
  MH_919_81            JUNCTION     4.10     8.72     7.62     6  03:44        8.59
  MH_919_82            JUNCTION     0.01     0.01     8.81     6  22:00        0.01
  MH_919_83            JUNCTION     0.02     0.02     2.22     6  22:00        0.02
  MH_919_84            JUNCTION     0.02     0.02     3.52     6  22:00        0.02
  MH_919_85            JUNCTION     0.01     0.02     4.52     6  22:00        0.02
  MH_919_86            JUNCTION     0.01     0.01     5.51     6  22:00        0.01
  MH_919_87            JUNCTION     0.01     0.01     5.51     6  22:00        0.01
  MH_919_88            JUNCTION     0.06     0.08    -2.22     6  22:00        0.08
  MH_919_89            JUNCTION     0.03     0.03     6.13     6  22:00        0.03
  MH_919_9             JUNCTION     0.03     0.23    -0.17     0  00:09        0.20
  MH_919_90            JUNCTION     0.01     0.01     6.11     6  22:00        0.01
  MH_919_91            JUNCTION     0.01     0.01     3.01     6  22:00        0.01
  MH_919_92            JUNCTION     0.01     0.02    10.22     0  22:00        0.02
  MH_919_93            JUNCTION     0.01     0.02     9.42     5  21:20        0.02
  MH_919_94            JUNCTION     0.01     0.01     5.61     1  21:33        0.01
  MH_919_95            JUNCTION     0.01     0.02     9.42     6  22:00        0.02
  MH_919_96            JUNCTION     2.96     7.20     7.50     2  22:03        7.19
  MH_919_97            JUNCTION     0.01     0.02     4.32     6  22:00        0.02
  MH_919_98            JUNCTION     0.01     0.01     5.61     6  22:00        0.01
  MH_919_99            JUNCTION     0.01     0.01     6.01     6  22:00        0.01
  MH_920_1             JUNCTION     3.46     7.12     3.52     2  21:18        7.10
  MH_920_10            JUNCTION     1.32     3.90     3.50     1  19:16        3.90
  MH_920_11            JUNCTION     0.13     1.21     3.51     4  08:44        1.21
  MH_920_12            JUNCTION     0.01     0.02     4.02     0  22:00        0.02
  MH_920_13            JUNCTION     0.01     0.01     5.61     6  22:00        0.01
  MH_920_14            JUNCTION     0.00     0.01     7.31     6  22:00        0.01
  MH_920_15            JUNCTION     1.27     3.81     3.51     4  08:45        3.80
  MH_920_16            JUNCTION     0.74     2.81     3.51     4  08:45        2.80
  MH_920_17            JUNCTION     0.43     2.11     3.51     1  19:15        2.10
  MH_920_18            JUNCTION     0.06     0.81     3.51     1  19:15        0.80
  MH_920_19            JUNCTION     0.01     0.01     4.01     6  22:00        0.01
  MH_920_2             JUNCTION     2.46     5.80     3.50     4  08:44        5.80
  MH_920_20            JUNCTION     0.01     0.01     5.21     6  22:00        0.01
  MH_920_21            JUNCTION     0.00     0.00     7.80     6  22:00        0.00
  MH_920_22            JUNCTION     0.02     0.02     4.62     6  22:00        0.02
  MH_920_23            JUNCTION     0.01     0.02     6.12     6  22:00        0.02
  MH_920_24            JUNCTION     0.02     0.02     3.02     6  22:00        0.02
  MH_920_25            JUNCTION     0.01     0.01     7.71     6  22:00        0.01
  MH_920_26            JUNCTION     0.01     0.01     7.01     6  22:00        0.01
  MH_920_27            JUNCTION     0.01     0.01     5.61     6  22:00        0.01
  MH_920_28            JUNCTION     0.01     0.02     6.22     6  22:00        0.02
  MH_920_29            JUNCTION     0.02     0.03     1.93     6  22:00        0.03
  MH_920_3             JUNCTION     0.01     0.01     4.71     5  22:00        0.01
  MH_920_30            JUNCTION     0.02     0.02     4.92     6  22:00        0.02
  MH_920_31            JUNCTION     0.01     0.01     7.01     2  07:15        0.01
  MH_920_32            JUNCTION     0.02     0.02     2.52     6  22:00        0.02
  MH_920_33            JUNCTION     0.03     0.03     1.13     3  22:00        0.03
  MH_920_34            JUNCTION     0.02     0.02     3.82     6  22:00        0.02
  MH_920_35            JUNCTION     0.00     0.00     3.70     0  00:00        0.00
  MH_920_36            JUNCTION     0.01     0.01     2.81     2  07:29        0.01
  MH_920_37            JUNCTION     0.01     0.01     3.31     0  07:35        0.01
  MH_920_38            JUNCTION     0.01     0.01     1.51     4  08:00        0.01
  MH_920_39            JUNCTION     0.14     1.30     0.70     4  16:57        1.27
  MH_920_4             JUNCTION     0.02     0.02     6.62     2  22:00        0.02
  MH_920_40            JUNCTION     0.34     1.80     0.70     2  10:33        1.77
  MH_920_41            JUNCTION     0.03     0.33     3.53     6  08:11        0.33
  MH_920_42            JUNCTION     0.04     0.32     2.92     6  08:14        0.32
  MH_920_43            JUNCTION     0.01     0.02     5.32     6  22:00        0.02
  MH_920_44            JUNCTION     0.04     0.36     2.16     6  08:16        0.36
  MH_920_45            JUNCTION     0.03     0.21     1.51     6  08:16        0.21
  MH_920_46            JUNCTION     1.31     3.61     0.71     2  10:33        3.57
  MH_920_47            JUNCTION     0.16     1.40     0.70     2  10:33        1.37
  MH_920_48            JUNCTION     0.18     1.58     0.48     6  21:57        1.41
  MH_920_49            JUNCTION     0.43     2.22     0.32     6  21:57        2.20
  MH_920_5             JUNCTION     0.01     0.01     8.41     6  22:00        0.01
  MH_920_50            JUNCTION     2.19     4.70     0.70     2  10:33        4.67
  MH_920_51            JUNCTION     0.01     1.04     1.14     4  17:14        0.71
  MH_920_52            JUNCTION     0.01     0.01     0.71     0  21:53        0.01
  MH_920_53            JUNCTION     0.88     3.01     0.31     2  11:59        3.00
  MH_920_54            JUNCTION     0.10     1.85     0.95     4  17:14        1.54
  MH_920_55            JUNCTION     1.41     3.61     0.31     4  17:14        3.60
  MH_920_57            JUNCTION     0.01     0.01     5.51     3  22:00        0.01
  MH_920_58            JUNCTION     0.01     0.01     6.11     3  21:34        0.01
  MH_920_59            JUNCTION     0.01     0.01     5.51     5  07:22        0.01
  MH_920_6             JUNCTION     0.00     0.00    10.30     6  22:00        0.00
  MH_920_60            JUNCTION     0.01     0.01     5.01     5  07:45        0.01
  MH_920_61            JUNCTION     0.18     0.71     5.01     6  10:12        0.71
  MH_920_62            JUNCTION     5.25     9.30     4.00     5  15:58        9.30
  MH_920_63            JUNCTION     4.45     8.50     4.00     5  15:58        8.50
  MH_920_64            JUNCTION     3.40     7.40     4.00     5  15:58        7.40
  MH_920_65            JUNCTION     2.39     6.20     4.00     5  15:58        6.20
  MH_920_66            JUNCTION     2.01     5.70     4.00     5  15:57        5.70
  MH_920_7             JUNCTION     0.02     0.02     7.72     6  22:00        0.02
  MH_920_8             JUNCTION     0.00     0.00     7.00     6  22:00        0.00
  MH_920_9             JUNCTION     1.49     4.21     3.51     5  16:50        4.20
  MH_928_105           JUNCTION     0.01     0.01     6.41     6  22:00        0.01
  MH_928_107           JUNCTION     0.01     0.01    14.61     1  07:35        0.01
  MH_928_118           JUNCTION     0.01     0.01     7.71     6  22:00        0.01
  MH_928_13            JUNCTION     0.01     0.02    18.52     6  22:00        0.02
  MH_928_18            JUNCTION     0.20     1.81     4.01     3  21:05        1.80
  MH_928_27            JUNCTION     0.01     0.01    28.11     0  21:04        0.01
  MH_928_28            JUNCTION     0.00     0.00    18.70     0  00:00        0.00
  MH_928_36            JUNCTION     0.01     0.02    12.62     3  07:45        0.02
  MH_928_43            JUNCTION     0.02     0.02    12.22     6  22:00        0.02
  MH_928_47            JUNCTION     0.01     0.01    11.81     6  22:00        0.01
  MH_928_49            JUNCTION     0.00     0.00    12.10     6  22:00        0.00
  MH_928_50            JUNCTION     0.07     0.50     4.00     3  21:05        0.50
  MH_928_53            JUNCTION     0.00     0.00    11.40     6  22:00        0.00
  MH_928_58            JUNCTION     0.01     0.01    10.71     6  22:00        0.01
  MH_928_6             JUNCTION     0.02     0.02    17.02     1  22:00        0.02
  MH_928_65            JUNCTION     0.02     0.03    11.13     6  22:00        0.03
  MH_928_66            JUNCTION     0.01     0.01    13.41     0  21:38        0.01
  MH_928_67            JUNCTION     0.04     0.05     4.85     6  22:00        0.05
  MH_928_69            JUNCTION     0.01     0.01    10.01     6  22:00        0.01
  MH_928_76            JUNCTION     0.01     0.02     9.32     6  22:00        0.02
  MH_928_81            JUNCTION     0.04     0.04    10.14     6  22:00        0.04
  MH_928_86            JUNCTION     0.02     0.03    12.33     2  21:50        0.03
  MH_928_87            JUNCTION     0.04     0.05     9.05     6  22:00        0.05
  MH_928_88            JUNCTION     0.02     0.03    11.33     6  22:00        0.03
  MH_928_89            JUNCTION     0.04     0.04     8.84     6  22:00        0.04
  MH_928_90            JUNCTION     0.03     0.04     7.64     6  22:00        0.04
  MH_928_91            JUNCTION     0.03     0.04    10.64     6  22:00        0.04
  MH_928_92            JUNCTION     0.04     0.05     5.75     1  22:00        0.05
  MH_928_98            JUNCTION     0.01     0.02    13.02     6  22:00        0.02
  MH_929_1             JUNCTION     0.01     0.01     4.31     6  22:00        0.01
  MH_929_10            JUNCTION     0.69     2.61     3.31     5  18:00        2.60
  MH_929_100           JUNCTION     0.01     0.01    14.81     6  20:05        0.01
  MH_929_101           JUNCTION     0.02     0.02    14.02     6  20:16        0.02
  MH_929_102           JUNCTION     0.03     0.04    12.74     6  20:38        0.04
  MH_929_103           JUNCTION     0.04     0.04    12.54     6  21:29        0.04
  MH_929_104           JUNCTION     0.04     0.24    11.24     4  20:30        0.24
  MH_929_105           JUNCTION     0.04     0.23     7.23     4  20:35        0.23
  MH_929_106           JUNCTION     0.04     0.19     8.89     4  20:34        0.19
  MH_929_107           JUNCTION     0.05     0.24     6.24     4  20:36        0.23
  MH_929_108           JUNCTION     0.04     0.19     5.29     4  20:40        0.19
  MH_929_109           JUNCTION     0.11     0.44     2.04     4  20:55        0.44
  MH_929_11            JUNCTION     0.06     0.42     4.92     2  02:12        0.42
  MH_929_110           JUNCTION     0.05     0.23     1.63     4  20:57        0.23
  MH_929_111           JUNCTION     0.07     0.28     0.88     4  20:59        0.28
  MH_929_112           JUNCTION     0.05     0.22     0.32     2  12:00        0.22
  MH_929_114           JUNCTION     0.01     0.01     2.11     6  22:00        0.01
  MH_929_115           JUNCTION     0.03     0.04    13.64     6  21:31        0.04
  MH_929_116           JUNCTION     0.02     0.24    12.34     2  11:26        0.24
  MH_929_118           JUNCTION     0.00     0.00    12.00     2  21:07        0.00
  MH_929_119           JUNCTION     0.01     0.01     6.11     6  22:00        0.01
  MH_929_12            JUNCTION     0.10     1.05     3.45     2  12:52        0.90
  MH_929_120           JUNCTION     0.01     0.01     9.61     6  22:00        0.01
  MH_929_121           JUNCTION     0.00     0.00     3.10     6  22:00        0.00
  MH_929_122           JUNCTION     0.01     0.01    10.11     6  22:00        0.01
  MH_929_123           JUNCTION     0.00     0.00    12.00     0  00:00        0.00
  MH_929_124           JUNCTION     0.02     0.26    13.26     4  20:29        0.26
  MH_929_125           JUNCTION     0.04     0.04    14.44     6  21:24        0.04
  MH_929_126           JUNCTION     0.00     0.00     7.30     0  00:00        0.00
  MH_929_128           JUNCTION     0.00     0.00    10.40     0  01:20        0.00
  MH_929_13            JUNCTION     0.02     0.23     3.33     5  18:00        0.20
  MH_929_130           JUNCTION     0.10     0.41     5.01     6  21:58        0.41
  MH_929_131           JUNCTION     0.46     1.62     5.02     6  07:45        1.61
  MH_929_132           JUNCTION     0.00     0.00    18.40     4  20:00        0.00
  MH_929_133           JUNCTION     1.03     2.92     5.02     5  17:35        2.91
  MH_929_134           JUNCTION     0.03     0.03    17.83     6  20:44        0.03
  MH_929_135           JUNCTION     0.03     0.03    17.23     6  21:03        0.03
  MH_929_136           JUNCTION     0.03     0.04    15.64     6  21:21        0.04
  MH_929_137           JUNCTION     0.02     0.24    14.94     4  20:22        0.24
  MH_929_138           JUNCTION     1.55     3.82     5.02     5  17:23        3.81
  MH_929_14            JUNCTION     0.01     0.01    15.21     6  22:00        0.01
  MH_929_140           JUNCTION     0.00     0.00    11.30     0  00:38        0.00
  MH_929_142           JUNCTION     0.01     0.01     9.81     6  22:00        0.01
  MH_929_143           JUNCTION     0.01     0.01    11.21     6  22:00        0.01
  MH_929_144           JUNCTION     0.02     0.03    18.43     6  22:00        0.03
  MH_929_145           JUNCTION     0.01     0.01    18.21     6  22:00        0.01
  MH_929_146           JUNCTION     0.01     0.01     8.91     6  22:00        0.01
  MH_929_147           JUNCTION     0.01     0.01    12.01     4  21:23        0.01
  MH_929_148           JUNCTION     0.01     0.01     7.51     0  22:00        0.01
  MH_929_149           JUNCTION     1.94     4.42     5.02     5  17:23        4.41
  MH_929_15            JUNCTION     0.05     0.36     5.46     2  02:09        0.36
  MH_929_150           JUNCTION     0.01     0.01     9.01     2  07:54        0.01
  MH_929_151           JUNCTION     0.01     0.01    19.11     5  21:14        0.01
  MH_929_152           JUNCTION     0.02     0.02    19.42     6  22:00        0.02
  MH_929_153           JUNCTION     0.00     0.00    13.00     0  00:00        0.00
  MH_929_154           JUNCTION     0.01     0.01    17.31     6  22:00        0.01
  MH_929_155           JUNCTION     0.00     0.25    16.75     2  11:19        0.24
  MH_929_158           JUNCTION     0.62     2.02     5.02     6  09:14        2.02
  MH_929_16            JUNCTION     0.08     0.50     5.10     2  02:11        0.50
  MH_929_161           JUNCTION     2.40     5.02     5.02     5  22:27        5.01
  MH_929_162           JUNCTION     0.01     0.02    13.12     6  22:00        0.02
  MH_929_164           JUNCTION     0.02     0.02    11.22     3  22:00        0.02
  MH_929_165           JUNCTION     0.01     0.01     7.61     6  21:42        0.01
  MH_929_166           JUNCTION     0.04     0.60    10.60     2  11:11        0.58
  MH_929_167           JUNCTION     0.28     1.80    10.60     2  11:10        1.78
  MH_929_168           JUNCTION     0.73     2.70    10.60     2  11:10        2.68
  MH_929_169           JUNCTION     0.01     0.01    16.81     6  22:00        0.01
  MH_929_17            JUNCTION     0.01     0.01    16.21     0  07:18        0.01
  MH_929_171           JUNCTION     2.39     5.02     5.02     5  17:23        5.01
  MH_929_174           JUNCTION     0.00     0.00    11.00     0  00:24        0.00
  MH_929_175           JUNCTION     1.03     2.92     5.02     5  17:37        2.91
  MH_929_176           JUNCTION     0.00     0.00    14.20     3  22:00        0.00
  MH_929_177           JUNCTION     0.03     0.03    17.23     6  22:00        0.03
  MH_929_18            JUNCTION     0.00     0.00    26.30     0  09:42        0.00
  MH_929_180           JUNCTION     1.53     4.00    10.60     2  11:11        3.98
  MH_929_181           JUNCTION     0.01     0.01    13.91     5  22:00        0.01
  MH_929_182           JUNCTION     0.00     0.01    14.81     6  22:00        0.01
  MH_929_184           JUNCTION     2.98     5.71     5.01     5  17:23        5.71
  MH_929_188           JUNCTION     0.00     0.01    12.51     2  07:47        0.01
  MH_929_19            JUNCTION     0.01     0.01    10.31     6  22:00        0.01
  MH_929_190           JUNCTION     0.01     0.01    13.11     2  07:29        0.01
  MH_929_196           JUNCTION     2.40     5.10    10.60     2  11:10        5.08
  MH_929_198           JUNCTION     4.17     7.01     5.01     5  21:46        7.01
  MH_929_199           JUNCTION     5.07     8.90     6.00     0  00:00        7.91
  MH_929_2             JUNCTION     0.00     0.00    12.10     0  22:00        0.00
  MH_929_20            JUNCTION     0.55     2.41     3.51     1  19:16        2.40
  MH_929_201           JUNCTION     0.02     0.02    17.32     6  22:00        0.02
  MH_929_204           JUNCTION     0.01     0.01     5.71     0  22:00        0.01
  MH_929_205           JUNCTION     0.00     0.01    14.41     6  22:00        0.01
  MH_929_206           JUNCTION     0.00     0.00    15.50     6  22:00        0.00
  MH_929_207           JUNCTION     0.00     0.00    14.00     0  22:00        0.00
  MH_929_209           JUNCTION     2.03     5.70     4.00     3  21:05        5.70
  MH_929_21            JUNCTION     0.37     2.00     7.80     6  07:42        1.99
  MH_929_211           JUNCTION     0.03     0.03    17.33     1  22:00        0.03
  MH_929_212           JUNCTION     0.01     0.01     6.51     5  22:00        0.01
  MH_929_213           JUNCTION     0.01     0.01     7.61     5  21:56        0.01
  MH_929_214           JUNCTION     1.10     4.20     4.00     3  21:05        4.20
  MH_929_217           JUNCTION     0.32     1.91    10.61     2  11:10        1.88
  MH_929_218           JUNCTION     0.02     0.03    15.93     0  07:09        0.03
  MH_929_22            JUNCTION     1.26     3.60     7.80     6  07:40        3.59
  MH_929_221           JUNCTION     1.13     4.20     4.00     3  21:05        4.20
  MH_929_223           JUNCTION     0.36     1.91    10.61     2  11:11        1.88
  MH_929_224           JUNCTION     0.02     0.02    15.62     0  07:17        0.02
  MH_929_226           JUNCTION     0.02     0.03    12.83     2  07:23        0.03
  MH_929_227           JUNCTION     0.02     0.03    11.03     0  22:00        0.03
  MH_929_23            JUNCTION     0.29     1.80     7.80     6  07:41        1.79
  MH_929_230           JUNCTION     0.33     2.41     4.01     3  21:05        2.40
  MH_929_239           JUNCTION     0.63     3.21     4.01     3  21:05        3.20
  MH_929_24            JUNCTION     0.02     0.30     7.80     6  07:40        0.29
  MH_929_240           JUNCTION     0.01     0.01    15.41     3  22:00        0.01
  MH_929_25            JUNCTION     0.01     0.01    14.71     2  07:45        0.01
  MH_929_26            JUNCTION     0.06     0.45     6.05     2  02:02        0.45
  MH_929_27            JUNCTION     0.00     0.00    19.10     0  00:00        0.00
  MH_929_28            JUNCTION     0.00     0.01    11.51     1  21:59        0.01
  MH_929_29            JUNCTION     0.01     0.01    13.01     6  22:00        0.01
  MH_929_3             JUNCTION     0.04     0.04    15.24     6  22:00        0.04
  MH_929_30            JUNCTION     0.01     0.01     8.01     2  22:00        0.01
  MH_929_32            JUNCTION     0.00     0.00    18.80     0  00:00        0.00
  MH_929_33            JUNCTION     0.00     0.00    16.90     0  00:00        0.00
  MH_929_34            JUNCTION     0.01     0.01    14.11     6  22:00        0.01
  MH_929_35            JUNCTION     0.01     0.01    12.91     4  21:31        0.01
  MH_929_36            JUNCTION     0.05     0.35     6.75     2  02:02        0.35
  MH_929_37            JUNCTION     0.01     0.01    12.81     6  22:00        0.01
  MH_929_38            JUNCTION     0.01     0.02    11.42     6  07:52        0.02
  MH_929_39            JUNCTION     0.01     0.02    10.12     3  22:00        0.02
  MH_929_4             JUNCTION     0.00     0.00    25.30     3  16:05        0.00
  MH_929_40            JUNCTION     0.01     0.02     7.02     0  21:29        0.02
  MH_929_44            JUNCTION     0.03     1.30     7.20     6  07:52        0.87
  MH_929_46            JUNCTION     0.02     0.32     6.22     6  08:05        0.32
  MH_929_47            JUNCTION     0.00     0.00    20.00     0  07:40        0.00
  MH_929_48            JUNCTION     0.00     0.00    18.10     0  08:03        0.00
  MH_929_49            JUNCTION     0.00     0.00    17.80     6  21:33        0.00
  MH_929_5             JUNCTION     0.07     0.42     4.72     2  02:17        0.42
  MH_929_50            JUNCTION     0.01     0.01    15.91     6  21:43        0.01
  MH_929_51            JUNCTION     0.04     0.35     7.75     2  01:58        0.35
  MH_929_52            JUNCTION     0.05     0.39     8.59     2  01:57        0.39
  MH_929_53            JUNCTION     0.04     0.37     9.37     2  01:55        0.37
  MH_929_54            JUNCTION     0.04     0.42    10.22     2  01:50        0.41
  MH_929_56            JUNCTION     0.00     0.00    21.00     6  22:00        0.00
  MH_929_57            JUNCTION     0.03     0.41     5.41     6  08:05        0.40
  MH_929_58            JUNCTION     0.00     0.02     7.02     6  07:53        0.01
  MH_929_59            JUNCTION     0.01     0.01    15.21     0  21:57        0.01
  MH_929_6             JUNCTION     0.83     2.81     3.31     2  12:54        2.80
  MH_929_63            JUNCTION     0.03     0.32     4.92     6  08:10        0.32
  MH_929_64            JUNCTION     0.01     0.01     9.01     6  22:00        0.01
  MH_929_65            JUNCTION     0.01     0.02     7.82     6  22:00        0.02
  MH_929_66            JUNCTION     0.02     0.02     6.62     6  22:00        0.02
  MH_929_67            JUNCTION     0.02     0.02    13.32     6  22:00        0.02
  MH_929_68            JUNCTION     0.02     0.02    14.12     6  22:00        0.02
  MH_929_69            JUNCTION     0.00     0.01    19.61     6  22:00        0.01
  MH_929_7             JUNCTION     0.05     0.30     4.10     2  02:14        0.30
  MH_929_70            JUNCTION     0.03     0.04    10.84     6  22:00        0.04
  MH_929_71            JUNCTION     0.04     0.05    10.86     6  22:00        0.05
  MH_929_72            JUNCTION     0.01     0.01    17.71     6  22:00        0.01
  MH_929_73            JUNCTION     0.01     0.01    16.51     6  22:00        0.01
  MH_929_74            JUNCTION     0.01     0.02    15.22     6  22:00        0.02
  MH_929_75            JUNCTION     0.02     0.02    11.02     6  22:00        0.02
  MH_929_77            JUNCTION     0.01     0.01    10.81     0  21:40        0.01
  MH_929_78            JUNCTION     0.00     0.00    16.40     2  22:00        0.00
  MH_929_8             JUNCTION     0.00     0.01     5.81     0  21:57        0.01
  MH_929_80            JUNCTION     0.00     0.00    18.90     0  00:00        0.00
  MH_929_81            JUNCTION     0.01     0.01     9.51     6  22:00        0.01
  MH_929_82            JUNCTION     0.01     0.01    17.91     6  22:00        0.01
  MH_929_84            JUNCTION     0.01     0.01    17.11     6  22:00        0.01
  MH_929_85            JUNCTION     0.01     0.02     8.02     6  22:00        0.02
  MH_929_86            JUNCTION     0.02     0.02     6.32     6  22:00        0.02
  MH_929_87            JUNCTION     0.01     0.02    15.52     6  22:00        0.02
  MH_929_88            JUNCTION     0.03     0.03    13.93     6  22:00        0.03
  MH_929_89            JUNCTION     0.01     0.02    13.32     6  22:00        0.02
  MH_929_9             JUNCTION     0.22     1.43     3.33     2  12:55        1.40
  MH_929_90            JUNCTION     0.04     0.05    10.55     6  22:00        0.05
  MH_929_91            JUNCTION     0.03     0.03     9.93     6  22:00        0.03
  MH_929_92            JUNCTION     0.03     0.03     8.33     6  22:00        0.03
  MH_929_93            JUNCTION     0.00     0.00    17.00     2  21:11        0.00
  MH_929_99            JUNCTION     0.00     0.00    15.90     3  20:00        0.00
  MH_930_1             JUNCTION     2.98     7.56    -1.14     6  23:59        7.55
  MH_930_100           JUNCTION     0.02     0.03    10.63     0  21:32        0.03
  MH_930_101           JUNCTION     0.05     2.60    11.30     1  20:34        1.54
  MH_930_102           JUNCTION     0.01     0.01     8.31     0  21:55        0.01
  MH_930_103           JUNCTION     0.01     0.02     7.72     0  08:00        0.02
  MH_930_104           JUNCTION     0.02     0.02    11.42     0  21:33        0.02
  MH_930_105           JUNCTION     0.02     0.02    12.72     3  07:25        0.02
  MH_930_106           JUNCTION     0.02     0.03    12.43     1  21:59        0.03
  MH_930_107           JUNCTION     0.01     0.01    12.71     5  22:00        0.01
  MH_930_108           JUNCTION     0.01     0.02    11.42     6  22:00        0.02
  MH_930_109           JUNCTION     0.03     0.04     9.24     6  22:00        0.04
  MH_930_110           JUNCTION     0.02     0.02     6.22     6  22:00        0.02
  MH_930_111           JUNCTION     0.02     0.03    11.73     0  07:14        0.03
  MH_930_112           JUNCTION     0.03     0.04    10.04     6  22:00        0.04
  MH_930_113           JUNCTION     0.02     0.03    11.43     0  07:25        0.03
  MH_930_114           JUNCTION     0.03     0.43     8.43     4  22:08        0.43
  MH_930_115           JUNCTION     0.03     0.04     9.04     6  22:00        0.04
  MH_930_116           JUNCTION     0.03     0.54     7.14     2  21:29        0.52
  MH_930_117           JUNCTION     0.06     0.07     8.67     0  07:51        0.07
  MH_930_118           JUNCTION     0.05     0.07     8.27     0  08:05        0.07
  MH_930_119           JUNCTION     0.05     0.06     8.06     6  21:24        0.06
  MH_930_120           JUNCTION     0.05     0.06     7.96     6  21:29        0.06
  MH_930_121           JUNCTION     0.01     0.01     9.81     0  21:26        0.01
  MH_930_122           JUNCTION     0.01     0.01     6.01     6  21:46        0.01
  MH_930_123           JUNCTION     0.02     0.06     4.56     2  21:20        0.03
  MH_930_124           JUNCTION     0.09     1.29     3.79     2  21:18        0.99
  MH_930_125           JUNCTION     0.03     0.04     8.14     6  22:00        0.04
  MH_930_126           JUNCTION     0.03     1.02     6.52     2  21:18        0.95
  MH_930_127           JUNCTION     0.05     0.06     6.86     6  21:33        0.06
  MH_930_128           JUNCTION     0.02     0.02     9.02     6  22:00        0.02
  MH_930_129           JUNCTION     0.01     0.01     3.91     6  21:51        0.01
  MH_930_130           JUNCTION     0.02     0.03     8.33     6  22:00        0.03
  MH_930_131           JUNCTION     0.05     0.27     5.57     2  21:29        0.27
  MH_930_132           JUNCTION     0.07     1.67     5.57     2  21:28        1.66
  MH_930_133           JUNCTION     0.16     2.33     4.73     2  21:06        2.09
  MH_930_134           JUNCTION     1.58     4.66     3.86     2  21:19        4.37
  MH_930_135           JUNCTION     2.29     5.79     3.79     2  21:18        5.50
  MH_930_136           JUNCTION     0.01     0.01    16.51     6  22:00        0.01
  MH_930_137           JUNCTION     0.02     0.02    12.12     6  22:00        0.02
  MH_930_138           JUNCTION     0.02     0.02     9.32     6  22:00        0.02
  MH_930_139           JUNCTION     0.01     0.01    17.21     2  20:58        0.01
  MH_930_140           JUNCTION     0.95     3.56     3.86     2  21:19        3.27
  MH_930_141           JUNCTION     2.70     6.34     3.74     2  21:18        6.10
  MH_930_142           JUNCTION     0.01     0.01    15.61     0  22:00        0.01
  MH_930_143           JUNCTION     0.01     0.01    15.01     6  22:00        0.01
  MH_930_144           JUNCTION     0.01     0.01    12.21     6  22:00        0.01
  MH_930_145           JUNCTION     0.03     0.04     7.84     6  22:00        0.04
  MH_930_146           JUNCTION     0.02     0.03     9.13     6  22:00        0.03
  MH_930_147           JUNCTION     0.04     0.04     7.24     6  22:00        0.04
  MH_930_148           JUNCTION     0.44     2.45     3.85     2  21:19        2.30
  MH_930_149           JUNCTION     0.00     0.01    15.61     6  22:00        0.01
  MH_930_150           JUNCTION     3.31     7.06     3.66     2  21:18        6.90
  MH_930_151           JUNCTION     0.00     0.01    14.31     6  22:00        0.01
  MH_930_152           JUNCTION     0.32     2.14     3.84     2  21:19        2.04
  MH_930_153           JUNCTION     0.01     0.01     7.51     3  21:56        0.01
  MH_930_154           JUNCTION     0.01     0.01    19.21     6  22:00        0.01
  MH_930_155           JUNCTION     0.03     0.03     6.43     6  22:00        0.03
  MH_930_156           JUNCTION     0.01     0.01    17.21     6  22:00        0.01
  MH_930_157           JUNCTION     0.00     0.00    15.40     0  21:57        0.00
  MH_930_158           JUNCTION     0.01     0.01    13.61     6  22:00        0.01
  MH_930_159           JUNCTION     0.02     0.02    10.52     6  22:00        0.02
  MH_930_160           JUNCTION     0.01     0.02    12.32     6  22:00        0.02
  MH_930_161           JUNCTION     0.08     1.33     3.93     2  21:14        1.15
  MH_930_162           JUNCTION     0.01     0.01    19.71     1  21:45        0.01
  MH_930_163           JUNCTION     0.01     0.01    19.01     0  21:48        0.01
  MH_930_164           JUNCTION     0.01     0.02    16.12     6  22:00        0.02
  MH_930_165           JUNCTION     0.01     0.01    15.41     6  22:00        0.01
  MH_930_166           JUNCTION     0.03     0.04     5.24     2  08:05        0.04
  MH_930_167           JUNCTION     0.02     0.02    10.12     6  21:50        0.02
  MH_930_168           JUNCTION     0.07     0.08     9.28     6  22:00        0.08
  MH_930_169           JUNCTION     0.00     0.00    17.10     0  10:06        0.00
  MH_930_170           JUNCTION     0.02     0.03     9.23     6  22:00        0.03
  MH_930_171           JUNCTION     0.01     0.01    11.41     6  20:24        0.01
  MH_930_172           JUNCTION     0.01     0.02    11.12     6  21:42        0.02
  MH_930_173           JUNCTION     0.05     0.06     6.86     6  22:00        0.06
  MH_930_174           JUNCTION     0.02     0.03     6.63     6  22:00        0.03
  MH_930_175           JUNCTION     0.03     0.03     4.83     3  22:00        0.03
  MH_930_176           JUNCTION     0.01     0.01     6.41     6  22:00        0.01
  MH_930_177           JUNCTION     0.01     0.01     7.61     0  22:00        0.01
  MH_930_178           JUNCTION     0.01     0.05     3.75     2  21:20        0.03
  MH_930_179           JUNCTION     5.20     8.92     3.52     2  21:18        8.90
  MH_930_2             JUNCTION     2.81     7.37    -1.13     6  23:59        7.35
  MH_930_3             JUNCTION     0.01     0.01     1.41     1  21:36        0.01
  MH_930_4             JUNCTION     0.01     0.01     4.51     6  07:42        0.01
  MH_930_46            JUNCTION     1.21     3.71    -3.39     1  20:20        3.70
  MH_930_47            JUNCTION     0.65     2.81    -3.39     4  21:48        2.80
  MH_930_48            JUNCTION     0.70     2.90    -3.40     3  21:24        2.90
  MH_930_5             JUNCTION     0.00     0.00    11.00     2  21:50        0.00
  MH_930_6             JUNCTION     0.00     0.01     8.61     6  22:00        0.01
  MH_930_96            JUNCTION     0.02     0.03     5.63     6  22:00        0.03
  MH_930_97            JUNCTION     0.01     0.02     6.12     0  21:04        0.02
  MH_930_98            JUNCTION     0.03     0.03     4.03     6  22:00        0.03
  MH_930_99            JUNCTION     0.01     0.02     2.32     6  22:00        0.02
  OFALL-12             OUTFALL      5.00     5.00    10.00     0  00:00        5.00
  WW-147_BC            OUTFALL      0.00     0.00   -10.70     0  00:00        0.00
  WW-232_OUTFALL       OUTFALL      0.00     0.01    -5.99     6  22:03        0.01
  WW-1002              STORAGE      0.01     3.00     8.30     0  00:00        1.20
  WW-1003              STORAGE      0.01     3.00     4.60     0  00:00        0.72
  WW-147               STORAGE      6.82    10.00    -0.70     0  00:00        9.82
  WW-220               STORAGE      7.32    10.00    -3.40     0  19:45       10.00
  WW-221               STORAGE      8.50    13.10     7.50     2  22:03       13.09
  WW-222               STORAGE      3.00     3.00     8.00     0  00:00        3.00
  WW-223               STORAGE      6.18     9.50     4.10     6  17:20        9.49
  WW-224               STORAGE      2.56     3.50    -0.80     1  11:04        3.50
  WW-225               STORAGE     10.73    14.51     3.51     2  21:18       14.50
  WW-226               STORAGE      2.80     5.10     3.40     0  00:00        5.00
  WW-227               STORAGE      6.40     9.10     7.80     6  07:42        9.09
  WW-228               STORAGE      5.25     8.00    10.60     2  11:11        7.98
  WW-229               STORAGE      4.83     7.50     0.70     2  10:33        7.47
  WW-230               STORAGE      6.81     9.02     0.32     4  17:14        9.00
  WW-231               STORAGE      6.95    11.00     4.00     2  01:16       11.00
  WW-232               STORAGE      7.18    10.01     5.01     6  22:03       10.01
  WW-242               STORAGE      6.36     8.25     7.25     7  00:00        8.25
  WW-243               STORAGE      7.67    13.50    14.80     5  21:54       13.46
  WW-246               STORAGE      4.80     7.66     5.96     7  00:00        7.66
  WW-247               STORAGE      5.45    10.06    -1.14     6  23:59       10.06
  WW-250               STORAGE      0.00     2.70     0.50     0  00:00        0.65
  WW-251               STORAGE      4.48     5.28    -1.22     7  00:00        5.28
  WW-258               STORAGE      0.00     3.00     8.40     0  00:00        0.00
  
  
  *******************
  Node Inflow Summary
  *******************
  
  -------------------------------------------------------------------------------------------------
                                  Maximum  Maximum                  Lateral       Total        Flow
                                  Lateral    Total  Time of Max      Inflow      Inflow     Balance
                                   Inflow   Inflow   Occurrence      Volume      Volume       Error
  Node                 Type           GPM      GPM  days hr:min    10^6 gal    10^6 gal     Percent
  -------------------------------------------------------------------------------------------------
  J-1002-OUT           JUNCTION      0.00    50.38     0  00:00           0     0.00552       0.771
  J-1003-OUT           JUNCTION      0.00    48.62     0  00:00           0     0.00295      -0.034
  J-147-OUT            JUNCTION      0.00  2016.93     0  00:00           0     0.00374      -1.060
  J-220-OUT            JUNCTION      0.00   486.17     0  19:45           0       0.127       0.142
  J-221-OUT            JUNCTION      0.00  1895.27     2  22:03           0      0.0779      -0.085
  J-222-OUT            JUNCTION      0.00     0.00     0  00:00           0           0       0.000 gal
  J-223-OUT            JUNCTION      0.00   370.72     6  17:23           0     0.00976      -0.968
  J-224-OUT            JUNCTION      0.00   517.57     0  00:00           0      0.0171      -1.394
  J-225-OUT            JUNCTION      0.00  1589.24     1  19:17           0       0.246      -0.139
  J-226-OUT            JUNCTION      0.00  7600.97     0  00:00           0       0.237       0.023
  J-227-OUT            JUNCTION      0.00   241.34     6  07:44           0     0.00881      -0.148
  J-228-OUT            JUNCTION      0.00   309.41     2  11:11           0      0.0193      -0.278
  J-229-OUT            JUNCTION      0.00  2604.46     0  00:00           0      0.0227      -2.734
  J-230-OUT            JUNCTION      0.00  1237.36     1  01:34           0       0.181      -0.234
  J-231-OUT            JUNCTION      0.00   655.79     2  01:17           0      0.0329      -0.348
  J-232-OUT            JUNCTION      0.00  2071.89     0  00:00           0     0.00206      -0.276
  J-242-OUT            JUNCTION      0.00     0.00     0  00:00           0           0       0.000 gal
  J-243-OUT            JUNCTION      0.00   240.06     5  21:54           0       0.013      -0.090
  J-246-OUT            JUNCTION      0.00  1970.52     0  00:00           0     0.00154      -2.301
  J-247-OUT            JUNCTION      0.00     0.00     0  00:00           0           0       0.000 gal
  J-250-OUT            JUNCTION      0.00   589.02     0  00:00           0      0.0156       0.110
  J-251-OUT            JUNCTION      0.00     0.00     0  00:00           0           0       0.000 gal
  J-258-OUT            JUNCTION      0.00    30.80     0  00:00           0    0.000285      -0.010
  JN_824_1             JUNCTION      0.00  1496.24     0  00:00           0     0.00378      15.437
  JN_824_10            JUNCTION      0.00   616.73     0  00:05           0      0.0186       0.848
  JN_824_2             JUNCTION      0.00     0.00     0  00:00           0           0       0.000 gal
  JN_824_20            JUNCTION      0.00     0.00     0  00:00           0           0       0.000 gal
  JN_824_21            JUNCTION      0.00   805.20     0  00:00           0      0.0045       4.003
  JN_824_22            JUNCTION      0.00   420.19     0  00:02           0     0.00954       1.039
  JN_824_25            JUNCTION      0.00   204.20     0  00:05           0     0.00944       0.147
  JN_824_26            JUNCTION      0.00   141.56     5  21:55           0       0.013       0.036
  JN_824_8             JUNCTION      0.00   299.60     0  00:00           0      0.0156       1.331
  JN_825_10            JUNCTION      0.00     0.00     0  00:00           0           0       0.000 gal
  JN_825_6             JUNCTION      0.00    51.17     0  00:01           0     0.00295       0.706
  JN_825_7             JUNCTION      0.00    56.08     0  00:00           0     0.00548       5.112
  JN_919_22            JUNCTION      0.00   449.61     6  04:05           0       0.091      -0.103
  JN_919_26            JUNCTION      0.00   461.92     0  00:01           0      0.0173       2.613
  JN_919_3             JUNCTION      0.00   370.66     6  17:23           0      0.0102       0.073
  JN_919_9             JUNCTION      0.00  1683.03     2  22:06           0       0.078       5.130
  JN_920_1             JUNCTION      0.00  1588.66     1  19:17           0       0.246       0.637
  JN_920_12            JUNCTION      0.00  1236.29     1  01:34           0       0.182       1.492
  JN_920_23            JUNCTION      0.00   656.00     2  01:17           0       0.033      -0.639
  JN_929_19            JUNCTION      0.00   423.97     4  17:31           0       0.181       0.284
  JN_929_40            JUNCTION      0.00   224.67     4  20:12           0      0.0194      -0.352
  JN_929_43            JUNCTION      0.00   849.11     0  00:01           0     0.00206      43.298
  JN_929_5             JUNCTION      0.00   241.36     6  07:44           0     0.00882      -0.148
  JN_930_16            JUNCTION      0.00   518.26     0  19:47           0       0.127       1.312
  JN_930_19            JUNCTION      0.00   467.20     5  21:57           0       0.126       0.060
  JN_930_24            JUNCTION      0.00   744.70     2  22:25           0       0.328       1.433
  JN_930_28            JUNCTION      0.00   832.22     1  19:26           0       0.336       2.420
  JN_930_38            JUNCTION      0.00  5370.54     0  00:01           0       0.561      -1.542
  JX-6929              JUNCTION      0.00   185.98     6  17:25           0    0.000296      -1.950
  MH_813_1             JUNCTION      0.02   211.43     6  17:25    0.000134      0.0106       1.784
  MH_813_2             JUNCTION      0.08   214.24     6  17:25     0.00055       0.011       4.036
  MH_813_3             JUNCTION      0.05   217.01     6  17:25    0.000368      0.0108       4.858
  MH_824_1             JUNCTION      0.17     0.17     0  07:00     0.00124     0.00124       0.054
  MH_824_10            JUNCTION      0.09     3.67     4  21:38    0.000655       0.013      10.126
  MH_824_100           JUNCTION      0.00     0.32     0  08:00           0     0.00227       0.111
  MH_824_101           JUNCTION      0.00     0.33     6  22:00           0     0.00236       0.066
  MH_824_102           JUNCTION      0.01     0.36     6  22:00    1.46e-05     0.00252       0.081
  MH_824_103           JUNCTION      0.02     0.02     0  07:00    0.000147    0.000147       0.083
  MH_824_104           JUNCTION      0.01     0.40     6  22:00    6.44e-05     0.00278       0.086
  MH_824_105           JUNCTION      0.00     0.00     0  00:00           0           0       0.000 gal
  MH_824_106           JUNCTION      0.04     0.29     5  22:00    0.000321      0.0021       0.132
  MH_824_107           JUNCTION      0.06     0.06     0  07:00    0.000462    0.000462       0.034
  MH_824_108           JUNCTION      0.02     3.07     5  20:30    0.000142     0.00353       0.656
  MH_824_109           JUNCTION      0.01     1.56     5  19:30    2.83e-05    0.000212      -1.499
  MH_824_11            JUNCTION      0.24     0.24     0  07:00     0.00173     0.00173       0.045
  MH_824_110           JUNCTION      0.02     0.12     5  08:00    0.000148    0.000862       0.128
  MH_824_111           JUNCTION      0.03     0.03     0  07:00    0.000195    0.000195       0.052
  MH_824_112           JUNCTION      0.03     0.03     0  07:00    0.000231    0.000231       0.112
  MH_824_113           JUNCTION      0.01     0.15     0  07:42    1.97e-05     0.00108       0.082
  MH_824_114           JUNCTION      0.16     3.42     5  07:46     0.00111     0.00174      -0.536
  MH_824_115           JUNCTION      0.00     6.81     5  21:59    5.99e-06    0.000515      -0.751
  MH_824_116           JUNCTION      0.13    78.12     5  21:56    0.000918     0.00463       0.795
  MH_824_117           JUNCTION      0.02     0.15     0  07:28    0.000122     0.00106       0.080
  MH_824_118           JUNCTION      0.13     0.13     0  07:00    0.000943    0.000943       0.060
  MH_824_119           JUNCTION      0.14     0.19     6  22:00    0.000998     0.00135       0.068
  MH_824_12            JUNCTION      0.05     0.39     0  21:43    0.000322     0.00275       0.073
  MH_824_120           JUNCTION      0.01     0.01     0  07:00    1.97e-05    1.97e-05       0.150
  MH_824_121           JUNCTION      0.10   205.49     6  17:24    0.000697     0.00537       0.818
  MH_824_122           JUNCTION      0.08   208.59     6  17:26    0.000575     0.00999       0.951
  MH_824_123           JUNCTION      0.02   209.01     6  17:25    0.000149      0.0103       0.097
  MH_824_124           JUNCTION      0.04     0.05     6  22:00     0.00028    0.000356       0.048
  MH_824_125           JUNCTION      0.00   208.37     6  17:26           0     0.00893       0.037
  MH_824_126           JUNCTION      0.16   208.26     6  17:26     0.00117     0.00838      -0.244
  MH_824_127           JUNCTION      0.02     0.07     6  22:00    0.000145    0.000484       0.070
  MH_824_128           JUNCTION      0.25    84.95     5  22:20     0.00176     0.00754       0.781
  MH_824_129           JUNCTION      0.02     0.05     6  22:00    0.000116     0.00034       0.107
  MH_824_13            JUNCTION      0.00     3.55     6  06:30           0       0.011       9.405
  MH_824_130           JUNCTION      0.01     0.01     0  07:00    5.65e-05    5.65e-05       0.138
  MH_824_131           JUNCTION      0.03     0.03     0  07:00    0.000224    0.000224       0.116
  MH_824_132           JUNCTION      0.22    66.40     5  22:14     0.00155     0.00509       1.167
  MH_824_133           JUNCTION      0.20    90.86     5  22:02     0.00139     0.00865       0.870
  MH_824_134           JUNCTION      0.08     0.08     0  07:00     0.00054     0.00054       0.081
  MH_824_135           JUNCTION      0.13     0.13     0  07:00    0.000909    0.000909       0.072
  MH_824_136           JUNCTION      0.17     0.29     6  22:00     0.00118     0.00209       0.078
  MH_824_137           JUNCTION      0.09     0.17     0  21:53    0.000666     0.00121       0.067
  MH_824_138           JUNCTION      0.00     0.00     0  00:00           0           0       0.000 gal
  MH_824_139           JUNCTION      0.08     0.37     6  22:00    0.000572     0.00266       0.050
  MH_824_14            JUNCTION      0.16     0.55     6  22:00     0.00115      0.0039       0.065
  MH_824_140           JUNCTION      0.13   119.06     5  22:21    0.000951      0.0182       5.307
  MH_824_141           JUNCTION      0.19    91.94     5  22:02     0.00134      0.0104       0.612
  MH_824_142           JUNCTION      0.16    92.87     5  22:02     0.00114      0.0115       0.896
  MH_824_143           JUNCTION      0.00     0.18     0  07:59           0      0.0013       0.058
  MH_824_144           JUNCTION      0.00     0.18     0  07:34           0      0.0013       0.073
  MH_824_145           JUNCTION      0.03     0.16     0  07:56    0.000201     0.00116       0.041
  MH_824_146           JUNCTION      0.16     0.33     6  22:00     0.00117     0.00238       0.049
  MH_824_147           JUNCTION      0.03     2.94     4  09:22    0.000204     0.00306      -3.229
  MH_824_148           JUNCTION      0.02   223.65     6  17:25    0.000153       0.015       1.763
  MH_824_149           JUNCTION      0.21    76.00     6  17:43     0.00152     0.00563       1.983
  MH_824_15            JUNCTION      0.09     3.37     5  21:02    0.000611     0.00705      17.417
  MH_824_150           JUNCTION      0.18     0.18     0  07:00      0.0013      0.0013       0.044
  MH_824_151           JUNCTION      0.15     0.31     0  21:47     0.00105     0.00221       0.035
  MH_824_152           JUNCTION      0.00   110.36     6  17:54           0     0.00631      -0.176
  MH_824_153           JUNCTION      0.58   120.10     5  22:21     0.00416      0.0183       4.562
  MH_824_154           JUNCTION      0.13     0.13     0  07:00    0.000956    0.000956       0.036
  MH_824_155           JUNCTION      0.06     0.43     6  22:00    0.000413     0.00307       0.054
  MH_824_156           JUNCTION      0.07     0.40     6  22:00    0.000476     0.00285       0.055
  MH_824_157           JUNCTION      0.09     0.49     6  22:00    0.000641     0.00349       0.071
  MH_824_158           JUNCTION      0.07     0.99     6  22:00     0.00052     0.00708       0.090
  MH_824_159           JUNCTION      0.23     2.89     4  21:35     0.00165      0.0022      -1.507
  MH_824_16            JUNCTION      0.08     2.67     6  23:30    0.000595     0.00541       7.151
  MH_824_160           JUNCTION      0.00   140.30     5  21:56           0       0.013      -0.007
  MH_824_161           JUNCTION      0.04     0.12     6  22:00    0.000271    0.000821       0.096
  MH_824_162           JUNCTION      0.07     1.18     6  22:00     0.00052     0.00841       0.074
  MH_824_163           JUNCTION      0.06     0.08     6  21:35    0.000461    0.000551       0.082
  MH_824_164           JUNCTION      0.01     0.01     0  07:00    8.95e-05    8.95e-05       0.043
  MH_824_17            JUNCTION      0.12     0.67     6  22:00    0.000862     0.00476       0.047
  MH_824_18            JUNCTION      0.11     0.11     0  07:00    0.000779    0.000779       0.020
  MH_824_19            JUNCTION      0.00   664.66     0  00:00           0      0.0109       8.840
  MH_824_2             JUNCTION      0.06     0.24     0  21:30    0.000459      0.0017       0.049
  MH_824_20            JUNCTION      0.00     0.67     6  22:00           0     0.00475       0.035
  MH_824_21            JUNCTION      0.03     0.03     0  07:00    0.000221    0.000221       0.088
  MH_824_22            JUNCTION      0.03     0.06     6  22:00    0.000202    0.000423       0.085
  MH_824_23            JUNCTION      0.02     0.08     6  22:00    0.000145    0.000568       0.075
  MH_824_24            JUNCTION      0.02     0.02     0  07:00    0.000141    0.000141       0.113
  MH_824_25            JUNCTION      0.02  3391.37     0  00:00     0.00015      0.0145       9.902
  MH_824_26            JUNCTION      0.02     0.02     0  07:00    0.000154    0.000154       0.104
  MH_824_27            JUNCTION      0.00     0.13     0  00:25           0    0.000154       0.070
  MH_824_28            JUNCTION      0.02     0.04     6  22:00    0.000115    0.000268       0.116
  MH_824_29            JUNCTION      0.02     0.05     6  21:14    0.000105    0.000373       0.072
  MH_824_3             JUNCTION      0.12     0.36     0  21:53    0.000873     0.00257       0.052
  MH_824_30            JUNCTION      0.00     1.33     6  22:42           0    0.000428       6.564
  MH_824_31            JUNCTION      0.05     0.05     0  07:00    0.000329    0.000329       0.098
  MH_824_32            JUNCTION      0.00     0.05     0  07:30           0    0.000329       0.104
  MH_824_33            JUNCTION      0.02     4.34     6  07:15    0.000123     0.00512      15.229
  MH_824_34            JUNCTION      0.00   532.81     0  00:00           0     0.00607      12.956
  MH_824_35            JUNCTION      0.00     2.02     6  00:33           0     0.00134      26.940
  MH_824_36            JUNCTION      0.00     0.08     0  00:27           0     0.00014       0.104
  MH_824_37            JUNCTION      0.00     2.62     5  08:15           0     0.00326      13.669
  MH_824_38            JUNCTION      0.00     4.26     6  07:34           0     0.00467      18.403
  MH_824_39            JUNCTION      0.03     0.05     6  22:00    0.000209    0.000349       0.088
  MH_824_4             JUNCTION      0.21     0.21     0  07:00      0.0015      0.0015       0.038
  MH_824_40            JUNCTION      0.03     0.16     6  22:00     0.00022     0.00114       0.085
  MH_824_41            JUNCTION      0.01     0.01     0  07:00    9.11e-05    9.11e-05       0.123
  MH_824_42            JUNCTION      0.01     0.01     0  07:00    9.24e-05    9.24e-05       0.135
  MH_824_43            JUNCTION      0.01     0.01     0  07:00    4.43e-05    4.43e-05       0.127
  MH_824_44            JUNCTION      0.00     0.06     6  21:26           0    0.000413       0.133
  MH_824_45            JUNCTION      0.01     0.11     6  21:45    3.57e-05    0.000724       0.065
  MH_824_46            JUNCTION      0.04     0.06     6  21:29    0.000262    0.000413       0.123
  MH_824_47            JUNCTION      0.00     4.34     6  07:26           0     0.00443      20.185
  MH_824_48            JUNCTION      0.03     0.08     0  07:48    0.000244    0.000573       0.097
  MH_824_49            JUNCTION      0.05     0.07     6  22:00    0.000377    0.000468       0.062
  MH_824_5             JUNCTION      0.08     1.40     6  23:59    0.000556     0.00205       0.268
  MH_824_50            JUNCTION      0.00     0.08     6  22:00           0     0.00056       0.095
  MH_824_51            JUNCTION      0.00     0.08     0  08:00           0     0.00056       0.211
  MH_824_52            JUNCTION      0.00     0.00     0  00:00           0           0       0.000 gal
  MH_824_53            JUNCTION      0.01     0.04     5  01:40    6.99e-05    0.000151       0.103
  MH_824_54            JUNCTION      0.00     0.02     0  00:45           0    8.12e-05       0.138
  MH_824_55            JUNCTION      0.00     0.04     0  08:00           0    0.000277       0.072
  MH_824_56            JUNCTION      0.00     0.00     0  00:00           0           0       0.000 gal
  MH_824_57            JUNCTION      0.01     0.01     0  07:00    8.14e-05    8.14e-05       0.232
  MH_824_58            JUNCTION      0.02     0.02     0  07:00    0.000151    0.000151       0.126
  MH_824_59            JUNCTION      0.02     0.04     6  22:00    0.000126    0.000277       0.129
  MH_824_6             JUNCTION      0.08     3.61     4  21:17    0.000601     0.00708      17.665
  MH_824_60            JUNCTION      0.02     4.38     6  07:15    0.000149     0.00359      24.756
  MH_824_61            JUNCTION      0.07     4.36     6  07:15    0.000501     0.00262     100.817
  MH_824_62            JUNCTION      0.33     0.34     6  22:00     0.00238     0.00243       0.074
  MH_824_63            JUNCTION      0.19    78.92     0  00:00     0.00136     0.00733       0.069
  MH_824_64            JUNCTION      0.02     0.11     6  21:17    0.000171    0.000778       0.131
  MH_824_65            JUNCTION      0.01     0.01     0  07:00    3.46e-05    3.46e-05       0.027
  MH_824_66            JUNCTION      0.00     0.00     0  00:00           0           0       0.000 gal
  MH_824_67            JUNCTION      0.41     0.83     6  21:45     0.00296     0.00594       0.132
  MH_824_68            JUNCTION      0.01     0.01     0  07:00    4.61e-05    4.61e-05       0.184
  MH_824_69            JUNCTION      0.00     0.00     0  00:00           0           0       0.000 gal
  MH_824_7             JUNCTION      0.09     2.72     5  18:18    0.000659     0.00339      20.047
  MH_824_70            JUNCTION      0.34     0.39     6  22:00     0.00245     0.00278       0.160
  MH_824_71            JUNCTION      0.05     0.05     0  07:00     0.00033     0.00033       0.083
  MH_824_72            JUNCTION      0.07     0.20     6  22:00    0.000519     0.00141       0.071
  MH_824_73            JUNCTION      0.02     0.02     0  07:00    0.000128    0.000128       0.271
  MH_824_74            JUNCTION      0.05     0.05     0  07:00    0.000393    0.000393       0.096
  MH_824_75            JUNCTION      0.02     0.30     6  20:53    0.000133     0.00193       1.559
  MH_824_76            JUNCTION      0.02     0.03     6  22:00    0.000104    0.000231       0.098
  MH_824_77            JUNCTION      0.08     0.13     6  22:00    0.000575    0.000892       0.115
  MH_824_78            JUNCTION      0.01     0.05     6  22:00    8.83e-05    0.000319       0.755
  MH_824_79            JUNCTION      0.04     0.04     0  07:00    0.000263    0.000263      -0.000
  MH_824_8             JUNCTION      0.06     3.14     3  23:42    0.000458     0.00705       7.635
  MH_824_80            JUNCTION      0.03     0.42     6  22:00    0.000228     0.00301       0.128
  MH_824_81            JUNCTION      0.01     0.01     0  07:00     7.3e-05     7.3e-05       2.317
  MH_824_82            JUNCTION      0.01     2.36     3  22:24    9.92e-05      0.0068       8.338
  MH_824_83            JUNCTION      0.01     3.20     5  20:19    8.03e-05     0.00677      15.933
  MH_824_84            JUNCTION      0.01     3.01     6  08:14    5.49e-05     0.00695      12.264
  MH_824_85            JUNCTION      0.02     2.21     6  21:27    0.000106     0.00624      10.183
  MH_824_86            JUNCTION      0.01     0.43     6  22:00    5.67e-05     0.00306       0.060
  MH_824_87            JUNCTION      0.00     0.04     0  00:51           0    7.14e-05      -1.946
  MH_824_88            JUNCTION      0.01     2.93     2  23:22    7.89e-05      0.0078      22.607
  MH_824_89            JUNCTION      0.00     2.39     5  14:34           0     0.00657       8.974
  MH_824_9             JUNCTION      0.10     0.10     0  07:00    0.000702    0.000702       0.069
  MH_824_90            JUNCTION      0.02     0.42     6  22:00    0.000121      0.0029       0.058
  MH_824_91            JUNCTION      0.02     0.02     0  07:00     0.00017     0.00017       0.120
  MH_824_92            JUNCTION      0.03     0.03     0  07:00    0.000208    0.000208       0.012
  MH_824_93            JUNCTION      0.06     0.08     6  22:00      0.0004     0.00057       0.071
  MH_824_94            JUNCTION      0.02     0.10     6  22:00    0.000115    0.000685       0.059
  MH_824_95            JUNCTION      0.03     0.25     6  22:00    0.000199     0.00179       0.721
  MH_824_96            JUNCTION      0.13     0.13     0  07:00    0.000908    0.000908       0.137
  MH_824_97            JUNCTION      0.02     0.36     6  22:00    0.000156     0.00251       0.088
  MH_824_98            JUNCTION      0.01     0.33     6  22:00    9.25e-05     0.00236       0.075
  MH_824_99            JUNCTION      0.15     0.17     6  22:00     0.00104     0.00119       0.041
  MH_825_10            JUNCTION      0.08     0.37     3  21:25    0.000595     0.00266       0.019
  MH_825_11            JUNCTION      0.05     2.58     2  22:23    0.000384     0.00752      24.145
  MH_825_12            JUNCTION      0.02     0.29     0  08:00    0.000144     0.00207       0.099
  MH_825_13            JUNCTION      0.19     0.27     0  21:44     0.00133     0.00193       0.112
  MH_825_14            JUNCTION      0.08     0.08     0  07:00      0.0006      0.0006       0.048
  MH_825_2             JUNCTION      0.01   247.19     0  00:01     5.3e-05    0.000271      -0.600
  MH_825_3             JUNCTION      0.05  1140.53     0  00:00    0.000359     0.00255      -1.215
  MH_825_4             JUNCTION      0.00   238.68     0  00:02           0    0.000542      -2.535
  MH_825_5             JUNCTION      0.09  1288.68     0  00:00    0.000629     0.00227      -0.301
  MH_825_6             JUNCTION      0.13     0.13     0  07:00    0.000921    0.000921       0.050
  MH_825_7             JUNCTION      0.03   101.07     0  00:00    0.000209     0.00115       0.321
  MH_825_8             JUNCTION      0.08     2.83     6  08:18    0.000592     0.00481      25.133
  MH_825_9             JUNCTION      0.05     2.26     6  18:33    0.000377     0.00356      23.295
  MH_919_1             JUNCTION      0.02    61.99     0  00:25    0.000125       0.027       0.080
  MH_919_10            JUNCTION      0.01     1.38     6  22:00    5.48e-05     0.00982       0.034
  MH_919_100           JUNCTION      0.19     0.19     0  07:00     0.00132     0.00132       0.070
  MH_919_101           JUNCTION      0.18     0.33     0  21:32     0.00128     0.00234       0.059
  MH_919_102           JUNCTION      0.15     0.46     6  22:00     0.00105     0.00329       0.077
  MH_919_103           JUNCTION      0.25     1.85     6  22:00     0.00179      0.0132       0.106
  MH_919_104           JUNCTION      0.07     0.07     0  07:00    0.000484    0.000484       0.138
  MH_919_105           JUNCTION      0.31     8.77     6  22:00     0.00222      0.0624       0.069
  MH_919_106           JUNCTION      0.16     0.16     0  07:00     0.00112     0.00112       0.066
  MH_919_107           JUNCTION      0.16     0.31     6  22:00     0.00113     0.00224       0.088
  MH_919_108           JUNCTION      0.08     0.23     6  22:00    0.000538     0.00165       0.101
  MH_919_109           JUNCTION      0.01   166.33     2  22:07    7.14e-05      0.0381       3.166
  MH_919_11            JUNCTION      0.22     1.02     6  22:00     0.00159     0.00725       0.086
  MH_919_110           JUNCTION      0.10     0.57     0  21:59    0.000716     0.00407       0.075
  MH_919_111           JUNCTION      0.12    84.23     6  18:23    0.000835      0.0136       6.062
  MH_919_112           JUNCTION      0.22     0.66     6  22:00     0.00161     0.00474       0.084
  MH_919_113           JUNCTION      0.09     0.09     0  07:00    0.000633    0.000633       0.076
  MH_919_114           JUNCTION      0.16     0.16     0  07:00     0.00117     0.00117       0.080
  MH_919_115           JUNCTION      0.12     0.36     6  22:00    0.000884     0.00254       0.101
  MH_919_116           JUNCTION      0.13     1.20     6  22:00    0.000963      0.0085       0.081
  MH_919_117           JUNCTION      0.14     0.71     6  22:00    0.000981     0.00504       0.744
  MH_919_118           JUNCTION      0.14     0.14     0  07:00     0.00101     0.00101       0.054
  MH_919_119           JUNCTION      0.13   167.88     2  22:07     0.00091      0.0223       2.381
  MH_919_12            JUNCTION      0.23     1.25     6  22:00     0.00164     0.00889       0.067
  MH_919_120           JUNCTION      0.03     8.47     6  22:00    0.000219      0.0602       0.086
  MH_919_121           JUNCTION      0.09     4.52     6  22:00    0.000648       0.032       0.178
  MH_919_122           JUNCTION      0.05     4.43     6  22:00     0.00034      0.0314       0.156
  MH_919_123           JUNCTION      0.15     2.00     6  22:00     0.00107      0.0142       0.047
  MH_919_124           JUNCTION      0.09     3.19     6  22:00    0.000669      0.0226       0.129
  MH_919_125           JUNCTION      0.07     3.10     6  22:00    0.000495       0.022       0.107
  MH_919_126           JUNCTION      0.18     3.03     6  22:00     0.00129      0.0215       0.061
  MH_919_127           JUNCTION      0.05   173.33     2  22:07    0.000377      0.0208       1.800
  MH_919_128           JUNCTION      0.22     0.32     6  22:00     0.00157     0.00229       0.151
  MH_919_129           JUNCTION      0.14     2.58     6  21:54    0.000987      0.0183       0.129
  MH_919_13            JUNCTION      0.27    63.75     0  00:26     0.00189      0.0396       0.129
  MH_919_130           JUNCTION      0.20     0.52     6  22:00     0.00143     0.00371       0.110
  MH_919_131           JUNCTION      0.06     2.85     6  22:00    0.000409      0.0202       0.066
  MH_919_132           JUNCTION      0.05     2.13     6  22:00    0.000377      0.0152       0.076
  MH_919_133           JUNCTION      0.10     0.10     0  07:00     0.00072     0.00072       0.085
  MH_919_134           JUNCTION      0.10     4.82     2  21:55    0.000719     0.00575       0.289
  MH_919_135           JUNCTION      0.09    60.03     2  22:05    0.000662       0.008      -0.021
  MH_919_136           JUNCTION      0.19    82.78     6  04:34     0.00133      0.0101       9.553
  MH_919_137           JUNCTION      0.06   173.76     2  22:07    0.000458      0.0127       0.361
  MH_919_138           JUNCTION      0.13   174.24     2  22:07    0.000912       0.011       0.209
  MH_919_139           JUNCTION      0.15     0.15     0  07:00     0.00104     0.00104       0.056
  MH_919_14            JUNCTION      0.25     0.25     0  07:00      0.0018      0.0018       0.011
  MH_919_140           JUNCTION      0.06     0.06     0  07:00    0.000415    0.000415       0.090
  MH_919_141           JUNCTION      0.01    68.92     6  04:19    0.000103     0.00558       0.750
  MH_919_142           JUNCTION      0.20     0.20     0  07:00     0.00146     0.00146       0.049
  MH_919_143           JUNCTION      0.20     1.56     6  22:00     0.00143      0.0111       0.108
  MH_919_144           JUNCTION      0.17     0.17     0  07:00     0.00119     0.00119       0.054
  MH_919_145           JUNCTION      0.19     0.19     0  07:00     0.00135     0.00135       0.056
  MH_919_146           JUNCTION      0.05     0.11     6  22:00    0.000355    0.000769       0.087
  MH_919_147           JUNCTION      0.14     0.21     6  22:00    0.000977     0.00152       0.087
  MH_919_148           JUNCTION      0.15    54.37     6  04:21     0.00106      0.0057       0.570
  MH_919_149           JUNCTION      0.09    27.38     2  22:24    0.000667     0.00335       1.557
  MH_919_15            JUNCTION      0.22     0.79     6  21:59     0.00156     0.00567       0.094
  MH_919_150           JUNCTION      0.24     0.75     6  22:00     0.00172     0.00534       0.148
  MH_919_151           JUNCTION      0.15     0.34     6  22:00     0.00105     0.00244       0.148
  MH_919_152           JUNCTION      0.05     0.05     0  07:00    0.000348    0.000348       0.059
  MH_919_153           JUNCTION      0.09     0.19     6  22:00    0.000615     0.00138       0.056
  MH_919_154           JUNCTION      0.01     0.44     1  07:59    5.53e-05     0.00312       0.211
  MH_919_155           JUNCTION      0.22     1.36     6  22:00     0.00154     0.00967       0.052
  MH_919_156           JUNCTION      0.05     2.56     5  11:05    0.000373     0.00103      -0.586
  MH_919_157           JUNCTION      0.17     0.36     6  22:00     0.00123     0.00258       0.075
  MH_919_158           JUNCTION      0.02    24.39     2  22:21    0.000115     0.00256       1.325
  MH_919_159           JUNCTION      0.27     0.47     0  21:58     0.00191     0.00337       0.048
  MH_919_16            JUNCTION      0.30     0.30     0  07:00     0.00216     0.00216       0.066
  MH_919_160           JUNCTION      0.04     0.23     6  22:00    0.000276     0.00166       0.054
  MH_919_161           JUNCTION      0.03     6.14     2  22:07    0.000179    0.000866       5.592
  MH_919_162           JUNCTION      0.02     1.14     6  22:00    0.000124     0.00813       0.040
  MH_919_163           JUNCTION      0.08     0.08     0  07:00    0.000547    0.000547       0.087
  MH_919_164           JUNCTION      0.26     0.45     6  22:00     0.00184     0.00318       0.142
  MH_919_165           JUNCTION      0.17     1.12     6  22:00     0.00124     0.00802       0.120
  MH_919_166           JUNCTION      0.19     0.19     0  07:00     0.00134     0.00134       0.079
  MH_919_167           JUNCTION      0.07     0.07     0  07:00    0.000496    0.000496       0.083
  MH_919_168           JUNCTION      0.11     0.11     0  07:00    0.000776    0.000776       0.070
  MH_919_169           JUNCTION      0.14     0.37     6  22:00    0.000989     0.00265       0.065
  MH_919_17            JUNCTION      0.15   137.45     5  22:01     0.00104      0.0161       0.093
  MH_919_170           JUNCTION      0.05     0.05     0  07:00    0.000327    0.000327       0.103
  MH_919_171           JUNCTION      0.16     0.52     6  22:00     0.00114     0.00372       0.068
  MH_919_172           JUNCTION      0.08     0.08     0  07:00    0.000598    0.000598       0.082
  MH_919_173           JUNCTION      0.10     0.51     6  22:00    0.000718     0.00361       0.108
  MH_919_174           JUNCTION      0.07     0.07     0  07:00    0.000479    0.000479       0.085
  MH_919_175           JUNCTION      0.14     0.34     6  22:00    0.000973     0.00241       0.098
  MH_919_176           JUNCTION      0.00     0.11     6  22:00           0    0.000813       0.104
  MH_919_177           JUNCTION      0.22     0.43     6  22:00      0.0016     0.00307       0.138
  MH_919_178           JUNCTION      0.09     0.20     6  22:00    0.000627     0.00144       0.075
  MH_919_179           JUNCTION      0.04     0.37     6  22:00    0.000281     0.00266       0.058
  MH_919_18            JUNCTION      0.09   142.07     5  22:02    0.000607      0.0194       0.034
  MH_919_180           JUNCTION      0.09     0.23     0  21:56    0.000623     0.00161       0.106
  MH_919_181           JUNCTION      0.02     0.45     6  22:00    0.000126     0.00323       0.041
  MH_919_182           JUNCTION      0.11     1.31     6  22:00    0.000757     0.00931       0.113
  MH_919_183           JUNCTION      0.06     0.06     0  07:00     0.00044     0.00044       0.045
  MH_919_184           JUNCTION      0.01     0.93     6  21:35    8.75e-05     0.00662       0.141
  MH_919_185           JUNCTION      0.15     2.95     5  09:47     0.00105     0.00784       0.196
  MH_919_186           JUNCTION      0.03     0.03     0  07:00    0.000216    0.000216       0.115
  MH_919_187           JUNCTION      0.06     0.43     6  22:00     0.00045     0.00309       0.026
  MH_919_188           JUNCTION      0.08     0.60     3  22:00    0.000583      0.0043       0.016
  MH_919_189           JUNCTION      0.00     0.05     0  07:37           0    0.000326       0.112
  MH_919_19            JUNCTION      0.08     0.58     6  22:00     0.00054     0.00415       0.032
  MH_919_190           JUNCTION      0.06   125.00     2  18:35    0.000422      0.0184       0.274
  MH_919_191           JUNCTION      0.03    58.25     6  17:26    0.000192     0.00845       0.550
  MH_919_192           JUNCTION      0.06     0.64     6  22:00     0.00043     0.00453       0.096
  MH_919_193           JUNCTION      0.07     0.14     6  22:00    0.000468     0.00101       0.087
  MH_919_194           JUNCTION      0.08     0.08     0  07:00    0.000544    0.000544       0.081
  MH_919_195           JUNCTION      0.07     0.07     0  07:00    0.000488    0.000488       0.078
  MH_919_196           JUNCTION      0.20     0.20     0  07:00     0.00143     0.00143       0.009
  MH_919_197           JUNCTION      0.18   127.45     2  21:19     0.00125      0.0127       0.288
  MH_919_198           JUNCTION      0.12     0.12     0  07:00    0.000889    0.000889       0.025
  MH_919_199           JUNCTION      0.21     0.21     0  07:00     0.00147     0.00147       0.076
  MH_919_2             JUNCTION      0.00   247.79     0  00:07           0      0.0185       0.834
  MH_919_20            JUNCTION      0.38     0.38     0  07:00     0.00272     0.00272       0.020
  MH_919_200           JUNCTION      0.23   245.04     1  19:30     0.00164       0.059       0.088
  MH_919_201           JUNCTION      0.15   248.14     1  19:30     0.00106      0.0794       0.195
  MH_919_202           JUNCTION      0.17   242.15     1  19:30     0.00119      0.0508       0.192
  MH_919_203           JUNCTION      0.16   151.01     1  19:21     0.00118      0.0375       0.283
  MH_919_204           JUNCTION      0.06   142.63     6  10:28      0.0004      0.0274       0.153
  MH_919_205           JUNCTION      0.02     0.32     0  21:55    0.000122     0.00231       0.200
  MH_919_206           JUNCTION      0.31     0.31     0  07:00     0.00219     0.00219       0.047
  MH_919_207           JUNCTION      0.00     1.43     2  22:00           0      0.0101       0.174
  MH_919_208           JUNCTION      0.12     0.45     6  21:18    0.000868     0.00317       0.116
  MH_919_209           JUNCTION      0.00     1.38     6  22:00           0     0.00982       0.037
  MH_919_21            JUNCTION      0.19     0.33     0  21:22     0.00133     0.00232       0.084
  MH_919_210           JUNCTION      0.06     1.38     6  22:00    0.000436     0.00983       0.062
  MH_919_211           JUNCTION      0.01     0.19     0  07:22    3.68e-05     0.00136       0.083
  MH_919_212           JUNCTION      0.27     0.47     6  22:00     0.00194     0.00334       0.112
  MH_919_213           JUNCTION      0.12     1.13     6  22:00    0.000832     0.00805       0.147
  MH_919_214           JUNCTION      0.00     0.10     4  07:50           0    0.000707       0.222
  MH_919_215           JUNCTION      0.36    99.92     2  21:18     0.00254     0.00486      -0.670
  MH_919_216           JUNCTION      0.19     0.19     0  07:00     0.00132     0.00132       0.050
  MH_919_217           JUNCTION      0.20     0.20     0  07:00      0.0014      0.0014       0.060
  MH_919_218           JUNCTION      0.06     0.06     0  07:00    0.000463    0.000463       0.098
  MH_919_219           JUNCTION      0.25     0.32     6  22:00     0.00179     0.00225       0.077
  MH_919_22            JUNCTION      0.18     0.51     6  22:00      0.0013     0.00362       0.089
  MH_919_220           JUNCTION      0.05     1.01     6  22:00    0.000346     0.00723       0.140
  MH_919_221           JUNCTION      0.05   562.04     2  21:45    0.000333       0.241       1.287
  MH_919_222           JUNCTION      0.10     0.10     0  07:00    0.000707    0.000707       0.069
  MH_919_223           JUNCTION      0.19    71.63     3  22:10     0.00134     0.00583      -0.615
  MH_919_224           JUNCTION      0.21     0.21     0  07:00     0.00151     0.00151       0.137
  MH_919_225           JUNCTION      0.19     0.19     0  07:00     0.00137     0.00137       0.040
  MH_919_226           JUNCTION      0.00     0.00     0  00:00           0           0       0.000 gal
  MH_919_227           JUNCTION      0.31     0.65     6  22:00     0.00218     0.00464       0.237
  MH_919_228           JUNCTION      0.01   665.25     1  19:19    1.94e-05        0.25       0.983
  MH_919_229           JUNCTION      0.02   189.59     1  19:19    0.000159      0.0191       0.502
  MH_919_23            JUNCTION      0.01     0.01     0  07:00    9.96e-05    9.96e-05       0.135
  MH_919_230           JUNCTION      0.06   188.92     1  19:19    0.000413       0.015       1.306
  MH_919_231           JUNCTION      0.05     0.05     0  07:00    0.000371    0.000371       0.095
  MH_919_232           JUNCTION      0.00     0.05     0  07:29           0    0.000371       0.096
  MH_919_233           JUNCTION      0.20    78.44     6  10:13     0.00144     0.00889      -0.395
  MH_919_234           JUNCTION      0.28    29.64     6  10:31     0.00199     0.00371       0.841
  MH_919_24            JUNCTION      0.14     0.14     0  07:00    0.000989    0.000989       0.058
  MH_919_25            JUNCTION      0.13     0.13     0  07:00    0.000922    0.000922       0.060
  MH_919_26            JUNCTION      0.27     0.27     0  07:00     0.00194     0.00194       0.046
  MH_919_27            JUNCTION      0.04   105.18     0  00:09     0.00029      0.0195       0.061
  MH_919_28            JUNCTION      0.05   134.37     5  22:05     0.00033      0.0198       0.021
  MH_919_29            JUNCTION      0.26    63.14     0  00:32     0.00185       0.049       0.185
  MH_919_3             JUNCTION      0.02    62.23     0  00:23    0.000171      0.0185       0.053
  MH_919_30            JUNCTION      0.12     0.41     0  21:53    0.000877     0.00292       0.159
  MH_919_31            JUNCTION      0.30     0.71     6  22:00     0.00214     0.00505       0.079
  MH_919_32            JUNCTION      0.32     0.32     0  07:00     0.00228     0.00228      -0.031
  MH_919_33            JUNCTION      0.14     0.14     0  07:00       0.001       0.001       0.040
  MH_919_34            JUNCTION      0.10     0.10     0  07:00    0.000697    0.000697       0.051
  MH_919_35            JUNCTION      0.14     0.30     0  21:12       0.001     0.00212       0.066
  MH_919_36            JUNCTION      0.08   106.74     0  00:11    0.000585      0.0222       0.070
  MH_919_37            JUNCTION      0.16     0.16     0  07:00     0.00112     0.00112       0.050
  MH_919_38            JUNCTION      0.12     0.22     0  21:15    0.000856     0.00155       0.039
  MH_919_39            JUNCTION      0.05   136.16     5  22:07    0.000337      0.0201       0.037
  MH_919_4             JUNCTION      0.30   147.03     5  21:58     0.00211      0.0151       0.019
  MH_919_40            JUNCTION      0.16     0.16     0  07:00     0.00112     0.00112       0.051
  MH_919_41            JUNCTION      0.17     4.14     4  18:49     0.00124     0.00215       1.958
  MH_919_42            JUNCTION      0.15     0.29     0  20:58     0.00105     0.00205       0.042
  MH_919_43            JUNCTION      0.11   265.16     2  22:06     0.00079        0.05      -0.112
  MH_919_44            JUNCTION      0.14   264.85     2  22:06     0.00103      0.0511       0.171
  MH_919_45            JUNCTION      0.33     0.33     0  07:00     0.00233     0.00233       0.049
  MH_919_46            JUNCTION      0.25     0.57     0  21:34     0.00176     0.00409       0.097
  MH_919_47            JUNCTION      0.08     0.66     0  07:37    0.000576     0.00466       0.078
  MH_919_48            JUNCTION      0.06    94.13     0  00:15    0.000458      0.0331       0.431
  MH_919_49            JUNCTION      0.16     1.00     6  22:00     0.00111     0.00709       0.085
  MH_919_5             JUNCTION      0.06     0.79     6  22:00    0.000438     0.00562       0.137
  MH_919_50            JUNCTION      0.11     0.84     6  22:00    0.000774     0.00599       0.083
  MH_919_51            JUNCTION      0.10     0.32     0  21:57    0.000719     0.00227       0.089
  MH_919_52            JUNCTION      0.18     1.17     6  22:00     0.00127     0.00836       0.049
  MH_919_53            JUNCTION      0.13     0.44     6  22:00    0.000897     0.00317       0.062
  MH_919_54            JUNCTION      0.25     0.25     0  07:00     0.00175     0.00175      -0.010
  MH_919_55            JUNCTION      0.21   264.62     2  22:06     0.00148      0.0541       0.206
  MH_919_56            JUNCTION      0.06   135.49     5  22:10    0.000454      0.0205       0.066
  MH_919_57            JUNCTION      0.36   264.82     2  22:06     0.00258      0.0566       2.057
  MH_919_58            JUNCTION      0.19     0.84     0  07:47     0.00133     0.00599       0.074
  MH_919_59            JUNCTION      0.14    46.27     2  22:56    0.000972     0.00584      15.544
  MH_919_6             JUNCTION      0.23     0.55     6  22:00     0.00163     0.00389       0.096
  MH_919_60            JUNCTION      0.00   235.88     6  17:53           0      0.0218       7.974
  MH_919_61            JUNCTION      0.01   104.43     6  18:03    1.94e-05     0.00862       8.884
  MH_919_63            JUNCTION      0.07   133.52     5  22:12    0.000496       0.021       0.040
  MH_919_64            JUNCTION      0.03   164.55     5  21:56     0.00019      0.0742      -0.121
  MH_919_65            JUNCTION      0.13   131.77     5  22:27     0.00095      0.0385       0.052
  MH_919_66            JUNCTION      0.20   133.76     5  22:19     0.00145      0.0277       0.057
  MH_919_67            JUNCTION      0.21   132.50     5  22:22     0.00151      0.0292       0.081
  MH_919_68            JUNCTION      0.16     0.16     0  07:00     0.00113     0.00113       0.053
  MH_919_69            JUNCTION      0.18   133.46     5  22:15     0.00126      0.0263       0.039
  MH_919_7             JUNCTION      0.03     0.04     6  22:00    0.000202    0.000301       0.164
  MH_919_70            JUNCTION      0.19   133.26     5  22:14     0.00138      0.0224       0.015
  MH_919_71            JUNCTION      0.07   388.37     2  22:06    0.000533      0.0496       3.199
  MH_919_72            JUNCTION      0.15     0.99     0  07:58     0.00109     0.00707       0.122
  MH_919_73            JUNCTION      0.34     1.33     6  21:20     0.00241     0.00947       0.132
  MH_919_74            JUNCTION      0.10   134.33     5  22:13    0.000746       0.025       0.047
  MH_919_75            JUNCTION      0.12     9.38     6  22:00    0.000887      0.0668       0.026
  MH_919_76            JUNCTION      0.09     0.49     6  22:00    0.000626     0.00348       0.066
  MH_919_77            JUNCTION      0.09     0.73     6  22:00    0.000627     0.00524       0.061
  MH_919_78            JUNCTION      0.18     7.58     2  21:13     0.00131      0.0106       0.222
  MH_919_79            JUNCTION      0.31   225.96     2  22:05     0.00219      0.0208      -0.032
  MH_919_8             JUNCTION      0.27     0.32     6  22:00     0.00196     0.00226       0.105
  MH_919_80            JUNCTION      0.21     0.21     0  07:00      0.0015      0.0015       0.062
  MH_919_81            JUNCTION      0.18   388.11     2  22:06      0.0013      0.0573       2.792
  MH_919_82            JUNCTION      0.20     0.39     6  22:00     0.00144     0.00276       0.035
  MH_919_83            JUNCTION      0.10     1.18     6  22:00    0.000691     0.00839       0.101
  MH_919_84            JUNCTION      0.16     0.97     6  22:00     0.00116     0.00692       0.133
  MH_919_85            JUNCTION      0.18     0.37     6  22:00     0.00132     0.00267       0.122
  MH_919_86            JUNCTION      0.11     0.19     0  21:52     0.00077     0.00135       0.093
  MH_919_87            JUNCTION      0.26     0.26     0  07:00     0.00188     0.00188       0.015
  MH_919_88            JUNCTION      0.50     9.26     6  22:00     0.00358      0.0659       0.073
  MH_919_89            JUNCTION      0.27     1.60     6  22:00     0.00194      0.0114       0.109
  MH_919_9             JUNCTION      0.00   133.92     0  00:06           0      0.0192       0.111
  MH_919_90            JUNCTION      0.08     0.08     0  07:00    0.000584    0.000584       0.079
  MH_919_91            JUNCTION      0.11     0.11     0  07:00    0.000787    0.000787       0.058
  MH_919_92            JUNCTION      0.24     0.40     6  22:00     0.00169     0.00286       0.130
  MH_919_93            JUNCTION      0.25     0.71     2  20:52     0.00176     0.00504       0.031
  MH_919_94            JUNCTION      0.15     0.15     0  07:00     0.00106     0.00106       0.067
  MH_919_95            JUNCTION      0.23     0.44     6  22:00     0.00164     0.00314       0.136
  MH_919_96            JUNCTION      0.14   164.17     2  22:25     0.00102      0.0409       2.321
  MH_919_97            JUNCTION      0.16     0.43     6  22:00     0.00118      0.0031       0.125
  MH_919_98            JUNCTION      0.17     0.27     6  22:00     0.00121     0.00192       0.118
  MH_919_99            JUNCTION      0.10     0.10     0  07:00    0.000715    0.000715       0.090
  MH_920_1             JUNCTION      0.05   917.07     1  19:19     0.00036       0.287       0.767
  MH_920_10            JUNCTION      0.12   258.44     1  19:19    0.000822      0.0583       0.643
  MH_920_11            JUNCTION      0.20    86.66     6  10:20     0.00141     0.00893       0.170
  MH_920_12            JUNCTION      0.24     0.54     6  22:00     0.00175     0.00389       0.121
  MH_920_13            JUNCTION      0.23     0.30     6  22:00     0.00163     0.00214       0.136
  MH_920_14            JUNCTION      0.07     0.07     0  07:00    0.000516    0.000516       0.074
  MH_920_15            JUNCTION      0.14   141.24     4  22:37     0.00101      0.0378       0.363
  MH_920_16            JUNCTION      0.14   133.08     1  19:19    0.000984       0.024       0.138
  MH_920_17            JUNCTION      0.16   132.56     1  19:19     0.00114      0.0156       0.163
  MH_920_18            JUNCTION      0.16   100.54     6  10:31     0.00114     0.00628       0.317
  MH_920_19            JUNCTION      0.04     0.14     6  22:00    0.000287     0.00102       0.224
  MH_920_2             JUNCTION      0.06   259.78     1  19:19    0.000432      0.0748       1.701
  MH_920_20            JUNCTION      0.06     0.10     6  22:00    0.000456    0.000737       0.164
  MH_920_21            JUNCTION      0.02     0.02     0  07:00    0.000174    0.000174       0.051
  MH_920_22            JUNCTION      0.21     0.58     6  22:00     0.00152     0.00415       0.119
  MH_920_23            JUNCTION      0.22     0.37     6  22:00     0.00156     0.00264       0.136
  MH_920_24            JUNCTION      0.07     0.67     6  22:00    0.000492     0.00481       0.123
  MH_920_25            JUNCTION      0.15     0.15     0  07:00     0.00108     0.00108       0.065
  MH_920_26            JUNCTION      0.19     0.19     0  07:00     0.00134     0.00134       0.056
  MH_920_27            JUNCTION      0.21     0.40     6  22:00     0.00153     0.00286       0.075
  MH_920_28            JUNCTION      0.38     0.38     0  07:00     0.00271     0.00271       0.055
  MH_920_29            JUNCTION      0.10     1.18     6  22:00    0.000742     0.00841       0.151
  MH_920_3             JUNCTION      0.22     0.87     2  22:00     0.00159     0.00621       0.037
  MH_920_30            JUNCTION      0.21     0.59     3  22:00     0.00149      0.0042       0.092
  MH_920_31            JUNCTION      0.22     0.22     0  07:00      0.0016      0.0016       0.039
  MH_920_32            JUNCTION      0.20     0.92     6  22:00     0.00146     0.00654       0.084
  MH_920_33            JUNCTION      0.13     2.23     6  22:00     0.00095      0.0159       0.108
  MH_920_34            JUNCTION      0.12     0.71     6  22:00    0.000891     0.00509       0.098
  MH_920_35            JUNCTION      0.00     0.00     0  00:00           0           0       0.000 gal
  MH_920_36            JUNCTION      0.25     0.25     0  07:00     0.00178     0.00178       0.082
  MH_920_37            JUNCTION      0.05     0.27     2  07:21     0.00035     0.00195       0.049
  MH_920_38            JUNCTION      0.09     0.34     2  07:40    0.000629     0.00241       0.083
  MH_920_39            JUNCTION      0.04     3.41     2  02:34    0.000275      0.0187       0.547
  MH_920_4             JUNCTION      0.27     0.65     6  22:00      0.0019     0.00462       0.112
  MH_920_40            JUNCTION      0.19   134.00     6  21:44     0.00135      0.0223       0.463
  MH_920_41            JUNCTION      0.20   190.25     6  08:10     0.00141      0.0239       0.077
  MH_920_42            JUNCTION      0.19   191.46     6  08:12     0.00136      0.0316       0.063
  MH_920_43            JUNCTION      0.17     0.90     6  22:00     0.00125      0.0064       0.056
  MH_920_44            JUNCTION      0.32   191.33     6  08:14     0.00225      0.0339       0.048
  MH_920_45            JUNCTION      0.27   191.45     6  08:16     0.00192      0.0358       0.028
  MH_920_46            JUNCTION      0.02   242.81     6  21:44    0.000126      0.0271       0.607
  MH_920_47            JUNCTION      0.03     3.42     2  02:28     0.00023     0.00337       1.031
  MH_920_48            JUNCTION      0.06   176.04     4  17:03    0.000434      0.0989       0.117
  MH_920_49            JUNCTION      0.19   524.91     1  01:35     0.00134       0.151       0.155
  MH_920_5             JUNCTION      0.33     0.38     6  22:00     0.00234     0.00273       0.118
  MH_920_50            JUNCTION      0.00   243.05     6  21:44           0      0.0256       0.819
  MH_920_51            JUNCTION      0.00   284.38     0  00:00           0       0.024      -0.112
  MH_920_52            JUNCTION      0.10     0.10     0  07:00    0.000728    0.000728       0.134
  MH_920_53            JUNCTION      0.07   532.24     1  01:35    0.000504       0.156       0.276
  MH_920_54            JUNCTION      0.28   304.04     0  00:01     0.00198      0.0315       0.179
  MH_920_55            JUNCTION      0.11   771.55     1  01:35    0.000797         0.2       0.935
  MH_920_57            JUNCTION      0.12     0.12     0  07:00     0.00087     0.00087       0.042
  MH_920_58            JUNCTION      0.13     0.13     0  07:00    0.000918    0.000918       0.068
  MH_920_59            JUNCTION      0.11     0.24     0  21:34    0.000798     0.00171       0.066
  MH_920_6             JUNCTION      0.05     0.05     0  07:00    0.000383    0.000383       0.091
  MH_920_60            JUNCTION      0.04     0.79     6  00:27     0.00025     0.00197       0.071
  MH_920_61            JUNCTION      0.03     2.97     5  11:06    0.000231     0.00279      25.739
  MH_920_62            JUNCTION      0.17   830.19     0  00:00     0.00122      0.0397       3.292
  MH_920_63            JUNCTION      0.07   143.32     3  21:10     0.00049      0.0383       3.070
  MH_920_64            JUNCTION      0.15   142.69     3  21:10     0.00108      0.0385       3.156
  MH_920_65            JUNCTION      0.07   141.76     3  21:10    0.000483      0.0383       2.762
  MH_920_66            JUNCTION      0.15   140.67     3  21:10     0.00108      0.0386       2.244
  MH_920_7             JUNCTION      0.29     0.29     0  07:00     0.00209     0.00209       0.149
  MH_920_8             JUNCTION      0.04     0.04     0  07:00    0.000282    0.000282       0.086
  MH_920_9             JUNCTION      0.02   258.91     1  19:19    0.000172      0.0632      -0.032
  MH_928_105           JUNCTION      0.02     0.13     0  21:55    0.000147    0.000932       0.212
  MH_928_107           JUNCTION      0.59     0.59     0  07:00     0.00419     0.00419       0.025
  MH_928_118           JUNCTION      0.11     0.11     0  07:00    0.000785    0.000785       0.058
  MH_928_13            JUNCTION      0.18     0.49     1  21:10      0.0013     0.00348       0.103
  MH_928_18            JUNCTION      0.09   133.54     3  21:10    0.000664      0.0362       1.556
  MH_928_27            JUNCTION      0.30     0.30     0  07:00     0.00218     0.00218       0.020
  MH_928_28            JUNCTION      0.00     0.00     0  00:00           0           0       0.000 gal
  MH_928_36            JUNCTION      0.39     0.39     0  07:00     0.00278     0.00278       0.042
  MH_928_43            JUNCTION      0.44     0.83     0  07:45     0.00318     0.00596       0.078
  MH_928_47            JUNCTION      0.16     0.16     0  07:00     0.00117     0.00117       0.054
  MH_928_49            JUNCTION      0.02     0.02     0  07:00    0.000134    0.000134       0.133
  MH_928_50            JUNCTION      0.16     8.91     1  21:24     0.00116      0.0352       0.149
  MH_928_53            JUNCTION      0.01     0.03     0  00:29    5.49e-05    0.000189       0.115
  MH_928_58            JUNCTION      0.10     0.26     0  21:56    0.000689     0.00186       0.088
  MH_928_6             JUNCTION      0.04     0.52     6  22:00     0.00026     0.00373       0.114
  MH_928_65            JUNCTION      0.28     1.28     6  22:00     0.00199     0.00916       0.124
  MH_928_66            JUNCTION      0.17     0.17     0  07:00     0.00121     0.00121       0.038
  MH_928_67            JUNCTION      0.20     4.75     6  22:00     0.00145      0.0338       0.054
  MH_928_69            JUNCTION      0.09     0.11     6  22:00     0.00062    0.000809       0.077
  MH_928_76            JUNCTION      0.06     0.43     6  22:00    0.000402     0.00307       0.096
  MH_928_81            JUNCTION      0.01     3.50     6  22:00    4.52e-05       0.025       0.085
  MH_928_86            JUNCTION      1.02     1.02     0  07:00      0.0073      0.0073       0.047
  MH_928_87            JUNCTION      0.23     3.73     6  22:00     0.00162      0.0266       0.053
  MH_928_88            JUNCTION      0.29     1.32     0  21:50     0.00209     0.00939       0.072
  MH_928_89            JUNCTION      0.01     4.17     6  22:00    8.95e-05      0.0297       0.037
  MH_928_90            JUNCTION      0.03     4.20     6  22:00    0.000221      0.0299       0.039
  MH_928_91            JUNCTION      0.10     2.21     6  22:00    0.000747      0.0158       0.072
  MH_928_92            JUNCTION      0.22     4.55     6  22:00     0.00154      0.0324       0.108
  MH_928_98            JUNCTION      0.20     0.79     0  07:36     0.00146     0.00564       0.050
  MH_929_1             JUNCTION      0.05     0.12     0  21:58    0.000366    0.000883       0.071
  MH_929_10            JUNCTION      0.01  2850.25     2  12:56    6.47e-05       0.222       0.440
  MH_929_100           JUNCTION      0.28     0.32     3  20:00     0.00201     0.00216       0.098
  MH_929_101           JUNCTION      0.35     0.65     6  20:05     0.00249     0.00465       0.100
  MH_929_102           JUNCTION      0.33     0.97     6  20:16     0.00234     0.00698       0.210
  MH_929_103           JUNCTION      0.14     4.22     6  21:21     0.00101      0.0302       0.087
  MH_929_104           JUNCTION      0.16   137.02     4  20:26     0.00116      0.0562       0.060
  MH_929_105           JUNCTION      0.09   135.23     4  20:34    0.000619      0.0582       0.023
  MH_929_106           JUNCTION      0.02   135.54     4  20:31    0.000147      0.0576       0.052
  MH_929_107           JUNCTION      0.06   137.97     4  20:35    0.000394      0.0792       0.051
  MH_929_108           JUNCTION      0.14   138.55     4  20:37     0.00101      0.0814       0.023
  MH_929_109           JUNCTION      0.24   138.46     4  20:40     0.00174      0.0833       0.207
  MH_929_11            JUNCTION      0.04   361.21     2  02:11    0.000265       0.192       0.062
  MH_929_110           JUNCTION      0.17   136.38     4  20:56     0.00122      0.0843       0.049
  MH_929_111           JUNCTION      0.11   136.61     4  20:57     0.00079      0.0864       0.049
  MH_929_112           JUNCTION      0.18   136.72     4  20:59      0.0013       0.088       0.052
  MH_929_114           JUNCTION      0.10     0.18     0  21:07    0.000715     0.00129       0.038
  MH_929_115           JUNCTION      0.24     3.12     6  21:26     0.00169      0.0222       0.050
  MH_929_116           JUNCTION      0.19   130.70     4  20:26     0.00139      0.0249       0.037
  MH_929_118           JUNCTION      0.08     0.08     0  07:00    0.000574    0.000574       0.041
  MH_929_119           JUNCTION      0.17     0.17     0  07:00     0.00122     0.00122       0.059
  MH_929_12            JUNCTION      0.11   108.80     2  02:24    0.000804      0.0121      -0.929
  MH_929_120           JUNCTION      0.09     0.18     6  22:00    0.000664     0.00129       0.082
  MH_929_121           JUNCTION      0.03     0.03     0  07:00    0.000182    0.000182       0.030
  MH_929_122           JUNCTION      0.08     0.08     0  07:00    0.000546    0.000627       0.112
  MH_929_123           JUNCTION      0.00     0.00     0  00:00           0           0       0.000 gal
  MH_929_124           JUNCTION      0.24   131.81     4  20:23     0.00171      0.0235       0.088
  MH_929_125           JUNCTION      0.31     2.89     6  21:21      0.0022      0.0206       0.077
  MH_929_126           JUNCTION      0.00     0.00     0  00:00           0           0       0.000 gal
  MH_929_128           JUNCTION      0.00     0.02     0  00:29           0    8.09e-05       0.192
  MH_929_13            JUNCTION      0.19    41.30     6  09:50     0.00134     0.00226       3.519
  MH_929_130           JUNCTION      0.15     3.34     5  11:14     0.00107      0.0025      24.000
  MH_929_131           JUNCTION      0.03     3.14     5  09:02    0.000221     0.00347      32.309
  MH_929_132           JUNCTION      0.01     0.01     0  18:00    3.14e-05    3.14e-05      -0.085
  MH_929_133           JUNCTION      0.12     3.15     5  09:19    0.000838     0.00474      25.175
  MH_929_134           JUNCTION      0.35     1.43     6  20:25     0.00252      0.0102       0.147
  MH_929_135           JUNCTION      0.28     2.11     6  20:52     0.00203      0.0151       0.094
  MH_929_136           JUNCTION      0.23     2.58     6  21:04     0.00165      0.0184       0.123
  MH_929_137           JUNCTION      0.34   134.36     4  20:19     0.00241      0.0218       0.089
  MH_929_138           JUNCTION      0.08     3.08     5  09:03    0.000543     0.00551      20.703
  MH_929_14            JUNCTION      0.17     0.36     6  22:00     0.00122     0.00259       0.025
  MH_929_140           JUNCTION      0.01     0.01     0  00:00    8.11e-05    8.11e-05       0.185
  MH_929_142           JUNCTION      0.11     0.11     0  07:00    0.000768    0.000768       0.092
  MH_929_143           JUNCTION      0.06     0.17     0  21:23    0.000405     0.00119       0.070
  MH_929_144           JUNCTION      0.18     1.07     0  07:50     0.00131     0.00763       0.065
  MH_929_145           JUNCTION      0.16     0.40     0  21:14     0.00116     0.00288       0.066
  MH_929_146           JUNCTION      0.14     0.25     6  22:00     0.00101     0.00178       0.086
  MH_929_147           JUNCTION      0.11     0.11     0  07:00    0.000786    0.000786       0.060
  MH_929_148           JUNCTION      0.21     0.46     6  22:00     0.00149     0.00327       0.053
  MH_929_149           JUNCTION      0.00     3.02     5  09:02           0     0.00834      19.066
  MH_929_15            JUNCTION      0.00   363.07     2  02:04           0       0.193       0.265
  MH_929_150           JUNCTION      0.16     0.32     6  22:00     0.00112     0.00231       0.113
  MH_929_151           JUNCTION      0.24     0.24     0  07:00     0.00173     0.00173       0.046
  MH_929_152           JUNCTION      0.89     0.89     0  07:00     0.00632     0.00632       0.026
  MH_929_153           JUNCTION      0.00     0.00     0  00:00           0           0       0.000 gal
  MH_929_154           JUNCTION      0.23     0.23     0  07:00     0.00167     0.00167       0.070
  MH_929_155           JUNCTION      0.00   132.68     4  20:17           0      0.0194       0.002
  MH_929_158           JUNCTION      0.00     2.67     5  09:10           0     0.00361      38.092
  MH_929_16            JUNCTION      0.05   361.46     2  02:09    0.000322       0.192       0.114
  MH_929_161           JUNCTION      0.00     2.82     5  09:03           0     0.00713      10.303
  MH_929_162           JUNCTION      0.04     0.74     6  22:00     0.00028     0.00527       0.048
  MH_929_164           JUNCTION      0.17     0.97     6  22:00     0.00119     0.00689       0.114
  MH_929_165           JUNCTION      0.23     0.55     2  08:00     0.00162     0.00392       0.064
  MH_929_166           JUNCTION      0.18     5.15     6  21:49     0.00128     0.00983       4.038
  MH_929_167           JUNCTION      0.11   139.12     2  11:14    0.000781      0.0133       9.014
  MH_929_168           JUNCTION      0.00   139.54     2  11:14           0      0.0142       5.778
  MH_929_169           JUNCTION      0.14     0.70     6  22:00    0.000987     0.00499       0.022
  MH_929_17            JUNCTION      0.30     0.30     0  07:00     0.00214     0.00214       0.046
  MH_929_171           JUNCTION      0.00     2.74     5  09:03           0     0.00746      15.069
  MH_929_174           JUNCTION      0.02     0.02     0  07:00    0.000162    0.000162       0.033
  MH_929_175           JUNCTION      0.00     3.27     3  23:02           0     0.00429      32.974
  MH_929_176           JUNCTION      0.05     0.05     0  07:00    0.000385    0.000385       0.092
  MH_929_177           JUNCTION      0.38     0.56     6  22:00     0.00274     0.00401       0.231
  MH_929_18            JUNCTION      0.01     0.01     0  18:00    1.47e-05    1.47e-05       1.444
  MH_929_180           JUNCTION      0.12   139.81     2  11:14    0.000869      0.0161       5.681
  MH_929_181           JUNCTION      0.14     0.14     0  07:00    0.000971    0.000971       0.055
  MH_929_182           JUNCTION      0.06     0.06     0  07:00    0.000435    0.000435       0.067
  MH_929_184           JUNCTION      0.14    99.91     0  00:02    0.000976      0.0122      17.616
  MH_929_188           JUNCTION      0.14     0.29     2  07:34     0.00102     0.00207       0.021
  MH_929_19            JUNCTION      0.13     0.28     6  22:00    0.000958       0.002       0.074
  MH_929_190           JUNCTION      0.15     0.15     0  07:00     0.00105     0.00105       0.110
  MH_929_196           JUNCTION      0.02   141.99     2  11:14    0.000152      0.0297       7.162
  MH_929_198           JUNCTION      0.06   979.93     0  00:00     0.00043      0.0141      12.992
  MH_929_199           JUNCTION      0.01  2477.06     0  00:00    9.97e-05      0.0116       4.783
  MH_929_2             JUNCTION      0.01     0.01     0  07:00    2.62e-05    2.62e-05      -0.693
  MH_929_20            JUNCTION      0.01    98.16     3  22:10    5.56e-05     0.00234       1.059
  MH_929_201           JUNCTION      0.02     0.18     1  22:00    0.000104     0.00127       0.391
  MH_929_204           JUNCTION      0.16     0.35     5  22:00     0.00113     0.00251       0.056
  MH_929_205           JUNCTION      0.07     0.07     0  07:00    0.000479    0.000479       0.082
  MH_929_206           JUNCTION      0.04     0.04     0  07:00    0.000255    0.000255       0.137
  MH_929_207           JUNCTION      0.04     0.04     0  07:00    0.000313    0.000313       0.078
  MH_929_209           JUNCTION      0.04   139.45     3  21:10     0.00027      0.0383       2.129
  MH_929_21            JUNCTION      0.07   123.38     6  07:52    0.000501     0.00772       0.782
  MH_929_211           JUNCTION      0.16     0.16     0  07:00     0.00117     0.00117       0.250
  MH_929_212           JUNCTION      0.10     0.19     0  21:56    0.000697     0.00138       0.121
  MH_929_213           JUNCTION      0.10     0.10     0  07:00    0.000683    0.000683       0.070
  MH_929_214           JUNCTION      0.11   138.30     3  21:10    0.000788      0.0387       1.887
  MH_929_217           JUNCTION      0.07    51.31     4  20:23    0.000475      0.0178       5.099
  MH_929_218           JUNCTION      0.74     0.74     0  07:00     0.00526     0.00526       0.040
  MH_929_22            JUNCTION      0.00   168.69     6  07:53           0      0.0131       0.534
  MH_929_221           JUNCTION      0.09   137.19     3  21:10    0.000642      0.0388       2.143
  MH_929_223           JUNCTION      0.13     4.29     1  21:37    0.000941      0.0174       6.624
  MH_929_224           JUNCTION      0.90     1.64     0  07:12     0.00643      0.0117       0.027
  MH_929_226           JUNCTION      0.32     2.00     6  22:00     0.00232      0.0143       0.067
  MH_929_227           JUNCTION      0.18     2.24     6  22:00     0.00128       0.016       0.074
  MH_929_23            JUNCTION      0.03     3.21     4  21:29    0.000207     0.00434      -1.195
  MH_929_230           JUNCTION      0.02     4.50     6  21:25    0.000127     0.00548       9.090
  MH_929_239           JUNCTION      0.01   136.89     3  21:21    7.88e-05      0.0408       3.076
  MH_929_24            JUNCTION      0.21     2.61     6  07:39     0.00149     0.00551       0.103
  MH_929_240           JUNCTION      0.03     0.56     1  22:00    0.000227     0.00396       0.019
  MH_929_25            JUNCTION      0.00     0.30     1  07:27           0     0.00214       0.119
  MH_929_26            JUNCTION      0.23   361.57     2  02:02     0.00162        0.19       0.072
  MH_929_27            JUNCTION      0.00     0.00     0  00:00           0           0       0.000 gal
  MH_929_28            JUNCTION      0.14     0.14     0  07:00       0.001       0.001       0.054
  MH_929_29            JUNCTION      0.15     0.15     0  07:00     0.00104     0.00104       0.051
  MH_929_3             JUNCTION      0.19     0.19     0  07:00     0.00138     0.00138       0.739
  MH_929_30            JUNCTION      0.15     0.15     0  07:00     0.00107     0.00107       0.102
  MH_929_32            JUNCTION      0.00     0.00     0  00:00           0           0       0.000 gal
  MH_929_33            JUNCTION      0.00     0.00     0  00:00           0           0       0.000 gal
  MH_929_34            JUNCTION      0.13     0.13     0  07:00    0.000932    0.000932       0.065
  MH_929_35            JUNCTION      0.00     0.30     2  07:54           0     0.00214       0.058
  MH_929_36            JUNCTION      0.12   362.02     2  01:59    0.000822       0.189       0.057
  MH_929_37            JUNCTION      0.14     0.27     6  22:00       0.001     0.00193       0.124
  MH_929_38            JUNCTION      0.16     0.43     6  22:00     0.00116     0.00309       0.096
  MH_929_39            JUNCTION      0.09     0.52     6  07:58    0.000615      0.0037       0.108
  MH_929_4             JUNCTION      0.00     0.02     0  09:42           0    1.45e-05       6.216
  MH_929_40            JUNCTION      0.57     0.57     0  07:00      0.0041      0.0041       0.034
  MH_929_44            JUNCTION      0.00   196.70     6  07:46           0     0.00906      -0.700
  MH_929_46            JUNCTION      0.22   193.21     6  07:53     0.00155      0.0148       0.122
  MH_929_47            JUNCTION      0.00     0.04     0  00:22           0    0.000172       0.113
  MH_929_48            JUNCTION      0.00     0.03     0  00:40           0    0.000172       0.123
  MH_929_49            JUNCTION      0.01     0.03     0  08:00    6.22e-05    0.000234       0.179
  MH_929_5             JUNCTION      0.13   361.18     2  02:12    0.000943       0.193       0.095
  MH_929_50            JUNCTION      0.26     0.29     6  21:33     0.00185     0.00209       0.007
  MH_929_51            JUNCTION      0.12   361.61     2  01:57    0.000829       0.186       0.106
  MH_929_52            JUNCTION      0.22   361.69     2  01:55      0.0016       0.183       0.068
  MH_929_53            JUNCTION      0.26   362.20     2  01:52     0.00182       0.182       0.126
  MH_929_54            JUNCTION      0.00   362.16     2  01:47           0        0.18       0.179
  MH_929_56            JUNCTION      0.02     0.02     0  07:00    0.000172    0.000172       0.111
  MH_929_57            JUNCTION      0.12   189.91     6  08:05    0.000833      0.0156       0.053
  MH_929_58            JUNCTION      0.03    22.54     6  07:52    0.000207    0.000212       0.488
  MH_929_59            JUNCTION      0.12     0.12     0  07:00    0.000864    0.000864       0.060
  MH_929_6             JUNCTION      0.05  2976.52     2  12:56    0.000381        0.26       0.535
  MH_929_63            JUNCTION      0.26   191.09     6  08:07     0.00183      0.0225       0.078
  MH_929_64            JUNCTION      0.12     0.26     0  21:36    0.000869     0.00184       0.101
  MH_929_65            JUNCTION      0.26     0.52     6  22:00     0.00185     0.00369       0.092
  MH_929_66            JUNCTION      0.20     0.72     6  22:00     0.00144     0.00513       0.074
  MH_929_67            JUNCTION      0.21     0.82     6  22:00     0.00149      0.0058       0.073
  MH_929_68            JUNCTION      0.05     0.61     6  22:00     0.00038     0.00432       0.140
  MH_929_69            JUNCTION      0.08     0.08     0  07:00    0.000543    0.000543       0.067
  MH_929_7             JUNCTION      0.15   361.07     2  02:14     0.00107       0.194       0.002
  MH_929_70            JUNCTION      0.19     1.50     6  22:00     0.00134      0.0107       0.213
  MH_929_71            JUNCTION      0.22     0.50     6  22:00     0.00155     0.00355       0.393
  MH_929_72            JUNCTION      0.01     0.08     6  22:00    2.68e-05    0.000569       0.122
  MH_929_73            JUNCTION      0.18     0.26     6  22:00     0.00127     0.00184       0.092
  MH_929_74            JUNCTION      0.17     0.43     6  22:00     0.00124     0.00308       0.092
  MH_929_75            JUNCTION      0.28     0.28     0  07:00     0.00201     0.00201       0.073
  MH_929_77            JUNCTION      0.14     0.14     0  07:00    0.000974    0.000974       0.052
  MH_929_78            JUNCTION      0.11     0.11     0  07:00    0.000772    0.000772       0.044
  MH_929_8             JUNCTION      0.07     0.07     0  07:00    0.000518    0.000518       0.076
  MH_929_80            JUNCTION      0.00     0.00     0  00:00           0           0       0.000 gal
  MH_929_81            JUNCTION      0.19     0.19     0  07:00     0.00135     0.00135       0.065
  MH_929_82            JUNCTION      0.13     0.13     0  07:00    0.000917    0.000917       0.104
  MH_929_84            JUNCTION      0.15     0.28     6  22:00     0.00108     0.00199       0.123
  MH_929_85            JUNCTION      0.27     0.46     6  22:00     0.00192     0.00327       0.115
  MH_929_86            JUNCTION      0.27     0.72     6  22:00      0.0019     0.00516       0.127
  MH_929_87            JUNCTION      0.21     0.49     6  22:00     0.00153     0.00352       0.098
  MH_929_88            JUNCTION      0.05     0.74     6  22:00    0.000345     0.00531       0.297
  MH_929_89            JUNCTION      0.21     0.95     6  22:00     0.00148     0.00677       0.066
  MH_929_9             JUNCTION      0.11   377.66     2  02:15     0.00076       0.197       0.154
  MH_929_90            JUNCTION      0.16     2.61     6  22:00     0.00114      0.0186       0.182
  MH_929_91            JUNCTION      0.19     2.80     6  22:00     0.00136      0.0199       0.065
  MH_929_92            JUNCTION      0.10     2.90     6  22:00    0.000721      0.0206       0.055
  MH_929_93            JUNCTION      0.09     0.09     0  07:00    0.000673    0.000673       0.047
  MH_929_99            JUNCTION      0.04     0.04     0  18:00    0.000145    0.000145      -0.042
  MH_930_1             JUNCTION      0.10     3.40     2  22:22    0.000731      0.0041      29.476
  MH_930_100           JUNCTION      1.69     1.69     0  07:00      0.0121      0.0121       0.026
  MH_930_101           JUNCTION      0.00   431.36     2  20:57           0       0.126      -0.325
  MH_930_102           JUNCTION      0.15     0.15     0  07:00     0.00108     0.00108       0.045
  MH_930_103           JUNCTION      0.22     0.22     0  07:00     0.00161     0.00161       0.237
  MH_930_104           JUNCTION      1.11     1.11     0  07:00     0.00793     0.00793       0.031
  MH_930_105           JUNCTION      1.11     1.11     0  07:00     0.00792     0.00792       0.023
  MH_930_106           JUNCTION      0.08     1.19     0  07:24    0.000585      0.0085       0.034
  MH_930_107           JUNCTION      0.29     0.29     0  07:00     0.00209     0.00209       0.042
  MH_930_108           JUNCTION      0.28     0.57     0  21:27     0.00199     0.00408       0.065
  MH_930_109           JUNCTION      0.25     2.51     6  21:59     0.00178      0.0179       0.117
  MH_930_110           JUNCTION      0.35     0.50     0  21:55      0.0025     0.00357       0.138
  MH_930_111           JUNCTION      0.11     1.30     0  21:05     0.00079     0.00929       0.037
  MH_930_112           JUNCTION      0.37     2.96     0  07:25     0.00267      0.0211       0.083
  MH_930_113           JUNCTION      0.17     1.47     0  07:17      0.0012      0.0105       0.041
  MH_930_114           JUNCTION      0.28   417.89     4  22:04     0.00202       0.128       0.048
  MH_930_115           JUNCTION      0.45     3.41     6  22:00     0.00325      0.0243       0.033
  MH_930_116           JUNCTION      0.15   416.50     4  22:09      0.0011       0.129       0.012
  MH_930_117           JUNCTION      0.29     3.70     6  22:00     0.00204      0.0264       0.149
  MH_930_118           JUNCTION      0.31     4.03     0  08:00     0.00222      0.0285       0.183
  MH_930_119           JUNCTION      0.12     4.96     6  21:19    0.000826      0.0352       0.079
  MH_930_120           JUNCTION      0.11     7.58     6  21:26    0.000804      0.0539       0.059
  MH_930_121           JUNCTION      0.22     0.22     0  07:00     0.00154     0.00154       0.050
  MH_930_122           JUNCTION      0.00     0.22     6  21:23           0      0.0016       0.149
  MH_930_123           JUNCTION      0.29    28.71     2  21:19     0.00204     0.00569       0.130
  MH_930_124           JUNCTION      0.15    76.76     2  21:07     0.00107     0.00354      -0.328
  MH_930_125           JUNCTION      0.08     0.83     6  22:00    0.000575     0.00588       0.136
  MH_930_126           JUNCTION      0.20   422.97     2  21:12     0.00141        0.13       0.006
  MH_930_127           JUNCTION      0.00     7.58     6  21:30           0      0.0538       0.038
  MH_930_128           JUNCTION      0.29     0.51     0  21:19     0.00208     0.00362       0.152
  MH_930_129           JUNCTION      0.16     0.39     6  21:46     0.00115     0.00275       0.023
  MH_930_130           JUNCTION      0.24     0.74     6  22:00      0.0017     0.00531       0.179
  MH_930_131           JUNCTION      0.06    47.15     2  21:19    0.000403      0.0545       0.052
  MH_930_132           JUNCTION      0.08   423.92     4  22:12    0.000562       0.185       0.033
  MH_930_133           JUNCTION      0.10   431.09     6  10:12    0.000704       0.191       0.013
  MH_930_134           JUNCTION      0.05   426.95     2  21:34    0.000392       0.217       0.049
  MH_930_135           JUNCTION      0.10   546.26     2  21:41    0.000739       0.267       0.540
  MH_930_136           JUNCTION      0.27     0.49     0  20:58      0.0019      0.0035       0.054
  MH_930_137           JUNCTION      0.31     0.80     0  21:59     0.00225     0.00575       0.099
  MH_930_138           JUNCTION      0.01     0.81     6  22:00    4.53e-05     0.00579       0.118
  MH_930_139           JUNCTION      0.22     0.22     0  07:00      0.0016      0.0016       0.047
  MH_930_140           JUNCTION      0.13   137.42     3  21:55    0.000916      0.0308       0.238
  MH_930_141           JUNCTION      0.12   547.53     2  21:41    0.000839       0.238       0.828
  MH_930_142           JUNCTION      0.08     0.08     0  07:00    0.000587    0.000587       0.078
  MH_930_143           JUNCTION      0.05     0.19     0  21:57    0.000339     0.00137       0.061
  MH_930_144           JUNCTION      0.24     0.43     6  22:00     0.00169     0.00306       0.078
  MH_930_145           JUNCTION      0.15     2.50     6  22:00     0.00104      0.0178       0.084
  MH_930_146           JUNCTION      0.25     1.54     6  22:00     0.00178       0.011       0.126
  MH_930_147           JUNCTION      0.18     2.69     6  22:00     0.00131      0.0191       0.051
  MH_930_148           JUNCTION      0.27    96.97     1  19:30     0.00193      0.0203       0.204
  MH_930_149           JUNCTION      0.06     0.06     0  07:00    0.000445    0.000445       0.082
  MH_930_150           JUNCTION      0.07   548.08     2  21:41    0.000496       0.237       0.831
  MH_930_151           JUNCTION      0.07     0.07     0  07:00    0.000487    0.000487       0.081
  MH_930_152           JUNCTION      0.17    93.17     1  19:20     0.00118      0.0135       0.590
  MH_930_153           JUNCTION      0.19     0.19     0  07:00     0.00132     0.00132       0.042
  MH_930_154           JUNCTION      0.16     0.16     0  07:00     0.00115     0.00115       0.055
  MH_930_155           JUNCTION      0.04     2.92     6  22:00    0.000317      0.0207       0.069
  MH_930_156           JUNCTION      0.17     0.34     6  22:00     0.00125     0.00239       0.115
  MH_930_157           JUNCTION      0.09     0.09     0  07:00    0.000632    0.000632       0.045
  MH_930_158           JUNCTION      0.11     0.27     0  21:54    0.000773     0.00189       0.090
  MH_930_159           JUNCTION      0.30     0.87     6  22:00     0.00213     0.00618       0.095
  MH_930_160           JUNCTION      0.30     0.57     6  22:00     0.00216     0.00405       0.094
  MH_930_161           JUNCTION      0.25    80.77     2  21:07     0.00178     0.00708       0.333
  MH_930_162           JUNCTION      0.09     0.09     0  07:00    0.000658    0.000658       0.070
  MH_930_163           JUNCTION      0.08     0.17     0  21:43    0.000581     0.00124       0.035
  MH_930_164           JUNCTION      0.13     0.47     6  22:00    0.000931     0.00332       0.084
  MH_930_165           JUNCTION      0.08     0.71     6  22:00    0.000537     0.00509       0.041
  MH_930_166           JUNCTION      0.11     3.03     6  22:00    0.000783      0.0215       0.073
  MH_930_167           JUNCTION      0.04     0.99     6  21:42    0.000259     0.00707       0.055
  MH_930_168           JUNCTION      0.11     1.10     6  21:50    0.000782     0.00785       0.495
  MH_930_169           JUNCTION      0.02     0.03     0  10:00    0.000118    0.000132      -0.551
  MH_930_170           JUNCTION      0.30     1.40     6  22:00     0.00217     0.00999       0.106
  MH_930_171           JUNCTION      0.12     0.14     0  20:02    0.000865    0.000998       0.202
  MH_930_172           JUNCTION      0.10     0.95     6  21:38    0.000731     0.00682       0.044
  MH_930_173           JUNCTION      0.33     1.74     6  22:00     0.00238      0.0124       0.315
  MH_930_174           JUNCTION      0.24     1.97     6  22:00     0.00172       0.014       0.060
  MH_930_175           JUNCTION      0.01     5.21     3  22:00    7.11e-05       0.037       0.002
  MH_930_176           JUNCTION      0.08     0.20     0  21:32    0.000593     0.00146       0.057
  MH_930_177           JUNCTION      0.12     0.12     0  07:00    0.000863    0.000863       0.063
  MH_930_178           JUNCTION      0.14    20.85     6  10:32    0.000975     0.00191       0.303
  MH_930_179           JUNCTION      0.02   662.83     1  19:19    0.000156       0.241       0.831
  MH_930_2             JUNCTION      0.05     3.55     2  22:14    0.000367     0.00292      42.482
  MH_930_3             JUNCTION      0.09     0.25     3  07:53    0.000628     0.00176       0.046
  MH_930_4             JUNCTION      0.05     0.16     6  22:00    0.000357     0.00113       0.068
  MH_930_46            JUNCTION      0.67   336.38     0  19:50     0.00481       0.143       2.915
  MH_930_47            JUNCTION      0.00   320.75     0  19:50           0      0.0761       1.339
  MH_930_48            JUNCTION      0.00   331.37     0  19:50           0       0.141       1.431
  MH_930_5             JUNCTION      0.05     0.05     0  07:00    0.000334    0.000334       0.064
  MH_930_6             JUNCTION      0.06     0.11     0  21:50    0.000438    0.000772       0.051
  MH_930_96            JUNCTION      0.35     1.28     0  07:21     0.00253     0.00916       0.056
  MH_930_97            JUNCTION      0.93     0.93     0  07:00     0.00663     0.00663       0.019
  MH_930_98            JUNCTION      0.43     1.71     0  22:00     0.00308      0.0122       0.103
  MH_930_99            JUNCTION      0.09     1.80     6  22:00    0.000652      0.0129       0.029
  OFALL-12             OUTFALL       0.00  2802.37     5  18:02           0        0.57       0.000
  WW-147_BC            OUTFALL       0.00     0.00     0  00:00           0           0       0.000 gal
  WW-232_OUTFALL       OUTFALL       0.00     3.33     6  22:03           0      0.0041       0.000
  WW-1002              STORAGE       0.00    35.10     0  00:21           0     0.00398     -33.767
  WW-1003              STORAGE       0.00    87.04     0  00:04           0     0.00359     -16.862
  WW-147               STORAGE       0.00   860.29     0  00:03           0      0.0089      -4.166
  WW-220               STORAGE       0.00   340.59     0  19:50           0       0.141       2.963
  WW-221               STORAGE       0.00   667.31     2  22:06           0       0.109       8.400
  WW-222               STORAGE       0.00     0.00     0  00:00           0    0.000634       0.000
  WW-223               STORAGE       0.00   226.01     6  17:25           0       0.012       2.364
  WW-224               STORAGE       0.00   284.35     4  00:19           0      0.0185      -0.076
  WW-225               STORAGE       0.00   914.29     1  19:19           0       0.255       0.957
  WW-226               STORAGE       0.00  3438.74     4  01:44           0       0.248      -1.455
  WW-227               STORAGE       0.00   168.91     6  07:53           0      0.0137       2.369
  WW-228               STORAGE       0.00   141.71     2  11:14           0       0.023       8.862
  WW-229               STORAGE       0.00   243.16     6  21:44           0      0.0245      -0.592
  WW-230               STORAGE       0.00   773.35     1  01:35           0       0.212       0.396
  WW-231               STORAGE       0.00   664.66     0  00:01           0      0.0382       3.919
  WW-232               STORAGE       0.00   351.75     0  00:02           0      0.0108      -0.800
  WW-242               STORAGE       0.00     0.27     6  20:54           0     0.00286      63.653
  WW-243               STORAGE       0.00   120.28     5  22:21           0      0.0158       3.369
  WW-246               STORAGE       0.00     2.36     4  07:40           0     0.00526      13.738
  WW-247               STORAGE       0.00     2.54     2  22:23           0     0.00361      50.330
  WW-250               STORAGE       0.00    32.63     0  00:00           0     0.00758     -51.532
  WW-251               STORAGE       0.00     2.20     5  09:10           0     0.00317      16.336
  WW-258               STORAGE       0.00     0.00     0  00:00           0    0.000282      -0.922
  
  
  **********************
  Node Surcharge Summary
  **********************
  
  Surcharging occurs when water rises above the top of the highest conduit.
  ---------------------------------------------------------------------
                                               Max. Height   Min. Depth
                                   Hours       Above Crown    Below Rim
  Node                 Type      Surcharged           Feet         Feet
  ---------------------------------------------------------------------
  J-1002-OUT           JUNCTION      167.99         14.655        0.000
  J-1003-OUT           JUNCTION      167.99         91.027        0.000
  J-147-OUT            JUNCTION      168.00         37.856        0.000
  J-220-OUT            JUNCTION      148.18         14.567        0.000
  J-221-OUT            JUNCTION       97.94         14.654        0.000
  J-223-OUT            JUNCTION        1.03         36.619        0.000
  J-224-OUT            JUNCTION        1.15         16.793        0.000
  J-225-OUT            JUNCTION      124.73         30.120        0.000
  J-226-OUT            JUNCTION      168.00         77.174        0.000
  J-227-OUT            JUNCTION        0.78         28.330        0.000
  J-228-OUT            JUNCTION        2.58         11.817        0.000
  J-229-OUT            JUNCTION        1.48         64.440        0.000
  J-230-OUT            JUNCTION      142.46         45.854        0.000
  J-231-OUT            JUNCTION      118.73         21.050        0.000
  J-232-OUT            JUNCTION      168.00         53.966        0.000
  J-243-OUT            JUNCTION        1.86          5.656        0.000
  J-246-OUT            JUNCTION        0.72         42.471        0.000
  J-250-OUT            JUNCTION      168.00         12.113        0.000
  J-258-OUT            JUNCTION        0.04          0.321        0.009
  JN_824_1             JUNCTION      167.99         42.588        0.000
  JN_824_10            JUNCTION        0.06         30.414        0.000
  JN_824_21            JUNCTION      167.99         62.213        0.000
  JN_824_22            JUNCTION        1.28         39.438        0.000
  JN_824_8             JUNCTION      167.99         32.138        0.000
  JN_825_6             JUNCTION      167.97         91.673        0.000
  JN_825_7             JUNCTION      167.90         11.980        0.000
  JN_919_22            JUNCTION        4.49         13.073        0.000
  JN_919_26            JUNCTION        8.76         15.086        0.000
  JN_919_3             JUNCTION        1.01         37.839        0.000
  JN_919_9             JUNCTION       97.89         38.386        0.000
  JN_920_1             JUNCTION      124.71         29.200        0.000
  JN_920_12            JUNCTION      142.42         40.931        0.000
  JN_920_23            JUNCTION        3.10         26.134        0.000
  JN_929_19            JUNCTION        5.19          9.317        0.000
  JN_929_40            JUNCTION        2.56         11.339        0.000
  JN_929_43            JUNCTION      167.98         67.282        0.000
  JN_929_5             JUNCTION        0.75          8.592        0.000
  JN_930_16            JUNCTION      148.18         15.052        0.000
  JN_930_19            JUNCTION        4.01          3.469        0.000
  JN_930_24            JUNCTION      124.61         26.981        0.000
  JN_930_28            JUNCTION      123.64         24.338        0.000
  JN_930_38            JUNCTION        1.30         22.338        0.000
  JX-6929              JUNCTION        0.98         39.940        0.000
  MH_813_1             JUNCTION      124.56          4.929        3.901
  MH_813_2             JUNCTION      150.52          5.430        3.300
  MH_813_3             JUNCTION      156.98          5.930        3.600
  MH_824_10            JUNCTION       72.51          2.355        8.575
  MH_824_108           JUNCTION        0.59          0.029        9.301
  MH_824_109           JUNCTION        0.12          0.033        3.897
  MH_824_114           JUNCTION       11.74          1.532        1.798
  MH_824_115           JUNCTION        5.80          1.037        1.993
  MH_824_116           JUNCTION       34.02          3.332        3.298
  MH_824_121           JUNCTION       20.95          0.629        8.601
  MH_824_122           JUNCTION       94.83          3.730        5.500
  MH_824_123           JUNCTION      110.14          4.329        4.601
  MH_824_125           JUNCTION       57.99          2.229        6.601
  MH_824_126           JUNCTION       32.99          1.429        7.701
  MH_824_128           JUNCTION       63.27          4.832        1.798
  MH_824_13            JUNCTION      111.76          4.352        8.378
  MH_824_132           JUNCTION       35.97          3.436        1.994
  MH_824_133           JUNCTION       71.19          5.133        1.697
  MH_824_140           JUNCTION      114.39          8.132        1.898
  MH_824_141           JUNCTION       93.00          6.233        7.697
  MH_824_142           JUNCTION      104.70          7.334        1.296
  MH_824_147           JUNCTION       45.55          1.830        7.700
  MH_824_148           JUNCTION      119.26          4.730        4.200
  MH_824_149           JUNCTION       77.13          2.930        5.800
  MH_824_15            JUNCTION       16.96          0.551        7.779
  MH_824_152           JUNCTION       98.13          3.930        4.600
  MH_824_153           JUNCTION      138.69          9.132        0.998
  MH_824_159           JUNCTION       14.46          1.729        1.601
  MH_824_19            JUNCTION      131.77          5.152        6.978
  MH_824_25            JUNCTION      135.16         13.970        0.000
  MH_824_33            JUNCTION      102.61          3.751        9.579
  MH_824_34            JUNCTION      122.62          4.753        9.777
  MH_824_35            JUNCTION        0.63          0.013        9.017
  MH_824_37            JUNCTION       23.50          0.316        8.714
  MH_824_38            JUNCTION       53.64          0.614        9.216
  MH_824_47            JUNCTION       74.70          2.454       10.576
  MH_824_6             JUNCTION       44.33          1.454        7.376
  MH_824_60            JUNCTION       44.35          1.459       12.871
  MH_824_61            JUNCTION        0.88          0.055        3.175
  MH_824_7             JUNCTION       16.95          0.552        7.678
  MH_824_8             JUNCTION       67.87          2.154        7.976
  MH_824_82            JUNCTION       64.37          2.096       12.134
  MH_824_83            JUNCTION       22.34          0.996       10.534
  MH_824_84            JUNCTION       37.22          1.397       10.933
  MH_824_88            JUNCTION       81.28          2.697       11.133
  MH_824_89            JUNCTION      109.09          3.195       11.135
  MH_825_11            JUNCTION      127.04          7.294        5.436
  MH_825_3             JUNCTION        0.17          5.098        5.532
  MH_825_4             JUNCTION        0.01          1.681        7.249
  MH_825_5             JUNCTION        0.34          5.630        0.000
  MH_825_8             JUNCTION       11.80          0.393        5.037
  MH_919_109           JUNCTION       97.05          4.833        6.797
  MH_919_111           JUNCTION       95.81          4.736        4.494
  MH_919_119           JUNCTION       73.91          3.938        6.892
  MH_919_127           JUNCTION       63.58          3.235        7.095
  MH_919_135           JUNCTION        7.04          0.438       11.192
  MH_919_136           JUNCTION       70.04          3.736        3.794
  MH_919_137           JUNCTION       46.47          2.437        8.293
  MH_919_138           JUNCTION       28.54          1.635        8.595
  MH_919_141           JUNCTION       48.81          2.538        4.392
  MH_919_148           JUNCTION       54.46          2.735        4.995
  MH_919_149           JUNCTION       32.79          1.836        3.494
  MH_919_156           JUNCTION       26.62          1.538        0.792
  MH_919_158           JUNCTION       41.70          2.135        1.995
  MH_919_161           JUNCTION       28.51          1.639        2.191
  MH_919_190           JUNCTION       13.10          0.236        9.494
  MH_919_191           JUNCTION        6.71          0.135       10.495
  MH_919_200           JUNCTION       73.93          2.582        5.788
  MH_919_201           JUNCTION       83.31          3.347        4.323
  MH_919_202           JUNCTION       39.21          1.558        8.912
  MH_919_203           JUNCTION       15.90          0.833        9.337
  MH_919_204           JUNCTION        3.36          0.593       10.237
  MH_919_215           JUNCTION        0.05          0.981        2.349
  MH_919_221           JUNCTION      144.83          7.006        0.894
  MH_919_223           JUNCTION       40.78          1.439        3.391
  MH_919_228           JUNCTION      126.31          6.432        1.268
  MH_919_229           JUNCTION       76.21          2.452        2.278
  MH_919_230           JUNCTION       71.55          2.148        3.182
  MH_919_233           JUNCTION       26.76          0.833        4.297
  MH_919_29            JUNCTION        7.05          0.435       12.695
  MH_919_41            JUNCTION       63.43          3.238        3.492
  MH_919_43            JUNCTION       26.62          1.540        8.690
  MH_919_44            JUNCTION       30.72          1.735        7.595
  MH_919_55            JUNCTION       46.22          2.433        4.097
  MH_919_57            JUNCTION       73.79          3.963        4.467
  MH_919_59            JUNCTION       78.99          4.134        2.096
  MH_919_60            JUNCTION      110.83          5.737        3.193
  MH_919_61            JUNCTION      107.35          5.435        2.295
  MH_919_64            JUNCTION       11.00          0.574        8.896
  MH_919_71            JUNCTION      148.82          8.731        0.439
  MH_919_79            JUNCTION       20.62          1.132        4.998
  MH_919_81            JUNCTION      134.34          8.051        3.379
  MH_919_96            JUNCTION      121.95          6.534        6.696
  MH_920_1             JUNCTION      120.82          6.118        2.982
  MH_920_10            JUNCTION       86.78          3.234        6.396
  MH_920_11            JUNCTION       12.58          0.539        7.791
  MH_920_15            JUNCTION       85.43          3.136        5.494
  MH_920_16            JUNCTION       71.51          2.136        6.594
  MH_920_17            JUNCTION       44.99          1.438        7.592
  MH_920_18            JUNCTION        1.67          0.136        8.694
  MH_920_2             JUNCTION      100.99          5.133        2.797
  MH_920_39            JUNCTION        5.58          0.633        5.397
  MH_920_40            JUNCTION       39.17          1.133        6.797
  MH_920_46            JUNCTION       85.98          2.935        3.395
  MH_920_47            JUNCTION        9.02          0.733       10.997
  MH_920_48            JUNCTION        6.12          0.578       11.622
  MH_920_49            JUNCTION       29.86          1.223        7.877
  MH_920_50            JUNCTION      131.04          4.033        4.697
  MH_920_51            JUNCTION        0.21          0.372        5.458
  MH_920_53            JUNCTION       65.71          2.008        9.592
  MH_920_54            JUNCTION        9.14          1.176        2.554
  MH_920_55            JUNCTION       83.73          2.363        2.687
  MH_920_61            JUNCTION       34.65          0.044        7.186
  MH_920_62            JUNCTION      167.91          8.471        0.199
  MH_920_63            JUNCTION      159.62          7.832        2.398
  MH_920_64            JUNCTION      137.92          6.731        3.999
  MH_920_65            JUNCTION      116.46          5.531        3.599
  MH_920_66            JUNCTION      100.27          5.033        4.797
  MH_920_9             JUNCTION       90.41          3.536        4.994
  MH_928_18            JUNCTION       16.48          1.137       12.993
  MH_929_10            JUNCTION       32.32          1.114        8.686
  MH_929_12            JUNCTION       10.87          0.380        9.550
  MH_929_131           JUNCTION       49.15          0.946        5.484
  MH_929_133           JUNCTION       71.34          2.248        5.082
  MH_929_138           JUNCTION       92.01          3.148        8.782
  MH_929_149           JUNCTION      102.11          3.748        9.982
  MH_929_158           JUNCTION       53.93          1.349        6.181
  MH_929_161           JUNCTION      115.65          4.348       10.882
  MH_929_167           JUNCTION       23.08          1.134        5.396
  MH_929_168           JUNCTION       77.39          2.035        4.695
  MH_929_171           JUNCTION      115.63          4.349       10.981
  MH_929_175           JUNCTION       71.34          2.246        5.384
  MH_929_180           JUNCTION      101.25          3.333        5.597
  MH_929_184           JUNCTION      132.11          5.045       12.485
  MH_929_196           JUNCTION      121.94          4.272        6.898
  MH_929_198           JUNCTION      152.06          6.345        3.085
  MH_929_199           JUNCTION      168.00          8.230        0.000
  MH_929_20            JUNCTION       59.92          1.737        4.293
  MH_929_209           JUNCTION      100.29          5.032        5.798
  MH_929_21            JUNCTION       34.52          1.332        8.198
  MH_929_214           JUNCTION       73.95          3.532       10.798
  MH_929_217           JUNCTION       26.55          1.236        7.094
  MH_929_22            JUNCTION       92.30          2.935        4.395
  MH_929_221           JUNCTION       73.96          3.532       12.198
  MH_929_223           JUNCTION       26.54          1.237        7.093
  MH_929_23            JUNCTION       23.58          1.131       10.499
  MH_929_230           JUNCTION       32.90          1.741        9.389
  MH_929_239           JUNCTION       49.41          2.539       12.391
  MH_929_44            JUNCTION        0.62          0.632        5.198
  MH_929_6             JUNCTION       35.99          1.313        8.187
  MH_930_1             JUNCTION       97.60          6.894        4.636
  MH_930_101           JUNCTION        3.48          1.925        0.905
  MH_930_124           JUNCTION        5.67          0.625        2.205
  MH_930_126           JUNCTION        0.28          0.346        3.884
  MH_930_132           JUNCTION        0.76          1.003        4.327
  MH_930_133           JUNCTION        9.22          1.658        3.372
  MH_930_134           JUNCTION       88.48          3.664        3.136
  MH_930_135           JUNCTION       96.56          4.789        2.011
  MH_930_140           JUNCTION       72.85          2.563        2.237
  MH_930_141           JUNCTION      101.07          5.338        1.262
  MH_930_148           JUNCTION       45.87          1.776        1.854
  MH_930_150           JUNCTION      117.85          6.059        1.141
  MH_930_152           JUNCTION       35.97          1.469        2.461
  MH_930_161           JUNCTION        3.58          0.658        3.072
  MH_930_179           JUNCTION      161.30          7.922        9.878
  MH_930_2             JUNCTION       87.30          6.698        4.332
  MH_930_46            JUNCTION       67.17          2.377        8.093
  MH_930_47            JUNCTION       47.19          1.806       10.494
  MH_930_48            JUNCTION       40.58          1.573       10.697
  
  
  *********************
  Node Flooding Summary
  *********************
  
  Flooding refers to all water that overflows a node, whether it ponds or not.
  --------------------------------------------------------------------------
                                                             Total   Maximum
                                 Maximum   Time of Max       Flood    Ponded
                        Hours       Rate    Occurrence      Volume     Depth
  Node                 Flooded       GPM   days hr:min    10^6 gal      Feet
  --------------------------------------------------------------------------
  MH_824_25               0.01   2527.03      0  00:00       0.000     0.000
  MH_825_5                0.01    825.30      0  00:00       0.000     0.000
  MH_929_199              0.01   2316.77      0  00:00       0.000     0.000
  
  
  **********************
  Storage Volume Summary
  **********************
  
  ------------------------------------------------------------------------------------------------
                         Average    Avg   Evap  Exfil     Maximum    Max    Time of Max    Maximum
                          Volume   Pcnt   Pcnt   Pcnt      Volume   Pcnt     Occurrence    Outflow
  Storage Unit          1000 ft³   Full   Loss   Loss    1000 ft³   Full    days hr:min        GPM
  ------------------------------------------------------------------------------------------------
  WW-1002                  0.000    0.1    0.0    0.0       0.236   30.0       0  00:00    1338.99
  WW-1003                  0.000    0.1    0.0    0.0       0.236   30.0       0  00:00    1188.60
  WW-147                   0.193   33.6    0.0    0.0       0.283   49.3       0  00:00    3758.74
  WW-220                   0.732   37.7    0.0    0.0       1.000   51.5       0  19:45     486.17
  WW-221                   0.427   62.5    0.0    0.0       0.659   96.3       2  22:03    1895.72
  WW-222                   0.085   30.0    0.0    0.0       0.085   30.0       0  00:00       0.00
  WW-223                   0.175   40.1    0.0    0.0       0.269   61.7       6  17:20     370.72
  WW-224                   0.072   16.7    0.0    0.0       0.099   22.9       1  11:04     522.23
  WW-225                   0.539   66.2    0.0    0.0       0.730   89.6       2  21:18    1589.24
  WW-226                   0.291   20.1    0.0    0.0       0.530   36.7       0  00:00    8245.41
  WW-227                   0.640   66.7    0.0    0.0       0.910   94.8       6  07:42     241.34
  WW-228                   0.103   30.9    0.0    0.0       0.157   47.1       2  11:11     309.41
  WW-229                   0.136   40.9    0.0    0.0       0.212   63.6       2  10:33    2604.47
  WW-230                   0.342   51.6    0.0    0.0       0.453   68.3       4  17:14    1237.36
  WW-231                   0.196   60.4    0.0    0.0       0.311   95.7       2  01:16     830.11
  WW-232                   0.203   59.8    0.0    0.0       0.283   83.4       6  22:03    2987.49
  WW-242                   0.180   47.8    0.0    0.0       0.233   62.1       7  00:00       0.00
  WW-243                   0.217   46.8    0.0    0.0       0.382   82.3       5  21:54     240.06
  WW-246                   0.136   24.5    0.0    0.0       0.217   39.1       7  00:00    1970.52
  WW-247                   0.069   29.9    0.0    0.0       0.126   55.3       6  23:59       2.00
  WW-250                   0.000    0.0    0.0    0.0       0.034   19.7       0  00:00     590.65
  WW-251                   0.127   29.9    0.0    0.0       0.149   35.2       7  00:00       2.05
  WW-258                   0.000    0.0    0.0    0.0       0.038   30.0       0  00:00      30.80
  
  
  ***********************
  Outfall Loading Summary
  ***********************
  
  -----------------------------------------------------------
                         Flow       Avg       Max       Total
                         Freq      Flow      Flow      Volume
  Outfall Node           Pcnt       GPM       GPM    10^6 gal
  -----------------------------------------------------------
  OFALL-12              56.27    102.77   2802.37       0.570
  WW-147_BC              0.00      0.00      0.00       0.000
  WW-232_OUTFALL        19.74      2.06      3.33       0.004
  -----------------------------------------------------------
  System                25.34    104.83   2804.88       0.574
  
  
  ********************
  Link Flow Summary
  ********************
  
  -----------------------------------------------------------------------------
                                 Maximum  Time of Max   Maximum    Max/    Max/
                                  |Flow|   Occurrence   |Veloc|    Full    Full
  Link                 Type          GPM  days hr:min    ft/sec    Flow   Depth
  -----------------------------------------------------------------------------
  FM-824_1             CONDUIT    571.48     0  00:05      7.23    2.16    1.00
  FM-824_10            CONDUIT    247.79     0  00:07      4.80    2.72    0.63
  FM-824_2             CONDUIT      0.00     0  00:00      0.00    0.00    0.01
  FM-824_20            CONDUIT      0.00     0  00:00      0.00    0.00    0.00
  FM-824_21            CONDUIT    420.19     0  00:02     11.95    5.26    1.00
  FM-824_22            CONDUIT    204.20     0  00:05      7.88  175.57    0.86
  FM-824_25            CONDUIT    133.92     0  00:06      5.67    0.79    0.64
  FM-824_26            CONDUIT    140.30     5  21:56     10.29    0.34    0.60
  FM-824_8             CONDUIT     50.31     0  00:03      2.45    1.51    1.00
  FM-825_10            CONDUIT      0.00     0  00:00      0.00    0.00    0.50
  FM-825_6             CONDUIT     30.23     0  00:07      2.97    5.04    1.00
  FM-825_7             CONDUIT     52.24     0  00:07      1.36    0.60    1.00
  FM-919_22            CONDUIT    285.35     6  04:11      1.80    1.43    1.00
  FM-919_26            CONDUIT    342.06     0  00:02      6.95    3.05    0.96
  FM-919_3             CONDUIT    163.12     6  17:54      5.43    3.14    1.00
  FM-919_9             CONDUIT    449.61     6  04:05      3.18    1.84    1.00
  FM-920_1             CONDUIT    831.64     1  19:26      6.06    2.49    1.00
  FM-920_12            CONDUIT    423.97     4  17:31      3.03    2.32    1.00
  FM-920_23            CONDUIT    188.94     3  21:06      4.92    1.38    1.00
  FM-929_19            CONDUIT    362.16     2  01:47      2.85    1.43    0.81
  FM-929_40            CONDUIT    132.68     4  20:17      4.83    2.33    0.88
  FM-929_43            CONDUIT    133.66     0  00:13      4.21    2.23    1.00
  FM-929_5             CONDUIT    196.67     6  07:46      6.43    1.27    1.00
  FM-930_16            CONDUIT    467.20     5  21:57      4.48    1.03    1.00
  FM-930_19            CONDUIT    431.36     2  20:57      3.14    1.66    1.00
  FM-930_24            CONDUIT    752.65     2  22:25      4.44    1.21    1.00
  FM-930_28            CONDUIT    744.70     2  22:25      3.07    1.00    1.00
  FM-930_38            CONDUIT   2802.37     5  18:02      7.95    2.11    1.00
  FM-LS1002            CONDUIT     56.08     0  00:00      2.90    0.22    1.00
  FM-LS1003            CONDUIT     51.17     0  00:01      8.08    1.04    1.00
  FM-LS147             CONDUIT   1496.24     0  00:00     20.81    3.98    1.00
  FM-LS220             CONDUIT    518.26     0  19:47      6.26    0.67    1.00
  FM-LS221             CONDUIT   1683.03     2  22:06     15.00  108.47    1.00
  FM-LS222             CONDUIT      0.00     0  00:00      0.00    0.00    0.50
  FM-LS223             CONDUIT    370.66     6  17:23     14.25    2.46    1.00
  FM-LS224             CONDUIT    461.92     0  00:01      8.29    3.37    1.00
  FM-LS225             CONDUIT   1588.66     1  19:17     13.55    2.53    1.00
  FM-LS226             CONDUIT   5370.54     0  00:01     18.90    1.98    1.00
  FM-LS227             CONDUIT    241.36     6  07:44      7.45    1.79    1.00
  FM-LS228             CONDUIT    224.67     4  20:12      9.21    2.32    1.00
  FM-LS229             CONDUIT    284.38     0  00:00     10.05    3.69    1.00
  FM-LS230             CONDUIT   1236.29     1  01:34     12.83    0.71    1.00
  FM-LS231             CONDUIT    656.00     2  01:17     19.56    2.71    1.00
  FM-LS232             CONDUIT    849.11     0  00:01     22.74    3.92    1.00
  FM-LS242             CONDUIT      0.00     0  00:00      0.00    0.00    0.00
  FM-LS243             CONDUIT    141.56     5  21:55      5.71    1.56    0.70
  FM-LS246             CONDUIT    805.20     0  00:00     23.20    2.75    1.00
  FM-LS247             CONDUIT      0.00     0  00:00      0.00    0.00    0.00
  FM-LS250             CONDUIT    299.60     0  00:00     14.61    2.06    1.00
  FM-LS251             CONDUIT      0.00     0  00:00      0.00    0.00    0.00
  FM-LS258             CONDUIT     31.09     0  00:04      5.63    0.70    0.59
  GM-813_1             CONDUIT    214.18     6  17:25      1.35    0.45    1.00
  GM-813_2             CONDUIT    216.97     6  17:25      1.37    0.48    1.00
  GM-813_3             CONDUIT    219.10     6  17:25      1.38    0.34    1.00
  GM-824_1             CONDUIT      0.17     0  21:30      0.00    0.00    0.01
  GM-824_10            CONDUIT      3.55     6  06:30      0.68    0.01    1.00
  GM-824_100           CONDUIT      0.32     6  22:00      0.42    0.00    0.02
  GM-824_101           CONDUIT      0.33     6  22:00      0.40    0.00    0.02
  GM-824_102           CONDUIT      0.36     6  22:00      0.42    0.00    0.02
  GM-824_103           CONDUIT      0.02     6  22:00      0.00    0.00    0.01
  GM-824_104           CONDUIT      0.40     6  22:00      0.51    0.00    0.02
  GM-824_105           CONDUIT      0.00     0  00:00      0.00    0.00    0.01
  GM-824_106           CONDUIT      0.29     6  22:00      0.37    0.00    0.51
  GM-824_107           CONDUIT      0.06     6  22:00      0.13    0.00    0.50
  GM-824_108           CONDUIT    205.41     6  17:24      1.55    0.55    1.00
  GM-824_109           CONDUIT     76.92     5  21:56      0.68    0.07    1.00
  GM-824_11            CONDUIT      0.24     0  20:59      0.37    0.00    0.02
  GM-824_110           CONDUIT      0.12     1  22:00      0.12    0.00    0.50
  GM-824_111           CONDUIT      0.23     0  00:20      0.00    0.00    0.01
  GM-824_112           CONDUIT      0.03     6  22:00      0.00    0.00    0.01
  GM-824_113           CONDUIT      0.15     0  08:00      0.26    0.00    0.02
  GM-824_114           CONDUIT     61.81     5  22:07      0.52    0.12    1.00
  GM-824_115           CONDUIT     88.90     5  22:02      0.72    0.11    1.00
  GM-824_116           CONDUIT     84.72     5  22:20      0.56    0.16    1.00
  GM-824_117           CONDUIT      0.15     0  07:42      0.00    0.00    0.01
  GM-824_118           CONDUIT      0.13     0  07:28      0.00    0.00    0.01
  GM-824_119           CONDUIT      0.19     3  22:00      0.22    0.00    0.51
  GM-824_12            CONDUIT      0.39     6  22:00      0.40    0.00    0.02
  GM-824_120           CONDUIT      0.01     6  22:00      0.00    0.00    0.00
  GM-824_121           CONDUIT    207.98     6  17:26      1.33    0.34    1.00
  GM-824_122           CONDUIT    208.99     6  17:25      1.32    0.42    1.00
  GM-824_123           CONDUIT    211.42     6  17:25      1.34    0.44    1.00
  GM-824_124           CONDUIT      0.05     6  22:00      0.00    0.00    0.01
  GM-824_125           CONDUIT    208.52     6  17:26      1.32    0.34    1.00
  GM-824_126           CONDUIT    208.37     6  17:26      1.32    0.48    1.00
  GM-824_127           CONDUIT      0.07     5  08:00      0.00    0.00    0.01
  GM-824_128           CONDUIT     85.25     5  22:43      0.58    0.10    1.00
  GM-824_129           CONDUIT      0.05     6  22:00      0.00    0.00    0.01
  GM-824_13            CONDUIT      3.62     6  07:27      0.53    0.01    1.00
  GM-824_130           CONDUIT      0.01     6  22:00      0.00    0.00    0.00
  GM-824_131           CONDUIT      0.03     6  22:00      0.00    0.00    0.01
  GM-824_132           CONDUIT     66.89     5  22:14      0.64    0.14    1.00
  GM-824_133           CONDUIT     91.77     5  22:02      0.78    0.18    1.00
  GM-824_134           CONDUIT      0.08     0  21:53      0.00    0.00    0.01
  GM-824_135           CONDUIT      0.13     6  22:00      0.25    0.00    0.02
  GM-824_136           CONDUIT      0.29     6  22:00      0.41    0.00    0.02
  GM-824_137           CONDUIT      0.17     6  22:00      0.29    0.00    0.02
  GM-824_138           CONDUIT      0.00     0  00:00      0.00    0.00    0.00
  GM-824_139           CONDUIT      0.37     6  22:00      0.45    0.00    0.02
  GM-824_14            CONDUIT      0.55     6  22:00      0.47    0.00    0.03
  GM-824_140           CONDUIT    119.56     5  22:21      0.76    0.25    1.00
  GM-824_141           CONDUIT     92.73     5  22:02      0.65    0.20    1.00
  GM-824_142           CONDUIT     94.01     5  22:02      0.60    0.20    1.00
  GM-824_143           CONDUIT      0.18     0  07:34      0.00    0.00    0.01
  GM-824_144           CONDUIT      0.18     6  21:35      0.21    0.00    0.02
  GM-824_145           CONDUIT      0.16     0  21:47      0.00    0.00    0.01
  GM-824_146           CONDUIT      0.33     6  22:00      0.42    0.00    0.02
  GM-824_147           CONDUIT     75.83     6  17:43      0.64    0.18    1.00
  GM-824_148           CONDUIT    226.01     6  17:25      1.43    0.12    1.00
  GM-824_149           CONDUIT    110.36     6  17:54      0.97    0.24    1.00
  GM-824_15            CONDUIT      2.51     5  22:57      0.50    0.01    1.00
  GM-824_150           CONDUIT      0.18     0  07:59      0.00    0.00    0.01
  GM-824_151           CONDUIT      0.31     0  21:37      0.50    0.00    0.51
  GM-824_152           CONDUIT    110.96     6  17:54      0.79    0.20    1.00
  GM-824_153           CONDUIT    120.28     5  22:21      0.76    0.12    1.00
  GM-824_154           CONDUIT      0.13     0  07:56      0.00    0.00    0.01
  GM-824_155           CONDUIT      0.43     6  22:00      0.32    0.00    0.03
  GM-824_156           CONDUIT      0.40     6  22:00      0.46    0.00    0.02
  GM-824_157           CONDUIT      0.49     6  22:00      0.36    0.00    0.03
  GM-824_158           CONDUIT      0.99     6  22:00      0.52    0.00    0.04
  GM-824_159           CONDUIT     66.20     5  22:14      0.64    0.13    1.00
  GM-824_16            CONDUIT      2.16     6  23:30      0.51    0.00    0.89
  GM-824_160           CONDUIT    146.74     5  21:58      3.50    0.29    0.37
  GM-824_161           CONDUIT      0.12     6  22:00      0.11    0.00    0.02
  GM-824_162           CONDUIT      1.18     6  22:00      0.49    0.00    0.13
  GM-824_163           CONDUIT      0.08     6  22:00      0.00    0.00    0.01
  GM-824_164           CONDUIT      0.01     6  21:35      0.00    0.00    0.01
  GM-824_17            CONDUIT      0.67     6  22:00      0.55    0.00    0.03
  GM-824_18            CONDUIT      0.11     0  21:28      0.17    0.00    0.50
  GM-824_19            CONDUIT    664.66     0  00:00      7.68    2.42    1.00
  GM-824_2             CONDUIT      0.24     0  21:53      0.43    0.00    0.02
  GM-824_20            CONDUIT      0.67     3  22:00      0.52    0.00    0.40
  GM-824_21            CONDUIT      0.03     6  22:00      0.00    0.00    0.01
  GM-824_22            CONDUIT      0.06     6  22:00      0.00    0.00    0.01
  GM-824_23            CONDUIT      0.08     6  22:00      0.00    0.00    0.01
  GM-824_24            CONDUIT      0.08     0  00:27      0.00    0.00    0.00
  GM-824_25            CONDUIT   3391.36     0  00:00     14.44    0.81    1.00
  GM-824_26            CONDUIT      0.13     0  00:25      0.00    0.00    0.00
  GM-824_27            CONDUIT      0.02     6  22:00      0.00    0.00    0.01
  GM-824_28            CONDUIT      0.04     6  21:14      0.00    0.00    0.01
  GM-824_29            CONDUIT      0.05     6  21:27      0.10    0.00    0.06
  GM-824_3             CONDUIT      0.36     3  22:00      0.35    0.00    0.51
  GM-824_30            CONDUIT      1.28     6  22:42      0.09    0.00    0.56
  GM-824_31            CONDUIT      0.05     0  07:30      0.00    0.00    0.01
  GM-824_32            CONDUIT      0.05     0  07:48      0.00    0.00    0.01
  GM-824_33            CONDUIT      4.32     6  07:15      0.36    0.01    1.00
  GM-824_34            CONDUIT    532.81     0  00:00      6.28    1.42    1.00
  GM-824_35            CONDUIT      2.00     6  00:33      0.10    0.00    1.00
  GM-824_36            CONDUIT      0.02     6  22:00      0.00    0.00    0.01
  GM-824_37            CONDUIT      3.11     6  07:34      0.30    0.01    1.00
  GM-824_38            CONDUIT      2.20     5  09:10      0.01    0.00    1.00
  GM-824_39            CONDUIT      0.05     6  22:00      0.00    0.00    0.01
  GM-824_4             CONDUIT      0.21     0  07:59      0.42    0.00    0.02
  GM-824_40            CONDUIT      0.16     0  19:07      0.30    0.00    0.51
  GM-824_41            CONDUIT      0.01     6  22:00      0.00    0.00    0.00
  GM-824_42            CONDUIT      0.01     6  22:00      0.00    0.00    0.01
  GM-824_43            CONDUIT      0.01     3  22:00      0.01    0.00    0.50
  GM-824_44            CONDUIT      0.06     6  21:45      0.00    0.00    0.01
  GM-824_45            CONDUIT      0.11     0  21:55      0.20    0.00    0.50
  GM-824_46            CONDUIT      0.06     6  21:26      0.00    0.00    0.01
  GM-824_47            CONDUIT      4.34     6  07:26      0.38    0.01    1.00
  GM-824_48            CONDUIT      0.08     6  21:17      0.00    0.00    0.01
  GM-824_49            CONDUIT      0.07     0  00:10      0.00    0.00    0.01
  GM-824_5             CONDUIT      1.21     6  23:59      0.39    0.00    0.51
  GM-824_50            CONDUIT      0.08     0  08:00      0.00    0.00    0.01
  GM-824_51            CONDUIT      0.08     6  21:45      0.11    0.00    0.02
  GM-824_52            CONDUIT      0.00     0  00:00      0.00    0.00    0.00
  GM-824_53            CONDUIT      0.02     6  21:29      0.00    0.00    0.01
  GM-824_54            CONDUIT      0.04     5  01:40      0.00    0.00    0.00
  GM-824_55            CONDUIT      0.04     6  21:12      0.00    0.00    0.01
  GM-824_56            CONDUIT      0.00     0  00:00      0.00    0.00    0.00
  GM-824_57            CONDUIT      0.02     0  00:45      0.00    0.00    0.00
  GM-824_58            CONDUIT      0.02     6  22:00      0.00    0.00    0.01
  GM-824_59            CONDUIT      0.04     0  08:00      0.00    0.00    0.01
  GM-824_6             CONDUIT      2.79     4  21:17      0.42    0.01    1.00
  GM-824_60            CONDUIT      4.36     6  07:15      0.37    0.01    1.00
  GM-824_61            CONDUIT      4.19     6  07:15      0.35    0.01    1.00
  GM-824_62            CONDUIT      0.34     6  22:00      0.32    0.00    0.03
  GM-824_63            CONDUIT     78.84     0  00:00      0.93    0.04    0.55
  GM-824_64            CONDUIT      0.11     3  22:00      0.22    0.00    0.51
  GM-824_65            CONDUIT      0.01     6  22:00      0.00    0.00    0.01
  GM-824_66            CONDUIT      0.00     0  00:00      0.00    0.00    0.05
  GM-824_67            CONDUIT      0.83     6  22:00      0.66    0.00    0.05
  GM-824_68            CONDUIT      0.01     6  22:00      0.00    0.00    0.01
  GM-824_69            CONDUIT      0.00     0  00:00      0.00    0.00    0.01
  GM-824_7             CONDUIT      2.38     5  18:18      0.33    0.00    1.00
  GM-824_70            CONDUIT      0.39     6  22:00      0.38    0.00    0.02
  GM-824_71            CONDUIT      0.05     6  22:00      0.09    0.00    0.02
  GM-824_72            CONDUIT      0.23     6  20:53      0.39    0.00    0.05
  GM-824_73            CONDUIT      0.02     6  22:00      0.00    0.00    0.01
  GM-824_74            CONDUIT      0.05     6  22:00      0.11    0.00    0.04
  GM-824_75            CONDUIT      0.27     6  20:54      0.00    0.00    0.54
  GM-824_76            CONDUIT      0.03     6  22:00      0.06    0.00    0.02
  GM-824_77            CONDUIT      0.13     6  22:00      0.22    0.00    0.02
  GM-824_78            CONDUIT      0.05     6  22:00      0.05    0.00    0.02
  GM-824_79            CONDUIT      0.04     0  21:59      0.07    0.00    0.50
  GM-824_8             CONDUIT      2.85     4  21:17      0.37    0.01    1.00
  GM-824_80            CONDUIT      0.42     6  22:00      0.45    0.00    0.02
  GM-824_81            CONDUIT      0.04     0  00:51      0.00    0.00    0.00
  GM-824_82            CONDUIT      2.26     5  17:30      0.48    0.01    1.00
  GM-824_83            CONDUIT      2.98     6  08:14      0.58    0.01    1.00
  GM-824_84            CONDUIT      2.26     5  17:30      0.54    0.01    1.00
  GM-824_85            CONDUIT      1.43     6  18:37      0.57    0.00    0.84
  GM-824_86            CONDUIT      0.43     6  22:00      0.38    0.00    0.35
  GM-824_87            CONDUIT      0.01     4  21:49      0.02    0.00    0.50
  GM-824_88            CONDUIT      2.39     5  14:34      0.70    0.01    1.00
  GM-824_89            CONDUIT      2.36     4  07:40      0.01    0.00    1.00
  GM-824_9             CONDUIT      0.10     0  21:42      0.19    0.00    0.02
  GM-824_90            CONDUIT      0.42     3  22:00      0.39    0.00    0.35
  GM-824_91            CONDUIT      0.02     6  22:00      0.00    0.00    0.01
  GM-824_92            CONDUIT      0.03     0  00:18      0.06    0.00    0.50
  GM-824_93            CONDUIT      0.08     6  22:00      0.00    0.00    0.01
  GM-824_94            CONDUIT      0.10     6  22:00      0.10    0.00    0.03
  GM-824_95            CONDUIT      0.25     5  22:00      0.19    0.00    0.03
  GM-824_96            CONDUIT      0.13     6  22:00      0.12    0.00    0.03
  GM-824_97            CONDUIT      0.36     6  22:00      0.42    0.00    0.02
  GM-824_98            CONDUIT      0.33     6  22:00      0.42    0.00    0.02
  GM-824_99            CONDUIT      0.17     6  22:00      0.33    0.00    0.02
  GM-825_10            CONDUIT      0.37     3  21:29      0.47    0.00    0.50
  GM-825_11            CONDUIT      2.54     2  22:23      0.02    0.00    1.00
  GM-825_12            CONDUIT      0.29     3  21:25      0.00    0.00    0.01
  GM-825_13            CONDUIT      0.27     0  08:00      0.44    0.00    0.02
  GM-825_14            CONDUIT      0.08     0  21:44      0.00    0.00    0.01
  GM-825_2             CONDUIT    247.19     0  00:01      2.90    0.55    0.92
  GM-825_3             CONDUIT   1140.51     0  00:00      7.39    3.62    1.00
  GM-825_4             CONDUIT    238.68     0  00:02      2.23    1.45    1.00
  GM-825_5             CONDUIT   1288.64     0  00:00      8.19    4.41    1.00
  GM-825_6             CONDUIT      0.13     0  21:29      0.06    0.00    0.02
  GM-825_7             CONDUIT    101.06     0  00:00      1.25    0.14    0.52
  GM-825_8             CONDUIT      2.04     6  09:59      0.31    0.00    1.00
  GM-825_9             CONDUIT      1.88     6  18:18      0.30    0.01    0.99
  GM-919_1             CONDUIT     63.30     0  00:26      2.44    0.13    0.25
  GM-919_10            CONDUIT      1.38     6  22:00      0.87    0.00    0.17
  GM-919_100           CONDUIT      0.19     6  22:00      0.34    0.00    0.02
  GM-919_101           CONDUIT      0.33     0  21:59      0.38    0.00    0.02
  GM-919_102           CONDUIT      0.46     2  20:52      0.41    0.00    0.03
  GM-919_103           CONDUIT      1.85     6  22:00      0.67    0.01    0.05
  GM-919_104           CONDUIT      0.07     6  22:00      0.13    0.00    0.02
  GM-919_105           CONDUIT      8.76     6  22:00      0.89    0.01    0.08
  GM-919_106           CONDUIT      0.16     6  22:00      0.25    0.00    0.02
  GM-919_107           CONDUIT      0.31     6  22:00      0.31    0.00    0.02
  GM-919_108           CONDUIT      0.23     6  22:00      0.30    0.00    0.02
  GM-919_109           CONDUIT    164.04     2  22:25      1.14    0.30    1.00
  GM-919_11            CONDUIT      1.02     6  22:00      0.63    0.00    0.03
  GM-919_110           CONDUIT      0.57     6  22:00      0.32    0.00    0.06
  GM-919_111           CONDUIT     83.78     6  18:23      0.86    0.49    1.00
  GM-919_112           CONDUIT      0.66     6  22:00      0.47    0.00    0.16
  GM-919_113           CONDUIT      0.09     0  21:52      0.00    0.00    0.01
  GM-919_114           CONDUIT      0.16     6  22:00      0.24    0.00    0.02
  GM-919_115           CONDUIT      0.36     6  22:00      0.34    0.00    0.03
  GM-919_116           CONDUIT      1.19     6  22:00      0.32    0.00    0.06
  GM-919_117           CONDUIT      0.70     6  22:00      0.15    0.06    0.07
  GM-919_118           CONDUIT      0.14     0  21:21      0.25    0.00    0.02
  GM-919_119           CONDUIT    166.32     2  22:07      1.05    0.40    1.00
  GM-919_12            CONDUIT      1.25     6  22:00      0.45    0.00    0.13
  GM-919_120           CONDUIT      8.46     6  22:00      0.96    0.01    0.08
  GM-919_121           CONDUIT      4.50     6  22:04      0.50    0.01    0.08
  GM-919_122           CONDUIT      4.42     6  22:02      0.49    0.01    0.08
  GM-919_123           CONDUIT      2.00     6  22:00      0.45    0.00    0.02
  GM-919_124           CONDUIT      3.19     6  22:00      0.44    0.01    0.07
  GM-919_125           CONDUIT      3.10     6  22:00      0.59    0.01    0.05
  GM-919_126           CONDUIT      3.03     6  22:00      0.62    0.01    0.05
  GM-919_127           CONDUIT    167.76     2  22:07      1.06    0.31    1.00
  GM-919_128           CONDUIT      0.32     6  22:00      0.35    0.00    0.02
  GM-919_129           CONDUIT      2.58     6  22:00      0.75    0.01    0.06
  GM-919_13            CONDUIT     62.69     0  00:32      2.22    0.14    0.54
  GM-919_130           CONDUIT      0.52     6  22:00      0.29    0.00    0.04
  GM-919_131           CONDUIT      2.85     6  22:00      0.70    0.00    0.05
  GM-919_132           CONDUIT      2.13     6  22:00      0.41    0.01    0.08
  GM-919_133           CONDUIT      0.10     6  22:00      0.18    0.00    0.02
  GM-919_134           CONDUIT     59.94     2  22:05      0.57    0.15    0.65
  GM-919_135           CONDUIT    174.12     2  22:07      1.16    0.44    1.00
  GM-919_136           CONDUIT     83.23     6  04:43      0.56    0.21    1.00
  GM-919_137           CONDUIT    173.28     2  22:07      1.10    0.38    1.00
  GM-919_138           CONDUIT    173.70     2  22:07      1.10    0.36    1.00
  GM-919_139           CONDUIT      0.15     6  22:00      0.24    0.00    0.02
  GM-919_14            CONDUIT      0.25     6  22:00      0.20    0.00    0.13
  GM-919_140           CONDUIT      0.06     6  22:00      0.00    0.00    0.01
  GM-919_141           CONDUIT     69.36     6  04:19      0.58    0.17    1.00
  GM-919_142           CONDUIT      0.20     0  21:58      0.40    0.00    0.02
  GM-919_143           CONDUIT      1.56     6  22:00      0.42    0.01    0.06
  GM-919_144           CONDUIT      0.17     0  21:57      0.24    0.00    0.03
  GM-919_145           CONDUIT      0.19     6  22:00      0.30    0.00    0.02
  GM-919_146           CONDUIT      0.11     6  22:00      0.00    0.00    0.01
  GM-919_147           CONDUIT      0.21     6  22:00      0.18    0.00    0.03
  GM-919_148           CONDUIT     82.71     6  04:34      0.73    0.21    1.00
  GM-919_149           CONDUIT     68.91     6  04:19      0.64    0.17    1.00
  GM-919_15            CONDUIT      0.79     6  22:00      0.49    0.00    0.03
  GM-919_150           CONDUIT      0.75     6  22:00      0.44    0.00    0.03
  GM-919_151           CONDUIT      0.34     6  22:00      0.31    0.00    0.03
  GM-919_152           CONDUIT      0.05     0  21:31      0.00    0.00    0.02
  GM-919_153           CONDUIT      0.19     6  22:00      0.00    0.00    0.01
  GM-919_154           CONDUIT      0.44     6  21:28      0.18    0.00    0.04
  GM-919_155           CONDUIT      1.36     6  22:00      0.43    0.00    0.05
  GM-919_156           CONDUIT     27.29     2  22:24      0.32    0.10    1.00
  GM-919_157           CONDUIT      0.36     6  22:00      0.41    0.00    0.02
  GM-919_158           CONDUIT     54.32     6  04:21      0.45    0.14    1.00
  GM-919_159           CONDUIT      0.47     6  22:00      0.45    0.00    0.03
  GM-919_16            CONDUIT      0.30     0  21:15      0.23    0.00    0.03
  GM-919_160           CONDUIT      0.23     6  22:00      0.36    0.00    0.02
  GM-919_161           CONDUIT     24.37     2  22:21      0.19    0.05    1.00
  GM-919_162           CONDUIT      1.14     6  22:00      0.69    0.00    0.03
  GM-919_163           CONDUIT      0.08     6  22:00      0.00    0.00    0.01
  GM-919_164           CONDUIT      0.45     6  22:00      0.30    0.00    0.05
  GM-919_165           CONDUIT      1.12     6  22:00      0.64    0.00    0.04
  GM-919_166           CONDUIT      0.19     6  22:00      0.22    0.00    0.02
  GM-919_167           CONDUIT      0.07     0  21:56      0.00    0.00    0.01
  GM-919_168           CONDUIT      0.11     0  21:37      0.00    0.00    0.02
  GM-919_169           CONDUIT      0.37     6  22:00      0.64    0.00    0.02
  GM-919_17            CONDUIT    141.61     5  22:02      3.18    0.23    0.34
  GM-919_170           CONDUIT      0.05     0  07:37      0.00    0.00    0.01
  GM-919_171           CONDUIT      0.52     3  22:00      0.92    0.00    0.02
  GM-919_172           CONDUIT      0.08     0  21:54      0.00    0.00    0.01
  GM-919_173           CONDUIT      0.51     6  22:00      0.30    0.00    0.03
  GM-919_174           CONDUIT      0.07     0  21:58      0.12    0.00    0.02
  GM-919_175           CONDUIT      0.34     6  22:00      0.34    0.00    0.02
  GM-919_176           CONDUIT      0.11     6  22:00      0.00    0.00    0.01
  GM-919_177           CONDUIT      0.44     1  07:59      0.35    0.00    0.03
  GM-919_178           CONDUIT      0.20     6  22:00      0.27    0.00    0.02
  GM-919_179           CONDUIT      0.37     6  22:00      0.56    0.00    0.02
  GM-919_18            CONDUIT    134.33     5  22:05      2.65    0.28    0.39
  GM-919_180           CONDUIT      0.23     6  22:00      0.36    0.00    0.02
  GM-919_181           CONDUIT      0.45     6  22:00      0.36    0.00    0.03
  GM-919_182           CONDUIT      1.31     6  22:00      0.61    0.00    0.22
  GM-919_183           CONDUIT      0.06     0  21:14      0.00    0.00    0.02
  GM-919_184           CONDUIT      0.93     6  21:57      0.48    0.00    0.17
  GM-919_185           CONDUIT     58.23     6  17:26      0.55    0.15    0.65
  GM-919_186           CONDUIT      0.03     6  22:00      0.00    0.00    0.01
  GM-919_187           CONDUIT      0.43     6  22:00      0.62    0.00    0.02
  GM-919_188           CONDUIT      0.60     6  22:00      1.02    0.00    0.50
  GM-919_189           CONDUIT      0.05     6  21:16      0.05    0.00    0.02
  GM-919_19            CONDUIT      0.58     6  22:00      0.83    0.00    0.02
  GM-919_190           CONDUIT    284.35     4  00:19      4.07    0.27    1.00
  GM-919_191           CONDUIT    123.81     2  18:35      0.89    0.87    1.00
  GM-919_192           CONDUIT      0.64     6  22:00      0.57    0.00    0.51
  GM-919_193           CONDUIT      0.14     6  22:00      0.21    0.00    0.02
  GM-919_194           CONDUIT      0.08     6  22:00      0.00    0.00    0.01
  GM-919_195           CONDUIT      0.07     0  21:53      0.00    0.00    0.01
  GM-919_196           CONDUIT      0.20     1  21:28      0.17    0.00    0.51
  GM-919_197           CONDUIT    125.84     2  21:19      1.23    0.26    0.70
  GM-919_198           CONDUIT      0.12     0  21:54      0.15    0.00    0.21
  GM-919_199           CONDUIT      0.21     6  22:00      0.23    0.00    0.02
  GM-919_2             CONDUIT     62.22     0  00:23      2.10    0.14    0.25
  GM-919_20            CONDUIT      0.38     0  21:49      0.33    0.00    0.19
  GM-919_200           CONDUIT    246.20     1  19:30      1.04    0.39    1.00
  GM-919_201           CONDUIT    302.67     5  17:26      1.31    0.33    1.00
  GM-919_202           CONDUIT    244.82     1  19:30      1.37    0.29    1.00
  GM-919_203           CONDUIT    241.56     1  19:30      1.27    0.41    1.00
  GM-919_204           CONDUIT    150.76     1  19:21      1.07    0.42    1.00
  GM-919_205           CONDUIT      0.32     6  21:18      0.27    0.00    0.03
  GM-919_206           CONDUIT      0.31     0  21:55      0.30    0.00    0.03
  GM-919_207           CONDUIT      1.43     6  22:02      0.43    0.00    0.52
  GM-919_208           CONDUIT      0.45     6  21:35      0.33    0.00    0.03
  GM-919_209           CONDUIT      1.38     2  22:00      0.58    0.00    0.04
  GM-919_21            CONDUIT      0.33     6  22:00      0.34    0.00    0.02
  GM-919_210           CONDUIT      1.38     6  22:00      0.68    0.00    0.04
  GM-919_211           CONDUIT      0.19     6  21:09      0.21    0.00    0.02
  GM-919_212           CONDUIT      0.47     6  22:00      0.38    0.00    0.51
  GM-919_213           CONDUIT      1.13     6  22:00      0.44    0.00    0.05
  GM-919_214           CONDUIT      0.10     6  21:28      0.08    0.00    0.50
  GM-919_215           CONDUIT    131.19     1  19:18      1.00    0.20    1.00
  GM-919_216           CONDUIT      0.19     0  07:22      0.00    0.00    0.01
  GM-919_217           CONDUIT      0.20     6  22:00      0.30    0.00    0.02
  GM-919_218           CONDUIT      0.06     6  22:00      0.00    0.00    0.01
  GM-919_219           CONDUIT      0.32     6  22:00      0.27    0.00    0.03
  GM-919_22            CONDUIT      0.51     6  22:00      0.56    0.00    0.02
  GM-919_220           CONDUIT      1.01     6  22:00      0.36    0.00    0.05
  GM-919_221           CONDUIT    562.92     2  21:45      1.60    0.71    1.00
  GM-919_222           CONDUIT      0.10     4  07:50      0.00    0.00    0.01
  GM-919_223           CONDUIT    130.92     1  19:29      0.98    0.10    1.00
  GM-919_224           CONDUIT      0.21     2  07:22      0.40    0.00    0.51
  GM-919_225           CONDUIT      0.19     6  22:00      0.30    0.00    0.08
  GM-919_226           CONDUIT      0.00     0  00:00      0.00    0.00    0.01
  GM-919_227           CONDUIT      0.65     6  22:00      0.34    0.00    0.04
  GM-919_228           CONDUIT    662.81     1  19:19      1.88    0.34    1.00
  GM-919_229           CONDUIT    189.79     1  19:19      1.20    0.08    1.00
  GM-919_23            CONDUIT      0.01     6  22:00      0.00    0.00    0.00
  GM-919_230           CONDUIT    189.57     1  19:19      1.20    0.36    1.00
  GM-919_231           CONDUIT      0.05     0  07:29      0.00    0.00    0.01
  GM-919_232           CONDUIT      0.05     0  07:52      0.06    0.00    0.02
  GM-919_233           CONDUIT    188.87     1  19:19      1.30    0.35    1.00
  GM-919_234           CONDUIT     29.24     6  10:31      0.43    0.07    0.58
  GM-919_24            CONDUIT      0.14     0  21:22      0.25    0.00    0.02
  GM-919_25            CONDUIT      0.13     0  21:20      0.19    0.00    0.02
  GM-919_26            CONDUIT      0.27     6  21:59      0.27    0.00    0.03
  GM-919_27            CONDUIT    106.63     0  00:11      2.99    0.20    0.31
  GM-919_28            CONDUIT    136.12     5  22:07      2.50    0.35    0.41
  GM-919_29            CONDUIT    265.06     2  22:06      1.98    0.66    1.00
  GM-919_3             CONDUIT     61.87     0  00:25      2.18    0.13    0.25
  GM-919_30            CONDUIT      0.41     6  22:00      0.32    0.00    0.03
  GM-919_31            CONDUIT      0.71     6  22:00      0.23    0.00    0.51
  GM-919_32            CONDUIT      0.32     6  22:00      0.26    0.00    0.51
  GM-919_33            CONDUIT      0.14     0  20:58      0.00    0.00    0.01
  GM-919_34            CONDUIT      0.10     0  21:15      0.00    0.00    0.01
  GM-919_35            CONDUIT      0.30     6  22:00      0.20    0.00    0.17
  GM-919_36            CONDUIT     93.98     0  00:15      2.52    0.23    0.31
  GM-919_37            CONDUIT      0.16     0  21:12      0.00    0.00    0.01
  GM-919_38            CONDUIT      0.22     0  21:57      0.38    0.00    0.02
  GM-919_39            CONDUIT    135.43     5  22:10      2.44    0.35    0.41
  GM-919_4             CONDUIT    137.31     5  22:01      2.96    0.29    0.35
  GM-919_40            CONDUIT      0.16     0  21:53      0.21    0.00    0.02
  GM-919_41            CONDUIT     46.14     2  22:56      0.42    0.11    1.00
  GM-919_42            CONDUIT      0.29     0  21:53      0.34    0.00    0.02
  GM-919_43            CONDUIT    264.72     2  22:06      2.15    0.47    1.00
  GM-919_44            CONDUIT    264.19     2  22:06      1.99    0.56    1.00
  GM-919_45            CONDUIT      0.33     0  21:34      0.30    0.00    0.03
  GM-919_46            CONDUIT      0.57     0  07:37      0.42    0.00    0.03
  GM-919_47            CONDUIT      0.65     0  07:47      0.43    0.00    0.03
  GM-919_48            CONDUIT    160.93     5  21:56      2.63    0.21    0.68
  GM-919_49            CONDUIT      1.00     6  22:00      0.66    0.00    0.03
  GM-919_5             CONDUIT      0.79     6  22:00      0.68    0.00    0.03
  GM-919_50            CONDUIT      0.84     6  22:00      0.50    0.00    0.03
  GM-919_51            CONDUIT      0.32     6  22:00      0.35    0.00    0.02
  GM-919_52            CONDUIT      1.17     6  22:00      0.52    0.00    0.24
  GM-919_53            CONDUIT      0.44     6  22:00      0.38    0.00    0.03
  GM-919_54            CONDUIT      0.25     6  22:00      0.21    0.00    0.51
  GM-919_55            CONDUIT    264.48     2  22:06      2.38    0.59    1.00
  GM-919_56            CONDUIT    133.45     5  22:12      2.44    0.33    0.38
  GM-919_57            CONDUIT    264.72     2  22:06      1.67    0.25    1.00
  GM-919_58            CONDUIT      0.84     0  07:58      0.43    0.00    0.04
  GM-919_59            CONDUIT     67.40     6  04:56      0.65    0.12    1.00
  GM-919_6             CONDUIT      0.55     6  22:00      0.40    0.00    0.03
  GM-919_60            CONDUIT    212.01     6  17:56      1.71    0.07    1.00
  GM-919_61            CONDUIT    104.18     6  18:03      0.97    0.26    1.00
  GM-919_63            CONDUIT    133.08     5  22:14      2.51    0.27    0.37
  GM-919_64            CONDUIT    320.75     0  19:50      4.01    0.13    1.00
  GM-919_65            CONDUIT    131.61     5  22:28      5.39    0.10    0.52
  GM-919_66            CONDUIT    132.31     5  22:22      2.40    0.32    0.42
  GM-919_67            CONDUIT    130.52     5  22:27      2.80    0.34    0.34
  GM-919_68            CONDUIT      0.16     0  21:10      0.21    0.00    0.02
  GM-919_69            CONDUIT    133.57     5  22:19      2.45    0.34    0.40
  GM-919_7             CONDUIT      0.04     6  22:00      0.00    0.00    0.01
  GM-919_70            CONDUIT    133.98     5  22:13      2.60    0.32    0.39
  GM-919_71            CONDUIT    387.49     2  22:06      1.60    0.22    1.00
  GM-919_72            CONDUIT      0.99     6  21:20      0.40    0.00    0.04
  GM-919_73            CONDUIT      1.33     6  22:00      0.47    0.00    0.05
  GM-919_74            CONDUIT    133.30     5  22:15      2.45    0.33    0.40
  GM-919_75            CONDUIT      9.37     3  22:00      1.56    0.00    0.52
  GM-919_76            CONDUIT      0.49     6  22:00      0.43    0.00    0.03
  GM-919_77            CONDUIT      0.73     6  22:00      0.41    0.00    0.39
  GM-919_78            CONDUIT    224.98     2  22:05      1.74    0.54    0.87
  GM-919_79            CONDUIT    232.19     2  22:06      1.47    0.25    1.00
  GM-919_8             CONDUIT      0.32     6  22:00      0.34    0.00    0.02
  GM-919_80            CONDUIT      0.21     6  22:00      0.25    0.00    0.02
  GM-919_81            CONDUIT    388.30     2  22:06      2.45    0.96    1.00
  GM-919_82            CONDUIT      0.39     6  22:00      0.32    0.00    0.38
  GM-919_83            CONDUIT      1.18     6  22:00      0.62    0.00    0.13
  GM-919_84            CONDUIT      0.97     6  22:00      0.56    0.00    0.04
  GM-919_85            CONDUIT      0.37     6  22:00      0.28    0.00    0.03
  GM-919_86            CONDUIT      0.19     6  22:00      0.25    0.00    0.02
  GM-919_87            CONDUIT      0.26     6  22:00      0.23    0.00    0.21
  GM-919_88            CONDUIT      9.25     6  22:00      1.23    0.01    0.07
  GM-919_89            CONDUIT      1.60     6  22:00      0.50    0.00    0.05
  GM-919_9             CONDUIT    105.17     0  00:09      2.57    0.24    0.32
  GM-919_90            CONDUIT      0.08     0  21:52      0.00    0.00    0.01
  GM-919_91            CONDUIT      0.11     6  22:00      0.13    0.00    0.02
  GM-919_92            CONDUIT      0.40     6  22:00      0.45    0.00    0.02
  GM-919_93            CONDUIT      0.71     5  21:20      0.50    0.00    0.51
  GM-919_94            CONDUIT      0.15     0  21:32      0.24    0.00    0.02
  GM-919_95            CONDUIT      0.44     6  22:00      0.37    0.00    0.03
  GM-919_96            CONDUIT    163.88     2  22:25      1.04    0.35    1.00
  GM-919_97            CONDUIT      0.43     6  22:00      0.31    0.00    0.03
  GM-919_98            CONDUIT      0.27     6  22:00      0.30    0.00    0.02
  GM-919_99            CONDUIT      0.10     6  22:00      0.17    0.00    0.02
  GM-920_1             CONDUIT    914.29     1  19:19      7.54    0.17    1.00
  GM-920_10            CONDUIT    258.88     1  19:19      1.64    0.64    1.00
  GM-920_11            CONDUIT    125.13     1  19:19      1.12    0.17    1.00
  GM-920_12            CONDUIT      0.57     1  07:53      0.51    0.00    0.51
  GM-920_13            CONDUIT      0.30     6  22:00      0.32    0.00    0.02
  GM-920_14            CONDUIT      0.07     6  22:00      0.00    0.00    0.01
  GM-920_15            CONDUIT    140.53     4  22:37      1.07    1.01    1.00
  GM-920_16            CONDUIT    133.41     1  19:19      1.09    0.31    1.00
  GM-920_17            CONDUIT    132.95     1  19:19      0.84    0.38    1.00
  GM-920_18            CONDUIT    132.41     1  19:19      0.98    0.32    1.00
  GM-920_19            CONDUIT      0.14     6  22:00      0.24    0.00    0.51
  GM-920_2             CONDUIT    259.33     1  19:19      1.75    0.40    1.00
  GM-920_20            CONDUIT      0.10     6  22:00      0.00    0.00    0.01
  GM-920_21            CONDUIT      0.02     0  21:44      0.05    0.00    0.02
  GM-920_22            CONDUIT      0.58     6  22:00      0.47    0.00    0.03
  GM-920_23            CONDUIT      0.37     6  22:00      0.36    0.00    0.02
  GM-920_24            CONDUIT      0.67     6  22:00      0.39    0.00    0.04
  GM-920_25            CONDUIT      0.15     6  22:00      0.24    0.00    0.02
  GM-920_26            CONDUIT      0.19     6  22:00      0.32    0.00    0.02
  GM-920_27            CONDUIT      0.40     6  22:00      0.33    0.00    0.03
  GM-920_28            CONDUIT      0.38     3  22:00      0.37    0.00    0.02
  GM-920_29            CONDUIT      1.18     6  22:00      0.46    0.00    0.04
  GM-920_3             CONDUIT      0.87     5  22:00      0.54    0.00    0.51
  GM-920_30            CONDUIT      0.59     6  22:00      0.46    0.00    0.03
  GM-920_31            CONDUIT      0.22     2  07:21      0.00    0.00    0.01
  GM-920_32            CONDUIT      0.92     6  22:00      0.44    0.00    0.04
  GM-920_33            CONDUIT      2.23     3  22:00      0.69    0.00    0.52
  GM-920_34            CONDUIT      0.71     6  22:00      0.48    0.00    0.03
  GM-920_35            CONDUIT      0.00     0  00:00      0.00    0.00    0.01
  GM-920_36            CONDUIT      0.25     2  07:40      0.38    0.00    0.02
  GM-920_37            CONDUIT      0.27     0  07:36      0.24    0.00    0.51
  GM-920_38            CONDUIT      0.34     4  08:00      0.27    0.00    0.51
  GM-920_39            CONDUIT    133.54     6  21:44      1.13    0.33    1.00
  GM-920_4             CONDUIT      0.65     2  22:00      0.61    0.00    0.03
  GM-920_40            CONDUIT    207.12     6  21:49      1.62    0.50    1.00
  GM-920_41            CONDUIT    190.41     6  08:12      2.51    0.49    0.49
  GM-920_42            CONDUIT    191.04     6  08:14      2.37    0.47    0.51
  GM-920_43            CONDUIT      0.90     6  22:00      0.37    0.00    0.25
  GM-920_44            CONDUIT    191.20     6  08:16      3.01    0.49    0.42
  GM-920_45            CONDUIT    191.43     6  08:16      1.75    0.20    0.65
  GM-920_46            CONDUIT    243.05     6  21:44      2.00    0.59    1.00
  GM-920_47            CONDUIT    113.41     2  10:37      0.95    0.20    1.00
  GM-920_48            CONDUIT    523.32     1  01:35      1.92    0.55    1.00
  GM-920_49            CONDUIT    532.22     1  01:35      2.09    0.54    1.00
  GM-920_5             CONDUIT      0.38     6  22:00      0.36    0.00    0.02
  GM-920_50            CONDUIT    243.16     6  21:44      2.94    0.34    1.00
  GM-920_51            CONDUIT    303.92     0  00:01      4.90    0.47    1.00
  GM-920_52            CONDUIT      0.10     0  21:53      0.20    0.00    0.51
  GM-920_53            CONDUIT    534.11     1  01:35      2.66    0.41    1.00
  GM-920_54            CONDUIT    275.86     4  17:14      4.53    0.47    1.00
  GM-920_55            CONDUIT    773.35     1  01:35      1.40    0.10    1.00
  GM-920_57            CONDUIT      0.12     3  22:00      0.22    0.00    0.31
  GM-920_58            CONDUIT      0.13     0  21:34      0.23    0.00    0.02
  GM-920_59            CONDUIT      0.24     5  07:30      0.35    0.00    0.02
  GM-920_6             CONDUIT      0.05     6  22:00      0.00    0.00    0.01
  GM-920_60            CONDUIT      0.67     6  00:27      0.40    0.00    0.51
  GM-920_61            CONDUIT      2.71     5  11:06      0.37    0.01    1.00
  GM-920_62            CONDUIT    830.11     0  00:00      4.18    0.21    1.00
  GM-920_63            CONDUIT    143.66     3  21:10      1.69    0.35    1.00
  GM-920_64            CONDUIT    143.26     3  21:10      1.09    0.36    1.00
  GM-920_65            CONDUIT    142.54     3  21:10      1.08    0.36    1.00
  GM-920_66            CONDUIT    141.69     3  21:10      1.09    0.38    1.00
  GM-920_7             CONDUIT      0.29     6  22:00      0.20    0.00    0.03
  GM-920_8             CONDUIT      0.04     6  22:00      0.00    0.00    0.01
  GM-920_9             CONDUIT    258.91     1  19:19      1.64    0.54    1.00
  GM-928_105           CONDUIT      0.13     6  22:00      0.09    0.00    0.05
  GM-928_107           CONDUIT      0.59     0  07:36      0.61    0.00    0.02
  GM-928_118           CONDUIT      0.11     0  21:55      0.00    0.00    0.01
  GM-928_13            CONDUIT      0.49     6  22:00      0.45    0.00    0.03
  GM-928_18            CONDUIT    133.78     3  21:10      1.16    0.27    1.00
  GM-928_27            CONDUIT      0.30     1  21:10      0.50    0.00    0.02
  GM-928_28            CONDUIT      0.00     0  00:00      0.00    0.00    0.01
  GM-928_36            CONDUIT      0.39     0  07:45      0.31    0.00    0.03
  GM-928_43            CONDUIT      0.83     6  22:00      0.43    0.00    0.04
  GM-928_47            CONDUIT      0.16     0  21:56      0.30    0.00    0.02
  GM-928_49            CONDUIT      0.03     0  00:29      0.00    0.00    0.00
  GM-928_50            CONDUIT    133.45     3  21:10      1.10    0.37    0.87
  GM-928_53            CONDUIT      0.03     6  22:00      0.00    0.00    0.01
  GM-928_58            CONDUIT      0.26     6  22:00      0.34    0.00    0.02
  GM-928_6             CONDUIT      0.52     1  22:00      0.68    0.00    0.02
  GM-928_65            CONDUIT      1.28     6  22:00      0.39    0.00    0.05
  GM-928_66            CONDUIT      0.17     0  21:38      0.17    0.00    0.03
  GM-928_67            CONDUIT      4.75     6  22:00      0.85    0.01    0.41
  GM-928_69            CONDUIT      0.11     6  22:00      0.18    0.00    0.02
  GM-928_76            CONDUIT      0.43     6  22:00      0.23    0.00    0.04
  GM-928_81            CONDUIT      3.50     6  22:00      0.70    0.01    0.07
  GM-928_86            CONDUIT      1.02     0  21:50      0.51    0.00    0.04
  GM-928_87            CONDUIT      3.73     6  22:00      0.75    0.01    0.07
  GM-928_88            CONDUIT      1.32     6  22:00      0.50    0.00    0.05
  GM-928_89            CONDUIT      4.17     6  22:00      1.01    0.01    0.06
  GM-928_90            CONDUIT      4.20     6  22:00      0.86    0.01    0.07
  GM-928_91            CONDUIT      2.21     6  22:00      0.59    0.01    0.06
  GM-928_92            CONDUIT      4.55     6  22:00      0.82    0.01    0.08
  GM-928_98            CONDUIT      0.79     0  21:47      0.48    0.00    0.04
  GM-929_1             CONDUIT      0.12     6  22:00      0.24    0.00    0.04
  GM-929_10            CONDUIT   2972.61     2  12:56      3.75    0.91    1.00
  GM-929_100           CONDUIT      0.30     6  20:05      0.28    0.00    0.03
  GM-929_101           CONDUIT      0.65     6  20:16      0.28    0.00    0.04
  GM-929_102           CONDUIT      0.97     6  20:38      0.25    0.01    0.06
  GM-929_103           CONDUIT      4.22     6  21:29      0.89    0.01    0.21
  GM-929_104           CONDUIT    135.34     4  20:31      3.21    0.25    0.32
  GM-929_105           CONDUIT    135.13     4  20:35      2.54    0.17    0.28
  GM-929_106           CONDUIT    135.14     4  20:34      2.85    0.11    0.25
  GM-929_107           CONDUIT    138.24     4  20:37      2.89    0.16    0.25
  GM-929_108           CONDUIT    138.19     4  20:40      2.49    0.11    0.38
  GM-929_109           CONDUIT    136.21     4  20:56      1.49    0.46    0.40
  GM-929_11            CONDUIT    361.14     2  02:12      1.99    0.17    0.28
  GM-929_110           CONDUIT    136.32     4  20:57      2.16    0.16    0.31
  GM-929_111           CONDUIT    136.54     4  20:59      2.24    0.23    0.30
  GM-929_112           CONDUIT    138.81     2  12:00      2.15    0.10    0.61
  GM-929_114           CONDUIT      0.18     6  22:00      0.16    0.00    0.22
  GM-929_115           CONDUIT      3.12     6  21:31      0.77    0.01    0.06
  GM-929_116           CONDUIT    132.77     4  20:26      2.87    0.27    0.35
  GM-929_118           CONDUIT      0.08     0  21:07      0.00    0.00    0.01
  GM-929_119           CONDUIT      0.17     6  22:00      0.15    0.00    0.15
  GM-929_12            CONDUIT    337.80     5  03:19      2.48    0.68    1.00
  GM-929_120           CONDUIT      0.18     6  22:00      0.14    0.00    0.15
  GM-929_121           CONDUIT      0.03     6  22:00      0.02    0.00    0.33
  GM-929_122           CONDUIT      0.08     6  22:00      0.00    0.00    0.01
  GM-929_123           CONDUIT      0.00     0  00:00      0.00    0.00    0.01
  GM-929_124           CONDUIT    130.51     4  20:26      2.44    0.31    0.38
  GM-929_125           CONDUIT      2.89     6  21:26      0.73    0.01    0.06
  GM-929_126           CONDUIT      0.00     0  00:00      0.00    0.00    0.01
  GM-929_128           CONDUIT      0.01     0  01:21      0.00    0.00    0.01
  GM-929_13            CONDUIT     74.15     5  18:01      0.69    0.19    0.67
  GM-929_130           CONDUIT      3.12     5  11:14      0.38    0.01    0.81
  GM-929_131           CONDUIT      3.12     5  09:02      0.33    0.01    1.00
  GM-929_132           CONDUIT      0.01     4  20:00      0.01    0.00    0.03
  GM-929_133           CONDUIT      3.05     5  11:15      0.34    0.01    1.00
  GM-929_134           CONDUIT      1.43     6  20:52      0.49    0.00    0.05
  GM-929_135           CONDUIT      2.11     6  21:03      0.68    0.00    0.05
  GM-929_136           CONDUIT      2.58     6  21:21      0.67    0.01    0.06
  GM-929_137           CONDUIT    131.57     4  20:23      2.69    0.27    0.37
  GM-929_138           CONDUIT      3.02     5  09:03      0.30    0.01    1.00
  GM-929_14            CONDUIT      0.36     6  22:00      0.32    0.00    0.27
  GM-929_140           CONDUIT      0.02     0  00:29      0.00    0.00    0.00
  GM-929_142           CONDUIT      0.11     6  22:00      0.22    0.00    0.01
  GM-929_143           CONDUIT      0.17     6  22:00      0.28    0.00    0.02
  GM-929_144           CONDUIT      1.07     0  21:59      0.43    0.00    0.04
  GM-929_145           CONDUIT      0.40     6  22:00      0.29    0.00    0.03
  GM-929_146           CONDUIT      0.25     6  22:00      0.43    0.00    0.02
  GM-929_147           CONDUIT      0.11     0  21:23      0.00    0.00    0.01
  GM-929_148           CONDUIT      0.46     0  22:00      0.41    0.00    0.51
  GM-929_149           CONDUIT      2.62     5  11:14      0.30    0.01    1.00
  GM-929_15            CONDUIT    361.44     2  02:09      1.96    0.12    0.28
  GM-929_150           CONDUIT      0.32     2  08:00      0.44    0.00    0.02
  GM-929_151           CONDUIT      0.24     0  21:14      0.34    0.00    0.02
  GM-929_152           CONDUIT      0.89     0  07:50      0.54    0.00    0.04
  GM-929_153           CONDUIT      0.00     0  00:00      0.00    0.00    0.00
  GM-929_154           CONDUIT      0.23     6  22:00      0.19    0.00    0.04
  GM-929_155           CONDUIT    134.02     4  20:19      2.89    0.29    0.36
  GM-929_158           CONDUIT      2.67     5  09:10      0.34    0.01    1.00
  GM-929_16            CONDUIT    361.20     2  02:11      1.76    0.25    0.31
  GM-929_161           CONDUIT      2.82     5  09:03      0.21    0.16    1.00
  GM-929_162           CONDUIT      0.74     6  22:00      0.55    0.00    0.03
  GM-929_164           CONDUIT      0.97     3  22:00      0.56    0.00    0.46
  GM-929_165           CONDUIT      0.55     6  21:42      0.38    0.00    0.51
  GM-929_166           CONDUIT    138.92     2  11:14      0.99    0.29    0.95
  GM-929_167           CONDUIT    139.54     2  11:14      0.88    0.32    1.00
  GM-929_168           CONDUIT    139.71     2  11:14      0.88    0.29    1.00
  GM-929_169           CONDUIT      0.70     6  22:00      0.95    0.00    0.02
  GM-929_17            CONDUIT      0.30     1  07:27      0.42    0.00    0.02
  GM-929_171           CONDUIT      2.71     5  09:03      0.41    0.01    1.00
  GM-929_174           CONDUIT      0.33     0  00:24      0.04    0.00    0.50
  GM-929_175           CONDUIT      2.98     3  23:02      0.03    0.00    1.00
  GM-929_176           CONDUIT      0.05     3  22:00      0.09    0.00    0.50
  GM-929_177           CONDUIT      0.56     6  22:00      0.41    0.00    0.04
  GM-929_18            CONDUIT      0.02     0  09:42      0.00    0.00    0.00
  GM-929_180           CONDUIT    140.29     2  11:14      0.89    0.30    1.00
  GM-929_181           CONDUIT      0.14     5  22:00      0.16    0.00    0.51
  GM-929_182           CONDUIT      0.06     6  22:00      0.10    0.00    0.03
  GM-929_184           CONDUIT     99.79     0  00:02      1.22    0.22    1.00
  GM-929_188           CONDUIT      0.29     2  07:48      0.29    0.00    0.50
  GM-929_19            CONDUIT      0.28     6  22:00      0.29    0.00    0.51
  GM-929_190           CONDUIT      0.15     2  07:34      0.00    0.00    0.01
  GM-929_196           CONDUIT    141.71     2  11:14      0.58    0.10    1.00
  GM-929_198           CONDUIT    979.89     0  00:00     10.50    0.86    1.00
  GM-929_199           CONDUIT   2477.06     0  00:00     15.73    1.31    1.00
  GM-929_2             CONDUIT      0.01     0  22:00      0.01    0.00    0.27
  GM-929_20            CONDUIT     98.15     3  22:10      0.80    0.20    1.00
  GM-929_201           CONDUIT      0.18     6  22:00      0.09    0.00    0.06
  GM-929_204           CONDUIT      0.35     0  22:00      0.06    0.00    0.51
  GM-929_205           CONDUIT      0.07     6  22:00      0.07    0.00    0.03
  GM-929_206           CONDUIT      0.04     6  22:00      0.04    0.00    0.03
  GM-929_207           CONDUIT      0.04     0  22:00      0.04    0.00    0.50
  GM-929_209           CONDUIT    140.52     3  21:10      0.89    7.75    1.00
  GM-929_21            CONDUIT    167.58     6  07:53      1.43    0.28    1.00
  GM-929_211           CONDUIT      0.16     1  22:00      0.09    0.02    0.05
  GM-929_212           CONDUIT      0.19     5  22:00      0.36    0.00    0.02
  GM-929_213           CONDUIT      0.10     0  21:56      0.00    0.00    0.01
  GM-929_214           CONDUIT    139.41     3  21:10      1.19    0.21    1.00
  GM-929_217           CONDUIT     84.68     4  20:40      0.98    0.12    1.00
  GM-929_218           CONDUIT      0.74     0  07:12      0.42    0.00    0.04
  GM-929_22            CONDUIT    168.91     6  07:53      1.24    0.08    1.00
  GM-929_221           CONDUIT    138.19     3  21:10      1.00    7.58    1.00
  GM-929_223           CONDUIT     51.24     4  20:23      0.67    3.67    1.00
  GM-929_224           CONDUIT      1.64     0  07:17      0.86    0.00    0.04
  GM-929_226           CONDUIT      2.00     2  07:24      0.86    0.00    0.04
  GM-929_227           CONDUIT      2.24     0  22:00      0.56    0.00    0.52
  GM-929_23            CONDUIT    123.16     6  07:52      0.84    0.65    1.00
  GM-929_230           CONDUIT     96.98     3  21:24      0.90    0.18    1.00
  GM-929_239           CONDUIT    137.10     3  21:10      1.10    0.33    1.00
  GM-929_24            CONDUIT    158.29     6  07:44      1.54    0.12    0.72
  GM-929_240           CONDUIT      0.56     3  22:00      0.81    0.00    0.51
  GM-929_25            CONDUIT      0.30     2  07:54      0.53    0.00    0.02
  GM-929_26            CONDUIT    362.93     2  02:04      2.18    0.17    0.27
  GM-929_27            CONDUIT      0.00     0  00:00      0.00    0.00    0.00
  GM-929_28            CONDUIT      0.14     0  21:58      0.19    0.00    0.50
  GM-929_29            CONDUIT      0.15     6  22:00      0.00    0.00    0.01
  GM-929_3             CONDUIT      0.19     6  22:00      0.10    0.02    0.04
  GM-929_30            CONDUIT      0.15     2  22:00      0.24    0.00    0.51
  GM-929_32            CONDUIT      0.00     0  00:00      0.00    0.00    0.00
  GM-929_33            CONDUIT      0.00     0  00:00      0.00    0.00    0.01
  GM-929_34            CONDUIT      0.13     6  22:00      0.24    0.00    0.02
  GM-929_35            CONDUIT      0.30     4  21:31      0.29    0.00    0.26
  GM-929_36            CONDUIT    361.50     2  02:02      2.42    0.12    0.26
  GM-929_37            CONDUIT      0.27     6  22:00      0.33    0.00    0.02
  GM-929_38            CONDUIT      0.43     6  07:58      0.47    0.00    0.02
  GM-929_39            CONDUIT      0.55     5  20:35      0.64    0.00    0.23
  GM-929_4             CONDUIT      0.02     3  16:05      0.00    0.00    0.00
  GM-929_40            CONDUIT      0.57     0  21:29      0.45    0.00    0.25
  GM-929_44            CONDUIT    192.42     6  07:53      1.72   20.31    0.74
  GM-929_46            CONDUIT    189.80     6  08:05      2.37    0.46    0.54
  GM-929_47            CONDUIT      0.03     0  00:40      0.00    0.00    0.00
  GM-929_48            CONDUIT      0.03     0  00:58      0.00    0.00    0.01
  GM-929_49            CONDUIT      0.03     6  21:33      0.00    0.00    0.01
  GM-929_5             CONDUIT    361.03     2  02:14      2.53    0.15    0.24
  GM-929_50            CONDUIT      0.29     6  21:43      0.38    0.00    0.26
  GM-929_51            CONDUIT    361.87     2  01:59      2.93    0.17    0.28
  GM-929_52            CONDUIT    361.47     2  01:57      2.65    0.20    0.30
  GM-929_53            CONDUIT    361.61     2  01:55      2.57    0.19    0.31
  GM-929_54            CONDUIT    362.11     2  01:52      2.44    0.23    0.32
  GM-929_56            CONDUIT      0.04     0  00:22      0.00    0.00    0.00
  GM-929_57            CONDUIT    190.14     6  08:07      2.33    0.63    0.54
  GM-929_58            CONDUIT     22.51     6  07:52      0.28    0.04    0.51
  GM-929_59            CONDUIT      0.12     0  21:36      0.17    0.00    0.02
  GM-929_6             CONDUIT   3438.74     4  01:44      9.45    0.19    1.00
  GM-929_63            CONDUIT    190.07     6  08:10      2.52    0.45    0.49
  GM-929_64            CONDUIT      0.26     6  22:00      0.30    0.00    0.02
  GM-929_65            CONDUIT      0.52     6  22:00      0.46    0.00    0.03
  GM-929_66            CONDUIT      0.72     6  22:00      0.38    0.00    0.25
  GM-929_67            CONDUIT      0.82     6  22:00      0.34    0.00    0.04
  GM-929_68            CONDUIT      0.61     6  22:00      0.45    0.00    0.03
  GM-929_69            CONDUIT      0.08     6  22:00      0.00    0.00    0.01
  GM-929_7             CONDUIT    377.63     2  02:15      3.55    0.09    0.57
  GM-929_70            CONDUIT      1.50     6  22:00      0.31    0.01    0.07
  GM-929_71            CONDUIT      0.50     6  22:00      0.12    0.01    0.06
  GM-929_72            CONDUIT      0.08     6  22:00      0.00    0.00    0.01
  GM-929_73            CONDUIT      0.26     6  22:00      0.32    0.00    0.02
  GM-929_74            CONDUIT      0.43     6  22:00      0.36    0.00    0.03
  GM-929_75            CONDUIT      0.28     6  22:00      0.17    0.00    0.05
  GM-929_77            CONDUIT      0.14     0  21:36      0.00    0.00    0.01
  GM-929_78            CONDUIT      0.11     0  21:04      0.11    0.00    0.03
  GM-929_8             CONDUIT      0.07     0  21:58      0.00    0.00    0.01
  GM-929_80            CONDUIT      0.00     0  00:00      0.00    0.00    0.01
  GM-929_81            CONDUIT      0.19     6  22:00      0.26    0.00    0.02
  GM-929_82            CONDUIT      0.13     6  22:00      0.22    0.00    0.02
  GM-929_84            CONDUIT      0.28     6  22:00      0.33    0.00    0.02
  GM-929_85            CONDUIT      0.46     6  22:00      0.35    0.00    0.03
  GM-929_86            CONDUIT      0.72     6  22:00      0.51    0.00    0.03
  GM-929_87            CONDUIT      0.49     6  22:00      0.30    0.00    0.04
  GM-929_88            CONDUIT      0.74     6  22:00      0.39    0.00    0.04
  GM-929_89            CONDUIT      0.95     6  22:00      0.31    0.00    0.05
  GM-929_9             CONDUIT   2597.10     2  12:56      4.14    0.46    0.98
  GM-929_90            CONDUIT      2.61     6  22:00      0.60    0.01    0.06
  GM-929_91            CONDUIT      2.80     6  22:00      0.92    0.01    0.05
  GM-929_92            CONDUIT      2.90     6  22:00      0.61    0.00    0.20
  GM-929_93            CONDUIT      0.09     0  21:13      0.10    0.00    0.03
  GM-929_99            CONDUIT      0.04     3  20:00      0.00    0.00    0.01
  GM-930_1             CONDUIT      2.53     2  22:24      0.26    0.01    1.00
  GM-930_100           CONDUIT      1.69     0  21:06      0.73    0.00    0.05
  GM-930_101           CONDUIT    417.62     4  22:04      3.14    1.53    0.82
  GM-930_102           CONDUIT      0.15     0  21:55      0.22    0.00    0.02
  GM-930_103           CONDUIT      0.22     6  21:23      0.32    0.00    0.02
  GM-930_104           CONDUIT      1.11     0  21:33      0.58    0.00    0.05
  GM-930_105           CONDUIT      1.11     0  07:24      0.62    0.00    0.04
  GM-930_106           CONDUIT      1.19     0  21:05      0.59    0.00    0.04
  GM-930_107           CONDUIT      0.29     0  21:27      0.38    0.00    0.02
  GM-930_108           CONDUIT      0.57     6  22:00      0.27    0.00    0.04
  GM-930_109           CONDUIT      2.51     6  22:00      0.53    0.01    0.07
  GM-930_110           CONDUIT      0.50     6  22:00      0.41    0.00    0.05
  GM-930_111           CONDUIT      1.30     0  07:17      0.62    0.00    0.04
  GM-930_112           CONDUIT      2.96     6  22:00      0.77    0.01    0.06
  GM-930_113           CONDUIT      1.47     0  07:25      0.52    0.00    0.05
  GM-930_114           CONDUIT    416.35     4  22:09      3.74    0.73    0.72
  GM-930_115           CONDUIT      3.41     6  22:00      0.57    0.01    0.08
  GM-930_116           CONDUIT    422.77     2  21:12      3.50    0.89    0.91
  GM-930_117           CONDUIT      3.72     0  08:00      0.43    0.02    0.10
  GM-930_118           CONDUIT      4.02     6  21:18      0.50    0.02    0.10
  GM-930_119           CONDUIT      4.96     6  21:26      0.68    0.02    0.09
  GM-930_120           CONDUIT      7.58     6  21:30      1.16    0.02    0.09
  GM-930_121           CONDUIT      0.22     0  21:19      0.23    0.00    0.02
  GM-930_122           CONDUIT      0.22     6  21:46      0.00    0.00    0.01
  GM-930_123           CONDUIT     27.92     2  21:19      0.42    0.05    0.54
  GM-930_124           CONDUIT     81.89     1  19:19      0.60    0.11    1.00
  GM-930_125           CONDUIT      0.83     6  22:00      0.16    0.01    0.07
  GM-930_126           CONDUIT    416.27     4  22:12      3.90    0.78    1.00
  GM-930_127           CONDUIT      7.58     6  21:33      1.14    0.01    0.25
  GM-930_128           CONDUIT      0.51     6  22:00      0.27    0.00    0.04
  GM-930_129           CONDUIT      0.39     6  21:51      0.22    0.00    0.51
  GM-930_130           CONDUIT      0.74     6  22:00      0.27    0.00    0.05
  GM-930_131           CONDUIT     56.88     2  21:32      1.07    0.12    0.70
  GM-930_132           CONDUIT    430.34     6  10:12      3.82    0.90    1.00
  GM-930_133           CONDUIT    423.59     3  21:55      4.73    0.61    1.00
  GM-930_134           CONDUIT    427.86     2  21:34      3.33    0.34    1.00
  GM-930_135           CONDUIT    547.42     2  21:41      2.82    0.52    1.00
  GM-930_136           CONDUIT      0.49     0  21:59      0.49    0.00    0.02
  GM-930_137           CONDUIT      0.80     6  22:00      0.60    0.00    0.03
  GM-930_138           CONDUIT      0.81     6  22:00      0.36    0.00    0.04
  GM-930_139           CONDUIT      0.22     0  20:58      0.37    0.00    0.02
  GM-930_140           CONDUIT    212.82     4  09:17      0.90    0.15    1.00
  GM-930_141           CONDUIT    548.01     2  21:41      2.97    0.55    1.00
  GM-930_142           CONDUIT      0.08     0  21:49      0.00    0.00    0.01
  GM-930_143           CONDUIT      0.19     6  22:00      0.34    0.00    0.02
  GM-930_144           CONDUIT      0.43     6  22:00      0.29    0.00    0.03
  GM-930_145           CONDUIT      2.50     6  22:00      0.68    0.01    0.06
  GM-930_146           CONDUIT      1.54     6  22:00      0.56    0.00    0.05
  GM-930_147           CONDUIT      2.69     6  22:00      0.78    0.01    0.06
  GM-930_148           CONDUIT    136.49     4  09:07      1.09    0.37    1.00
  GM-930_149           CONDUIT      0.06     0  21:57      0.00    0.00    0.01
  GM-930_150           CONDUIT    548.43     2  21:41      1.59    0.38    1.00
  GM-930_151           CONDUIT      0.07     0  21:54      0.00    0.00    0.01
  GM-930_152           CONDUIT     96.71     1  19:30      0.73    0.32    1.00
  GM-930_153           CONDUIT      0.19     0  21:27      0.16    0.00    0.03
  GM-930_154           CONDUIT      0.16     6  22:00      0.27    0.00    0.02
  GM-930_155           CONDUIT      2.92     6  22:00      0.59    0.00    0.02
  GM-930_156           CONDUIT      0.34     6  22:00      0.35    0.00    0.02
  GM-930_157           CONDUIT      0.09     0  21:27      0.00    0.00    0.01
  GM-930_158           CONDUIT      0.27     6  22:00      0.31    0.00    0.02
  GM-930_159           CONDUIT      0.87     6  22:00      0.45    0.00    0.04
  GM-930_160           CONDUIT      0.57     6  22:00      0.43    0.00    0.03
  GM-930_161           CONDUIT     93.02     1  19:20      0.75    0.20    1.00
  GM-930_162           CONDUIT      0.09     0  21:43      0.00    0.00    0.01
  GM-930_163           CONDUIT      0.17     0  21:44      0.35    0.00    0.01
  GM-930_164           CONDUIT      0.47     6  22:00      0.51    0.00    0.02
  GM-930_165           CONDUIT      0.71     6  22:00      0.84    0.00    0.02
  GM-930_166           CONDUIT      3.05     3  21:07      0.60    0.00    0.02
  GM-930_167           CONDUIT      0.99     6  21:50      0.30    0.00    0.08
  GM-930_168           CONDUIT      1.10     6  22:00      0.19    0.09    0.08
  GM-930_169           CONDUIT      0.02     0  10:06      0.00    0.00    0.01
  GM-930_170           CONDUIT      1.40     6  22:00      0.31    0.00    0.07
  GM-930_171           CONDUIT      0.14     6  20:25      0.17    0.00    0.02
  GM-930_172           CONDUIT      0.95     6  21:42      0.69    0.00    0.03
  GM-930_173           CONDUIT      1.73     6  22:00      0.37    0.01    0.07
  GM-930_174           CONDUIT      1.97     6  22:00      0.80    0.00    0.05
  GM-930_175           CONDUIT      5.54     3  22:28      1.48    0.00    0.51
  GM-930_176           CONDUIT      0.20     6  22:00      0.17    0.00    0.03
  GM-930_177           CONDUIT      0.12     0  21:32      0.00    0.00    0.01
  GM-930_178           CONDUIT     20.63     6  10:32      0.29    0.05    0.54
  GM-930_179           CONDUIT    659.16     1  19:19      1.87    0.24    1.00
  GM-930_2             CONDUIT      3.27     2  22:14      0.21    0.02    1.00
  GM-930_3             CONDUIT      0.25     1  21:36      0.32    0.00    0.51
  GM-930_4             CONDUIT      0.16     3  07:53      0.00    0.00    0.01
  GM-930_46            CONDUIT    340.59     0  19:50      0.84    0.02    1.00
  GM-930_47            CONDUIT    322.78     0  19:50      2.95    0.18    1.00
  GM-930_48            CONDUIT    335.75     0  19:50      4.51    0.06    1.00
  GM-930_5             CONDUIT      0.05     0  21:50      0.00    0.00    0.01
  GM-930_6             CONDUIT      0.11     6  22:00      0.00    0.00    0.01
  GM-930_96            CONDUIT      1.28     0  22:00      0.54    0.00    0.04
  GM-930_97            CONDUIT      0.93     0  07:21      0.71    0.00    0.03
  GM-930_98            CONDUIT      1.71     6  22:00      0.89    0.00    0.04
  GM-930_99            CONDUIT      1.80     6  22:00      0.82    0.00    0.06
  PX-9609              CONDUIT    185.98     6  17:25      5.60  139.98    1.00
  WW-147_BC_CON        CONDUIT      0.00     0  00:00      0.00    0.00    0.00
  WW-232_COND          CONDUIT      3.33     6  22:03      0.00    0.00    0.00
  PMP1-1002            PUMP        25.19     0  00:00              1.00
  PMP1-1003            PUMP        24.31     0  00:00              0.96
  PMP1-147             PUMP      1008.46     0  00:00              0.80
  PMP1-220             PUMP       486.17     0  19:45              0.91
  PMP1-221             PUMP       947.64     2  22:03              0.05
  PMP1-222             PUMP         0.00     0  00:00              0.00
  PMP1-223             PUMP         0.00     0  00:00              0.00
  PMP1-224             PUMP       258.79     0  00:00              0.82
  PMP1-225             PUMP         0.00     0  00:00              0.00
  PMP1-226             PUMP      3800.49     0  00:00              0.98
  PMP1-227             PUMP       120.67     6  07:44              0.25
  PMP1-228             PUMP       309.41     2  11:11              0.70
  PMP1-229             PUMP      1302.23     0  00:00              0.88
  PMP1-230             PUMP         0.00     0  00:00              0.00
  PMP1-231             PUMP       327.89     2  01:17              0.86
  PMP1-232             PUMP      1035.94     0  00:00              0.95
  PMP1-242             PUMP         0.00     0  00:00              0.00
  PMP1-243             PUMP         0.00     0  00:00              0.00
  PMP1-246             PUMP       985.26     0  00:00              0.72
  PMP1-247             PUMP         0.00     0  00:00              0.00
  PMP1-250             PUMP       294.51     0  00:00              0.59
  PMP1-251             PUMP         0.00     0  00:00              0.00
  PMP1-258             PUMP        15.40     0  00:00              1.00
  PMP2-1002            PUMP        25.19     0  00:00              1.00
  PMP2-1003            PUMP        24.31     0  00:00              0.96
  PMP2-147             PUMP      1008.46     0  00:00              0.80
  PMP2-220             PUMP         0.00     0  00:00              0.00
  PMP2-221             PUMP       947.64     2  22:03              0.05
  PMP2-222             PUMP         0.00     0  00:00              0.00
  PMP2-223             PUMP       370.72     6  17:23              0.34
  PMP2-224             PUMP       261.44     1  11:04              0.83
  PMP2-225             PUMP      1589.24     1  19:17              0.76
  PMP2-226             PUMP      3800.49     0  00:00              0.98
  PMP2-227             PUMP       120.67     6  07:44              0.25
  PMP2-228             PUMP         0.00     0  00:00              0.00
  PMP2-229             PUMP      1302.23     0  00:00              0.88
  PMP2-230             PUMP      1237.36     1  01:34              0.76
  PMP2-231             PUMP       327.89     2  01:17              0.86
  PMP2-232             PUMP      1035.94     0  00:00              0.95
  PMP2-242             PUMP         0.00     0  00:00              0.00
  PMP2-243             PUMP       240.06     5  21:54              0.82
  PMP2-246             PUMP       985.26     0  00:00              0.72
  PMP2-247             PUMP         0.00     0  00:00              0.00
  PMP2-250             PUMP       294.51     0  00:00              0.59
  PMP2-251             PUMP         0.00     0  00:00              0.00
  PMP2-258             PUMP        15.40     0  00:00              1.00
  
  
  ***************************
  Flow Classification Summary
  ***************************
  
  -------------------------------------------------------------------------------------
                      Adjusted    ---------- Fraction of Time in Flow Class ---------- 
                       /Actual         Up    Down  Sub   Sup   Up    Down  Norm  Inlet 
  Conduit               Length    Dry  Dry   Dry   Crit  Crit  Crit  Crit  Ltd   Ctrl  
  -------------------------------------------------------------------------------------
  FM-824_1                1.00   0.00  0.00  0.00  1.00  0.00  0.00  0.00  0.25  0.00
  FM-824_10               1.00   0.00  0.00  0.00  1.00  0.00  0.00  0.00  0.00  0.00
  FM-824_2                1.00   0.00  1.00  0.00  0.00  0.00  0.00  0.00  0.00  0.00
  FM-824_20               1.00   1.00  0.00  0.00  0.00  0.00  0.00  0.00  0.00  0.00
  FM-824_21               1.00   0.00  0.00  0.00  1.00  0.00  0.00  0.00  0.00  0.00
  FM-824_22               1.00   0.00  0.00  0.00  1.00  0.00  0.00  0.00  0.00  0.00
  FM-824_25               1.00   0.00  0.00  0.00  0.97  0.03  0.00  0.00  1.00  0.00
  FM-824_26               5.22   0.84  0.00  0.00  0.14  0.01  0.00  0.00  0.16  0.00
  FM-824_8                1.00   0.00  0.00  0.00  1.00  0.00  0.00  0.00  0.00  0.00
  FM-825_10               1.00   0.00  0.00  0.00  1.00  0.00  0.00  0.00  0.00  0.00
  FM-825_6                1.00   0.00  0.00  0.00  1.00  0.00  0.00  0.00  0.00  0.00
  FM-825_7                1.00   0.00  0.00  0.00  1.00  0.00  0.00  0.00  0.00  0.00
  FM-919_22               1.00   0.00  0.00  0.00  1.00  0.00  0.00  0.00  0.67  0.00
  FM-919_26               1.00   0.00  0.00  0.00  0.99  0.01  0.00  0.00  0.00  0.00
  FM-919_3                1.00   0.00  0.67  0.00  0.32  0.00  0.00  0.00  0.03  0.00
  FM-919_9                1.00   0.00  0.00  0.00  1.00  0.00  0.00  0.00  0.53  0.00
  FM-920_1                1.00   0.00  0.00  0.00  1.00  0.00  0.00  0.00  0.00  0.00
  FM-920_12               1.00   0.00  0.00  0.00  1.00  0.00  0.00  0.00  0.73  0.00
  FM-920_23               1.00   0.00  0.78  0.00  0.22  0.00  0.00  0.00  0.69  0.00
  FM-929_19               1.00   0.00  0.00  0.00  1.00  0.00  0.00  0.00  0.00  0.00
  FM-929_40               1.00   0.35  0.00  0.00  0.63  0.02  0.00  0.00  0.63  0.00
  FM-929_43               1.00   0.00  0.00  0.00  1.00  0.00  0.00  0.00  0.86  0.00
  FM-929_5                1.00   0.00  0.95  0.00  0.05  0.00  0.00  0.00  0.09  0.00
  FM-930_16               1.00   0.12  0.00  0.00  0.88  0.00  0.00  0.00  0.84  0.00
  FM-930_19               1.00   0.12  0.00  0.00  0.88  0.00  0.00  0.00  0.85  0.00
  FM-930_24               1.00   0.00  0.00  0.00  1.00  0.00  0.00  0.00  0.35  0.00
  FM-930_28               1.00   0.00  0.00  0.00  1.00  0.00  0.00  0.00  0.26  0.00
  FM-930_38               1.00   0.00  0.00  0.00  1.00  0.00  0.00  0.00  0.94  0.00
  FM-LS1002               2.23   0.00  0.00  0.00  1.00  0.00  0.00  0.00  0.00  0.00
  FM-LS1003               5.68   0.00  0.00  0.00  1.00  0.00  0.00  0.00  0.00  0.00
  FM-LS147                1.82   0.00  0.00  0.00  1.00  0.00  0.00  0.00  0.00  0.00
  FM-LS220                1.62   0.12  0.00  0.00  0.88  0.00  0.00  0.00  0.00  0.00
  FM-LS221                1.00   0.42  0.00  0.00  0.58  0.00  0.00  0.00  0.00  0.00
  FM-LS222                1.00   0.96  0.00  0.00  0.04  0.00  0.00  0.00  0.00  0.00
  FM-LS223                1.00   0.96  0.02  0.00  0.02  0.00  0.00  0.00  0.03  0.00
  FM-LS224                1.00   0.00  0.00  0.00  1.00  0.00  0.00  0.00  0.00  0.00
  FM-LS225                1.00   0.26  0.00  0.00  0.74  0.00  0.00  0.00  0.00  0.00
  FM-LS226                1.00   0.00  0.00  0.00  1.00  0.00  0.00  0.00  0.95  0.00
  FM-LS227                1.00   0.90  0.05  0.00  0.05  0.00  0.00  0.00  0.09  0.00
  FM-LS228                1.00   0.35  0.00  0.00  0.65  0.00  0.00  0.00  0.63  0.00
  FM-LS229                1.00   0.00  0.00  0.00  0.99  0.01  0.00  0.00  0.81  0.00
  FM-LS230                7.45   0.15  0.00  0.00  0.85  0.00  0.00  0.00  0.00  0.00
  FM-LS231                9.61   0.29  0.48  0.00  0.22  0.00  0.00  0.00  0.69  0.00
  FM-LS232                2.23   0.00  0.00  0.00  1.00  0.00  0.00  0.00  0.00  0.00
  FM-LS242                1.59   1.00  0.00  0.00  0.00  0.00  0.00  0.00  0.00  0.00
  FM-LS243                1.00   0.84  0.00  0.00  0.14  0.02  0.00  0.00  0.00  0.00
  FM-LS246                1.94   0.00  0.99  0.00  0.01  0.00  0.00  0.00  1.00  0.00
  FM-LS247                4.29   1.00  0.00  0.00  0.00  0.00  0.00  0.00  0.00  0.00
  FM-LS250                3.74   0.00  0.00  0.00  1.00  0.00  0.00  0.00  0.00  0.00
  FM-LS251                1.00   1.00  0.00  0.00  0.00  0.00  0.00  0.00  0.00  0.00
  FM-LS258                2.19   0.00  0.24  0.00  0.75  0.00  0.00  0.00  0.26  0.00
  GM-813_1                1.00   0.00  0.00  0.00  1.00  0.00  0.00  0.00  0.09  0.00
  GM-813_2                1.00   0.00  0.00  0.00  1.00  0.00  0.00  0.00  0.05  0.00
  GM-813_3                1.00   0.00  0.00  0.00  1.00  0.00  0.00  0.00  0.11  0.00
  GM-824_1                1.00   0.00  0.00  0.00  1.00  0.00  0.00  0.00  0.99  0.00
  GM-824_10               1.00   0.00  0.00  0.00  1.00  0.00  0.00  0.00  0.41  0.00
  GM-824_100              1.00   0.00  0.00  0.00  1.00  0.00  0.00  0.00  0.99  0.00
  GM-824_101              1.00   0.00  0.00  0.00  1.00  0.00  0.00  0.00  1.00  0.00
  GM-824_102              1.00   0.00  0.00  0.00  1.00  0.00  0.00  0.00  0.99  0.00
  GM-824_103              1.00   0.00  0.00  0.00  1.00  0.00  0.00  0.00  1.00  0.00
  GM-824_104              1.00   0.00  0.00  0.00  1.00  0.00  0.00  0.00  0.00  0.00
  GM-824_105              1.00   0.00  1.00  0.00  0.00  0.00  0.00  0.00  0.00  0.00
  GM-824_106              1.00   0.00  0.00  0.00  1.00  0.00  0.00  0.00  1.00  0.00
  GM-824_107              1.00   0.00  0.00  0.00  1.00  0.00  0.00  0.00  1.00  0.00
  GM-824_108              1.00   0.00  0.00  0.00  1.00  0.00  0.00  0.00  0.06  0.00
  GM-824_109              1.00   0.00  0.48  0.00  0.52  0.00  0.00  0.00  0.94  0.00
  GM-824_11               1.00   0.00  0.00  0.00  1.00  0.00  0.00  0.00  1.00  0.00
  GM-824_110              1.00   0.00  0.00  0.00  1.00  0.00  0.00  0.00  1.00  0.00
  GM-824_111              1.00   0.00  0.00  0.00  1.00  0.00  0.00  0.00  1.00  0.00
  GM-824_112              1.00   0.00  0.00  0.00  1.00  0.00  0.00  0.00  1.00  0.00
  GM-824_113              1.00   0.00  0.00  0.00  1.00  0.00  0.00  0.00  1.00  0.00
  GM-824_114              1.00   0.00  0.00  0.00  1.00  0.00  0.00  0.00  0.85  0.00
  GM-824_115              1.00   0.00  0.73  0.00  0.27  0.00  0.00  0.00  0.87  0.00
  GM-824_116              1.00   0.00  0.00  0.00  1.00  0.00  0.00  0.00  0.66  0.00
  GM-824_117              1.34   0.00  0.00  0.00  1.00  0.00  0.00  0.00  1.00  0.00
  GM-824_118              1.00   0.00  0.00  0.00  1.00  0.00  0.00  0.00  0.02  0.00
  GM-824_119              1.00   0.00  0.00  0.00  1.00  0.00  0.00  0.00  1.00  0.00
  GM-824_12               1.00   0.00  0.00  0.00  1.00  0.00  0.00  0.00  1.00  0.00
  GM-824_120              1.12   0.00  0.04  0.00  0.96  0.00  0.00  0.00  0.96  0.00
  GM-824_121              1.00   0.00  0.00  0.00  1.00  0.00  0.00  0.00  0.81  0.00
  GM-824_122              1.00   0.00  0.00  0.00  1.00  0.00  0.00  0.00  0.32  0.00
  GM-824_123              1.00   0.00  0.00  0.00  1.00  0.00  0.00  0.00  0.24  0.00
  GM-824_124              1.00   0.00  0.00  0.00  1.00  0.00  0.00  0.00  1.00  0.00
  GM-824_125              1.00   0.00  0.00  0.00  1.00  0.00  0.00  0.00  0.54  0.00
  GM-824_126              1.00   0.00  0.00  0.00  1.00  0.00  0.00  0.00  0.13  0.00
  GM-824_127              1.00   0.00  0.00  0.00  1.00  0.00  0.00  0.00  0.66  0.00
  GM-824_128              1.00   0.00  0.00  0.00  1.00  0.00  0.00  0.00  0.51  0.00
  GM-824_129              1.00   0.00  0.00  0.00  1.00  0.00  0.00  0.00  1.00  0.00
  GM-824_13               1.00   0.00  0.00  0.00  1.00  0.00  0.00  0.00  0.23  0.00
  GM-824_130              1.00   0.00  0.04  0.00  0.96  0.00  0.00  0.00  0.96  0.00
  GM-824_131              1.00   0.00  0.00  0.00  1.00  0.00  0.00  0.00  1.00  0.00
  GM-824_132              1.00   0.00  0.00  0.00  1.00  0.00  0.00  0.00  0.64  0.00
  GM-824_133              1.00   0.00  0.00  0.00  1.00  0.00  0.00  0.00  0.47  0.00
  GM-824_134              1.00   0.00  0.00  0.00  1.00  0.00  0.00  0.00  1.00  0.00
  GM-824_135              1.00   0.00  0.00  0.00  1.00  0.00  0.00  0.00  1.00  0.00
  GM-824_136              1.00   0.00  0.00  0.00  1.00  0.00  0.00  0.00  1.00  0.00
  GM-824_137              1.00   0.00  0.00  0.00  1.00  0.00  0.00  0.00  1.00  0.00
  GM-824_138              1.08   0.00  1.00  0.00  0.00  0.00  0.00  0.00  0.00  0.00
  GM-824_139              1.00   0.00  0.00  0.00  1.00  0.00  0.00  0.00  1.00  0.00
  GM-824_14               1.00   0.00  0.00  0.00  1.00  0.00  0.00  0.00  1.00  0.00
  GM-824_140              1.00   0.00  0.00  0.00  0.99  0.01  0.00  0.00  0.11  0.00
  GM-824_141              1.00   0.00  0.00  0.00  1.00  0.00  0.00  0.00  0.39  0.00
  GM-824_142              1.00   0.00  0.00  0.00  1.00  0.00  0.00  0.00  0.33  0.00
  GM-824_143              1.00   0.00  0.00  0.00  0.99  0.01  0.00  0.00  0.00  0.00
  GM-824_144              1.00   0.00  0.00  0.00  1.00  0.00  0.00  0.00  1.00  0.00
  GM-824_145              1.00   0.00  0.00  0.00  1.00  0.00  0.00  0.00  1.00  0.00
  GM-824_146              1.00   0.00  0.00  0.00  1.00  0.00  0.00  0.00  1.00  0.00
  GM-824_147              1.00   0.00  0.00  0.00  1.00  0.00  0.00  0.00  0.59  0.00
  GM-824_148              2.84   0.00  0.00  0.00  1.00  0.00  0.00  0.00  0.17  0.00
  GM-824_149              1.00   0.00  0.00  0.00  1.00  0.00  0.00  0.00  0.24  0.00
  GM-824_15               1.00   0.00  0.00  0.00  1.00  0.00  0.00  0.00  0.75  0.00
  GM-824_150              1.09   0.00  0.00  0.00  1.00  0.00  0.00  0.00  1.00  0.00
  GM-824_151              1.00   0.00  0.00  0.00  1.00  0.00  0.00  0.00  1.00  0.00
  GM-824_152              1.00   0.00  0.00  0.00  0.86  0.14  0.00  0.00  0.13  0.00
  GM-824_153              1.00   0.00  0.00  0.00  1.00  0.00  0.00  0.00  0.08  0.00
  GM-824_154              1.15   0.00  0.00  0.00  0.00  1.00  0.00  0.00  1.00  0.00
  GM-824_155              1.00   0.00  0.00  0.00  1.00  0.00  0.00  0.00  1.00  0.00
  GM-824_156              1.00   0.00  0.00  0.00  1.00  0.00  0.00  0.00  0.99  0.00
  GM-824_157              1.00   0.00  0.00  0.00  1.00  0.00  0.00  0.00  1.00  0.00
  GM-824_158              1.00   0.00  0.00  0.00  1.00  0.00  0.00  0.00  0.99  0.00
  GM-824_159              1.00   0.00  0.00  0.00  1.00  0.00  0.00  0.00  0.83  0.00
  GM-824_16               1.00   0.00  0.00  0.00  1.00  0.00  0.00  0.00  0.90  0.00
  GM-824_160              1.00   0.00  0.98  0.00  0.01  0.01  0.00  0.00  0.15  0.00
  GM-824_161              1.00   0.00  0.00  0.00  1.00  0.00  0.00  0.00  1.00  0.00
  GM-824_162              1.00   0.00  0.00  0.00  1.00  0.00  0.00  0.00  1.00  0.00
  GM-824_163              1.00   0.00  0.00  0.00  1.00  0.00  0.00  0.00  1.00  0.00
  GM-824_164              3.28   0.00  0.08  0.00  0.92  0.00  0.00  0.00  1.00  0.00
  GM-824_17               1.00   0.00  0.00  0.00  1.00  0.00  0.00  0.00  0.13  0.00
  GM-824_18               1.00   0.00  0.00  0.00  1.00  0.00  0.00  0.00  1.00  0.00
  GM-824_19               1.00   0.00  0.00  0.00  1.00  0.00  0.00  0.00  0.03  0.00
  GM-824_2                1.17   0.00  0.00  0.00  1.00  0.00  0.00  0.00  1.00  0.00
  GM-824_20               1.00   0.00  0.00  0.00  1.00  0.00  0.00  0.00  1.00  0.00
  GM-824_21               1.00   0.00  0.00  0.00  1.00  0.00  0.00  0.00  1.00  0.00
  GM-824_22               1.48   0.00  0.00  0.00  1.00  0.00  0.00  0.00  1.00  0.00
  GM-824_23               1.00   0.00  0.00  0.00  1.00  0.00  0.00  0.00  1.00  0.00
  GM-824_24               1.00   0.00  0.00  0.00  1.00  0.00  0.00  0.00  0.87  0.00
  GM-824_25               6.69   0.00  0.00  0.00  1.00  0.00  0.00  0.00  0.04  0.00
  GM-824_26               1.52   0.00  0.00  0.00  0.92  0.08  0.00  0.00  0.88  0.00
  GM-824_27               1.00   0.00  0.00  0.00  1.00  0.00  0.00  0.00  1.00  0.00
  GM-824_28               1.00   0.00  0.00  0.00  1.00  0.00  0.00  0.00  0.01  0.00
  GM-824_29               1.62   0.00  0.00  0.00  1.00  0.00  0.00  0.00  1.00  0.00
  GM-824_3                1.00   0.00  0.00  0.00  1.00  0.00  0.00  0.00  1.00  0.00
  GM-824_30               1.00   0.00  0.00  0.00  1.00  0.00  0.00  0.00  0.40  0.00
  GM-824_31               1.00   0.00  0.00  0.00  1.00  0.00  0.00  0.00  0.13  0.00
  GM-824_32               1.00   0.00  0.00  0.00  1.00  0.00  0.00  0.00  1.00  0.00
  GM-824_33               1.00   0.00  0.00  0.00  1.00  0.00  0.00  0.00  0.33  0.00
  GM-824_34               1.00   0.00  0.00  0.00  1.00  0.00  0.00  0.00  0.15  0.00
  GM-824_35               1.22   0.00  0.00  0.00  1.00  0.00  0.00  0.00  0.62  0.00
  GM-824_36               1.77   0.00  0.00  0.00  1.00  0.00  0.00  0.00  1.00  0.00
  GM-824_37               1.28   0.00  0.00  0.00  1.00  0.00  0.00  0.00  0.22  0.00
  GM-824_38               5.07   0.00  0.00  0.00  1.00  0.00  0.00  0.00  0.11  0.00
  GM-824_39               1.00   0.00  0.00  0.00  1.00  0.00  0.00  0.00  1.00  0.00
  GM-824_4                1.00   0.00  0.00  0.00  1.00  0.00  0.00  0.00  1.00  0.00
  GM-824_40               1.00   0.00  0.00  0.00  0.89  0.11  0.00  0.00  0.89  0.00
  GM-824_41               1.00   0.00  0.00  0.00  1.00  0.00  0.00  0.00  1.00  0.00
  GM-824_42               1.00   0.00  0.00  0.00  1.00  0.00  0.00  0.00  1.00  0.00
  GM-824_43               1.00   0.00  0.24  0.00  0.76  0.00  0.00  0.00  0.96  0.00
  GM-824_44               1.00   0.00  0.00  0.00  1.00  0.00  0.00  0.00  1.00  0.00
  GM-824_45               1.00   0.00  0.00  0.00  1.00  0.00  0.00  0.00  0.99  0.00
  GM-824_46               1.00   0.00  0.00  0.00  1.00  0.00  0.00  0.00  0.00  0.00
  GM-824_47               1.00   0.00  0.00  0.00  1.00  0.00  0.00  0.00  0.39  0.00
  GM-824_48               1.00   0.00  0.00  0.00  1.00  0.00  0.00  0.00  1.00  0.00
  GM-824_49               1.00   0.00  0.00  0.00  1.00  0.00  0.00  0.00  1.00  0.00
  GM-824_5                1.00   0.00  0.00  0.00  1.00  0.00  0.00  0.00  1.00  0.00
  GM-824_50               1.00   0.00  0.00  0.00  1.00  0.00  0.00  0.00  0.03  0.00
  GM-824_51               1.00   0.00  0.00  0.00  1.00  0.00  0.00  0.00  1.00  0.00
  GM-824_52               1.00   0.00  1.00  0.00  0.00  0.00  0.00  0.00  0.00  0.00
  GM-824_53               1.00   0.00  0.14  0.00  0.86  0.00  0.00  0.00  1.00  0.00
  GM-824_54               1.00   0.00  0.00  0.00  1.00  0.00  0.00  0.00  0.82  0.00
  GM-824_55               1.00   0.00  0.00  0.00  1.00  0.00  0.00  0.00  1.00  0.00
  GM-824_56               1.00   0.00  1.00  0.00  0.00  0.00  0.00  0.00  0.00  0.00
  GM-824_57               1.00   0.00  0.00  0.00  1.00  0.00  0.00  0.00  0.22  0.00
  GM-824_58               1.00   0.00  0.00  0.00  1.00  0.00  0.00  0.00  1.00  0.00
  GM-824_59               1.22   0.00  0.00  0.00  1.00  0.00  0.00  0.00  0.00  0.00
  GM-824_6                1.00   0.00  0.00  0.00  1.00  0.00  0.00  0.00  0.60  0.00
  GM-824_60               1.00   0.00  0.00  0.00  1.00  0.00  0.00  0.00  0.19  0.00
  GM-824_61               1.00   0.00  0.00  0.00  1.00  0.00  0.00  0.00  0.84  0.00
  GM-824_62               1.00   0.00  0.00  0.00  1.00  0.00  0.00  0.00  1.00  0.00
  GM-824_63               4.35   0.00  0.00  0.00  0.00  1.00  0.00  0.00  0.00  0.00
  GM-824_64               1.00   0.00  0.00  0.00  1.00  0.00  0.00  0.00  1.00  0.00
  GM-824_65               1.00   0.00  0.34  0.00  0.66  0.00  0.00  0.00  0.96  0.00
  GM-824_66               1.00   0.00  1.00  0.00  0.00  0.00  0.00  0.00  0.00  0.00
  GM-824_67               1.00   0.00  0.00  0.00  0.18  0.82  0.00  0.00  0.00  0.00
  GM-824_68               1.00   0.00  0.22  0.00  0.78  0.00  0.00  0.00  0.96  0.00
  GM-824_69               1.00   0.00  1.00  0.00  0.00  0.00  0.00  0.00  0.00  0.00
  GM-824_7                1.00   0.00  0.00  0.00  1.00  0.00  0.00  0.00  0.75  0.00
  GM-824_70               1.00   0.00  0.00  0.00  1.00  0.00  0.00  0.00  0.98  0.00
  GM-824_71               1.00   0.00  0.00  0.00  1.00  0.00  0.00  0.00  1.00  0.00
  GM-824_72               1.00   0.00  0.00  0.00  1.00  0.00  0.00  0.00  0.02  0.00
  GM-824_73               1.00   0.00  0.00  0.00  1.00  0.00  0.00  0.00  0.00  0.00
  GM-824_74               1.00   0.00  0.00  0.00  1.00  0.00  0.00  0.00  1.00  0.00
  GM-824_75               1.00   0.00  0.00  0.00  1.00  0.00  0.00  0.00  0.98  0.00
  GM-824_76               1.00   0.00  0.00  0.00  1.00  0.00  0.00  0.00  1.00  0.00
  GM-824_77               1.00   0.00  0.00  0.00  1.00  0.00  0.00  0.00  1.00  0.00
  GM-824_78               1.00   0.00  0.00  0.00  1.00  0.00  0.00  0.00  0.00  0.00
  GM-824_79               1.00   0.00  0.00  0.00  1.00  0.00  0.00  0.00  1.00  0.00
  GM-824_8                1.00   0.00  0.00  0.00  1.00  0.00  0.00  0.00  0.06  0.00
  GM-824_80               1.00   0.00  0.00  0.00  1.00  0.00  0.00  0.00  0.00  0.00
  GM-824_81               1.00   0.00  0.00  0.00  0.94  0.06  0.00  0.00  0.09  0.00
  GM-824_82               1.00   0.00  0.00  0.00  1.00  0.00  0.00  0.00  0.50  0.00
  GM-824_83               1.03   0.00  0.00  0.00  1.00  0.00  0.00  0.00  0.69  0.00
  GM-824_84               1.00   0.00  0.00  0.00  1.00  0.00  0.00  0.00  0.61  0.00
  GM-824_85               1.00   0.00  0.00  0.00  1.00  0.00  0.00  0.00  0.22  0.00
  GM-824_86               1.00   0.00  0.00  0.00  1.00  0.00  0.00  0.00  1.00  0.00
  GM-824_87               2.58   0.00  0.17  0.00  0.83  0.00  0.00  0.00  0.99  0.00
  GM-824_88               1.00   0.00  0.00  0.00  0.95  0.05  0.00  0.00  0.07  0.00
  GM-824_89               1.99   0.00  0.00  0.00  1.00  0.00  0.00  0.00  0.22  0.00
  GM-824_9                1.00   0.00  0.00  0.00  1.00  0.00  0.00  0.00  1.00  0.00
  GM-824_90               1.00   0.00  0.00  0.00  1.00  0.00  0.00  0.00  1.00  0.00
  GM-824_91               1.00   0.00  0.00  0.00  1.00  0.00  0.00  0.00  1.00  0.00
  GM-824_92               1.00   0.00  0.00  0.00  1.00  0.00  0.00  0.00  1.00  0.00
  GM-824_93               1.00   0.00  0.00  0.00  1.00  0.00  0.00  0.00  1.00  0.00
  GM-824_94               1.00   0.00  0.00  0.00  1.00  0.00  0.00  0.00  1.00  0.00
  GM-824_95               1.00   0.00  0.00  0.00  1.00  0.00  0.00  0.00  0.00  0.00
  GM-824_96               1.00   0.00  0.00  0.00  1.00  0.00  0.00  0.00  1.00  0.00
  GM-824_97               1.00   0.00  0.00  0.00  1.00  0.00  0.00  0.00  0.00  0.00
  GM-824_98               1.00   0.00  0.00  0.00  1.00  0.00  0.00  0.00  0.96  0.00
  GM-824_99               1.00   0.00  0.00  0.00  1.00  0.00  0.00  0.00  1.00  0.00
  GM-825_10               5.05   0.00  0.00  0.00  1.00  0.00  0.00  0.00  1.00  0.00
  GM-825_11               3.43   0.00  0.00  0.00  1.00  0.00  0.00  0.00  0.02  0.00
  GM-825_12               1.00   0.00  0.00  0.00  0.00  1.00  0.00  0.00  0.00  0.00
  GM-825_13               1.00   0.00  0.00  0.00  1.00  0.00  0.00  0.00  0.00  0.00
  GM-825_14               1.00   0.00  0.00  0.00  1.00  0.00  0.00  0.00  1.00  0.00
  GM-825_2                1.00   0.00  0.21  0.00  0.79  0.00  0.00  0.00  1.00  0.00
  GM-825_3                1.29   0.00  0.00  0.00  0.99  0.01  0.00  0.00  0.00  0.00
  GM-825_4                1.00   0.00  0.97  0.00  0.03  0.00  0.00  0.00  0.99  0.00
  GM-825_5                1.08   0.00  0.00  0.00  0.26  0.74  0.00  0.00  0.00  0.00
  GM-825_6                1.00   0.00  0.00  0.00  1.00  0.00  0.00  0.00  1.00  0.00
  GM-825_7                1.00   0.00  0.00  0.00  1.00  0.00  0.00  0.00  1.00  0.00
  GM-825_8               21.43   0.00  0.00  0.00  0.98  0.02  0.00  0.00  0.71  0.00
  GM-825_9                1.00   0.00  0.00  0.00  1.00  0.00  0.00  0.00  0.11  0.00
  GM-919_1                1.00   0.00  0.00  0.00  1.00  0.00  0.00  0.00  1.00  0.00
  GM-919_10               3.08   0.00  0.00  0.00  0.18  0.82  0.00  0.00  1.00  0.00
  GM-919_100              1.00   0.00  0.00  0.00  1.00  0.00  0.00  0.00  1.00  0.00
  GM-919_101              1.00   0.00  0.00  0.00  1.00  0.00  0.00  0.00  1.00  0.00
  GM-919_102              1.00   0.00  0.00  0.00  1.00  0.00  0.00  0.00  0.00  0.00
  GM-919_103              1.00   0.00  0.00  0.00  1.00  0.00  0.00  0.00  0.00  0.00
  GM-919_104              1.00   0.00  0.00  0.00  1.00  0.00  0.00  0.00  1.00  0.00
  GM-919_105              1.00   0.00  0.00  0.00  1.00  0.00  0.00  0.00  1.00  0.00
  GM-919_106              1.00   0.00  0.00  0.00  1.00  0.00  0.00  0.00  1.00  0.00
  GM-919_107              1.00   0.00  0.00  0.00  1.00  0.00  0.00  0.00  1.00  0.00
  GM-919_108              1.00   0.00  0.00  0.00  1.00  0.00  0.00  0.00  1.00  0.00
  GM-919_109              1.00   0.00  0.00  0.00  1.00  0.00  0.00  0.00  0.35  0.00
  GM-919_11               1.00   0.00  0.00  0.00  1.00  0.00  0.00  0.00  0.00  0.00
  GM-919_110              1.00   0.00  0.00  0.00  1.00  0.00  0.00  0.00  1.00  0.00
  GM-919_111              1.00   0.00  0.00  0.00  1.00  0.00  0.00  0.00  0.34  0.00
  GM-919_112              1.00   0.00  0.00  0.00  1.00  0.00  0.00  0.00  1.00  0.00
  GM-919_113              1.00   0.00  0.00  0.00  1.00  0.00  0.00  0.00  1.00  0.00
  GM-919_114              1.00   0.00  0.00  0.00  1.00  0.00  0.00  0.00  1.00  0.00
  GM-919_115              1.00   0.00  0.00  0.00  1.00  0.00  0.00  0.00  0.99  0.00
  GM-919_116              1.00   0.00  0.00  0.00  1.00  0.00  0.00  0.00  1.00  0.00
  GM-919_117              1.00   0.00  0.00  0.00  1.00  0.00  0.00  0.00  0.00  0.00
  GM-919_118              1.00   0.00  0.00  0.00  1.00  0.00  0.00  0.00  1.00  0.00
  GM-919_119              1.00   0.00  0.00  0.00  1.00  0.00  0.00  0.00  0.43  0.00
  GM-919_12               1.00   0.00  0.00  0.00  1.00  0.00  0.00  0.00  1.00  0.00
  GM-919_120              1.00   0.00  0.00  0.00  1.00  0.00  0.00  0.00  0.00  0.00
  GM-919_121              1.00   0.00  0.00  0.00  1.00  0.00  0.00  0.00  0.36  0.00
  GM-919_122              1.00   0.00  0.00  0.00  1.00  0.00  0.00  0.00  0.90  0.00
  GM-919_123              1.80   0.00  0.00  0.00  1.00  0.00  0.00  0.00  1.00  0.00
  GM-919_124              1.00   0.00  0.00  0.00  1.00  0.00  0.00  0.00  1.00  0.00
  GM-919_125              1.00   0.00  0.00  0.00  1.00  0.00  0.00  0.00  0.99  0.00
  GM-919_126              1.00   0.00  0.00  0.00  1.00  0.00  0.00  0.00  0.00  0.00
  GM-919_127              1.00   0.00  0.00  0.00  1.00  0.00  0.00  0.00  0.57  0.00
  GM-919_128              1.00   0.00  0.00  0.00  1.00  0.00  0.00  0.00  1.00  0.00
  GM-919_129              1.00   0.00  0.00  0.00  1.00  0.00  0.00  0.00  0.00  0.00
  GM-919_13               1.00   0.00  0.00  0.00  1.00  0.00  0.00  0.00  1.00  0.00
  GM-919_130              1.00   0.00  0.00  0.00  1.00  0.00  0.00  0.00  1.00  0.00
  GM-919_131              1.54   0.00  0.00  0.00  1.00  0.00  0.00  0.00  1.00  0.00
  GM-919_132              1.00   0.00  0.00  0.00  1.00  0.00  0.00  0.00  1.00  0.00
  GM-919_133              1.00   0.00  0.00  0.00  1.00  0.00  0.00  0.00  1.00  0.00
  GM-919_134              1.00   0.00  0.00  0.00  1.00  0.00  0.00  0.00  0.97  0.00
  GM-919_135              1.00   0.00  0.00  0.00  1.00  0.00  0.00  0.00  0.15  0.00
  GM-919_136              1.00   0.00  0.00  0.00  1.00  0.00  0.00  0.00  0.48  0.00
  GM-919_137              1.00   0.00  0.00  0.00  1.00  0.00  0.00  0.00  0.49  0.00
  GM-919_138              1.00   0.00  0.00  0.00  1.00  0.00  0.00  0.00  0.73  0.00
  GM-919_139              1.00   0.00  0.00  0.00  1.00  0.00  0.00  0.00  1.00  0.00
  GM-919_14               1.00   0.00  0.00  0.00  1.00  0.00  0.00  0.00  1.00  0.00
  GM-919_140              1.00   0.00  0.00  0.00  1.00  0.00  0.00  0.00  1.00  0.00
  GM-919_141              1.00   0.00  0.00  0.00  1.00  0.00  0.00  0.00  0.62  0.00
  GM-919_142              1.00   0.00  0.00  0.00  1.00  0.00  0.00  0.00  1.00  0.00
  GM-919_143              1.00   0.00  0.00  0.00  1.00  0.00  0.00  0.00  0.00  0.00
  GM-919_144              1.00   0.00  0.00  0.00  1.00  0.00  0.00  0.00  1.00  0.00
  GM-919_145              1.00   0.00  0.00  0.00  1.00  0.00  0.00  0.00  1.00  0.00
  GM-919_146              1.00   0.00  0.00  0.00  1.00  0.00  0.00  0.00  1.00  0.00
  GM-919_147              1.00   0.00  0.00  0.00  1.00  0.00  0.00  0.00  1.00  0.00
  GM-919_148              1.00   0.00  0.00  0.00  1.00  0.00  0.00  0.00  0.61  0.00
  GM-919_149              1.00   0.00  0.00  0.00  1.00  0.00  0.00  0.00  0.70  0.00
  GM-919_15               1.00   0.00  0.00  0.00  1.00  0.00  0.00  0.00  1.00  0.00
  GM-919_150              1.00   0.00  0.00  0.00  1.00  0.00  0.00  0.00  1.00  0.00
  GM-919_151              1.00   0.00  0.00  0.00  1.00  0.00  0.00  0.00  1.00  0.00
  GM-919_152              3.00   0.00  0.00  0.00  1.00  0.00  0.00  0.00  1.00  0.00
  GM-919_153              1.00   0.00  0.00  0.00  1.00  0.00  0.00  0.00  0.99  0.00
  GM-919_154              1.00   0.00  0.00  0.00  1.00  0.00  0.00  0.00  1.00  0.00
  GM-919_155              1.00   0.00  0.00  0.00  1.00  0.00  0.00  0.00  1.00  0.00
  GM-919_156              1.00   0.00  0.00  0.00  1.00  0.00  0.00  0.00  0.74  0.00
  GM-919_157              1.00   0.00  0.00  0.00  1.00  0.00  0.00  0.00  1.00  0.00
  GM-919_158              1.00   0.00  0.00  0.00  1.00  0.00  0.00  0.00  0.67  0.00
  GM-919_159              1.00   0.00  0.00  0.00  1.00  0.00  0.00  0.00  1.00  0.00
  GM-919_16               1.00   0.00  0.00  0.00  1.00  0.00  0.00  0.00  0.99  0.00
  GM-919_160              1.00   0.00  0.00  0.00  1.00  0.00  0.00  0.00  1.00  0.00
  GM-919_161              1.00   0.00  0.00  0.00  1.00  0.00  0.00  0.00  0.73  0.00
  GM-919_162              1.00   0.00  0.00  0.00  1.00  0.00  0.00  0.00  1.00  0.00
  GM-919_163              1.00   0.00  0.00  0.00  1.00  0.00  0.00  0.00  1.00  0.00
  GM-919_164              1.00   0.00  0.00  0.00  1.00  0.00  0.00  0.00  1.00  0.00
  GM-919_165              1.00   0.00  0.00  0.00  1.00  0.00  0.00  0.00  0.00  0.00
  GM-919_166              1.00   0.00  0.00  0.00  1.00  0.00  0.00  0.00  1.00  0.00
  GM-919_167              1.00   0.00  0.00  0.00  1.00  0.00  0.00  0.00  1.00  0.00
  GM-919_168              1.00   0.00  0.00  0.00  1.00  0.00  0.00  0.00  1.00  0.00
  GM-919_169              1.00   0.00  0.00  0.00  0.00  1.00  0.00  0.00  0.00  0.00
  GM-919_17               1.52   0.00  0.00  0.00  0.99  0.01  0.00  0.00  1.00  0.00
  GM-919_170              1.00   0.00  0.00  0.00  1.00  0.00  0.00  0.00  0.28  0.00
  GM-919_171              1.00   0.00  0.00  0.00  0.00  1.00  0.00  0.00  0.00  0.00
  GM-919_172              1.00   0.00  0.00  0.00  1.00  0.00  0.00  0.00  1.00  0.00
  GM-919_173              1.00   0.00  0.00  0.00  1.00  0.00  0.00  0.00  1.00  0.00
  GM-919_174              1.00   0.00  0.00  0.00  1.00  0.00  0.00  0.00  1.00  0.00
  GM-919_175              1.00   0.00  0.00  0.00  1.00  0.00  0.00  0.00  1.00  0.00
  GM-919_176              1.00   0.00  0.00  0.00  1.00  0.00  0.00  0.00  1.00  0.00
  GM-919_177              1.00   0.00  0.00  0.00  1.00  0.00  0.00  0.00  0.49  0.00
  GM-919_178              1.00   0.00  0.00  0.00  1.00  0.00  0.00  0.00  1.00  0.00
  GM-919_179              4.28   0.00  0.00  0.00  0.25  0.75  0.00  0.00  1.00  0.00
  GM-919_18               1.00   0.00  0.00  0.00  1.00  0.00  0.00  0.00  1.00  0.00
  GM-919_180              1.00   0.00  0.00  0.00  1.00  0.00  0.00  0.00  1.00  0.00
  GM-919_181              1.00   0.00  0.00  0.00  1.00  0.00  0.00  0.00  1.00  0.00
  GM-919_182              1.00   0.00  0.00  0.00  1.00  0.00  0.00  0.00  1.00  0.00
  GM-919_183              3.37   0.00  0.00  0.00  1.00  0.00  0.00  0.00  1.00  0.00
  GM-919_184              1.00   0.00  0.00  0.00  1.00  0.00  0.00  0.00  1.00  0.00
  GM-919_185              1.00   0.00  0.00  0.00  1.00  0.00  0.00  0.00  0.94  0.00
  GM-919_186              1.00   0.00  0.00  0.00  1.00  0.00  0.00  0.00  1.00  0.00
  GM-919_187              4.02   0.00  0.00  0.00  0.18  0.82  0.00  0.00  1.00  0.00
  GM-919_188             19.16   0.00  0.00  0.00  0.70  0.30  0.00  0.00  1.00  0.00
  GM-919_189              1.00   0.00  0.00  0.00  1.00  0.00  0.00  0.00  1.00  0.00
  GM-919_19               1.00   0.00  0.00  0.00  0.00  1.00  0.00  0.00  0.90  0.00
  GM-919_190              6.09   0.00  0.00  0.00  1.00  0.00  0.00  0.00  0.30  0.00
  GM-919_191              1.00   0.00  0.00  0.00  1.00  0.00  0.00  0.00  0.06  0.00
  GM-919_192              1.00   0.00  0.00  0.00  1.00  0.00  0.00  0.00  0.97  0.00
  GM-919_193              1.00   0.00  0.00  0.00  1.00  0.00  0.00  0.00  1.00  0.00
  GM-919_194              1.00   0.00  0.00  0.00  1.00  0.00  0.00  0.00  1.00  0.00
  GM-919_195              1.00   0.00  0.00  0.00  1.00  0.00  0.00  0.00  1.00  0.00
  GM-919_196              1.00   0.00  0.00  0.00  1.00  0.00  0.00  0.00  1.00  0.00
  GM-919_197              1.00   0.00  0.00  0.00  1.00  0.00  0.00  0.00  0.98  0.00
  GM-919_198              1.00   0.00  0.00  0.00  1.00  0.00  0.00  0.00  1.00  0.00
  GM-919_199              1.00   0.00  0.00  0.00  1.00  0.00  0.00  0.00  1.00  0.00
  GM-919_2                1.00   0.00  0.00  0.00  1.00  0.00  0.00  0.00  0.03  0.00
  GM-919_20               1.00   0.00  0.00  0.00  1.00  0.00  0.00  0.00  1.00  0.00
  GM-919_200              1.00   0.00  0.00  0.00  1.00  0.00  0.00  0.00  0.06  0.00
  GM-919_201              1.00   0.00  0.00  0.00  1.00  0.00  0.00  0.00  0.44  0.00
  GM-919_202              1.00   0.00  0.00  0.00  1.00  0.00  0.00  0.00  0.57  0.00
  GM-919_203              1.00   0.00  0.00  0.00  1.00  0.00  0.00  0.00  0.18  0.00
  GM-919_204              1.00   0.00  0.00  0.00  1.00  0.00  0.00  0.00  0.81  0.00
  GM-919_205              1.00   0.00  0.00  0.00  1.00  0.00  0.00  0.00  0.00  0.00
  GM-919_206              1.00   0.00  0.00  0.00  1.00  0.00  0.00  0.00  1.00  0.00
  GM-919_207              1.00   0.00  0.00  0.00  1.00  0.00  0.00  0.00  1.00  0.00
  GM-919_208              1.00   0.00  0.00  0.00  1.00  0.00  0.00  0.00  1.00  0.00
  GM-919_209              1.00   0.00  0.00  0.00  1.00  0.00  0.00  0.00  0.12  0.00
  GM-919_21               1.00   0.00  0.00  0.00  1.00  0.00  0.00  0.00  1.00  0.00
  GM-919_210              1.25   0.00  0.00  0.00  1.00  0.00  0.00  0.00  1.00  0.00
  GM-919_211              1.00   0.00  0.00  0.00  1.00  0.00  0.00  0.00  1.00  0.00
  GM-919_212              1.00   0.00  0.00  0.00  1.00  0.00  0.00  0.00  1.00  0.00
  GM-919_213              1.00   0.00  0.00  0.00  1.00  0.00  0.00  0.00  0.00  0.00
  GM-919_214              1.00   0.00  0.00  0.00  1.00  0.00  0.00  0.00  1.00  0.00
  GM-919_215              1.00   0.00  0.00  0.00  1.00  0.00  0.00  0.00  0.90  0.00
  GM-919_216              1.00   0.00  0.00  0.00  1.00  0.00  0.00  0.00  0.00  0.00
  GM-919_217              1.00   0.00  0.00  0.00  1.00  0.00  0.00  0.00  1.00  0.00
  GM-919_218              1.00   0.00  0.00  0.00  1.00  0.00  0.00  0.00  1.00  0.00
  GM-919_219              1.00   0.00  0.00  0.00  1.00  0.00  0.00  0.00  1.00  0.00
  GM-919_22               1.00   0.00  0.00  0.00  1.00  0.00  0.00  0.00  0.00  0.00
  GM-919_220              1.00   0.00  0.00  0.00  1.00  0.00  0.00  0.00  1.00  0.00
  GM-919_221              1.00   0.00  0.00  0.00  1.00  0.00  0.00  0.00  0.02  0.00
  GM-919_222              1.00   0.00  0.00  0.00  1.00  0.00  0.00  0.00  0.00  0.00
  GM-919_223              1.00   0.00  0.00  0.00  1.00  0.00  0.00  0.00  0.59  0.00
  GM-919_224              1.00   0.00  0.00  0.00  0.99  0.01  0.00  0.00  0.43  0.00
  GM-919_225              1.00   0.00  0.00  0.00  1.00  0.00  0.00  0.00  1.00  0.00
  GM-919_226              1.00   0.00  1.00  0.00  0.00  0.00  0.00  0.00  0.00  0.00
  GM-919_227              1.00   0.00  0.00  0.00  1.00  0.00  0.00  0.00  1.00  0.00
  GM-919_228              1.00   0.00  0.00  0.00  1.00  0.00  0.00  0.00  0.04  0.00
  GM-919_229              5.86   0.00  0.00  0.00  0.98  0.02  0.00  0.00  0.49  0.00
  GM-919_23               1.00   0.00  0.00  0.00  1.00  0.00  0.00  0.00  1.00  0.00
  GM-919_230              1.44   0.00  0.00  0.00  0.51  0.49  0.00  0.00  0.03  0.00
  GM-919_231              1.00   0.00  0.00  0.00  1.00  0.00  0.00  0.00  0.03  0.00
  GM-919_232              1.00   0.00  0.00  0.00  1.00  0.00  0.00  0.00  1.00  0.00
  GM-919_233              1.00   0.00  0.00  0.00  1.00  0.00  0.00  0.00  0.71  0.00
  GM-919_234              1.00   0.00  0.00  0.00  1.00  0.00  0.00  0.00  0.99  0.00
  GM-919_24               1.00   0.00  0.00  0.00  1.00  0.00  0.00  0.00  1.00  0.00
  GM-919_25               1.00   0.00  0.00  0.00  1.00  0.00  0.00  0.00  1.00  0.00
  GM-919_26               1.00   0.00  0.00  0.00  1.00  0.00  0.00  0.00  1.00  0.00
  GM-919_27               1.00   0.00  0.00  0.00  0.99  0.01  0.00  0.00  1.00  0.00
  GM-919_28               1.00   0.00  0.00  0.00  1.00  0.00  0.00  0.00  0.97  0.00
  GM-919_29               1.00   0.00  0.00  0.00  0.99  0.01  0.00  0.00  0.13  0.00
  GM-919_3                1.00   0.00  0.00  0.00  0.99  0.01  0.00  0.00  1.00  0.00
  GM-919_30               1.00   0.00  0.00  0.00  1.00  0.00  0.00  0.00  1.00  0.00
  GM-919_31               1.00   0.00  0.00  0.00  1.00  0.00  0.00  0.00  1.00  0.00
  GM-919_32               1.00   0.00  0.00  0.00  1.00  0.00  0.00  0.00  1.00  0.00
  GM-919_33               1.00   0.00  0.00  0.00  1.00  0.00  0.00  0.00  1.00  0.00
  GM-919_34               1.00   0.00  0.00  0.00  1.00  0.00  0.00  0.00  1.00  0.00
  GM-919_35               1.00   0.00  0.00  0.00  1.00  0.00  0.00  0.00  1.00  0.00
  GM-919_36               1.00   0.00  0.00  0.00  1.00  0.00  0.00  0.00  1.00  0.00
  GM-919_37               1.00   0.00  0.00  0.00  1.00  0.00  0.00  0.00  1.00  0.00
  GM-919_38               1.00   0.00  0.00  0.00  1.00  0.00  0.00  0.00  1.00  0.00
  GM-919_39               1.00   0.00  0.00  0.00  1.00  0.00  0.00  0.00  0.99  0.00
  GM-919_4                1.00   0.00  0.00  0.00  0.99  0.01  0.00  0.00  0.99  0.00
  GM-919_40               1.00   0.00  0.00  0.00  1.00  0.00  0.00  0.00  1.00  0.00
  GM-919_41               1.00   0.00  0.00  0.00  1.00  0.00  0.00  0.00  0.56  0.00
  GM-919_42               1.00   0.00  0.00  0.00  1.00  0.00  0.00  0.00  1.00  0.00
  GM-919_43               2.57   0.00  0.00  0.00  0.51  0.49  0.00  0.00  0.75  0.00
  GM-919_44               1.00   0.00  0.00  0.00  1.00  0.00  0.00  0.00  0.73  0.00
  GM-919_45               1.00   0.00  0.00  0.00  1.00  0.00  0.00  0.00  1.00  0.00
  GM-919_46               1.00   0.00  0.00  0.00  1.00  0.00  0.00  0.00  0.02  0.00
  GM-919_47               1.00   0.00  0.00  0.00  1.00  0.00  0.00  0.00  1.00  0.00
  GM-919_48               1.00   0.00  0.00  0.00  0.97  0.03  0.00  0.00  0.19  0.00
  GM-919_49               1.00   0.00  0.00  0.00  1.00  0.00  0.00  0.00  0.00  0.00
  GM-919_5                1.00   0.00  0.00  0.00  0.09  0.91  0.00  0.00  0.00  0.00
  GM-919_50               1.00   0.00  0.00  0.00  1.00  0.00  0.00  0.00  1.00  0.00
  GM-919_51               1.00   0.00  0.00  0.00  1.00  0.00  0.00  0.00  1.00  0.00
  GM-919_52               1.00   0.00  0.00  0.00  1.00  0.00  0.00  0.00  1.00  0.00
  GM-919_53               1.00   0.00  0.00  0.00  1.00  0.00  0.00  0.00  1.00  0.00
  GM-919_54               1.00   0.00  0.00  0.00  1.00  0.00  0.00  0.00  1.00  0.00
  GM-919_55               1.00   0.00  0.00  0.00  0.56  0.44  0.00  0.00  0.19  0.00
  GM-919_56               1.00   0.00  0.00  0.00  1.00  0.00  0.00  0.00  0.00  0.00
  GM-919_57               1.00   0.00  0.00  0.00  1.00  0.00  0.00  0.00  0.44  0.00
  GM-919_58               1.00   0.00  0.00  0.00  1.00  0.00  0.00  0.00  1.00  0.00
  GM-919_59               1.00   0.00  0.00  0.00  1.00  0.00  0.00  0.00  0.42  0.00
  GM-919_6                1.00   0.00  0.00  0.00  1.00  0.00  0.00  0.00  1.00  0.00
  GM-919_60               5.38   0.00  0.00  0.00  1.00  0.00  0.00  0.00  0.28  0.00
  GM-919_61               1.00   0.00  0.00  0.00  0.80  0.20  0.00  0.00  0.03  0.00
  GM-919_63               1.00   0.00  0.00  0.00  0.99  0.01  0.00  0.00  1.00  0.00
  GM-919_64               3.98   0.00  0.00  0.00  0.50  0.50  0.00  0.00  0.78  0.00
  GM-919_65               1.00   0.00  0.00  0.00  0.23  0.77  0.00  0.00  0.98  0.00
  GM-919_66               1.00   0.00  0.00  0.00  1.00  0.00  0.00  0.00  1.00  0.00
  GM-919_67               1.00   0.00  0.00  0.00  0.98  0.02  0.00  0.00  0.00  0.00
  GM-919_68               1.00   0.00  0.00  0.00  1.00  0.00  0.00  0.00  1.00  0.00
  GM-919_69               1.00   0.00  0.00  0.00  1.00  0.00  0.00  0.00  0.98  0.00
  GM-919_7                1.00   0.00  0.00  0.00  1.00  0.00  0.00  0.00  1.00  0.00
  GM-919_70               1.00   0.00  0.00  0.00  1.00  0.00  0.00  0.00  1.00  0.00
  GM-919_71               1.00   0.00  0.00  0.00  1.00  0.00  0.00  0.00  0.06  0.00
  GM-919_72               1.00   0.00  0.00  0.00  1.00  0.00  0.00  0.00  1.00  0.00
  GM-919_73               1.00   0.00  0.00  0.00  1.00  0.00  0.00  0.00  0.99  0.00
  GM-919_74               1.00   0.00  0.00  0.00  1.00  0.00  0.00  0.00  1.00  0.00
  GM-919_75               1.00   0.00  0.00  0.00  0.55  0.45  0.00  0.00  1.00  0.00
  GM-919_76               2.14   0.00  0.00  0.00  1.00  0.00  0.00  0.00  1.00  0.00
  GM-919_77               1.00   0.00  0.00  0.00  1.00  0.00  0.00  0.00  1.00  0.00
  GM-919_78               1.00   0.00  0.00  0.00  1.00  0.00  0.00  0.00  0.15  0.00
  GM-919_79               1.00   0.00  0.00  0.00  1.00  0.00  0.00  0.00  0.81  0.00
  GM-919_8                1.00   0.00  0.00  0.00  1.00  0.00  0.00  0.00  1.00  0.00
  GM-919_80               1.00   0.00  0.00  0.00  1.00  0.00  0.00  0.00  1.00  0.00
  GM-919_81               1.00   0.00  0.00  0.00  0.95  0.05  0.00  0.00  0.06  0.00
  GM-919_82               1.00   0.00  0.00  0.00  1.00  0.00  0.00  0.00  1.00  0.00
  GM-919_83               1.00   0.00  0.00  0.00  1.00  0.00  0.00  0.00  0.99  0.00
  GM-919_84               1.00   0.00  0.00  0.00  1.00  0.00  0.00  0.00  0.75  0.00
  GM-919_85               1.00   0.00  0.00  0.00  1.00  0.00  0.00  0.00  1.00  0.00
  GM-919_86               1.00   0.00  0.00  0.00  1.00  0.00  0.00  0.00  1.00  0.00
  GM-919_87               1.00   0.00  0.00  0.00  1.00  0.00  0.00  0.00  1.00  0.00
  GM-919_88               1.00   0.00  0.00  0.00  0.01  0.99  0.00  0.00  0.00  0.00
  GM-919_89               1.00   0.00  0.00  0.00  1.00  0.00  0.00  0.00  1.00  0.00
  GM-919_9                1.00   0.00  0.00  0.00  0.99  0.01  0.00  0.00  0.00  0.00
  GM-919_90               1.00   0.00  0.00  0.00  1.00  0.00  0.00  0.00  1.00  0.00
  GM-919_91               1.00   0.00  0.00  0.00  1.00  0.00  0.00  0.00  1.00  0.00
  GM-919_92               1.00   0.00  0.00  0.00  1.00  0.00  0.00  0.00  0.00  0.00
  GM-919_93               1.00   0.00  0.00  0.00  1.00  0.00  0.00  0.00  1.00  0.00
  GM-919_94               1.00   0.00  0.00  0.00  1.00  0.00  0.00  0.00  1.00  0.00
  GM-919_95               1.00   0.00  0.00  0.00  1.00  0.00  0.00  0.00  1.00  0.00
  GM-919_96               1.00   0.00  0.00  0.00  1.00  0.00  0.00  0.00  0.23  0.00
  GM-919_97               1.00   0.00  0.00  0.00  1.00  0.00  0.00  0.00  1.00  0.00
  GM-919_98               1.00   0.00  0.00  0.00  1.00  0.00  0.00  0.00  1.00  0.00
  GM-919_99               1.00   0.00  0.00  0.00  1.00  0.00  0.00  0.00  1.00  0.00
  GM-920_1               27.03   0.00  0.00  0.00  1.00  0.00  0.00  0.00  0.10  0.00
  GM-920_10               1.00   0.00  0.00  0.00  1.00  0.00  0.00  0.00  0.02  0.00
  GM-920_11               1.00   0.00  0.00  0.00  1.00  0.00  0.00  0.00  0.78  0.00
  GM-920_12               1.00   0.00  0.00  0.00  1.00  0.00  0.00  0.00  0.23  0.00
  GM-920_13               1.00   0.00  0.00  0.00  1.00  0.00  0.00  0.00  1.00  0.00
  GM-920_14               1.00   0.00  0.00  0.00  1.00  0.00  0.00  0.00  1.00  0.00
  GM-920_15               1.00   0.00  0.00  0.00  1.00  0.00  0.00  0.00  0.01  0.00
  GM-920_16               1.00   0.00  0.00  0.00  1.00  0.00  0.00  0.00  0.52  0.00
  GM-920_17               1.00   0.00  0.00  0.00  1.00  0.00  0.00  0.00  0.57  0.00
  GM-920_18               1.00   0.00  0.00  0.00  1.00  0.00  0.00  0.00  0.85  0.00
  GM-920_19               1.00   0.00  0.00  0.00  1.00  0.00  0.00  0.00  1.00  0.00
  GM-920_2                1.00   0.00  0.00  0.00  0.90  0.10  0.00  0.00  0.22  0.00
  GM-920_20               1.00   0.00  0.00  0.00  1.00  0.00  0.00  0.00  0.99  0.00
  GM-920_21               1.11   0.00  0.00  0.00  1.00  0.00  0.00  0.00  1.00  0.00
  GM-920_22               1.00   0.00  0.00  0.00  1.00  0.00  0.00  0.00  0.99  0.00
  GM-920_23               1.00   0.00  0.00  0.00  1.00  0.00  0.00  0.00  1.00  0.00
  GM-920_24               1.00   0.00  0.00  0.00  1.00  0.00  0.00  0.00  1.00  0.00
  GM-920_25               1.00   0.00  0.00  0.00  1.00  0.00  0.00  0.00  1.00  0.00
  GM-920_26               1.00   0.00  0.00  0.00  1.00  0.00  0.00  0.00  1.00  0.00
  GM-920_27               1.00   0.00  0.00  0.00  1.00  0.00  0.00  0.00  1.00  0.00
  GM-920_28               1.00   0.00  0.00  0.00  1.00  0.00  0.00  0.00  1.00  0.00
  GM-920_29               1.00   0.00  0.00  0.00  1.00  0.00  0.00  0.00  1.00  0.00
  GM-920_3                1.00   0.00  0.00  0.00  1.00  0.00  0.00  0.00  1.00  0.00
  GM-920_30               1.00   0.00  0.00  0.00  1.00  0.00  0.00  0.00  1.00  0.00
  GM-920_31               1.00   0.00  0.00  0.00  0.08  0.92  0.00  0.00  0.00  0.00
  GM-920_32               1.00   0.00  0.00  0.00  1.00  0.00  0.00  0.00  1.00  0.00
  GM-920_33               1.00   0.00  0.00  0.00  1.00  0.00  0.00  0.00  1.00  0.00
  GM-920_34               1.00   0.00  0.00  0.00  1.00  0.00  0.00  0.00  1.00  0.00
  GM-920_35               1.00   0.00  1.00  0.00  0.00  0.00  0.00  0.00  0.00  0.00
  GM-920_36               1.00   0.00  0.00  0.00  1.00  0.00  0.00  0.00  0.00  0.00
  GM-920_37               1.00   0.00  0.00  0.00  1.00  0.00  0.00  0.00  1.00  0.00
  GM-920_38               1.00   0.00  0.00  0.00  1.00  0.00  0.00  0.00  1.00  0.00
  GM-920_39               1.00   0.00  0.00  0.00  1.00  0.00  0.00  0.00  0.69  0.00
  GM-920_4                1.00   0.00  0.00  0.00  0.61  0.39  0.00  0.00  0.00  0.00
  GM-920_40               1.00   0.00  0.00  0.00  1.00  0.00  0.00  0.00  0.53  0.00
  GM-920_41               1.00   0.00  0.00  0.00  1.00  0.00  0.00  0.00  1.00  0.00
  GM-920_42               1.00   0.00  0.00  0.00  1.00  0.00  0.00  0.00  1.00  0.00
  GM-920_43               1.00   0.00  0.00  0.00  1.00  0.00  0.00  0.00  1.00  0.00
  GM-920_44               1.00   0.00  0.00  0.00  0.80  0.20  0.00  0.00  0.00  0.00
  GM-920_45               1.00   0.00  0.00  0.00  1.00  0.00  0.00  0.00  1.00  0.00
  GM-920_46               1.00   0.00  0.00  0.00  0.88  0.12  0.00  0.00  0.12  0.00
  GM-920_47               1.00   0.00  0.00  0.00  1.00  0.00  0.00  0.00  0.63  0.00
  GM-920_48               1.00   0.00  0.00  0.00  1.00  0.00  0.00  0.00  0.79  0.00
  GM-920_49               1.00   0.00  0.00  0.00  1.00  0.00  0.00  0.00  0.30  0.00
  GM-920_5                1.00   0.00  0.00  0.00  1.00  0.00  0.00  0.00  1.00  0.00
  GM-920_50               2.08   0.00  0.00  0.00  1.00  0.00  0.00  0.00  0.12  0.00
  GM-920_51               1.00   0.00  0.89  0.00  0.11  0.00  0.00  0.00  0.97  0.00
  GM-920_52               1.00   0.00  0.00  0.00  1.00  0.00  0.00  0.00  0.99  0.00
  GM-920_53               1.00   0.00  0.00  0.00  1.00  0.00  0.00  0.00  0.26  0.00
  GM-920_54               1.00   0.00  0.00  0.00  1.00  0.00  0.00  0.00  0.82  0.00
  GM-920_55               1.64   0.00  0.00  0.00  1.00  0.00  0.00  0.00  0.00  0.00
  GM-920_57               1.00   0.00  0.00  0.00  1.00  0.00  0.00  0.00  1.00  0.00
  GM-920_58               1.00   0.00  0.00  0.00  1.00  0.00  0.00  0.00  1.00  0.00
  GM-920_59               1.00   0.00  0.00  0.00  1.00  0.00  0.00  0.00  0.04  0.00
  GM-920_6                1.00   0.00  0.00  0.00  1.00  0.00  0.00  0.00  1.00  0.00
  GM-920_60               1.00   0.00  0.00  0.00  1.00  0.00  0.00  0.00  0.99  0.00
  GM-920_61               1.00   0.00  0.00  0.00  1.00  0.00  0.00  0.00  0.71  0.00
  GM-920_62              11.97   0.00  0.00  0.00  1.00  0.00  0.00  0.00  0.00  0.00
  GM-920_63               1.00   0.00  0.00  0.00  1.00  0.00  0.00  0.00  0.00  0.00
  GM-920_64               1.00   0.00  0.00  0.00  1.00  0.00  0.00  0.00  0.06  0.00
  GM-920_65               1.00   0.00  0.00  0.00  1.00  0.00  0.00  0.00  0.19  0.00
  GM-920_66               1.00   0.00  0.00  0.00  1.00  0.00  0.00  0.00  0.08  0.00
  GM-920_7                1.00   0.00  0.00  0.00  1.00  0.00  0.00  0.00  1.00  0.00
  GM-920_8                1.00   0.00  0.00  0.00  1.00  0.00  0.00  0.00  1.00  0.00
  GM-920_9                1.00   0.00  0.00  0.00  1.00  0.00  0.00  0.00  0.43  0.00
  GM-928_105              1.00   0.00  0.00  0.00  1.00  0.00  0.00  0.00  1.00  0.00
  GM-928_107              1.00   0.00  0.00  0.00  0.98  0.02  0.00  0.00  1.00  0.00
  GM-928_118              1.00   0.00  0.00  0.00  1.00  0.00  0.00  0.00  1.00  0.00
  GM-928_13               1.00   0.00  0.00  0.00  1.00  0.00  0.00  0.00  1.00  0.00
  GM-928_18               1.00   0.00  0.00  0.00  1.00  0.00  0.00  0.00  0.80  0.00
  GM-928_27               1.00   0.00  0.00  0.00  0.99  0.01  0.00  0.00  1.00  0.00
  GM-928_28               1.00   0.00  1.00  0.00  0.00  0.00  0.00  0.00  0.00  0.00
  GM-928_36               1.00   0.00  0.00  0.00  1.00  0.00  0.00  0.00  1.00  0.00
  GM-928_43               1.00   0.00  0.00  0.00  1.00  0.00  0.00  0.00  1.00  0.00
  GM-928_47               1.00   0.00  0.00  0.00  1.00  0.00  0.00  0.00  1.00  0.00
  GM-928_49               1.00   0.00  0.00  0.00  1.00  0.00  0.00  0.00  0.77  0.00
  GM-928_50               1.00   0.00  0.00  0.00  1.00  0.00  0.00  0.00  0.14  0.00
  GM-928_53               1.00   0.00  0.00  0.00  1.00  0.00  0.00  0.00  1.00  0.00
  GM-928_58               1.00   0.00  0.00  0.00  1.00  0.00  0.00  0.00  1.00  0.00
  GM-928_6                1.00   0.00  0.00  0.00  0.00  1.00  0.00  0.00  0.00  0.00
  GM-928_65               1.00   0.00  0.00  0.00  1.00  0.00  0.00  0.00  1.00  0.00
  GM-928_66               1.00   0.00  0.00  0.00  1.00  0.00  0.00  0.00  1.00  0.00
  GM-928_67               1.00   0.00  0.00  0.00  1.00  0.00  0.00  0.00  1.00  0.00
  GM-928_69               1.00   0.00  0.00  0.00  1.00  0.00  0.00  0.00  1.00  0.00
  GM-928_76               1.00   0.00  0.00  0.00  1.00  0.00  0.00  0.00  1.00  0.00
  GM-928_81               1.00   0.00  0.00  0.00  1.00  0.00  0.00  0.00  1.00  0.00
  GM-928_86               1.00   0.00  0.00  0.00  1.00  0.00  0.00  0.00  0.99  0.00
  GM-928_87               1.00   0.00  0.00  0.00  1.00  0.00  0.00  0.00  0.00  0.00
  GM-928_88               1.00   0.00  0.00  0.00  1.00  0.00  0.00  0.00  1.00  0.00
  GM-928_89               1.00   0.00  0.00  0.00  0.20  0.80  0.00  0.00  0.00  0.00
  GM-928_90               1.00   0.00  0.00  0.00  1.00  0.00  0.00  0.00  1.00  0.00
  GM-928_91               1.00   0.00  0.00  0.00  1.00  0.00  0.00  0.00  1.00  0.00
  GM-928_92               1.00   0.00  0.00  0.00  1.00  0.00  0.00  0.00  0.00  0.00
  GM-928_98               1.00   0.00  0.00  0.00  1.00  0.00  0.00  0.00  1.00  0.00
  GM-929_1                1.00   0.00  0.00  0.00  1.00  0.00  0.00  0.00  1.00  0.00
  GM-929_10               1.57   0.00  0.00  0.00  0.87  0.13  0.00  0.00  0.07  0.00
  GM-929_100              1.00   0.00  0.00  0.00  1.00  0.00  0.00  0.00  1.00  0.00
  GM-929_101              1.00   0.00  0.00  0.00  1.00  0.00  0.00  0.00  1.00  0.00
  GM-929_102              1.00   0.00  0.00  0.00  1.00  0.00  0.00  0.00  0.99  0.00
  GM-929_103              1.00   0.00  0.00  0.00  1.00  0.00  0.00  0.00  1.00  0.00
  GM-929_104              1.00   0.00  0.00  0.00  0.00  1.00  0.00  0.00  0.00  0.00
  GM-929_105              1.00   0.00  0.00  0.00  0.98  0.02  0.00  0.00  1.00  0.00
  GM-929_106              1.00   0.00  0.00  0.00  0.00  1.00  0.00  0.00  1.00  0.00
  GM-929_107              1.00   0.00  0.00  0.00  0.00  1.00  0.00  0.00  0.00  0.00
  GM-929_108              1.00   0.00  0.00  0.00  1.00  0.00  0.00  0.00  1.00  0.00
  GM-929_109              1.00   0.00  0.00  0.00  1.00  0.00  0.00  0.00  0.00  0.00
  GM-929_11               1.00   0.00  0.00  0.00  1.00  0.00  0.00  0.00  0.97  0.00
  GM-929_110              1.00   0.00  0.00  0.00  1.00  0.00  0.00  0.00  1.00  0.00
  GM-929_111              1.00   0.00  0.00  0.00  1.00  0.00  0.00  0.00  0.02  0.00
  GM-929_112              1.00   0.00  0.00  0.00  1.00  0.00  0.00  0.00  0.98  0.00
  GM-929_114              1.00   0.00  0.00  0.00  1.00  0.00  0.00  0.00  1.00  0.00
  GM-929_115              1.00   0.00  0.00  0.00  1.00  0.00  0.00  0.00  1.00  0.00
  GM-929_116              1.00   0.00  0.00  0.00  0.98  0.02  0.00  0.00  0.99  0.00
  GM-929_118              1.00   0.00  0.00  0.00  1.00  0.00  0.00  0.00  1.00  0.00
  GM-929_119              1.00   0.00  0.00  0.00  1.00  0.00  0.00  0.00  1.00  0.00
  GM-929_12               1.00   0.00  0.00  0.00  1.00  0.00  0.00  0.00  0.83  0.00
  GM-929_120              1.00   0.00  0.00  0.00  1.00  0.00  0.00  0.00  1.00  0.00
  GM-929_121              1.00   0.00  0.00  0.00  1.00  0.00  0.00  0.00  1.00  0.00
  GM-929_122              1.00   0.00  0.00  0.00  1.00  0.00  0.00  0.00  1.00  0.00
  GM-929_123              1.00   0.00  1.00  0.00  0.00  0.00  0.00  0.00  0.00  0.00
  GM-929_124              1.00   0.00  0.00  0.00  1.00  0.00  0.00  0.00  0.98  0.00
  GM-929_125              1.00   0.00  0.00  0.00  1.00  0.00  0.00  0.00  0.00  0.00
  GM-929_126              1.00   0.00  1.00  0.00  0.00  0.00  0.00  0.00  0.00  0.00
  GM-929_128              1.00   0.00  0.00  0.00  1.00  0.00  0.00  0.00  1.00  0.00
  GM-929_13               1.00   0.00  0.00  0.00  1.00  0.00  0.00  0.00  0.93  0.00
  GM-929_130              1.00   0.00  0.00  0.00  1.00  0.00  0.00  0.00  0.75  0.00
  GM-929_131              1.00   0.00  0.00  0.00  1.00  0.00  0.00  0.00  0.63  0.00
  GM-929_132              1.00   0.00  0.44  0.00  0.56  0.00  0.00  0.00  0.95  0.00
  GM-929_133              1.00   0.00  0.00  0.00  1.00  0.00  0.00  0.00  0.46  0.00
  GM-929_134              1.00   0.00  0.00  0.00  1.00  0.00  0.00  0.00  0.00  0.00
  GM-929_135              1.00   0.00  0.00  0.00  1.00  0.00  0.00  0.00  1.00  0.00
  GM-929_136              1.00   0.00  0.00  0.00  1.00  0.00  0.00  0.00  1.00  0.00
  GM-929_137              1.00   0.00  0.00  0.00  1.00  0.00  0.00  0.00  1.00  0.00
  GM-929_138              1.00   0.00  0.00  0.00  1.00  0.00  0.00  0.00  0.38  0.00
  GM-929_14               1.00   0.00  0.00  0.00  1.00  0.00  0.00  0.00  1.00  0.00
  GM-929_140              1.00   0.00  0.00  0.00  1.00  0.00  0.00  0.00  0.99  0.00
  GM-929_142              1.00   0.00  0.00  0.00  1.00  0.00  0.00  0.00  1.00  0.00
  GM-929_143              1.00   0.00  0.00  0.00  1.00  0.00  0.00  0.00  1.00  0.00
  GM-929_144              1.00   0.00  0.00  0.00  1.00  0.00  0.00  0.00  1.00  0.00
  GM-929_145              1.00   0.00  0.00  0.00  1.00  0.00  0.00  0.00  1.00  0.00
  GM-929_146              1.00   0.00  0.00  0.00  1.00  0.00  0.00  0.00  0.97  0.00
  GM-929_147              1.00   0.00  0.00  0.00  1.00  0.00  0.00  0.00  1.00  0.00
  GM-929_148              1.00   0.00  0.00  0.00  1.00  0.00  0.00  0.00  1.00  0.00
  GM-929_149              1.00   0.00  0.00  0.00  1.00  0.00  0.00  0.00  0.29  0.00
  GM-929_15               1.00   0.00  0.00  0.00  1.00  0.00  0.00  0.00  0.99  0.00
  GM-929_150              1.00   0.00  0.00  0.00  1.00  0.00  0.00  0.00  0.00  0.00
  GM-929_151              1.00   0.00  0.00  0.00  1.00  0.00  0.00  0.00  1.00  0.00
  GM-929_152              1.00   0.00  0.00  0.00  1.00  0.00  0.00  0.00  1.00  0.00
  GM-929_153              1.00   0.00  1.00  0.00  0.00  0.00  0.00  0.00  0.00  0.00
  GM-929_154              1.00   0.00  0.00  0.00  1.00  0.00  0.00  0.00  1.00  0.00
  GM-929_155              1.00   0.00  0.94  0.00  0.04  0.02  0.00  0.00  0.63  0.00
  GM-929_158              1.00   0.00  0.00  0.00  1.00  0.00  0.00  0.00  0.12  0.00
  GM-929_16               1.00   0.00  0.00  0.00  1.00  0.00  0.00  0.00  0.00  0.00
  GM-929_161              1.00   0.00  0.00  0.00  1.00  0.00  0.00  0.00  0.00  0.00
  GM-929_162              1.00   0.00  0.00  0.00  1.00  0.00  0.00  0.00  1.00  0.00
  GM-929_164              1.00   0.00  0.00  0.00  1.00  0.00  0.00  0.00  1.00  0.00
  GM-929_165              1.00   0.00  0.00  0.00  1.00  0.00  0.00  0.00  1.00  0.00
  GM-929_166              1.00   0.00  0.00  0.00  1.00  0.00  0.00  0.00  0.91  0.00
  GM-929_167              1.00   0.00  0.00  0.00  1.00  0.00  0.00  0.00  0.16  0.00
  GM-929_168              1.00   0.00  0.00  0.00  1.00  0.00  0.00  0.00  0.43  0.00
  GM-929_169              4.08   0.00  0.00  0.00  0.00  1.00  0.00  0.00  1.00  0.00
  GM-929_17               1.00   0.00  0.00  0.00  1.00  0.00  0.00  0.00  0.89  0.00
  GM-929_171              1.00   0.00  0.00  0.00  1.00  0.00  0.00  0.00  0.21  0.00
  GM-929_174              1.00   0.00  0.00  0.00  1.00  0.00  0.00  0.00  1.00  0.00
  GM-929_175              1.00   0.00  0.00  0.00  1.00  0.00  0.00  0.00  0.47  0.00
  GM-929_176              1.00   0.00  0.00  0.00  1.00  0.00  0.00  0.00  1.00  0.00
  GM-929_177              1.00   0.00  0.00  0.00  1.00  0.00  0.00  0.00  0.00  0.00
  GM-929_18               1.00   0.05  0.00  0.00  0.95  0.00  0.00  0.00  0.04  0.00
  GM-929_180              1.00   0.00  0.00  0.00  1.00  0.00  0.00  0.00  0.29  0.00
  GM-929_181              1.00   0.00  0.00  0.00  1.00  0.00  0.00  0.00  1.00  0.00
  GM-929_182              1.00   0.00  0.00  0.00  1.00  0.00  0.00  0.00  1.00  0.00
  GM-929_184              1.00   0.00  0.00  0.00  1.00  0.00  0.00  0.00  0.11  0.00
  GM-929_188              1.04   0.00  0.00  0.00  1.00  0.00  0.00  0.00  1.00  0.00
  GM-929_19               1.00   0.00  0.00  0.00  1.00  0.00  0.00  0.00  1.00  0.00
  GM-929_190              1.00   0.00  0.00  0.00  1.00  0.00  0.00  0.00  0.00  0.00
  GM-929_196              1.00   0.00  0.00  0.00  1.00  0.00  0.00  0.00  0.08  0.00
  GM-929_198              3.30   0.00  0.00  0.00  1.00  0.00  0.00  0.00  0.00  0.00
  GM-929_199              5.49   0.00  0.00  0.00  1.00  0.00  0.00  0.00  0.00  0.00
  GM-929_2                1.00   0.00  0.46  0.00  0.54  0.00  0.00  0.00  0.96  0.00
  GM-929_20               1.00   0.00  0.08  0.00  0.92  0.00  0.00  0.00  0.51  0.00
  GM-929_201              1.00   0.00  0.00  0.00  1.00  0.00  0.00  0.00  1.00  0.00
  GM-929_204              1.00   0.00  0.00  0.00  1.00  0.00  0.00  0.00  1.00  0.00
  GM-929_205              1.00   0.00  0.00  0.00  1.00  0.00  0.00  0.00  1.00  0.00
  GM-929_206              1.00   0.00  0.00  0.00  1.00  0.00  0.00  0.00  1.00  0.00
  GM-929_207              1.00   0.00  0.00  0.00  1.00  0.00  0.00  0.00  1.00  0.00
  GM-929_209              1.00   0.00  0.00  0.00  1.00  0.00  0.00  0.00  0.00  0.00
  GM-929_21               1.00   0.00  0.00  0.00  0.69  0.31  0.00  0.00  0.22  0.00
  GM-929_211              1.00   0.00  0.00  0.00  1.00  0.00  0.00  0.00  0.00  0.00
  GM-929_212              1.00   0.00  0.00  0.00  1.00  0.00  0.00  0.00  0.00  0.00
  GM-929_213              1.00   0.00  0.00  0.00  1.00  0.00  0.00  0.00  1.00  0.00
  GM-929_214              1.00   0.00  0.00  0.00  1.00  0.00  0.00  0.00  0.44  0.00
  GM-929_217              1.00   0.00  0.00  0.00  0.92  0.08  0.00  0.00  0.54  0.00
  GM-929_218              1.00   0.00  0.00  0.00  1.00  0.00  0.00  0.00  0.00  0.00
  GM-929_22               3.01   0.00  0.00  0.00  1.00  0.00  0.00  0.00  0.31  0.00
  GM-929_221              1.00   0.00  0.00  0.00  1.00  0.00  0.00  0.00  0.00  0.00
  GM-929_223              1.00   0.00  0.00  0.00  1.00  0.00  0.00  0.00  0.00  0.00
  GM-929_224              1.00   0.00  0.00  0.00  0.00  1.00  0.00  0.00  1.00  0.00
  GM-929_226              1.00   0.00  0.00  0.00  0.11  0.89  0.00  0.00  0.90  0.00
  GM-929_227              1.00   0.00  0.00  0.00  1.00  0.00  0.00  0.00  1.00  0.00
  GM-929_23               1.00   0.00  0.00  0.00  1.00  0.00  0.00  0.00  0.06  0.00
  GM-929_230              1.00   0.00  0.00  0.00  1.00  0.00  0.00  0.00  0.71  0.00
  GM-929_239              1.00   0.00  0.00  0.00  1.00  0.00  0.00  0.00  0.58  0.00
  GM-929_24               1.21   0.00  0.00  0.00  0.69  0.31  0.00  0.00  0.93  0.00
  GM-929_240              1.00   0.00  0.00  0.00  0.29  0.71  0.00  0.00  1.00  0.00
  GM-929_25               1.00   0.00  0.00  0.00  0.49  0.51  0.00  0.00  0.00  0.00
  GM-929_26               1.00   0.00  0.00  0.00  1.00  0.00  0.00  0.00  0.00  0.00
  GM-929_27               1.00   1.00  0.00  0.00  0.00  0.00  0.00  0.00  0.00  0.00
  GM-929_28               1.00   0.00  0.00  0.00  1.00  0.00  0.00  0.00  1.00  0.00
  GM-929_29               1.00   0.00  0.00  0.00  1.00  0.00  0.00  0.00  1.00  0.00
  GM-929_3                1.00   0.00  0.00  0.00  1.00  0.00  0.00  0.00  0.00  0.00
  GM-929_30               1.00   0.00  0.00  0.00  1.00  0.00  0.00  0.00  1.00  0.00
  GM-929_32               1.00   1.00  0.00  0.00  0.00  0.00  0.00  0.00  0.00  0.00
  GM-929_33               1.00   0.00  1.00  0.00  0.00  0.00  0.00  0.00  0.00  0.00
  GM-929_34               1.00   0.00  0.00  0.00  1.00  0.00  0.00  0.00  1.00  0.00
  GM-929_35               1.00   0.00  0.00  0.00  1.00  0.00  0.00  0.00  1.00  0.00
  GM-929_36               1.00   0.00  0.00  0.00  0.99  0.01  0.00  0.00  0.99  0.00
  GM-929_37               1.00   0.00  0.00  0.00  1.00  0.00  0.00  0.00  1.00  0.00
  GM-929_38               1.00   0.00  0.00  0.00  1.00  0.00  0.00  0.00  0.94  0.00
  GM-929_39               1.00   0.00  0.00  0.00  0.15  0.85  0.00  0.00  0.07  0.00
  GM-929_4                1.00   0.00  0.06  0.00  0.91  0.03  0.00  0.00  0.91  0.00
  GM-929_40               1.00   0.00  0.00  0.00  1.00  0.00  0.00  0.00  1.00  0.00
  GM-929_44               1.00   0.00  0.00  0.00  1.00  0.00  0.00  0.00  0.00  0.00
  GM-929_46               1.00   0.00  0.00  0.00  1.00  0.00  0.00  0.00  1.00  0.00
  GM-929_47               1.00   0.00  0.00  0.00  1.00  0.00  0.00  0.00  0.28  0.00
  GM-929_48               1.19   0.00  0.00  0.00  1.00  0.00  0.00  0.00  0.92  0.00
  GM-929_49               1.00   0.00  0.01  0.00  0.99  0.00  0.00  0.00  0.99  0.00
  GM-929_5                1.00   0.00  0.00  0.00  1.00  0.00  0.00  0.00  0.00  0.00
  GM-929_50               1.00   0.00  0.00  0.00  1.00  0.00  0.00  0.00  1.00  0.00
  GM-929_51               1.00   0.00  0.00  0.00  0.96  0.04  0.00  0.00  0.96  0.00
  GM-929_52               1.00   0.00  0.00  0.00  0.99  0.01  0.00  0.00  0.71  0.00
  GM-929_53               1.00   0.00  0.00  0.00  0.99  0.01  0.00  0.00  0.98  0.00
  GM-929_54               1.00   0.00  0.00  0.00  0.99  0.01  0.00  0.00  0.76  0.00
  GM-929_56               1.00   0.00  0.00  0.00  1.00  0.00  0.00  0.00  0.97  0.00
  GM-929_57               1.00   0.00  0.00  0.00  1.00  0.00  0.00  0.00  0.99  0.00
  GM-929_58               1.00   0.00  0.00  0.00  1.00  0.00  0.00  0.00  1.00  0.00
  GM-929_59               1.00   0.00  0.00  0.00  1.00  0.00  0.00  0.00  1.00  0.00
  GM-929_6               12.54   0.00  0.00  0.00  1.00  0.00  0.00  0.00  0.26  0.00
  GM-929_63               1.00   0.00  0.00  0.00  1.00  0.00  0.00  0.00  0.99  0.00
  GM-929_64               1.00   0.00  0.00  0.00  1.00  0.00  0.00  0.00  1.00  0.00
  GM-929_65               1.00   0.00  0.00  0.00  1.00  0.00  0.00  0.00  1.00  0.00
  GM-929_66               1.00   0.00  0.00  0.00  1.00  0.00  0.00  0.00  1.00  0.00
  GM-929_67               1.00   0.00  0.00  0.00  1.00  0.00  0.00  0.00  1.00  0.00
  GM-929_68               1.00   0.00  0.00  0.00  1.00  0.00  0.00  0.00  0.00  0.00
  GM-929_69               1.00   0.00  0.00  0.00  1.00  0.00  0.00  0.00  0.97  0.00
  GM-929_7                1.00   0.00  0.00  0.00  0.54  0.46  0.00  0.00  0.22  0.00
  GM-929_70               1.00   0.00  0.00  0.00  1.00  0.00  0.00  0.00  1.00  0.00
  GM-929_71               1.00   0.00  0.00  0.00  1.00  0.00  0.00  0.00  0.00  0.00
  GM-929_72               1.00   0.00  0.00  0.00  1.00  0.00  0.00  0.00  1.00  0.00
  GM-929_73               1.00   0.00  0.00  0.00  1.00  0.00  0.00  0.00  1.00  0.00
  GM-929_74               1.00   0.00  0.00  0.00  1.00  0.00  0.00  0.00  1.00  0.00
  GM-929_75               1.00   0.00  0.00  0.00  1.00  0.00  0.00  0.00  1.00  0.00
  GM-929_77               1.00   0.00  0.00  0.00  1.00  0.00  0.00  0.00  1.00  0.00
  GM-929_78               1.00   0.00  0.00  0.00  1.00  0.00  0.00  0.00  1.00  0.00
  GM-929_8                1.00   0.00  0.00  0.00  1.00  0.00  0.00  0.00  1.00  0.00
  GM-929_80               1.00   0.00  1.00  0.00  0.00  0.00  0.00  0.00  0.00  0.00
  GM-929_81               1.00   0.00  0.00  0.00  1.00  0.00  0.00  0.00  1.00  0.00
  GM-929_82               1.00   0.00  0.00  0.00  1.00  0.00  0.00  0.00  1.00  0.00
  GM-929_84               1.00   0.00  0.00  0.00  1.00  0.00  0.00  0.00  1.00  0.00
  GM-929_85               1.00   0.00  0.00  0.00  1.00  0.00  0.00  0.00  1.00  0.00
  GM-929_86               1.00   0.00  0.00  0.00  1.00  0.00  0.00  0.00  0.00  0.00
  GM-929_87               1.00   0.00  0.00  0.00  1.00  0.00  0.00  0.00  1.00  0.00
  GM-929_88               1.00   0.00  0.00  0.00  1.00  0.00  0.00  0.00  0.00  0.00
  GM-929_89               1.00   0.00  0.00  0.00  1.00  0.00  0.00  0.00  1.00  0.00
  GM-929_9                1.01   0.00  0.00  0.00  0.98  0.02  0.00  0.00  0.78  0.00
  GM-929_90               1.00   0.00  0.00  0.00  1.00  0.00  0.00  0.00  0.00  0.00
  GM-929_91               1.00   0.00  0.00  0.00  0.12  0.88  0.00  0.00  0.00  0.00
  GM-929_92               1.00   0.00  0.00  0.00  1.00  0.00  0.00  0.00  1.00  0.00
  GM-929_93               1.00   0.00  0.00  0.00  1.00  0.00  0.00  0.00  1.00  0.00
  GM-929_99               1.00   0.00  0.49  0.00  0.51  0.00  0.00  0.00  0.95  0.00
  GM-930_1                1.00   0.00  0.00  0.00  1.00  0.00  0.00  0.00  0.11  0.00
  GM-930_100              1.00   0.00  0.00  0.00  1.00  0.00  0.00  0.00  1.00  0.00
  GM-930_101              1.00   0.00  0.24  0.00  0.76  0.00  0.00  0.00  0.60  0.00
  GM-930_102              1.00   0.00  0.00  0.00  1.00  0.00  0.00  0.00  1.00  0.00
  GM-930_103              1.00   0.00  0.00  0.00  1.00  0.00  0.00  0.00  0.00  0.00
  GM-930_104              1.00   0.00  0.00  0.00  1.00  0.00  0.00  0.00  1.00  0.00
  GM-930_105              1.12   0.00  0.00  0.00  1.00  0.00  0.00  0.00  0.99  0.00
  GM-930_106              1.00   0.00  0.00  0.00  1.00  0.00  0.00  0.00  1.00  0.00
  GM-930_107              1.00   0.00  0.00  0.00  1.00  0.00  0.00  0.00  1.00  0.00
  GM-930_108              1.00   0.00  0.00  0.00  1.00  0.00  0.00  0.00  1.00  0.00
  GM-930_109              1.00   0.00  0.00  0.00  1.00  0.00  0.00  0.00  0.99  0.00
  GM-930_110              1.00   0.00  0.00  0.00  1.00  0.00  0.00  0.00  0.99  0.00
  GM-930_111              1.00   0.00  0.00  0.00  1.00  0.00  0.00  0.00  0.01  0.00
  GM-930_112              1.00   0.00  0.00  0.00  1.00  0.00  0.00  0.00  1.00  0.00
  GM-930_113              1.00   0.00  0.00  0.00  1.00  0.00  0.00  0.00  1.00  0.00
  GM-930_114              1.00   0.00  0.00  0.00  0.94  0.06  0.00  0.00  0.99  0.00
  GM-930_115              1.00   0.00  0.00  0.00  1.00  0.00  0.00  0.00  1.00  0.00
  GM-930_116              1.00   0.00  0.00  0.00  0.95  0.05  0.00  0.00  0.90  0.00
  GM-930_117              1.00   0.00  0.00  0.00  1.00  0.00  0.00  0.00  0.00  0.00
  GM-930_118              1.00   0.00  0.00  0.00  1.00  0.00  0.00  0.00  0.20  0.00
  GM-930_119              1.00   0.00  0.00  0.00  1.00  0.00  0.00  0.00  0.01  0.00
  GM-930_120              1.00   0.00  0.00  0.00  0.25  0.75  0.00  0.00  0.00  0.00
  GM-930_121              1.00   0.00  0.00  0.00  1.00  0.00  0.00  0.00  1.00  0.00
  GM-930_122              1.00   0.00  0.00  0.00  0.42  0.58  0.00  0.00  1.00  0.00
  GM-930_123              1.00   0.00  0.00  0.00  1.00  0.00  0.00  0.00  1.00  0.00
  GM-930_124              1.00   0.00  0.00  0.00  1.00  0.00  0.00  0.00  0.80  0.00
  GM-930_125              1.00   0.00  0.00  0.00  1.00  0.00  0.00  0.00  1.00  0.00
  GM-930_126              1.00   0.00  0.00  0.00  0.99  0.01  0.00  0.00  0.99  0.00
  GM-930_127              1.00   0.00  0.00  0.00  0.67  0.33  0.00  0.00  1.00  0.00
  GM-930_128              1.00   0.00  0.00  0.00  1.00  0.00  0.00  0.00  1.00  0.00
  GM-930_129              1.00   0.00  0.00  0.00  1.00  0.00  0.00  0.00  1.00  0.00
  GM-930_130              1.00   0.00  0.00  0.00  1.00  0.00  0.00  0.00  1.00  0.00
  GM-930_131              1.00   0.00  0.00  0.00  1.00  0.00  0.00  0.00  0.99  0.00
  GM-930_132              1.00   0.00  0.00  0.00  0.25  0.75  0.00  0.00  0.20  0.00
  GM-930_133              1.00   0.00  0.00  0.00  0.58  0.42  0.00  0.00  0.79  0.00
  GM-930_134              1.00   0.00  0.00  0.00  1.00  0.00  0.00  0.00  0.43  0.00
  GM-930_135              1.00   0.00  0.00  0.00  1.00  0.00  0.00  0.00  0.34  0.00
  GM-930_136              1.00   0.00  0.00  0.00  1.00  0.00  0.00  0.00  1.00  0.00
  GM-930_137              1.00   0.00  0.00  0.00  1.00  0.00  0.00  0.00  0.98  0.00
  GM-930_138              1.00   0.00  0.00  0.00  1.00  0.00  0.00  0.00  1.00  0.00
  GM-930_139              1.00   0.00  0.00  0.00  1.00  0.00  0.00  0.00  1.00  0.00
  GM-930_140              1.00   0.00  0.00  0.00  1.00  0.00  0.00  0.00  0.48  0.00
  GM-930_141              1.00   0.00  0.00  0.00  1.00  0.00  0.00  0.00  0.13  0.00
  GM-930_142              1.00   0.00  0.00  0.00  1.00  0.00  0.00  0.00  1.00  0.00
  GM-930_143              1.00   0.00  0.00  0.00  1.00  0.00  0.00  0.00  1.00  0.00
  GM-930_144              1.00   0.00  0.00  0.00  1.00  0.00  0.00  0.00  1.00  0.00
  GM-930_145              1.00   0.00  0.00  0.00  1.00  0.00  0.00  0.00  1.00  0.00
  GM-930_146              1.00   0.00  0.00  0.00  1.00  0.00  0.00  0.00  1.00  0.00
  GM-930_147              1.00   0.00  0.00  0.00  1.00  0.00  0.00  0.00  0.00  0.00
  GM-930_148              1.00   0.00  0.00  0.00  1.00  0.00  0.00  0.00  0.10  0.00
  GM-930_149              1.00   0.00  0.00  0.00  1.00  0.00  0.00  0.00  1.00  0.00
  GM-930_150              1.00   0.00  0.00  0.00  1.00  0.00  0.00  0.00  0.15  0.00
  GM-930_151              1.00   0.00  0.00  0.00  1.00  0.00  0.00  0.00  1.00  0.00
  GM-930_152              1.00   0.00  0.00  0.00  1.00  0.00  0.00  0.00  0.63  0.00
  GM-930_153              1.00   0.00  0.00  0.00  1.00  0.00  0.00  0.00  1.00  0.00
  GM-930_154              1.00   0.00  0.00  0.00  1.00  0.00  0.00  0.00  1.00  0.00
  GM-930_155              1.00   0.00  0.00  0.00  1.00  0.00  0.00  0.00  1.00  0.00
  GM-930_156              1.00   0.00  0.00  0.00  1.00  0.00  0.00  0.00  1.00  0.00
  GM-930_157              1.55   0.00  0.00  0.00  1.00  0.00  0.00  0.00  1.00  0.00
  GM-930_158              1.00   0.00  0.00  0.00  1.00  0.00  0.00  0.00  1.00  0.00
  GM-930_159              1.00   0.00  0.00  0.00  1.00  0.00  0.00  0.00  1.00  0.00
  GM-930_160              1.00   0.00  0.00  0.00  1.00  0.00  0.00  0.00  1.00  0.00
  GM-930_161              1.00   0.00  0.00  0.00  1.00  0.00  0.00  0.00  0.82  0.00
  GM-930_162              1.00   0.00  0.00  0.00  1.00  0.00  0.00  0.00  1.00  0.00
  GM-930_163              1.00   0.00  0.00  0.00  1.00  0.00  0.00  0.00  1.00  0.00
  GM-930_164              1.00   0.00  0.00  0.00  1.00  0.00  0.00  0.00  0.00  0.00
  GM-930_165              1.00   0.00  0.00  0.00  0.00  1.00  0.00  0.00  1.00  0.00
  GM-930_166              1.00   0.00  0.00  0.00  1.00  0.00  0.00  0.00  0.00  0.00
  GM-930_167              1.00   0.00  0.00  0.00  1.00  0.00  0.00  0.00  1.00  0.00
  GM-930_168              1.00   0.00  0.00  0.00  1.00  0.00  0.00  0.00  0.00  0.00
  GM-930_169              1.00   0.00  0.00  0.00  1.00  0.00  0.00  0.00  1.00  0.00
  GM-930_170              1.00   0.00  0.00  0.00  1.00  0.00  0.00  0.00  1.00  0.00
  GM-930_171              1.00   0.00  0.00  0.00  1.00  0.00  0.00  0.00  1.00  0.00
  GM-930_172              2.29   0.00  0.00  0.00  0.12  0.88  0.00  0.00  1.00  0.00
  GM-930_173              1.00   0.00  0.00  0.00  1.00  0.00  0.00  0.00  0.00  0.00
  GM-930_174              1.00   0.00  0.00  0.00  0.73  0.27  0.00  0.00  1.00  0.00
  GM-930_175              1.00   0.00  0.00  0.00  0.79  0.21  0.00  0.00  0.84  0.00
  GM-930_176              1.00   0.00  0.00  0.00  1.00  0.00  0.00  0.00  1.00  0.00
  GM-930_177              1.00   0.00  0.00  0.00  1.00  0.00  0.00  0.00  1.00  0.00
  GM-930_178              1.00   0.00  0.00  0.00  1.00  0.00  0.00  0.00  1.00  0.00
  GM-930_179              1.29   0.00  0.00  0.00  1.00  0.00  0.00  0.00  0.05  0.00
  GM-930_2                1.00   0.00  0.00  0.00  1.00  0.00  0.00  0.00  0.10  0.00
  GM-930_3                1.00   0.00  0.00  0.00  1.00  0.00  0.00  0.00  1.00  0.00
  GM-930_4                1.00   0.00  0.00  0.00  0.69  0.31  0.00  0.00  0.18  0.00
  GM-930_46              11.21   0.00  0.00  0.00  1.00  0.00  0.00  0.00  0.22  0.00
  GM-930_47               7.61   0.00  0.00  0.00  0.78  0.22  0.00  0.00  0.47  0.00
  GM-930_48               3.45   0.00  0.00  0.00  0.76  0.24  0.00  0.00  0.24  0.00
  GM-930_5                1.00   0.00  0.00  0.00  1.00  0.00  0.00  0.00  1.00  0.00
  GM-930_6                1.00   0.00  0.00  0.00  1.00  0.00  0.00  0.00  1.00  0.00
  GM-930_96               1.00   0.00  0.00  0.00  1.00  0.00  0.00  0.00  1.00  0.00
  GM-930_97               2.67   0.00  0.00  0.00  1.00  0.00  0.00  0.00  1.00  0.00
  GM-930_98               1.00   0.00  0.00  0.00  0.00  1.00  0.00  0.00  0.00  0.00
  GM-930_99               2.37   0.00  0.00  0.00  1.00  0.00  0.00  0.00  1.00  0.00
  PX-9609                 1.00   0.96  0.00  0.00  0.04  0.00  0.00  0.00  0.00  0.00
  WW-147_BC_CON          69.59   1.00  0.00  0.00  0.00  0.00  0.00  0.00  0.00  0.00
  WW-232_COND            21.74   0.80  0.00  0.00  0.00  0.20  0.00  0.00  0.17  0.00
  
  
  *************************
  Conduit Surcharge Summary
  *************************
  
  ----------------------------------------------------------------------------
                                                           Hours        Hours 
                         --------- Hours Full --------   Above Full   Capacity
  Conduit                Both Ends  Upstream  Dnstream   Normal Flow   Limited
  ----------------------------------------------------------------------------
  FM-824_1                    0.06      0.06    167.99      0.10         0.01
  FM-824_10                   0.01      0.06      0.01      0.04         0.01
  FM-824_21                   1.28      1.28    167.99      0.10         0.01
  FM-824_22                   0.01      1.28      0.01      3.46         0.01
  FM-824_8                    0.76      0.76    167.99      0.30         0.02
  FM-825_10                   0.01      0.11      0.01      0.01         0.01
  FM-825_6                  167.97    168.00    167.97      1.28         0.01
  FM-825_7                    1.22      1.28    167.90      0.01         0.01
  FM-919_22                   4.48      4.48    124.54      2.78         2.78
  FM-919_26                   0.01      4.95      8.73      1.13         0.01
  FM-919_3                    0.50      1.01    121.71      1.00         0.50
  FM-919_9                    4.48      4.48     97.89      2.22         0.01
  FM-920_1                  124.54    124.54    124.71      6.34        82.45
  FM-920_12                   5.19      5.19    142.42      8.34         0.01
  FM-920_23                   3.10      3.10    118.73      3.08         3.07
  FM-929_19                   0.01      5.19      0.01      5.10         0.01
  FM-929_40                   0.01      2.54      0.01      2.56         0.01
  FM-929_43                   9.37      9.37    167.98      0.22         4.96
  FM-929_5                    0.71      0.75      0.90      0.75         0.71
  FM-930_16                   3.99      3.99    148.18      0.13         0.01
  FM-930_19                   3.44      3.99      3.46      4.14         3.44
  FM-930_24                   2.40      2.51    124.61      4.87         0.70
  FM-930_28                 123.55    123.55    124.61      0.01         0.01
  FM-930_38                   1.19      1.19    168.00      0.96         0.90
  FM-LS1002                 167.90    167.90    167.99      0.01         0.01
  FM-LS1003                 167.97    167.99    167.97      0.01         0.01
  FM-LS147                  167.99    168.00    167.99      0.09         0.09
  FM-LS220                  148.18    148.18    148.18      0.01         0.01
  FM-LS221                   97.89     97.94     97.89      5.22         5.15
  FM-LS222                    0.01      0.01      0.98      0.01         0.01
  FM-LS223                    0.99      1.03      1.01      0.57         0.52
  FM-LS224                    1.11      1.13      8.73      1.14         1.08
  FM-LS225                  124.71    124.71    124.73      4.00         0.01
  FM-LS226                    1.19      1.19    167.99      0.46         0.03
  FM-LS227                    0.75      0.75      0.78      0.78         0.01
  FM-LS228                    2.53      2.57      2.54      2.57         2.52
  FM-LS229                    0.44      1.42      0.46      1.46         0.44
  FM-LS230                  142.42    142.42    142.46      0.01         0.01
  FM-LS231                    3.10      3.10    118.73      0.04         0.02
  FM-LS232                  167.98    167.98    168.00      0.02         0.01
  FM-LS243                    0.01      1.86      0.01      1.39         0.01
  FM-LS246                    0.72      0.72    167.99      0.03         0.02
  FM-LS250                  167.99    168.00    167.99      0.01         0.01
  FM-LS258                    0.01      0.04    124.61      0.01         0.01
  GM-813_1                  124.55    124.55    150.52      0.01         0.01
  GM-813_2                  150.52    150.52    156.98      0.01         0.01
  GM-813_3                  119.25    119.25    156.98      0.01         0.01
  GM-824_10                  72.51     72.51    111.76      0.01         0.01
  GM-824_106                  0.01      0.01      0.59      0.01         0.01
  GM-824_107                  0.01      0.01      0.59      0.01         0.01
  GM-824_108                  0.59      0.59     20.94      0.01         0.01
  GM-824_109                  0.12      0.12     34.02      0.01         0.01
  GM-824_110                  0.01      0.01     81.26      0.01         0.01
  GM-824_114                 11.74     11.74     34.02      0.01         0.01
  GM-824_115                  5.80      5.80     63.76      0.01         0.01
  GM-824_116                 34.02     34.02     63.27      0.01         0.01
  GM-824_119                  0.01      0.01     32.99      0.01         0.01
  GM-824_121                 20.94     20.94     32.99      0.01         0.01
  GM-824_122                 94.83     94.83    110.13      0.01         0.01
  GM-824_123                110.13    110.13    124.55      0.01         0.01
  GM-824_125                 57.99     57.99     94.83      0.01         0.01
  GM-824_126                 32.99     32.99     57.99      0.01         0.01
  GM-824_128                 63.27     63.27    114.39      0.01         0.01
  GM-824_13                 111.76    111.76    131.77      0.01         0.01
  GM-824_132                 35.97     35.97     71.18      0.01         0.01
  GM-824_133                 71.18     71.18     92.99      0.01         0.01
  GM-824_140                114.39    114.39    138.69      0.01         0.01
  GM-824_141                 92.99     92.99    104.70      0.01         0.01
  GM-824_142                104.70    104.70    114.39      0.01         0.01
  GM-824_147                 45.55     45.55     77.12      0.01         0.01
  GM-824_148                119.26    119.26    167.96      0.01         0.01
  GM-824_149                 77.12     77.12     98.12      0.01         0.01
  GM-824_15                  16.96     16.96     72.51      0.01         0.01
  GM-824_151                  0.01      0.01     45.55      0.01         0.01
  GM-824_152                 98.12     98.12    119.26      0.01         0.01
  GM-824_153                138.69    138.69    168.00      0.01         0.01
  GM-824_159                 14.46     14.46     35.97      0.01         0.01
  GM-824_16                   0.01      0.01     16.96      0.01         0.01
  GM-824_18                   0.01      0.01     16.96      0.01         0.01
  GM-824_19                 131.77    131.77    143.70      0.02         0.01
  GM-824_25                 135.16    135.16    168.00      0.01         0.01
  GM-824_3                    0.01      0.01     44.33      0.01         0.01
  GM-824_30                   0.01      0.01      0.63      0.01         0.01
  GM-824_33                 102.61    102.61    122.62      0.01         0.01
  GM-824_34                 122.62    122.62    143.70      0.01         0.01
  GM-824_35                   0.63      0.63     23.49      0.01         0.01
  GM-824_37                  23.49     23.49     53.61      0.01         0.01
  GM-824_38                  53.61     53.61    167.75      0.01         0.01
  GM-824_40                   0.01      0.01     53.61      0.01         0.01
  GM-824_43                   0.01      0.01      0.87      0.01         0.01
  GM-824_45                   0.01      0.01     23.49      0.01         0.01
  GM-824_47                  74.69     74.69    102.61      0.01         0.01
  GM-824_5                    0.01      0.01     16.95      0.01         0.01
  GM-824_6                   44.33     44.33     67.86      0.01         0.01
  GM-824_60                  44.35     44.35     74.69      0.01         0.01
  GM-824_61                   0.87      0.87     44.35      0.01         0.01
  GM-824_63                   0.01      0.01      0.25      0.01         0.01
  GM-824_64                   0.01      0.01      0.87      0.01         0.01
  GM-824_7                   16.95     16.95     44.33      0.01         0.01
  GM-824_75                   0.01      0.01    167.96      0.01         0.01
  GM-824_79                   0.01      0.01     22.34      0.01         0.01
  GM-824_8                   67.86     67.86     72.51      0.01         0.01
  GM-824_82                  64.36     64.36     81.26      0.01         0.01
  GM-824_83                  22.34     22.34     37.22      0.01         0.01
  GM-824_84                  37.22     37.22     64.36      0.01         0.01
  GM-824_85                   0.01      0.01     22.34      0.01         0.01
  GM-824_87                   0.01      0.01     81.26      0.01         0.01
  GM-824_88                  81.26     81.26    109.07      0.01         0.01
  GM-824_89                 109.07    109.07    161.20      0.01         0.01
  GM-824_92                   0.01      0.01     37.22      0.01         0.01
  GM-825_11                 127.04    127.04    167.99      0.01         0.01
  GM-825_2                    0.01      0.01      0.17      0.01         0.01
  GM-825_3                    0.17      0.17      0.31      0.03         0.01
  GM-825_4                    0.01      0.01      0.17      0.03         0.01
  GM-825_5                    0.34      0.34      0.40      0.01         0.01
  GM-825_7                    0.01      0.01      0.34      0.01         0.01
  GM-825_8                   11.79     11.79    127.04      0.01         0.01
  GM-825_9                    0.01      0.01     11.79      0.01         0.01
  GM-919_109                 97.05     97.05    121.95      0.01         0.01
  GM-919_111                 95.81     95.81     97.05      0.01         0.01
  GM-919_119                 73.91     73.91     97.05      0.01         0.01
  GM-919_127                 63.57     63.57     73.91      0.01         0.01
  GM-919_13                   0.01      0.01      7.05      0.01         0.01
  GM-919_134                  0.01      0.01      7.03      0.01         0.01
  GM-919_135                  7.02      7.02     28.54      0.01         0.01
  GM-919_136                 70.03     70.03     95.81      0.01         0.01
  GM-919_137                 46.47     46.47     63.57      0.01         0.01
  GM-919_138                 28.54     28.54     46.47      0.01         0.01
  GM-919_141                 48.80     48.80     63.57      0.01         0.01
  GM-919_148                 54.46     54.46     70.03      0.01         0.01
  GM-919_149                 32.79     32.79     48.80      0.01         0.01
  GM-919_156                 26.62     26.62     32.79      0.01         0.01
  GM-919_158                 41.70     41.70     54.46      0.01         0.01
  GM-919_161                 28.51     28.51     41.70      0.01         0.01
  GM-919_185                  0.01      0.01      6.70      0.01         0.01
  GM-919_188                  0.01      0.01     13.09      0.01         0.01
  GM-919_190                 42.78     42.78    166.24      0.01         0.01
  GM-919_191                  6.70      6.70     13.09      0.01         0.01
  GM-919_192                  0.01      0.01     13.09      0.01         0.01
  GM-919_196                  0.01      0.01     86.28      0.01         0.01
  GM-919_197                  0.01      0.01      3.36      0.01         0.01
  GM-919_200                 73.92     73.92     83.30      0.01         0.01
  GM-919_201                 83.30     83.30     97.64      0.01         0.01
  GM-919_202                 39.21     39.21     73.93      0.01         0.01
  GM-919_203                 15.88     15.88     39.21      0.01         0.01
  GM-919_204                  3.36      3.36     24.34      0.01         0.01
  GM-919_207                  0.01      0.01      3.36      0.01         0.01
  GM-919_212                  0.01      0.01     46.05      0.01         0.01
  GM-919_214                  0.01      0.01     24.34      0.01         0.01
  GM-919_215                  0.05      0.05     86.28      0.01         0.01
  GM-919_221                126.30    126.30    144.83      0.01         0.01
  GM-919_223                 40.76     40.76    160.51      0.01         0.01
  GM-919_224                  0.01      0.01     40.77      0.01         0.01
  GM-919_228                126.30    126.30    161.30      0.01         0.01
  GM-919_229                 76.21     76.21    137.55      0.01         0.01
  GM-919_230                 71.55     71.55     76.21      0.01         0.01
  GM-919_233                 26.75     26.75     71.55      0.01         0.01
  GM-919_234                  0.01      0.01     26.75      0.01         0.01
  GM-919_29                   7.04      7.04     26.61      0.01         0.01
  GM-919_31                   0.01      0.01      7.05      0.01         0.01
  GM-919_32                   0.01      0.01      7.05      0.01         0.01
  GM-919_41                  63.42     63.42     78.98      0.01         0.01
  GM-919_43                  26.61     26.61     30.72      0.01         0.01
  GM-919_44                  30.72     30.72     46.22      0.01         0.01
  GM-919_48                   0.01      0.01     11.00      0.01         0.01
  GM-919_54                   0.01      0.01     46.22      0.01         0.01
  GM-919_55                  46.22     46.22     73.79      0.01         0.01
  GM-919_57                  73.79     73.79    167.99      0.01         0.01
  GM-919_59                  78.98     78.98    107.34      0.01         0.01
  GM-919_60                 110.83    110.83    167.78      0.01         0.01
  GM-919_61                 107.34    107.34    110.83      0.01         0.01
  GM-919_64                  11.00     11.00     52.54      0.01         0.01
  GM-919_65                   0.01      0.01     15.06      0.01         0.01
  GM-919_71                 148.82    148.82    167.99      0.01         0.01
  GM-919_75                   0.01      0.01     50.31      0.01         0.01
  GM-919_78                   0.01      0.01     20.61      0.01         0.01
  GM-919_79                  20.61     20.61    134.34      0.01         0.01
  GM-919_81                 134.34    134.34    150.70      0.01         0.01
  GM-919_93                   0.01      0.01     20.61      0.01         0.01
  GM-919_96                 121.95    121.95    134.34      0.01         0.01
  GM-920_1                  126.95    126.95    167.96      0.01         0.01
  GM-920_10                  86.77     86.77     90.41      0.01         0.01
  GM-920_11                  12.56     12.56     86.77      0.01         0.01
  GM-920_12                   0.01      0.01     12.56      0.01         0.01
  GM-920_15                  85.42     85.42     86.77      0.01         0.06
  GM-920_16                  71.51     71.51     85.42      0.01         0.01
  GM-920_17                  44.97     44.97     71.51      0.01         0.01
  GM-920_18                   1.66      1.66     44.97      0.01         0.01
  GM-920_19                   0.01      0.01      1.66      0.01         0.01
  GM-920_2                  100.99    100.99    126.95      0.01         0.01
  GM-920_3                    0.01      0.01    100.99      0.01         0.01
  GM-920_33                   0.01      0.01      5.57      0.01         0.01
  GM-920_37                   0.01      0.01     39.15      0.01         0.01
  GM-920_38                   0.01      0.01      5.57      0.01         0.01
  GM-920_39                   5.57      5.57     39.15      0.01         0.01
  GM-920_40                  39.15     39.15     85.97      0.01         0.01
  GM-920_45                   0.01      0.01     41.43      0.01         0.01
  GM-920_46                  85.97     85.97    131.04      0.01         0.01
  GM-920_47                   9.01      9.01     85.97      0.01         0.01
  GM-920_48                   6.11      6.11     29.85      0.01         0.01
  GM-920_49                  29.85     29.85     65.70      0.01         0.01
  GM-920_50                 135.93    135.93    166.62      0.01         0.01
  GM-920_51                   0.20      0.20      4.81      0.01         0.01
  GM-920_52                   0.01      0.01      9.01      0.01         0.01
  GM-920_53                  65.69     65.69     98.45      0.01         0.01
  GM-920_54                   9.13      9.13    123.82      0.01         0.01
  GM-920_55                  83.73     83.73    168.00      0.01         0.01
  GM-920_60                   0.01      0.01     34.65      0.01         0.01
  GM-920_61                  34.65     34.65     53.93      0.01         0.01
  GM-920_62                 167.89    167.89    168.00      0.01         0.01
  GM-920_63                 159.62    159.62    167.95      0.01         0.01
  GM-920_64                 137.90    137.90    159.62      0.01         0.01
  GM-920_65                 116.45    116.45    137.90      0.01         0.01
  GM-920_66                 100.27    100.27    116.45      0.01         0.01
  GM-920_9                   90.40     90.40    100.99      0.01         0.01
  GM-928_18                  16.47     16.47     49.40      0.01         0.01
  GM-928_50                   0.01      0.01     16.47      0.01         0.01
  GM-929_10                  32.30     32.30     35.98      0.01         0.17
  GM-929_112                  0.01      0.01      6.11      0.01         0.01
  GM-929_12                  10.85     10.85     57.55      0.01         0.01
  GM-929_13                   0.01      0.01     10.86      0.01         0.01
  GM-929_130                  0.01      0.01     49.14      0.01         0.01
  GM-929_131                 49.14     49.14     71.33      0.01         0.01
  GM-929_133                 71.33     71.33     92.00      0.01         0.01
  GM-929_138                 92.00     92.00    102.10      0.01         0.01
  GM-929_148                  0.01      0.01    102.10      0.01         0.01
  GM-929_149                102.10    102.10    115.65      0.01         0.01
  GM-929_158                 53.93     53.93     71.34      0.01         0.01
  GM-929_161                115.62    115.65    115.62      0.01        34.18
  GM-929_165                  0.01      0.01    132.11      0.01         0.01
  GM-929_166                  0.01      0.01     23.07      0.01         0.01
  GM-929_167                 23.07     23.07     77.39      0.01         0.01
  GM-929_168                 77.39     77.39    101.24      0.01         0.01
  GM-929_171                115.62    115.62    132.11      0.01         0.01
  GM-929_174                  0.01      0.01    115.62      0.01         0.01
  GM-929_175                 71.34     71.34    152.05      0.01         0.01
  GM-929_176                  0.01      0.01      1.83      0.01         0.01
  GM-929_180                101.24    101.24    127.36      0.01         0.01
  GM-929_181                  0.01      0.01     30.26      0.01         0.01
  GM-929_184                132.11    132.11    152.06      0.01         0.01
  GM-929_188                  0.01      0.01    132.11      0.01         0.01
  GM-929_19                   0.01      0.01     23.57      0.01         0.01
  GM-929_196                121.94    121.94    167.93      0.01         0.01
  GM-929_198                152.06    152.06    168.00      0.01         0.01
  GM-929_199                168.00    168.00    168.00      0.01         0.01
  GM-929_20                  59.91     59.91     85.42      0.01         0.01
  GM-929_204                  0.01      0.01    152.06      0.01         0.01
  GM-929_207                  0.01      0.01     36.97      0.01         0.01
  GM-929_209                100.26    100.28    100.27      2.41        21.52
  GM-929_21                  34.49     34.49     92.30      0.01         0.01
  GM-929_214                 73.95     73.95    100.28      0.01         0.01
  GM-929_217                 26.53     26.53    127.36      0.01         0.01
  GM-929_22                  92.30     92.30    167.95      0.01         0.01
  GM-929_221                 73.94     73.95     73.94      1.97        14.93
  GM-929_223                 26.50     26.53     26.53      0.83         4.22
  GM-929_227                  0.01      0.01     26.53      0.01         0.01
  GM-929_23                  23.57     23.57     34.49      0.01         0.01
  GM-929_230                 32.89     32.89     49.40      0.01         0.01
  GM-929_239                 49.40     49.40     73.95      0.01         0.01
  GM-929_24                   0.01      0.01     92.30      0.01         0.01
  GM-929_240                  0.01      0.01     32.89      0.01         0.01
  GM-929_28                   0.01      0.01     23.57      0.01         0.01
  GM-929_30                   0.01      0.01     34.49      0.01         0.01
  GM-929_44                   0.01      0.62      0.01      1.21         0.01
  GM-929_58                   0.01      0.01      0.62      0.01         0.01
  GM-929_6                   35.98     35.98    142.12      0.01         0.01
  GM-929_9                    0.01      0.01     32.30      0.01         0.01
  GM-930_1                   97.59     97.59    127.04      0.01         0.01
  GM-930_101                  0.01      3.48      0.01      3.81         0.01
  GM-930_116                  0.01      0.01      0.28      0.01         0.01
  GM-930_123                  0.01      0.01      9.21      0.01         0.01
  GM-930_124                  5.67      5.67     98.82      0.01         0.01
  GM-930_126                  0.28      0.28      0.75      0.01         0.01
  GM-930_129                  0.01      0.01     91.76      0.01         0.01
  GM-930_131                  0.01      0.01      0.75      0.01         0.01
  GM-930_132                  0.75      0.75      9.21      0.01         0.01
  GM-930_133                  9.21      9.21     91.76      0.01         0.01
  GM-930_134                 88.48     88.48     96.55      0.01         0.01
  GM-930_135                 96.55     96.55    101.07      0.01         0.01
  GM-930_140                 72.85     72.85     88.49      0.01         0.01
  GM-930_141                101.07    101.07    117.85      0.01         0.01
  GM-930_148                 45.86     45.86     77.84      0.01         0.01
  GM-930_150                117.85    117.85    144.83      0.01         0.01
  GM-930_152                 35.97     35.97     45.87      0.01         0.01
  GM-930_161                  3.57      3.57     35.97      0.01         0.01
  GM-930_175                  0.01      0.01     35.98      0.01         0.01
  GM-930_178                  0.01      0.01      3.57      0.01         0.01
  GM-930_179                120.82    120.82    161.30      0.01         0.01
  GM-930_2                   87.30     87.30     97.59      0.01         0.01
  GM-930_3                    0.01      0.01     87.30      0.01         0.01
  GM-930_46                  67.15     67.15    167.99      0.01         0.01
  GM-930_47                  47.18     47.18     50.31      0.01         0.01
  GM-930_48                  40.56     40.56     67.15      0.01         0.01
  PX-9609                     0.98      0.98      1.01      0.93         0.15
  
  
  ***************
  Pumping Summary
  ***************
  
  ---------------------------------------------------------------------------------------------------------
                                                  Min       Avg       Max     Total     Power    % Time Off
                        Percent   Number of      Flow      Flow      Flow    Volume     Usage    Pump Curve
  Pump                 Utilized   Start-Ups       GPM       GPM       GPM  10^6 gal     Kw-hr    Low   High
  ---------------------------------------------------------------------------------------------------------
  PMP1-1002                0.52           1      0.00     19.97     25.19     0.001      0.04    0.0    0.0
  PMP1-1003                0.92           1      0.00     12.17     24.31     0.001      0.27    0.0    0.0
  PMP1-147                 0.07           1      0.00    325.98   1008.46     0.002      0.24    0.0    0.0
  PMP1-220                 3.02           7      0.00    418.51    486.17     0.127      9.26    0.0    0.0
  PMP1-221                 3.10           2      0.00    126.00    947.64     0.039      1.93    0.0    0.0
  PMP1-222                 0.00           0      0.00      0.00      0.00     0.000      0.00    0.0    0.0
  PMP1-223                 0.00           0      0.00      0.00      0.00     0.000      0.00    0.0    0.0
  PMP1-224                 0.02           1      0.00    221.27    258.79     0.000      0.03    0.0    0.0
  PMP1-225                 0.00           0      0.00      0.00      0.00     0.000      0.00    0.0    0.0
  PMP1-226                 0.84          12      0.00   2757.04   3800.49     0.233     21.76    0.0    0.0
  PMP1-227                 0.46           1      0.00     94.08    120.67     0.004      0.39    0.0    0.0
  PMP1-228                 1.53           2      0.00    125.17    309.41     0.019      1.28    0.0    0.0
  PMP1-229                 0.84           4      0.00    266.04   1302.23     0.022      4.38    0.0    0.0
  PMP1-230                 0.00           0      0.00      0.00      0.00     0.000      0.00    0.0    0.0
  PMP1-231                 1.85           3      0.00     91.48    327.89     0.016      1.10    0.0    0.0
  PMP1-232                 0.13           1      0.00    135.68   1035.94     0.001      0.15    0.0    0.0
  PMP1-242                 0.00           0      0.00      0.00      0.00     0.000      0.00    0.0    0.0
  PMP1-243                 0.00           0      0.00      0.00      0.00     0.000      0.00    0.0    0.0
  PMP1-246                 0.06           1      0.00    205.18    985.26     0.001      0.13    0.0    0.0
  PMP1-247                 0.00           0      0.00      0.00      0.00     0.000      0.00    0.0    0.0
  PMP1-250                78.40          10      0.00      0.99    294.51     0.007      0.37    0.0    0.0
  PMP1-251                 0.00           0      0.00      0.00      0.00     0.000      0.00    0.0    0.0
  PMP1-258                 0.10           1      0.00     14.66     15.40     0.000      0.00    0.0    0.0
  PMP2-1002                0.52           1      0.00     19.97     25.19     0.001      0.04    0.0    0.0
  PMP2-1003                0.92           1      0.00     12.17     24.31     0.001      0.27    0.0    0.0
  PMP2-147                 0.07           1      0.00    325.98   1008.46     0.002      0.24    0.0    0.0
  PMP2-220                 0.00           0      0.00      0.00      0.00     0.000      0.00    0.0    0.0
  PMP2-221                 3.10           2      0.00    126.00    947.64     0.039      1.93    0.0    0.0
  PMP2-222                 0.00           0      0.00      0.00      0.00     0.000      0.00    0.0    0.0
  PMP2-223                 0.61           1      0.00    159.49    370.72     0.010      1.30    0.0    0.0
  PMP2-224                 0.71           6      0.00    230.90    261.44     0.017      0.92    0.0    0.0
  PMP2-225                 3.82           5      0.00    640.91   1589.24     0.246     22.00    0.0    0.0
  PMP2-226                 0.02           1      0.00   2577.75   3800.49     0.004      0.45    0.0    0.0
  PMP2-227                 0.46           1      0.00     94.08    120.67     0.004      0.39    0.0    0.0
  PMP2-228                 0.00           0      0.00      0.00      0.00     0.000      0.00    0.0    0.0
  PMP2-229                 0.03           1      0.00    265.39   1302.23     0.000      0.10    0.0    0.0
  PMP2-230                 4.93          10      0.00    366.13   1237.36     0.181     25.54    0.0    0.0
  PMP2-231                 1.85           3      0.00     91.48    327.89     0.016      1.10    0.0    0.0
  PMP2-232                 0.13           1      0.00    135.68   1035.94     0.001      0.15    0.0    0.0
  PMP2-242                 0.00           0      0.00      0.00      0.00     0.000      0.00    0.0    0.0
  PMP2-243                 1.25           1      0.00    102.74    240.06     0.013      0.44    0.0    0.0
  PMP2-246                 0.06           1      0.00    205.18    985.26     0.001      0.13    0.0    0.0
  PMP2-247                 0.00           0      0.00      0.00      0.00     0.000      0.00    0.0    0.0
  PMP2-250                78.40          10      0.00      0.99    294.51     0.007      0.37    0.0    0.0
  PMP2-251                 0.00           0      0.00      0.00      0.00     0.000      0.00    0.0    0.0
  PMP2-258                 0.10           1      0.00     14.66     15.40     0.000      0.00    0.0    0.0
  

  Analysis begun on:  Tue Aug  5 12:13:42 2025
  Analysis ended on:  Tue Aug  5 12:15:49 2025
  Total elapsed time: 00:02:07