
  EPA STORM WATER MANAGEMENT MODEL - VERSION 5.2 (Build 5.2.4)
  ------------------------------------------------------------

  WARNING 03: negative offset ignored for Link 1004
  WARNING 04: minimum elevation drop used for Conduit 1139
  WARNING 04: minimum elevation drop used for Conduit 1196
  WARNING 04: minimum elevation drop used for Conduit 1684
  WARNING 03: negative offset ignored for Link 2122
  WARNING 03: negative offset ignored for Link 2123
  WARNING 03: negative offset ignored for Link 2308
  WARNING 03: negative offset ignored for Link 2342
  WARNING 04: minimum elevation drop used for Conduit 2778
  WARNING 04: minimum elevation drop used for Conduit 3143
  WARNING 04: minimum elevation drop used for Conduit 3537
  WARNING 04: minimum elevation drop used for Conduit 3980
  WARNING 04: minimum elevation drop used for Conduit 4000
  WARNING 04: minimum elevation drop used for Conduit 4016
  WARNING 03: negative offset ignored for Link 4024
  WARNING 03: negative offset ignored for Link 4025
  WARNING 03: negative offset ignored for Link 4563
  WARNING 03: negative offset ignored for Link 4564
  WARNING 03: negative offset ignored for Link 4565
  WARNING 04: minimum elevation drop used for Conduit 4636
  WARNING 03: negative offset ignored for Link 902
  WARNING 04: minimum elevation drop used for Conduit CDT-17
  WARNING 03: negative offset ignored for Link CDT-19
  
  ****************
  Analysis Options
  ****************
  Flow Units ............... MGD
  Process Models:
    Rainfall/Runoff ........ NO
    RDII ................... NO
    Snowmelt ............... NO
    Groundwater ............ NO
    Flow Routing ........... YES
    Ponding Allowed ........ YES
    Water Quality .......... NO
  Flow Routing Method ...... DYNWAVE
  Surcharge Method ......... EXTRAN
  Starting Date ............ 06/01/2015 00:00:00
  Ending Date .............. 06/03/2015 00:00:00
  Antecedent Dry Days ...... 5.0
  Report Time Step ......... 00:05:00
  Routing Time Step ........ 10.00 sec
  Variable Time Step ....... YES
  Maximum Trials ........... 4
  Number of Threads ........ 1
  Head Tolerance ........... 0.005000 ft
  
  
  **************************        Volume        Volume
  Flow Routing Continuity        acre-feet      10^6 gal
  **************************     ---------     ---------
  Dry Weather Inflow .......       131.829        42.959
  Wet Weather Inflow .......         0.000         0.000
  Groundwater Inflow .......         0.000         0.000
  RDII Inflow ..............         0.000         0.000
  External Inflow ..........         0.001         0.000
  External Outflow .........        94.249        30.713
  Flooding Loss ............        33.255        10.837
  Evaporation Loss .........         0.000         0.000
  Exfiltration Loss ........         0.000         0.000
  Initial Stored Volume ....         0.000         0.000
  Final Stored Volume ......         5.384         1.754
  Continuity Error (%) .....        -0.802
  
  
  *************************
  Highest Continuity Errors
  *************************
  Node STOR-20 (-4.00%)
  Node 2480 (2.66%)
  Node 4426 (1.52%)
  Node JCT-26 (1.43%)
  Node JCT-12 (1.42%)
  
  
  ***************************
  Time-Step Critical Elements
  ***************************
  Link 4386 (100.00%)
  
  
  ********************************
  Highest Flow Instability Indexes
  ********************************
  All links are stable.
  
  
  *********************************
  Most Frequent Nonconverging Nodes
  *********************************
  Node OFALL-12 (1.48%)
  Node JCT-26 (0.79%)
  Node 4108 (0.51%)
  Node JCT-20 (0.25%)
  Node JCT-28 (0.14%)
  
  
  *************************
  Routing Time Step Summary
  *************************
  Minimum Time Step           :     0.39 sec
  Average Time Step           :     0.66 sec
  Maximum Time Step           :     5.48 sec
  % of Time in Steady State   :     0.00
  Average Iterations per Step :     2.03
  % of Steps Not Converging   :     1.48
  Time Step Frequencies       :
     10.000 -  5.493 sec      :     0.00 %
      5.493 -  3.017 sec      :     0.00 %
      3.017 -  1.657 sec      :     0.12 %
      1.657 -  0.910 sec      :     0.43 %
      0.910 -  0.500 sec      :    99.45 %
  
  
  ******************
  Node Depth Summary
  ******************
  
  ---------------------------------------------------------------------------------
                                 Average  Maximum  Maximum  Time of Max    Reported
                                   Depth    Depth      HGL   Occurrence   Max Depth
  Node                 Type         Feet     Feet     Feet  days hr:min        Feet
  ---------------------------------------------------------------------------------
  1000                 JUNCTION     0.71     0.71  3395.16     0  20:35        0.71
  1001                 JUNCTION     0.72     0.72  3396.17     0  15:50        0.72
  1002                 JUNCTION     0.71     0.71  3397.16     0  00:00        0.71
  1003                 JUNCTION     0.71     0.71  3398.16     0  04:11        0.71
  1004                 JUNCTION     0.70     0.70  3399.13     0  04:10        0.70
  1011                 JUNCTION     0.41     0.41  3408.89     0  12:13        0.41
  1012                 JUNCTION     0.40     0.40  3410.60     0  06:19        0.40
  1014                 JUNCTION     0.41     0.41  3413.19     0  20:42        0.41
  1015                 JUNCTION     0.33     0.33  3414.07     0  00:00        0.33
  1016                 JUNCTION     0.32     0.32  3415.02     0  00:00        0.32
  1017                 JUNCTION     0.31     0.31  3404.72     0  04:10        0.31
  1018                 JUNCTION     0.70     0.70  3392.70     0  13:02        0.70
  1019                 JUNCTION     0.26     0.26  3396.36     0  07:40        0.26
  1020                 JUNCTION     0.37     0.37  3397.83     0  02:50        0.37
  1021                 JUNCTION     0.37     0.37  3398.55     0  05:48        0.37
  1022                 JUNCTION     0.32     0.32  3400.54     0  08:13        0.32
  1023                 JUNCTION     0.33     0.33  3401.29     0  00:50        0.33
  1024                 JUNCTION     0.41     0.41  3401.76     0  17:11        0.41
  1025                 JUNCTION     0.34     0.34  3402.24     0  00:53        0.34
  1026                 JUNCTION     0.27     0.27  3404.61     0  08:58        0.27
  1027                 JUNCTION     0.27     0.27  3407.04     0  13:42        0.27
  1028                 JUNCTION     0.19     0.19  3415.24     0  15:15        0.19
  1029                 JUNCTION     0.23     0.23  3418.44     0  04:32        0.23
  1030                 JUNCTION     0.20     0.20  3423.66     0  18:52        0.20
  1031                 JUNCTION     0.19     0.19  3428.11     0  10:45        0.19
  1032                 JUNCTION     0.14     0.14  3434.07     0  00:00        0.14
  1033                 JUNCTION     0.12     0.12  3435.27     0  00:00        0.12
  1034                 JUNCTION     0.09     0.09  3436.46     0  00:00        0.09
  1035                 JUNCTION     0.41     0.41  3424.34     0  04:55        0.41
  1036                 JUNCTION     0.57     0.57  3423.70     0  14:02        0.57
  1037                 JUNCTION     0.52     0.52  3422.85     0  19:22        0.52
  1038                 JUNCTION     0.39     0.39  3421.39     0  10:20        0.39
  1039                 JUNCTION     0.70     0.70  3397.81     0  14:26        0.70
  1040                 JUNCTION     0.65     0.65  3398.62     0  00:01        0.65
  1041                 JUNCTION     0.64     0.64  3399.47     0  00:50        0.64
  1042                 JUNCTION     0.63     0.63  3400.24     0  23:26        0.63
  1043                 JUNCTION     0.60     0.60  3401.11     0  00:32        0.60
  1044                 JUNCTION     0.55     0.55  3402.26     0  00:40        0.55
  1045                 JUNCTION     0.85     0.85  3402.56     0  14:18        0.85
  1046                 JUNCTION     0.55     0.55  3403.22     0  12:21        0.55
  1047                 JUNCTION     0.53     0.53  3403.73     0  12:18        0.53
  1048                 JUNCTION     0.32     0.32  3410.32     0  01:03        0.32
  1049                 JUNCTION     0.33     0.33  3417.33     0  22:47        0.33
  1096                 JUNCTION     0.15     0.15  3393.07     0  00:00        0.15
  1097                 JUNCTION     0.12     0.12  3394.23     0  00:00        0.12
  1117                 JUNCTION     0.70     0.70  3392.70     0  23:38        0.70
  1118                 JUNCTION     0.08     0.08  3401.42     0  00:00        0.08
  1119                 JUNCTION     0.08     0.08  3399.88     0  00:00        0.08
  1120                 JUNCTION     0.28     0.28  3396.61     0  00:11        0.28
  1121                 JUNCTION     0.16     0.16  3396.51     0  00:23        0.16
  1122                 JUNCTION     0.18     0.18  3394.79     0  00:00        0.18
  1136                 JUNCTION     0.07     0.07  3405.13     0  00:02        0.07
  114                  JUNCTION     0.39     0.39  3295.76     0  09:41        0.39
  1182                 JUNCTION     0.37     0.37  3406.28     0  16:34        0.37
  1191                 JUNCTION     0.59     0.59  3424.28     0  00:14        0.59
  1270                 JUNCTION     0.15     0.15  3438.33     0  14:09        0.15
  1271                 JUNCTION     0.17     0.17  3437.56     0  10:38        0.17
  1272                 JUNCTION     0.23     0.23  3436.38     0  14:09        0.23
  1273                 JUNCTION     0.26     0.26  3434.91     0  06:08        0.26
  1274                 JUNCTION     0.25     0.25  3433.45     0  06:16        0.25
  128                  JUNCTION     0.59     0.59  3339.32     0  01:22        0.59
  13                   JUNCTION     0.36     0.36  3296.78     0  10:44        0.36
  1342                 JUNCTION     0.19     0.19  3439.02     0  16:48        0.19
  1343                 JUNCTION     0.26     0.26  3440.32     0  15:08        0.26
  1344                 JUNCTION     0.23     0.23  3441.52     0  00:03        0.23
  1345                 JUNCTION     0.21     0.21  3442.74     0  00:02        0.21
  1347                 JUNCTION     0.21     0.21  3443.81     0  00:02        0.21
  1348                 JUNCTION     0.19     0.19  3444.86     0  00:01        0.19
  1349                 JUNCTION     0.17     0.17  3445.32     0  00:00        0.17
  135                  JUNCTION     0.72     0.72  3336.85     0  16:25        0.72
  1363                 JUNCTION     0.13     0.13  3446.12     0  00:00        0.13
  1364                 JUNCTION     0.13     0.13  3447.12     0  00:00        0.13
  1365                 JUNCTION     0.08     0.08  3449.15     0  00:00        0.08
  137                  JUNCTION     0.88     0.88  3335.57     0  17:46        0.88
  138                  JUNCTION     0.79     0.79  3336.08     0  01:41        0.79
  139                  JUNCTION     0.88     0.88  3336.61     0  01:29        0.88
  1394                 JUNCTION     0.28     0.28  3431.88     0  16:36        0.28
  1395                 JUNCTION     0.21     0.21  3433.03     0  00:00        0.21
  1396                 JUNCTION     0.18     0.18  3433.47     0  00:00        0.18
  1397                 JUNCTION     0.16     0.16  3425.31     0  18:00        0.16
  1398                 JUNCTION     0.53     0.53  3424.83     0  04:54        0.53
  1399                 JUNCTION     0.18     0.18  3427.29     0  11:56        0.18
  1401                 JUNCTION     0.32     0.32  3430.75     0  18:58        0.32
  1402                 JUNCTION     0.21     0.21  3433.36     0  00:02        0.21
  1403                 JUNCTION     0.19     0.19  3434.94     0  14:09        0.19
  1404                 JUNCTION     0.24     0.24  3426.24     0  02:02        0.24
  1407                 JUNCTION     0.29     0.29  3427.99     0  12:01        0.29
  1408                 JUNCTION     0.27     0.27  3430.71     0  01:57        0.27
  1425                 JUNCTION     0.39     0.39  3425.19     0  06:13        0.39
  1426                 JUNCTION     0.17     0.17  3433.70     0  22:49        0.17
  1427                 JUNCTION     0.28     0.28  3435.17     0  01:05        0.28
  1428                 JUNCTION     0.24     0.24  3436.39     0  00:01        0.24
  1429                 JUNCTION     0.21     0.21  3437.65     0  00:15        0.21
  143                  JUNCTION     0.85     0.85  3335.34     0  07:04        0.85
  1430                 JUNCTION     0.18     0.18  3438.45     0  00:13        0.18
  1431                 JUNCTION     0.15     0.15  3439.15     0  00:06        0.15
  1451                 JUNCTION     0.11     0.11  3447.81     0  05:08        0.11
  1452                 JUNCTION     0.10     0.10  3453.27     0  06:29        0.10
  1453                 JUNCTION     0.13     0.13  3455.13     0  03:59        0.13
  1454                 JUNCTION     0.15     0.15  3443.36     0  00:10        0.15
  1458                 JUNCTION     0.27     0.27  3432.32     0  07:03        0.27
  1459                 JUNCTION     0.13     0.13  3441.90     0  01:13        0.13
  1460                 JUNCTION     0.12     0.12  3451.21     0  09:04        0.12
  1464                 JUNCTION     0.24     0.24  3431.17     0  07:03        0.24
  1470                 JUNCTION     0.14     0.14  3478.30     0  00:00        0.14
  1471                 JUNCTION     0.17     0.17  3476.65     0  00:00        0.17
  1472                 JUNCTION     0.20     0.20  3475.00     0  00:00        0.20
  1473                 JUNCTION     0.23     0.23  3473.32     0  00:01        0.23
  1474                 JUNCTION     0.24     0.24  3472.49     0  00:00        0.24
  1475                 JUNCTION     0.50     0.50  3472.24     0  00:06        0.50
  1491                 JUNCTION     0.04     0.04  3450.18     0  00:00        0.04
  1493                 JUNCTION     0.10     0.10  3479.88     0  00:00        0.10
  1494                 JUNCTION     0.06     0.06  3481.65     0  00:00        0.06
  1495                 JUNCTION     0.10     0.10  3465.10     0  00:04        0.10
  1496                 JUNCTION     0.10     0.10  3454.10     0  00:03        0.10
  1497                 JUNCTION     0.15     0.15  3438.37     0  00:42        0.15
  1498                 JUNCTION     0.16     0.16  3441.26     0  16:25        0.16
  150                  JUNCTION     0.85     0.85  3334.86     0  12:51        0.85
  1504                 JUNCTION     0.34     0.34  3428.84     0  06:09        0.34
  1513                 JUNCTION     0.11     0.11  3456.66     0  00:00        0.11
  1514                 JUNCTION     0.09     0.09  3458.24     0  00:00        0.09
  1515                 JUNCTION     0.07     0.07  3459.61     0  00:00        0.07
  154                  JUNCTION     0.84     0.84  3334.73     0  16:57        0.84
  1559                 JUNCTION     0.21     0.21  3452.45     0  09:04        0.21
  1580                 JUNCTION     0.17     0.17  3453.15     0  00:06        0.17
  1581                 JUNCTION     0.16     0.16  3454.51     0  00:05        0.16
  1582                 JUNCTION     0.46     0.46  3428.31     0  10:13        0.46
  1583                 JUNCTION     0.13     0.13  3455.88     0  00:05        0.13
  159                  JUNCTION     0.73     0.73  3334.18     0  16:58        0.73
  1590                 JUNCTION     0.56     0.56  3373.00     0  07:46        0.56
  1591                 JUNCTION     0.57     0.57  3373.78     0  07:44        0.57
  1592                 JUNCTION     0.53     0.53  3374.24     0  00:06        0.53
  1594                 JUNCTION     0.57     0.57  3378.32     0  07:28        0.57
  1595                 JUNCTION     0.34     0.34  3386.79     0  00:52        0.34
  1596                 JUNCTION     0.34     0.34  3395.40     0  08:59        0.34
  1597                 JUNCTION     0.36     0.36  3402.30     0  03:54        0.36
  1598                 JUNCTION     0.35     0.35  3409.07     0  07:54        0.35
  1599                 JUNCTION     0.55     0.55  3410.21     0  07:52        0.55
  1600                 JUNCTION     0.51     0.51  3411.20     0  09:54        0.51
  1601                 JUNCTION     0.49     0.49  3411.72     0  04:36        0.49
  1602                 JUNCTION     0.52     0.52  3412.59     0  14:26        0.52
  1603                 JUNCTION     0.55     0.55  3412.87     0  02:11        0.55
  1604                 JUNCTION     0.54     0.54  3413.02     0  02:02        0.54
  1605                 JUNCTION     0.53     0.53  3413.28     0  00:10        0.53
  1606                 JUNCTION     0.52     0.52  3413.61     0  00:01        0.52
  1607                 JUNCTION     0.52     0.52  3414.43     0  18:03        0.52
  1608                 JUNCTION     0.48     0.48  3415.24     0  01:55        0.48
  1609                 JUNCTION     0.47     0.47  3416.44     0  00:14        0.47
  1610                 JUNCTION     0.34     0.34  3422.22     0  17:22        0.34
  1611                 JUNCTION     0.38     0.38  3423.55     0  03:24        0.38
  1612                 JUNCTION     0.39     0.39  3426.47     0  02:22        0.39
  1613                 JUNCTION     0.38     0.38  3429.35     0  00:17        0.38
  1614                 JUNCTION     0.38     0.38  3432.32     0  15:00        0.38
  1616                 JUNCTION     0.23     0.23  3443.38     0  12:40        0.23
  1617                 JUNCTION     0.26     0.26  3451.41     0  01:06        0.26
  1618                 JUNCTION     0.24     0.24  3460.19     0  06:15        0.24
  1619                 JUNCTION     0.24     0.24  3468.99     0  19:46        0.24
  1620                 JUNCTION     0.27     0.27  3474.62     0  12:53        0.27
  1621                 JUNCTION     0.25     0.25  3477.92     0  19:38        0.25
  1622                 JUNCTION     0.24     0.24  3433.24     0  05:33        0.24
  1623                 JUNCTION     0.17     0.17  3438.71     0  06:18        0.17
  1624                 JUNCTION     0.22     0.22  3439.34     0  04:15        0.22
  1625                 JUNCTION     0.18     0.18  3440.44     0  03:00        0.18
  1626                 JUNCTION     0.18     0.18  3442.00     0  00:28        0.18
  1627                 JUNCTION     0.17     0.17  3443.67     0  00:00        0.17
  1628                 JUNCTION     0.13     0.13  3444.14     0  00:00        0.13
  1629                 JUNCTION     0.12     0.12  3444.64     0  00:00        0.12
  1630                 JUNCTION     0.08     0.08  3445.39     0  00:00        0.08
  1643                 JUNCTION     0.08     0.08  3395.39     0  00:00        0.08
  166                  JUNCTION     0.86     0.86  3333.34     0  09:55        0.86
  1685                 JUNCTION     0.27     0.27  3377.27     0  23:52        0.27
  1712                 JUNCTION     0.12     0.12  3393.56     0  00:06        0.12
  1713                 JUNCTION     0.15     0.15  3390.44     0  00:01        0.15
  1714                 JUNCTION     0.13     0.13  3386.89     0  00:01        0.13
  173                  JUNCTION     0.64     0.64  3332.48     0  19:16        0.64
  177                  JUNCTION     0.39     0.39  3326.69     0  13:40        0.39
  178                  JUNCTION     0.61     0.61  3329.65     0  06:52        0.61
  1788                 JUNCTION     0.10     0.10  3378.07     0  00:00        0.10
  179                  JUNCTION     0.62     0.62  3331.62     0  01:57        0.62
  1815                 JUNCTION     0.33     0.33  3289.41     0  20:01        0.33
  1819                 JUNCTION     0.36     0.36  3295.02     0  06:58        0.36
  1825                 JUNCTION     0.20     0.20  3298.01     0  00:11        0.20
  1826                 JUNCTION     0.25     0.25  3297.34     0  00:11        0.25
  1827                 JUNCTION     0.25     0.25  3297.07     0  00:00        0.25
  1828                 JUNCTION     0.26     0.26  3296.56     0  00:13        0.26
  1829                 JUNCTION     0.30     0.30  3296.18     0  08:03        0.30
  1830                 JUNCTION     0.28     0.28  3295.90     0  08:09        0.28
  1831                 JUNCTION     0.32     0.32  3295.11     0  12:58        0.32
  1832                 JUNCTION     0.31     0.31  3294.56     0  06:59        0.31
  1833                 JUNCTION     0.33     0.33  3294.02     0  00:02        0.33
  1834                 JUNCTION     0.52     0.52  3293.63     0  11:49        0.52
  1835                 JUNCTION     0.33     0.33  3293.39     0  01:26        0.33
  1836                 JUNCTION     0.36     0.36  3292.44     0  23:50        0.36
  1837                 JUNCTION     0.43     0.43  3291.71     0  15:53        0.43
  1838                 JUNCTION     0.36     0.36  3291.10     0  23:52        0.36
  1839                 JUNCTION     0.44     0.44  3290.21     0  03:34        0.44
  1842                 JUNCTION     0.26     0.26  3324.72     0  21:39        0.26
  1843                 JUNCTION     0.16     0.16  3325.90     0  00:02        0.16
  1844                 JUNCTION     0.08     0.08  3334.08     0  00:01        0.08
  1845                 JUNCTION     0.20     0.20  3315.78     0  00:01        0.20
  1846                 JUNCTION     0.15     0.15  3317.21     0  01:45        0.15
  1847                 JUNCTION     0.39     0.39  3324.88     0  11:04        0.39
  1848                 JUNCTION     0.43     0.43  3318.22     0  22:25        0.43
  1849                 JUNCTION     0.43     0.43  3314.82     0  03:54        0.43
  1850                 JUNCTION     0.43     0.43  3310.57     0  17:37        0.43
  1851                 JUNCTION     0.44     0.44  3306.78     0  20:42        0.44
  1852                 JUNCTION     0.41     0.41  3303.10     0  19:31        0.41
  1853                 JUNCTION     0.44     0.44  3302.60     0  17:17        0.44
  1854                 JUNCTION     0.44     0.44  3297.45     0  15:03        0.44
  1855                 JUNCTION     0.60     0.60  3292.32     0  20:47        0.60
  1856                 JUNCTION     0.60     0.60  3290.99     0  02:58        0.60
  1857                 JUNCTION     0.64     0.64  3290.62     0  20:19        0.64
  1858                 JUNCTION     0.61     0.61  3289.52     0  12:19        0.61
  1859                 JUNCTION     0.70     0.70  3288.20     0  00:16        0.70
  1861                 JUNCTION     0.97     0.97  3286.88     0  16:46        0.97
  1862                 JUNCTION     0.79     0.79  3287.55     0  19:19        0.79
  1863                 JUNCTION     0.26     0.26  3312.83     0  02:00        0.26
  1864                 JUNCTION     0.17     0.17  3323.81     0  06:01        0.17
  187                  JUNCTION     0.19     0.19  3314.91     0  01:38        0.19
  188                  JUNCTION     0.14     0.14  3325.32     0  00:02        0.14
  189                  JUNCTION     0.11     0.11  3324.99     0  00:08        0.11
  19                   JUNCTION     0.41     0.41  3294.18     0  02:27        0.41
  1916                 JUNCTION     0.04     0.04  3305.68     0  00:01        0.04
  196                  JUNCTION     0.75     0.75  3341.32     0  04:12        0.75
  197                  JUNCTION     0.74     0.74  3342.41     0  02:43        0.74
  1980                 JUNCTION     0.06     0.06  3337.76     0  00:04        0.06
  200                  JUNCTION     0.06     0.06  3330.83     0  00:00        0.06
  201                  JUNCTION     0.85     0.85  3327.15     0  18:09        0.85
  2010                 JUNCTION     0.05     0.05  3337.39     0  00:00        0.05
  202                  JUNCTION     0.86     0.86  3325.06     0  00:20        0.86
  2022                 JUNCTION     0.63     0.63  3372.10     0  14:38        0.63
  2023                 JUNCTION     0.40     0.40  3370.92     0  14:40        0.40
  2024                 JUNCTION     0.43     0.43  3365.70     0  01:31        0.43
  2025                 JUNCTION     0.43     0.43  3362.31     0  01:20        0.43
  2026                 JUNCTION     0.44     0.44  3359.40     0  21:52        0.44
  2027                 JUNCTION     0.44     0.44  3355.98     0  19:26        0.44
  2028                 JUNCTION     0.48     0.48  3353.25     0  05:41        0.48
  2029                 JUNCTION     0.32     0.32  3349.36     0  04:30        0.32
  203                  JUNCTION     1.01     1.01  3324.36     0  03:18        1.01
  2030                 JUNCTION     0.40     0.40  3336.64     0  00:27        0.40
  2031                 JUNCTION     0.41     0.41  3330.98     0  23:38        0.41
  204                  JUNCTION     1.23     1.23  3321.91     0  04:20        1.23
  205                  JUNCTION     0.56     0.56  3318.91     0  06:28        0.56
  206                  JUNCTION     1.37     1.37  3309.25     0  15:14        1.37
  207                  JUNCTION     0.89     0.89  3308.27     0  16:01        0.89
  209                  JUNCTION     1.09     1.09  3308.11     0  10:04        1.09
  2095                 JUNCTION     0.16     0.16  3295.03     0  10:20        0.16
  2096                 JUNCTION     0.30     0.30  3295.18     0  09:34        0.30
  2097                 JUNCTION     0.08     0.08  3297.33     0  00:00        0.08
  2098                 JUNCTION     0.11     0.11  3297.07     0  00:01        0.11
  2099                 JUNCTION     0.13     0.13  3296.39     0  00:57        0.13
  2100                 JUNCTION     0.13     0.13  3295.69     0  00:59        0.13
  2102                 JUNCTION     0.55     0.55  3293.06     0  12:08        0.55
  2103                 JUNCTION     0.38     0.38  3289.38     0  01:13        0.38
  2121                 JUNCTION     0.15     0.15  3294.15     0  12:46        0.15
  2122                 JUNCTION     0.48     0.48  3288.61     0  11:11        0.48
  2123                 JUNCTION     0.31     0.31  3288.10     0  05:27        0.31
  2125                 JUNCTION     0.41     0.41  3288.58     0  18:50        0.41
  2126                 JUNCTION     0.36     0.36  3287.71     0  18:51        0.36
  2127                 JUNCTION     0.36     0.36  3286.48     0  14:25        0.36
  213                  JUNCTION     1.09     1.09  3306.64     0  13:30        1.09
  2130                 JUNCTION     0.36     0.36  3291.50     0  00:13        0.36
  2136                 JUNCTION     1.04     1.04  3290.82     0  01:25        1.04
  2137                 JUNCTION     0.70     0.70  3295.35     0  11:50        0.70
  2138                 JUNCTION     0.74     0.74  3295.97     0  11:55        0.74
  2139                 JUNCTION     0.31     0.31  3294.42     0  02:01        0.31
  214                  JUNCTION     0.24     0.24  3326.14     0  12:20        0.24
  2140                 JUNCTION     0.31     0.31  3293.27     0  02:12        0.31
  2141                 JUNCTION     0.34     0.34  3292.69     0  00:04        0.34
  2142                 JUNCTION     0.35     0.35  3291.82     0  00:24        0.35
  2143                 JUNCTION     0.37     0.37  3291.01     0  01:10        0.37
  2144                 JUNCTION     0.37     0.37  3290.19     0  02:41        0.37
  2145                 JUNCTION     0.71     0.71  3298.12     0  00:07        0.71
  2148                 JUNCTION     0.06     0.06  3305.28     0  00:00        0.06
  215                  JUNCTION     0.27     0.27  3327.17     0  14:14        0.27
  2151                 JUNCTION     0.70     0.70  3293.18     0  11:50        0.70
  2153                 JUNCTION     0.10     0.10  3294.18     0  17:47        0.10
  2154                 JUNCTION     0.20     0.20  3295.34     0  05:50        0.20
  2155                 JUNCTION     0.13     0.13  3297.87     0  07:28        0.13
  2156                 JUNCTION     0.15     0.15  3298.45     0  02:22        0.15
  2157                 JUNCTION     0.13     0.13  3299.55     0  00:01        0.13
  2158                 JUNCTION     0.07     0.07  3300.87     0  00:00        0.07
  2159                 JUNCTION     0.10     0.10  3300.19     0  00:01        0.10
  2160                 JUNCTION     0.02     0.02  3300.92     0  00:00        0.02
  2161                 JUNCTION     0.08     0.08  3300.73     0  00:00        0.08
  2162                 JUNCTION     0.11     0.11  3300.15     0  00:00        0.11
  2163                 JUNCTION     0.14     0.14  3299.80     0  00:01        0.14
  2164                 JUNCTION     0.16     0.16  3299.21     0  00:02        0.16
  2165                 JUNCTION     0.17     0.17  3298.80     0  00:00        0.17
  2166                 JUNCTION     0.19     0.19  3298.39     0  00:01        0.19
  2167                 JUNCTION     0.20     0.20  3298.00     0  00:05        0.20
  2168                 JUNCTION     0.22     0.22  3297.47     0  00:52        0.22
  2169                 JUNCTION     0.21     0.21  3298.15     0  00:00        0.21
  2170                 JUNCTION     0.21     0.21  3298.80     0  00:01        0.21
  2171                 JUNCTION     0.19     0.19  3299.56     0  00:00        0.19
  2172                 JUNCTION     0.17     0.17  3300.48     0  00:00        0.17
  2173                 JUNCTION     0.13     0.13  3302.09     0  00:00        0.13
  2174                 JUNCTION     0.16     0.16  3301.08     0  00:00        0.16
  2175                 JUNCTION     0.55     0.55  3295.81     0  14:26        0.55
  218                  JUNCTION     0.95     0.95  3329.69     0  22:06        0.95
  2187                 JUNCTION     0.46     0.46  3298.25     0  07:32        0.46
  2198                 JUNCTION     0.06     0.06  3293.61     0  00:00        0.06
  2199                 JUNCTION     0.08     0.08  3292.81     0  00:00        0.08
  22                   JUNCTION     0.32     0.32  3295.98     0  10:47        0.32
  2200                 JUNCTION     0.10     0.10  3291.94     0  00:00        0.10
  2201                 JUNCTION     0.12     0.12  3290.87     0  00:00        0.12
  2202                 JUNCTION     0.14     0.14  3289.92     0  00:00        0.14
  2203                 JUNCTION     0.14     0.14  3289.05     0  00:00        0.14
  2204                 JUNCTION     0.09     0.09  3291.64     0  01:23        0.09
  2205                 JUNCTION     0.08     0.08  3290.71     0  04:45        0.08
  2206                 JUNCTION     0.20     0.20  3288.40     0  07:24        0.20
  2207                 JUNCTION     0.21     0.21  3288.06     0  15:10        0.21
  2210                 JUNCTION     0.30     0.30  3282.41     0  17:49        0.30
  2211                 JUNCTION     0.22     0.22  3286.52     0  13:49        0.22
  2212                 JUNCTION     0.25     0.25  3286.89     0  07:40        0.25
  2214                 JUNCTION     0.68     0.68  3297.19     0  07:13        0.68
  2219                 JUNCTION     0.45     0.45  3298.19     0  00:11        0.45
  2220                 JUNCTION     0.35     0.35  3297.49     0  07:48        0.35
  2221                 JUNCTION     0.26     0.26  3299.59     0  03:59        0.26
  2228                 JUNCTION     0.24     0.24  3298.78     0  07:30        0.24
  2229                 JUNCTION     0.81     0.81  3298.41     0  17:26        0.81
  2230                 JUNCTION     0.55     0.55  3296.38     0  12:05        0.55
  2231                 JUNCTION     0.59     0.59  3296.75     0  12:13        0.59
  2232                 JUNCTION     0.55     0.55  3296.84     0  17:22        0.55
  2233                 JUNCTION     0.53     0.53  3296.98     0  02:27        0.53
  2234                 JUNCTION     0.52     0.52  3297.13     0  07:07        0.52
  2235                 JUNCTION     1.09     1.09  3297.16     0  07:01        1.09
  2236                 JUNCTION     0.64     0.64  3297.18     0  07:14        0.64
  2237                 JUNCTION     0.50     0.50  3297.26     0  15:16        0.50
  2238                 JUNCTION     0.36     0.36  3297.80     0  14:38        0.36
  2239                 JUNCTION     0.25     0.25  3298.36     0  06:47        0.25
  2245                 JUNCTION     0.25     0.25  3282.55     0  07:42        0.25
  2246                 JUNCTION     0.30     0.30  3283.78     0  00:02        0.30
  2247                 JUNCTION     0.41     0.41  3282.72     0  19:32        0.41
  225                  JUNCTION     0.39     0.39  3308.11     0  09:34        0.39
  2253                 JUNCTION     0.52     0.52  3296.04     0  14:22        0.52
  2255                 JUNCTION     0.27     0.27  3286.03     0  17:34        0.27
  2256                 JUNCTION     0.23     0.23  3285.62     0  11:57        0.23
  2257                 JUNCTION     0.23     0.23  3284.83     0  02:52        0.23
  2258                 JUNCTION     0.24     0.24  3284.38     0  12:13        0.24
  2259                 JUNCTION     0.27     0.27  3284.00     0  07:36        0.27
  227                  JUNCTION     0.83     0.83  3334.65     0  16:57        0.83
  2270                 JUNCTION     0.17     0.17  3287.22     0  02:36        0.17
  2274                 JUNCTION     0.23     0.23  3283.09     0  00:45        0.23
  2281                 JUNCTION     0.24     0.24  3283.50     0  10:24        0.24
  2286                 JUNCTION     0.07     0.07  3297.16     0  00:00        0.07
  2287                 JUNCTION     0.62     0.62  3295.12     0  15:03        0.62
  2288                 JUNCTION     0.48     0.48  3295.07     0  14:36        0.48
  2289                 JUNCTION     0.49     0.49  3295.29     0  09:13        0.49
  229                  JUNCTION     0.90     0.90  3327.87     0  17:12        0.90
  2290                 JUNCTION     0.55     0.55  3295.57     0  08:32        0.55
  230                  JUNCTION     1.08     1.08  3329.32     0  21:14        1.08
  2354                 JUNCTION     0.52     0.52  3329.68     0  06:54        0.52
  2355                 JUNCTION     0.33     0.33  3324.42     0  06:55        0.33
  2356                 JUNCTION     0.51     0.51  3317.44     0  20:58        0.51
  2357                 JUNCTION     0.43     0.43  3327.48     0  21:20        0.43
  2358                 JUNCTION     0.54     0.54  3328.79     0  06:54        0.54
  2360                 JUNCTION     0.35     0.35  3308.47     0  18:43        0.35
  2361                 JUNCTION     0.51     0.51  3301.21     0  03:30        0.51
  2362                 JUNCTION     0.48     0.48  3297.43     0  18:48        0.48
  2363                 JUNCTION     0.49     0.49  3294.63     0  00:09        0.49
  2364                 JUNCTION     0.51     0.51  3293.26     0  07:31        0.51
  2365                 JUNCTION     0.49     0.49  3292.39     0  01:03        0.49
  2366                 JUNCTION     0.59     0.59  3290.83     0  15:44        0.59
  2367                 JUNCTION     0.50     0.50  3290.39     0  12:36        0.50
  2368                 JUNCTION     0.56     0.56  3290.10     0  00:52        0.56
  2371                 JUNCTION     2.25     2.25  3289.86     0  23:34        2.25
  2372                 JUNCTION     1.57     1.57  3289.82     0  23:33        1.57
  2373                 JUNCTION     0.62     0.62  3289.51     0  23:36        0.62
  2396                 JUNCTION     0.49     0.49  3299.22     0  18:59        0.49
  2447                 JUNCTION     0.12     0.12  3290.12     0  00:09        0.12
  2459                 JUNCTION     0.08     0.08  3292.78     0  00:10        0.08
  2463                 JUNCTION     0.03     0.03  3300.33     0  00:02        0.03
  2464                 JUNCTION     0.42     0.42  3300.02     0  08:54        0.42
  2465                 JUNCTION     0.45     0.45  3297.85     0  23:06        0.45
  2466                 JUNCTION     0.44     0.44  3298.91     0  23:05        0.44
  2467                 JUNCTION     0.45     0.45  3297.37     0  01:24        0.45
  2468                 JUNCTION     0.46     0.46  3296.18     0  23:08        0.46
  2469                 JUNCTION     0.51     0.51  3295.03     0  08:45        0.51
  2470                 JUNCTION     0.23     0.23  3293.55     0  08:08        0.23
  2477                 JUNCTION     0.37     0.37  3288.03     0  01:12        0.37
  2478                 JUNCTION     0.61     0.61  3289.21     0  09:12        0.61
  2480                 JUNCTION     2.20     2.20  3282.87     0  21:23        2.20
  2481                 JUNCTION     0.46     0.46  3283.35     0  14:23        0.46
  2482                 JUNCTION     0.87     0.87  3284.20     0  11:34        0.87
  2483                 JUNCTION     0.82     0.82  3284.68     0  04:00        0.82
  2484                 JUNCTION     0.46     0.46  3289.72     0  12:14        0.46
  2485                 JUNCTION     0.57     0.57  3289.11     0  17:36        0.57
  2486                 JUNCTION     0.32     0.32  3288.09     0  02:21        0.32
  2487                 JUNCTION     0.83     0.83  3286.86     0  11:36        0.83
  2488                 JUNCTION     0.85     0.85  3286.14     0  21:21        0.85
  2489                 JUNCTION     0.75     0.75  3285.33     0  20:53        0.75
  2534                 JUNCTION     0.82     0.82  3287.79     0  02:24        0.82
  2535                 JUNCTION     0.97     0.97  3287.31     0  20:50        0.97
  2546                 JUNCTION     0.81     0.81  3291.31     0  08:25        0.81
  2547                 JUNCTION     0.84     0.84  3290.99     0  04:54        0.84
  2548                 JUNCTION     0.62     0.62  3290.15     0  00:54        0.62
  2564                 JUNCTION     0.06     0.06  3319.45     0  00:01        0.06
  2575                 JUNCTION     0.23     0.23  3304.53     0  00:23        0.23
  2591                 JUNCTION     0.11     0.11  3307.62     0  00:00        0.11
  2592                 JUNCTION     0.13     0.13  3307.33     0  00:00        0.13
  2593                 JUNCTION     0.14     0.14  3306.67     0  00:02        0.14
  2594                 JUNCTION     0.18     0.18  3306.20     0  06:21        0.18
  2595                 JUNCTION     0.15     0.15  3305.90     0  00:00        0.15
  2596                 JUNCTION     0.20     0.20  3305.06     0  00:03        0.20
  2597                 JUNCTION     0.21     0.21  3304.76     0  00:09        0.21
  2598                 JUNCTION     0.30     0.30  3304.37     0  22:58        0.30
  2599                 JUNCTION     0.15     0.15  3303.74     0  23:01        0.15
  2602                 JUNCTION     0.27     0.27  3302.03     0  06:57        0.27
  2604                 JUNCTION     0.31     0.31  3300.58     0  12:51        0.31
  2612                 JUNCTION     0.07     0.07  3313.71     0  00:00        0.07
  2623                 JUNCTION     0.10     0.10  3312.70     0  00:00        0.10
  2624                 JUNCTION     0.12     0.12  3312.02     0  00:02        0.12
  2629                 JUNCTION     0.14     0.14  3311.16     0  00:02        0.14
  2630                 JUNCTION     0.16     0.16  3310.77     0  00:01        0.16
  2631                 JUNCTION     0.16     0.16  3309.93     0  01:38        0.16
  2634                 JUNCTION     0.12     0.12  3317.61     0  06:03        0.12
  2635                 JUNCTION     0.09     0.09  3318.34     0  00:01        0.09
  2642                 JUNCTION     0.12     0.12  3316.97     0  06:03        0.12
  2643                 JUNCTION     0.13     0.13  3314.34     0  00:44        0.13
  2644                 JUNCTION     0.14     0.14  3311.97     0  00:33        0.14
  2645                 JUNCTION     0.20     0.20  3309.72     0  04:16        0.20
  2646                 JUNCTION     0.21     0.21  3309.28     0  05:13        0.21
  2647                 JUNCTION     0.22     0.22  3308.84     0  01:44        0.22
  2648                 JUNCTION     0.23     0.23  3308.34     0  01:55        0.23
  2649                 JUNCTION     0.25     0.25  3307.91     0  00:08        0.25
  2650                 JUNCTION     0.27     0.27  3307.48     0  06:55        0.27
  2657                 JUNCTION     0.14     0.14  3308.14     0  00:35        0.14
  2658                 JUNCTION     0.15     0.15  3306.67     0  11:05        0.15
  2659                 JUNCTION     0.18     0.18  3306.40     0  01:13        0.18
  2660                 JUNCTION     0.19     0.19  3305.83     0  07:49        0.19
  2665                 JUNCTION     0.21     0.21  3307.19     0  23:54        0.21
  2666                 JUNCTION     0.28     0.28  3304.96     0  19:10        0.28
  2667                 JUNCTION     0.26     0.26  3304.26     0  15:56        0.26
  2668                 JUNCTION     0.27     0.27  3303.07     0  01:58        0.27
  2669                 JUNCTION     0.34     0.34  3301.10     0  12:28        0.34
  2683                 JUNCTION     0.07     0.07  3308.07     0  00:00        0.07
  2691                 JUNCTION     0.88     0.88  3291.50     0  00:52        0.88
  2692                 JUNCTION     0.69     0.69  3292.76     0  08:27        0.69
  2693                 JUNCTION     0.80     0.80  3293.87     0  04:21        0.80
  2694                 JUNCTION     0.76     0.76  3294.73     0  02:05        0.76
  2695                 JUNCTION     0.76     0.76  3295.24     0  00:18        0.76
  2696                 JUNCTION     0.72     0.72  3296.36     0  11:02        0.72
  2697                 JUNCTION     0.77     0.77  3297.24     0  02:59        0.77
  2698                 JUNCTION     0.71     0.71  3298.13     0  06:34        0.71
  2727                 JUNCTION     0.26     0.26  3411.25     0  13:48        0.26
  2752                 JUNCTION     0.22     0.22  3470.63     0  04:32        0.22
  2753                 JUNCTION     0.49     0.49  3433.59     0  17:07        0.49
  2754                 JUNCTION     0.20     0.20  3525.72     0  04:32        0.20
  2755                 JUNCTION     0.16     0.16  3491.18     0  04:32        0.16
  2756                 JUNCTION     0.20     0.20  3432.67     0  23:34        0.20
  2779                 JUNCTION     0.06     0.06  3338.60     0  00:00        0.06
  2780                 JUNCTION     0.09     0.09  3336.16     0  00:00        0.09
  2781                 JUNCTION     0.10     0.10  3334.41     0  00:00        0.10
  2782                 JUNCTION     0.50     0.50  3332.64     0  17:01        0.50
  28                   JUNCTION     0.44     0.44  3293.41     0  03:25        0.44
  2811                 JUNCTION     0.26     0.26  3403.51     0  20:37        0.26
  2812                 JUNCTION     0.26     0.26  3390.42     0  08:24        0.26
  2813                 JUNCTION     0.26     0.26  3376.53     0  02:03        0.26
  2814                 JUNCTION     0.26     0.26  3362.07     0  20:38        0.26
  2815                 JUNCTION     0.30     0.30  3348.90     0  00:00        0.30
  2816                 JUNCTION     0.44     0.44  3338.46     0  14:54        0.44
  2817                 JUNCTION     0.42     0.42  3336.41     0  19:19        0.42
  2818                 JUNCTION     0.46     0.46  3334.00     0  19:19        0.46
  2820                 JUNCTION     0.38     0.38  3331.05     0  01:24        0.38
  2821                 JUNCTION     0.54     0.54  3330.84     0  23:58        0.54
  2861                 JUNCTION     0.30     0.30  3406.39     0  08:32        0.30
  2862                 JUNCTION     0.05     0.05  3402.51     0  00:00        0.05
  2863                 JUNCTION     0.06     0.06  3396.06     0  00:00        0.06
  2864                 JUNCTION     0.07     0.07  3385.07     0  00:00        0.07
  2865                 JUNCTION     0.14     0.14  3373.42     0  06:03        0.14
  2914                 JUNCTION     0.10     0.10  3372.08     0  07:17        0.10
  2915                 JUNCTION     0.10     0.10  3363.41     0  08:30        0.10
  2916                 JUNCTION     0.12     0.12  3355.96     0  00:01        0.12
  2917                 JUNCTION     0.13     0.13  3348.93     0  00:55        0.13
  2918                 JUNCTION     0.15     0.15  3341.50     0  01:26        0.15
  2919                 JUNCTION     0.47     0.47  3340.01     0  09:07        0.47
  294                  JUNCTION     0.73     0.73  3343.52     0  01:00        0.73
  2948                 JUNCTION     0.20     0.20  3654.72     0  01:37        0.20
  2949                 JUNCTION     0.25     0.25  3653.04     0  00:04        0.25
  295                  JUNCTION     0.72     0.72  3344.62     0  01:16        0.72
  2950                 JUNCTION     0.26     0.26  3652.07     0  00:04        0.26
  2951                 JUNCTION     0.27     0.27  3651.25     0  00:17        0.27
  2952                 JUNCTION     0.27     0.27  3650.37     0  00:01        0.27
  2953                 JUNCTION     0.28     0.28  3649.67     0  00:29        0.28
  2954                 JUNCTION     0.32     0.32  3649.04     0  15:19        0.32
  2955                 JUNCTION     0.15     0.15  3648.24     0  05:05        0.15
  2956                 JUNCTION     0.35     0.35  3638.30     0  13:34        0.35
  296                  JUNCTION     0.72     0.72  3345.78     0  00:12        0.72
  2960                 JUNCTION     0.16     0.16  3624.48     0  02:46        0.16
  2961                 JUNCTION     0.17     0.17  3600.80     0  09:59        0.17
  2962                 JUNCTION     0.29     0.29  3628.29     0  13:38        0.29
  2963                 JUNCTION     0.28     0.28  3630.53     0  21:52        0.28
  2964                 JUNCTION     0.28     0.28  3634.29     0  00:17        0.28
  2965                 JUNCTION     0.33     0.33  3634.59     0  01:32        0.33
  2966                 JUNCTION     0.38     0.38  3635.91     0  22:02        0.38
  2967                 JUNCTION     0.36     0.36  3636.77     0  00:16        0.36
  2968                 JUNCTION     0.10     0.10  3638.97     0  00:09        0.10
  2969                 JUNCTION     0.31     0.31  3638.02     0  01:52        0.31
  297                  JUNCTION     0.42     0.42  3327.62     0  06:14        0.42
  2972                 JUNCTION     0.07     0.07  3639.87     0  00:00        0.07
  2979                 JUNCTION     0.11     0.11  3642.21     0  10:35        0.11
  298                  JUNCTION     0.14     0.14  3334.06     0  00:30        0.14
  299                  JUNCTION     0.21     0.21  3335.15     0  02:42        0.21
  2990                 JUNCTION     0.08     0.08  3649.26     0  00:00        0.08
  2991                 JUNCTION     0.18     0.18  3643.50     0  02:25        0.18
  2992                 JUNCTION     0.15     0.15  3644.61     0  00:25        0.15
  2993                 JUNCTION     0.11     0.11  3647.02     0  00:08        0.11
  2994                 JUNCTION     0.11     0.11  3648.06     0  00:12        0.11
  3                    JUNCTION     0.45     0.45  3297.47     0  16:41        0.45
  300                  JUNCTION     0.91     0.91  3329.39     0  18:08        0.91
  301                  JUNCTION     0.16     0.16  3336.68     0  00:00        0.16
  3014                 JUNCTION     0.17     0.17  3300.23     0  21:48        0.17
  3017                 JUNCTION     0.19     0.19  3300.77     0  00:17        0.19
  303                  JUNCTION     1.32     1.32  3340.56     0  06:52        1.32
  304                  JUNCTION     0.46     0.46  3338.01     0  16:01        0.46
  3040                 JUNCTION     0.07     0.07  3307.26     1  00:00        0.07
  3044                 JUNCTION     0.09     0.09  3306.75     0  00:00        0.09
  3045                 JUNCTION     0.07     0.07  3311.07     0  00:00        0.07
  3046                 JUNCTION     0.10     0.10  3309.80     0  00:00        0.10
  3047                 JUNCTION     0.08     0.08  3308.58     0  00:11        0.08
  3048                 JUNCTION     0.17     0.17  3303.81     0  00:00        0.17
  3049                 JUNCTION     0.18     0.18  3303.33     0  00:00        0.18
  3050                 JUNCTION     0.26     0.26  3302.98     0  05:29        0.26
  3051                 JUNCTION     0.24     0.24  3302.88     0  13:43        0.24
  3052                 JUNCTION     0.26     0.26  3300.17     0  03:26        0.26
  3053                 JUNCTION     0.38     0.38  3299.97     0  04:05        0.38
  3054                 JUNCTION     0.36     0.36  3299.89     0  07:50        0.36
  3056                 JUNCTION     0.18     0.18  3298.02     0  00:03        0.18
  306                  JUNCTION     1.13     1.13  3342.07     0  11:23        1.13
  3068                 JUNCTION     0.18     0.18  3304.04     0  00:14        0.18
  307                  JUNCTION     1.12     1.12  3343.76     0  05:37        1.12
  3079                 JUNCTION     0.28     0.28  3304.84     0  02:52        0.28
  308                  JUNCTION     1.11     1.11  3345.45     0  12:51        1.11
  3080                 JUNCTION     0.17     0.17  3304.73     0  02:57        0.17
  3085                 JUNCTION     0.12     0.12  3301.63     0  00:05        0.12
  3089                 JUNCTION     0.17     0.17  3299.23     0  00:00        0.17
  309                  JUNCTION     1.11     1.11  3345.87     0  12:27        1.11
  310                  JUNCTION     0.56     0.56  3352.59     0  23:16        0.56
  311                  JUNCTION     0.10     0.10  3339.34     0  00:00        0.10
  3113                 JUNCTION     0.23     0.23  3303.36     0  03:03        0.23
  3118                 JUNCTION     0.23     0.23  3302.95     0  03:03        0.23
  312                  JUNCTION     0.82     0.82  3358.22     0  15:53        0.82
  3121                 JUNCTION     0.24     0.24  3301.82     0  00:21        0.24
  3123                 JUNCTION     0.24     0.24  3302.41     0  03:16        0.24
  313                  JUNCTION     0.21     0.21  3328.21     0  00:14        0.21
  3131                 JUNCTION     0.26     0.26  3301.09     0  00:17        0.26
  3135                 JUNCTION     0.19     0.19  3297.72     0  00:00        0.19
  3136                 JUNCTION     0.21     0.21  3297.04     0  00:06        0.21
  3137                 JUNCTION     0.22     0.22  3296.35     0  00:00        0.22
  3138                 JUNCTION     0.42     0.42  3295.54     0  21:56        0.42
  314                  JUNCTION     0.24     0.24  3329.84     0  00:02        0.24
  3141                 JUNCTION     0.06     0.06  3305.17     0  00:00        0.06
  3142                 JUNCTION     0.10     0.10  3302.89     0  00:00        0.10
  3143                 JUNCTION     0.12     0.12  3302.03     0  00:01        0.12
  3144                 JUNCTION     0.14     0.14  3301.18     0  00:00        0.14
  3145                 JUNCTION     0.16     0.16  3300.32     0  00:00        0.16
  3146                 JUNCTION     0.17     0.17  3299.46     0  00:00        0.17
  3147                 JUNCTION     0.18     0.18  3298.62     0  00:03        0.18
  3148                 JUNCTION     0.20     0.20  3297.51     0  00:01        0.20
  3149                 JUNCTION     0.20     0.20  3296.43     0  00:00        0.20
  315                  JUNCTION     0.19     0.19  3331.69     0  00:00        0.19
  3150                 JUNCTION     0.32     0.32  3295.48     0  13:39        0.32
  3158                 JUNCTION     0.04     0.04  3291.95     0  00:08        0.04
  3159                 JUNCTION     0.05     0.05  3293.96     0  00:02        0.05
  3161                 JUNCTION     0.26     0.26  3289.16     0  00:11        0.26
  3169                 JUNCTION     0.09     0.09  3299.49     0  00:07        0.09
  3170                 JUNCTION     0.09     0.09  3299.85     0  00:11        0.09
  3171                 JUNCTION     0.69     0.69  3300.09     0  17:00        0.69
  3172                 JUNCTION     0.34     0.34  3300.10     0  00:10        0.34
  3173                 JUNCTION     0.19     0.19  3300.52     0  08:45        0.19
  3174                 JUNCTION     0.07     0.07  3301.86     0  00:00        0.07
  3175                 JUNCTION     0.11     0.11  3301.41     0  00:00        0.11
  3176                 JUNCTION     0.13     0.13  3300.91     0  00:05        0.13
  3177                 JUNCTION     0.15     0.15  3301.02     0  09:13        0.15
  3180                 JUNCTION     1.29     1.29  3287.55     0  11:03        1.29
  3181                 JUNCTION     1.43     1.43  3287.94     0  01:27        1.43
  3182                 JUNCTION     1.47     1.47  3288.22     0  01:26        1.47
  3183                 JUNCTION     1.48     1.48  3288.48     0  01:47        1.48
  3184                 JUNCTION     0.27     0.27  3289.27     0  23:22        0.27
  3185                 JUNCTION     1.41     1.41  3288.75     0  02:00        1.41
  3186                 JUNCTION     1.46     1.46  3289.04     0  21:21        1.46
  3187                 JUNCTION     0.83     0.83  3289.46     0  06:14        0.83
  3188                 JUNCTION     1.06     1.06  3290.43     0  06:11        1.06
  3189                 JUNCTION     0.15     0.15  3302.38     0  08:32        0.15
  3190                 JUNCTION     0.12     0.12  3301.47     0  08:35        0.12
  3191                 JUNCTION     0.21     0.21  3300.07     0  21:07        0.21
  3192                 JUNCTION     0.21     0.21  3298.09     0  00:44        0.21
  3193                 JUNCTION     0.22     0.22  3296.10     0  11:25        0.22
  3194                 JUNCTION     0.20     0.20  3293.94     0  02:18        0.20
  3195                 JUNCTION     0.25     0.25  3290.47     0  15:24        0.25
  3196                 JUNCTION     1.26     1.26  3287.08     0  23:29        1.26
  3197                 JUNCTION     1.18     1.18  3287.08     0  04:25        1.18
  3198                 JUNCTION     0.15     0.15  3289.26     0  23:43        0.15
  3199                 JUNCTION     0.27     0.27  3290.97     0  11:40        0.27
  3200                 JUNCTION     0.17     0.17  3289.47     0  00:05        0.17
  3201                 JUNCTION     0.15     0.15  3290.28     0  00:04        0.15
  3202                 JUNCTION     0.15     0.15  3290.95     0  00:00        0.15
  3203                 JUNCTION     0.13     0.13  3291.59     0  00:00        0.13
  3204                 JUNCTION     0.12     0.12  3292.12     0  00:02        0.12
  3205                 JUNCTION     0.10     0.10  3292.64     0  00:01        0.10
  3206                 JUNCTION     0.07     0.07  3295.85     0  00:00        0.07
  3207                 JUNCTION     0.05     0.05  3298.52     0  00:00        0.05
  3208                 JUNCTION     0.33     0.33  3294.41     0  06:35        0.33
  3209                 JUNCTION     0.29     0.29  3293.30     0  05:00        0.29
  3210                 JUNCTION     0.38     0.38  3291.92     0  23:20        0.38
  3211                 JUNCTION     0.31     0.31  3291.59     0  16:00        0.31
  3215                 JUNCTION     1.04     1.04  3281.97     0  01:54        1.04
  3220                 JUNCTION     0.05     0.05  3296.10     0  00:00        0.05
  3221                 JUNCTION     0.03     0.03  3299.12     0  00:00        0.03
  3242                 JUNCTION     0.18     0.18  3291.67     0  12:27        0.18
  3243                 JUNCTION     0.38     0.38  3292.83     0  06:16        0.38
  3244                 JUNCTION     0.20     0.20  3301.03     0  12:38        0.20
  3245                 JUNCTION     0.16     0.16  3320.52     0  00:00        0.16
  3246                 JUNCTION     0.15     0.15  3325.97     0  08:10        0.15
  3247                 JUNCTION     0.19     0.19  3332.46     0  20:04        0.19
  3248                 JUNCTION     0.17     0.17  3332.91     0  00:00        0.17
  3249                 JUNCTION     0.16     0.16  3335.04     0  00:01        0.16
  3250                 JUNCTION     0.15     0.15  3335.51     0  00:00        0.15
  3259                 JUNCTION     0.05     0.05  3359.53     0  00:00        0.05
  3261                 JUNCTION     0.07     0.07  3353.95     0  00:10        0.07
  3262                 JUNCTION     0.07     0.07  3348.59     0  00:44        0.07
  3263                 JUNCTION     0.13     0.13  3336.42     0  00:00        0.13
  3266                 JUNCTION     0.15     0.15  3331.72     0  20:05        0.15
  3267                 JUNCTION     0.15     0.15  3325.97     0  18:39        0.15
  3268                 JUNCTION     0.22     0.22  3307.35     0  02:17        0.22
  3269                 JUNCTION     0.21     0.21  3315.53     0  01:40        0.21
  327                  JUNCTION     0.33     0.33  3409.73     0  00:42        0.33
  3276                 JUNCTION     0.21     0.21  3310.26     0  08:48        0.21
  3305                 JUNCTION     0.26     0.26  3294.79     0  07:53        0.26
  3306                 JUNCTION     0.23     0.23  3299.33     0  01:26        0.23
  331                  JUNCTION     0.19     0.19  3408.31     0  21:29        0.19
  3313                 JUNCTION     0.33     0.33  3293.24     0  00:05        0.33
  3378                 JUNCTION     0.05     0.05  3325.05     0  00:00        0.05
  3379                 JUNCTION     0.08     0.08  3322.08     0  00:00        0.08
  3380                 JUNCTION     0.11     0.11  3318.99     0  00:00        0.11
  3381                 JUNCTION     0.14     0.14  3317.38     0  00:00        0.14
  3382                 JUNCTION     0.09     0.09  3315.67     0  00:00        0.09
  3386                 JUNCTION     0.26     0.26  3308.43     0  01:17        0.26
  3387                 JUNCTION     0.27     0.27  3305.86     0  00:42        0.27
  3388                 JUNCTION     0.19     0.19  3303.12     0  02:48        0.19
  3393                 JUNCTION     0.58     0.58  3286.22     0  00:25        0.58
  3394                 JUNCTION     0.21     0.21  3288.68     0  21:03        0.21
  3395                 JUNCTION     0.36     0.36  3290.33     0  21:03        0.36
  3396                 JUNCTION     0.32     0.32  3292.02     0  16:48        0.32
  3397                 JUNCTION     1.14     1.14  3283.29     0  04:14        1.14
  3398                 JUNCTION     1.11     1.11  3284.01     0  11:16        1.11
  3399                 JUNCTION     1.11     1.11  3284.75     0  11:15        1.11
  34                   JUNCTION     0.32     0.32  3294.78     0  00:27        0.32
  3400                 JUNCTION     1.10     1.10  3285.49     0  11:15        1.10
  3401                 JUNCTION     1.11     1.11  3286.25     0  10:31        1.11
  3403                 JUNCTION     0.30     0.30  3284.72     0  18:38        0.30
  3404                 JUNCTION     0.61     0.61  3285.74     0  18:37        0.61
  3405                 JUNCTION     0.47     0.47  3286.31     0  16:28        0.47
  3406                 JUNCTION     0.42     0.42  3286.97     0  06:19        0.42
  3407                 JUNCTION     0.20     0.20  3287.67     0  04:49        0.20
  3408                 JUNCTION     0.21     0.21  3288.34     0  06:46        0.21
  3409                 JUNCTION     0.20     0.20  3289.00     0  00:08        0.20
  3411                 JUNCTION     0.58     0.58  3304.67     0  14:03        0.58
  3412                 JUNCTION     0.05     0.05  3307.05     0  00:00        0.05
  342                  JUNCTION     0.18     0.18  3397.68     0  11:13        0.18
  3422                 JUNCTION     0.46     0.46  3321.96     0  16:36        0.46
  3423                 JUNCTION     0.36     0.36  3321.27     0  21:07        0.36
  3424                 JUNCTION     0.25     0.25  3316.35     0  03:45        0.25
  3427                 JUNCTION     0.20     0.20  3296.70     0  06:35        0.20
  3428                 JUNCTION     0.39     0.39  3299.39     0  21:21        0.39
  3429                 JUNCTION     1.91     1.91  3281.13     0  03:38        1.91
  3434                 JUNCTION     0.28     0.28  3339.28     0  09:52        0.28
  3435                 JUNCTION     0.28     0.28  3331.28     0  14:35        0.28
  3436                 JUNCTION     0.44     0.44  3322.91     0  08:16        0.44
  3462                 JUNCTION     0.07     0.07  3344.40     0  00:00        0.07
  3464                 JUNCTION     0.36     0.36  3369.40     0  17:45        0.36
  3465                 JUNCTION     0.32     0.32  3362.78     0  03:15        0.32
  3479                 JUNCTION     0.43     0.43  3353.66     0  16:21        0.43
  3480                 JUNCTION     0.48     0.48  3351.31     0  17:09        0.48
  3481                 JUNCTION     0.27     0.27  3348.70     0  01:53        0.27
  3482                 JUNCTION     0.28     0.28  3347.48     0  00:01        0.28
  3483                 JUNCTION     0.31     0.31  3346.16     0  09:12        0.31
  3484                 JUNCTION     0.18     0.18  3344.68     0  19:18        0.18
  3485                 JUNCTION     0.06     0.06  3323.01     0  00:00        0.06
  3486                 JUNCTION     0.21     0.21  3320.85     0  03:00        0.21
  3487                 JUNCTION     0.11     0.11  3319.48     0  00:03        0.11
  3488                 JUNCTION     0.21     0.21  3316.92     0  09:17        0.21
  3489                 JUNCTION     0.31     0.31  3317.52     0  17:35        0.31
  3490                 JUNCTION     0.19     0.19  3324.66     0  09:16        0.19
  3491                 JUNCTION     0.18     0.18  3334.39     0  14:25        0.18
  3492                 JUNCTION     0.18     0.18  3338.12     0  23:13        0.18
  3495                 JUNCTION     0.11     0.11  3320.75     0  03:01        0.11
  353                  JUNCTION     0.36     0.36  3381.08     0  22:22        0.36
  3576                 JUNCTION     0.14     0.14  3342.16     0  00:00        0.14
  3584                 JUNCTION     0.09     0.09  3342.74     0  00:00        0.09
  3585                 JUNCTION     0.14     0.14  3341.74     0  00:00        0.14
  3605                 JUNCTION     0.16     0.16  3340.71     0  00:01        0.16
  3606                 JUNCTION     0.20     0.20  3338.27     0  00:04        0.20
  3607                 JUNCTION     0.19     0.19  3339.29     0  00:04        0.19
  3608                 JUNCTION     0.17     0.17  3340.24     0  00:01        0.17
  3632                 JUNCTION     0.24     0.24  3337.41     0  01:29        0.24
  3639                 JUNCTION     0.13     0.13  3339.60     0  00:16        0.13
  3640                 JUNCTION     0.10     0.10  3341.37     0  00:01        0.10
  3641                 JUNCTION     0.06     0.06  3345.28     0  00:00        0.06
  3642                 JUNCTION     0.09     0.09  3343.21     0  00:00        0.09
  3647                 JUNCTION     0.16     0.16  3336.61     0  04:26        0.16
  3658                 JUNCTION     0.14     0.14  3482.56     0  00:00        0.14
  3659                 JUNCTION     0.16     0.16  3482.14     0  00:25        0.16
  366                  JUNCTION     0.34     0.34  3380.07     0  18:00        0.34
  3660                 JUNCTION     0.16     0.16  3481.49     0  00:03        0.16
  3661                 JUNCTION     0.19     0.19  3480.97     0  00:10        0.19
  3662                 JUNCTION     0.20     0.20  3479.94     0  00:00        0.20
  3663                 JUNCTION     0.05     0.05  3478.20     0  00:00        0.05
  3664                 JUNCTION     0.07     0.07  3478.07     0  00:00        0.07
  3665                 JUNCTION     0.26     0.26  3476.89     0  05:41        0.26
  3666                 JUNCTION     0.08     0.08  3476.71     0  00:00        0.08
  3667                 JUNCTION     0.26     0.26  3475.83     0  00:00        0.26
  3668                 JUNCTION     0.09     0.09  3476.30     0  00:02        0.09
  3669                 JUNCTION     0.13     0.13  3475.67     0  00:16        0.13
  3670                 JUNCTION     0.10     0.10  3477.74     0  00:00        0.10
  3672                 JUNCTION     0.12     0.12  3476.38     0  00:00        0.12
  3673                 JUNCTION     0.33     0.33  3474.58     0  16:05        0.33
  3674                 JUNCTION     0.34     0.34  3473.81     0  00:04        0.34
  3675                 JUNCTION     0.14     0.14  3474.86     0  00:00        0.14
  3678                 JUNCTION     0.07     0.07  3477.02     0  00:00        0.07
  3679                 JUNCTION     0.45     0.45  3472.75     0  12:48        0.45
  3680                 JUNCTION     0.20     0.20  3473.50     0  00:02        0.20
  3682                 JUNCTION     0.12     0.12  3474.42     0  00:00        0.12
  3683                 JUNCTION     0.10     0.10  3475.89     0  00:01        0.10
  3688                 JUNCTION     0.21     0.21  3478.91     0  11:27        0.21
  374                  JUNCTION     0.40     0.40  3373.37     0  22:20        0.40
  375                  JUNCTION     0.28     0.28  3377.78     0  11:02        0.28
  376                  JUNCTION     0.41     0.41  3379.11     0  11:00        0.41
  3761                 JUNCTION     0.25     0.25  3449.16     0  23:41        0.25
  3763                 JUNCTION     0.21     0.21  3478.34     0  08:43        0.21
  3773                 JUNCTION     0.40     0.40  3467.89     0  03:15        0.40
  3774                 JUNCTION     0.40     0.40  3469.07     0  12:06        0.40
  3778                 JUNCTION     0.22     0.22  3463.88     0  16:28        0.22
  3779                 JUNCTION     0.48     0.48  3465.37     0  08:54        0.48
  378                  JUNCTION     0.39     0.39  3373.01     0  05:10        0.39
  3780                 JUNCTION     0.41     0.41  3466.61     0  03:15        0.41
  3789                 JUNCTION     0.45     0.45  3472.46     0  03:02        0.45
  3790                 JUNCTION     0.43     0.43  3471.42     0  16:31        0.43
  3791                 JUNCTION     0.52     0.52  3470.37     0  04:55        0.52
  3792                 JUNCTION     0.20     0.20  3473.59     0  00:01        0.20
  3793                 JUNCTION     0.19     0.19  3477.24     0  05:12        0.19
  3795                 JUNCTION     0.31     0.31  3405.66     0  21:17        0.31
  38                   JUNCTION     0.36     0.36  3292.53     0  09:16        0.36
  3808                 JUNCTION     0.24     0.24  3440.13     0  10:42        0.24
  3814                 JUNCTION     0.26     0.26  3419.29     0  10:42        0.26
  3815                 JUNCTION     0.46     0.46  3441.75     0  08:04        0.46
  3823                 JUNCTION     0.06     0.06  3404.26     0  00:01        0.06
  3824                 JUNCTION     0.08     0.08  3403.18     0  00:09        0.08
  3825                 JUNCTION     0.37     0.37  3402.74     0  03:42        0.37
  3826                 JUNCTION     0.32     0.32  3396.48     0  21:18        0.32
  3827                 JUNCTION     0.25     0.25  3392.25     0  17:40        0.25
  3828                 JUNCTION     0.27     0.27  3385.56     0  23:12        0.27
  3829                 JUNCTION     0.07     0.07  3486.23     0  00:00        0.07
  3830                 JUNCTION     0.10     0.10  3484.44     0  00:02        0.10
  3831                 JUNCTION     0.13     0.13  3483.85     0  00:00        0.13
  387                  JUNCTION     0.38     0.38  3371.89     0  18:38        0.38
  3877                 JUNCTION     0.19     0.19  3429.46     0  18:00        0.19
  3895                 JUNCTION     0.11     0.11  3478.21     0  00:01        0.11
  3896                 JUNCTION     0.22     0.22  3477.84     0  23:14        0.22
  39                   JUNCTION     0.29     0.29  3291.66     0  18:28        0.29
  3906                 JUNCTION     0.20     0.20  3471.94     0  03:54        0.20
  3907                 JUNCTION     0.15     0.15  3299.69     0  00:11        0.15
  3908                 JUNCTION     0.15     0.15  3300.74     0  00:09        0.15
  3909                 JUNCTION     0.13     0.13  3302.03     0  00:01        0.13
  3911                 JUNCTION     0.08     0.08  3303.83     0  00:00        0.08
  3913                 JUNCTION     0.11     0.11  3302.74     0  00:00        0.11
  3915                 JUNCTION     0.62     0.62  3289.88     0  20:46        0.62
  3918                 JUNCTION     0.32     0.32  3292.02     0  16:47        0.32
  3922                 JUNCTION     0.13     0.13  3334.36     0  00:00        0.13
  3923                 JUNCTION     0.09     0.09  3337.59     0  00:00        0.09
  3941                 JUNCTION     0.13     0.13  3457.02     0  00:21        0.13
  3942                 JUNCTION     0.12     0.12  3457.64     0  00:05        0.12
  3943                 JUNCTION     0.09     0.09  3458.28     0  00:03        0.09
  3949                 JUNCTION     0.10     0.10  3479.03     0  00:00        0.10
  3950                 JUNCTION     0.06     0.06  3480.05     0  00:00        0.06
  3951                 JUNCTION     0.17     0.17  3478.76     0  00:07        0.17
  3952                 JUNCTION     0.13     0.13  3479.00     0  05:37        0.13
  3958                 JUNCTION     0.43     0.43  3411.69     0  06:18        0.43
  3959                 JUNCTION     0.46     0.46  3399.18     0  02:00        0.46
  3960                 JUNCTION     0.48     0.48  3400.60     0  20:37        0.48
  3961                 JUNCTION     0.49     0.49  3401.81     0  06:45        0.49
  3962                 JUNCTION     0.48     0.48  3402.98     0  14:22        0.48
  3963                 JUNCTION     0.44     0.44  3404.54     0  05:22        0.44
  3964                 JUNCTION     0.44     0.44  3406.06     0  01:41        0.44
  3965                 JUNCTION     0.41     0.41  3408.11     0  01:33        0.41
  3966                 JUNCTION     0.09     0.09  3395.51     0  00:00        0.09
  397                  JUNCTION     0.44     0.44  3370.46     0  00:28        0.44
  3971                 JUNCTION     0.06     0.06  3458.53     0  00:00        0.06
  3973                 JUNCTION     0.09     0.09  3300.50     0  00:00        0.09
  3974                 JUNCTION     0.16     0.16  3299.34     0  00:00        0.16
  3975                 JUNCTION     0.27     0.27  3298.28     0  07:58        0.27
  3978                 JUNCTION     0.10     0.10  3479.97     0  02:40        0.10
  3979                 JUNCTION     0.13     0.13  3480.13     0  05:31        0.13
  398                  JUNCTION     0.40     0.40  3371.40     0  11:14        0.40
  399                  JUNCTION     0.45     0.45  3370.12     0  00:29        0.45
  4024                 JUNCTION     0.46     0.46  3307.75     0  02:13        0.46
  4025                 JUNCTION     0.40     0.40  3317.65     0  08:51        0.40
  4026                 JUNCTION     0.46     0.46  3320.46     0  18:13        0.46
  4027                 JUNCTION     0.31     0.31  3332.45     0  05:56        0.31
  4028                 JUNCTION     0.37     0.37  3345.81     0  14:01        0.37
  4029                 JUNCTION     0.50     0.50  3348.00     0  04:06        0.50
  4030                 JUNCTION     0.46     0.46  3350.59     0  13:29        0.46
  4031                 JUNCTION     0.35     0.35  3364.11     0  07:04        0.35
  4032                 JUNCTION     0.30     0.30  3383.50     0  21:50        0.30
  4033                 JUNCTION     0.59     0.59  3385.76     0  22:42        0.59
  4034                 JUNCTION     0.53     0.53  3387.58     0  00:34        0.53
  4035                 JUNCTION     0.33     0.33  3399.33     0  00:46        0.33
  4036                 JUNCTION     0.35     0.35  3414.35     0  00:46        0.35
  4037                 JUNCTION     0.46     0.46  3420.31     0  07:03        0.46
  4038                 JUNCTION     0.46     0.46  3421.38     0  12:00        0.46
  4039                 JUNCTION     0.31     0.31  3439.86     0  01:47        0.31
  4040                 JUNCTION     0.31     0.31  3454.96     0  10:16        0.31
  4041                 JUNCTION     0.31     0.31  3471.55     0  10:16        0.31
  4042                 JUNCTION     0.35     0.35  3480.35     0  02:59        0.35
  4043                 JUNCTION     0.48     0.48  3486.04     0  01:21        0.48
  4044                 JUNCTION     0.45     0.45  3491.57     0  11:05        0.45
  4045                 JUNCTION     0.50     0.50  3495.50     0  19:16        0.50
  4046                 JUNCTION     0.31     0.31  3512.43     0  09:43        0.31
  4047                 JUNCTION     0.32     0.32  3527.52     0  23:11        0.32
  4048                 JUNCTION     0.59     0.59  3530.34     0  17:28        0.59
  4049                 JUNCTION     0.52     0.52  3532.77     0  05:14        0.52
  4063                 JUNCTION     0.23     0.23  3288.93     0  21:33        0.23
  4064                 JUNCTION     0.87     0.87  3289.93     0  04:14        0.87
  4065                 JUNCTION     0.68     0.68  3290.95     0  04:06        0.68
  4066                 JUNCTION     0.66     0.66  3292.80     0  00:07        0.66
  4067                 JUNCTION     0.48     0.48  3297.65     0  01:08        0.48
  4068                 JUNCTION     0.70     0.70  3298.86     0  10:54        0.70
  4069                 JUNCTION     0.64     0.64  3300.76     0  00:10        0.64
  4070                 JUNCTION     0.62     0.62  3302.41     0  00:10        0.62
  4071                 JUNCTION     0.57     0.57  3303.33     0  00:03        0.57
  4072                 JUNCTION     0.53     0.53  3304.15     0  16:34        0.53
  4073                 JUNCTION     0.61     0.61  3304.32     0  07:02        0.61
  4077                 JUNCTION     0.06     0.06  3425.86     0  00:00        0.06
  4084                 JUNCTION     0.14     0.14  3479.99     0  00:00        0.14
  4085                 JUNCTION     0.11     0.11  3481.18     0  00:00        0.11
  4086                 JUNCTION     0.08     0.08  3482.17     0  00:00        0.08
  4087                 JUNCTION     0.10     0.10  3478.90     0  00:00        0.10
  410                  JUNCTION     0.50     0.50  3369.45     0  11:15        0.50
  4106                 JUNCTION     0.80     0.80  3287.45     0  19:41        0.80
  4107                 JUNCTION     0.12     0.12  3291.08     0  00:24        0.12
  4108                 JUNCTION     6.14     6.14  3291.14     0  07:05        6.14
  4110                 JUNCTION     0.10     0.10  3285.34     0  03:18        0.10
  4111                 JUNCTION     0.11     0.11  3286.65     0  06:39        0.11
  4112                 JUNCTION     0.08     0.08  3287.72     0  00:00        0.08
  4184                 JUNCTION     0.16     0.16  3618.65     0  22:41        0.16
  4185                 JUNCTION     0.16     0.16  3609.87     0  03:58        0.16
  4194                 JUNCTION     0.03     0.03  3370.27     0  00:00        0.03
  42                   JUNCTION     0.33     0.33  3293.59     0  00:00        0.33
  421                  JUNCTION     0.23     0.23  3368.64     0  08:24        0.23
  422                  JUNCTION     0.46     0.46  3361.16     0  16:12        0.46
  4221                 JUNCTION     0.20     0.20  3424.24     0  06:05        0.20
  4222                 JUNCTION     0.22     0.22  3428.93     0  12:36        0.22
  4223                 JUNCTION     0.23     0.23  3429.89     0  14:51        0.23
  423                  JUNCTION     0.96     0.96  3361.16     0  16:14        0.96
  4232                 JUNCTION     0.38     0.38  3412.46     0  20:44        0.38
  424                  JUNCTION     0.72     0.72  3366.67     0  08:07        0.72
  425                  JUNCTION     0.84     0.84  3370.39     0  08:05        0.84
  426                  JUNCTION     0.80     0.80  3374.05     0  08:04        0.80
  427                  JUNCTION     0.71     0.71  3375.09     0  08:03        0.71
  4278                 JUNCTION     0.16     0.16  3313.16     0  21:27        0.16
  428                  JUNCTION     0.51     0.51  3384.06     0  08:03        0.51
  429                  JUNCTION     1.33     1.33  3385.28     0  01:49        1.33
  4293                 JUNCTION     0.15     0.15  3294.02     0  14:27        0.15
  4294                 JUNCTION     0.15     0.15  3293.02     0  13:03        0.15
  4295                 JUNCTION     0.15     0.15  3295.37     0  00:02        0.15
  430                  JUNCTION     1.33     1.33  3385.68     0  23:44        1.33
  4303                 JUNCTION     0.49     0.49  3296.55     0  07:15        0.49
  4307                 JUNCTION     0.17     0.17  3291.84     0  11:25        0.17
  4308                 JUNCTION     0.30     0.30  3292.95     0  12:23        0.30
  431                  JUNCTION     1.32     1.32  3386.07     0  04:38        1.32
  4310                 JUNCTION     0.27     0.27  3294.16     0  00:00        0.27
  4311                 JUNCTION     0.25     0.25  3295.50     0  02:27        0.25
  4313                 JUNCTION     0.24     0.24  3296.80     0  07:40        0.24
  4314                 JUNCTION     0.22     0.22  3298.06     0  14:26        0.22
  4318                 JUNCTION     0.20     0.20  3299.04     0  20:38        0.20
  4319                 JUNCTION     0.11     0.11  3307.18     0  16:16        0.11
  432                  JUNCTION     1.32     1.32  3386.39     0  23:22        1.32
  433                  JUNCTION     1.24     1.24  3386.60     0  08:16        1.24
  434                  JUNCTION     1.28     1.28  3386.80     0  23:20        1.28
  4351                 JUNCTION     0.30     0.30  3440.58     0  06:07        0.30
  4352                 JUNCTION     0.29     0.29  3443.90     0  09:24        0.29
  4353                 JUNCTION     0.28     0.28  3444.76     0  00:50        0.28
  4389                 JUNCTION     0.38     0.38  3402.97     0  08:42        0.38
  4390                 JUNCTION     0.31     0.31  3404.05     0  20:59        0.31
  4391                 JUNCTION     0.30     0.30  3406.67     0  20:59        0.30
  4392                 JUNCTION     0.29     0.29  3407.80     0  20:59        0.29
  4416                 JUNCTION     0.18     0.18  3307.89     0  04:23        0.18
  4419                 JUNCTION     0.07     0.07  3318.09     0  02:03        0.07
  442                  JUNCTION     0.15     0.15  3434.51     0  00:00        0.15
  4420                 JUNCTION     0.10     0.10  3319.00     0  01:11        0.10
  4424                 JUNCTION     0.32     0.32  3597.96     0  06:22        0.32
  4425                 JUNCTION     0.16     0.16  3596.95     0  15:44        0.16
  4426                 JUNCTION     5.68     5.68  3298.59     0  02:54        5.68
  4433                 JUNCTION     0.03     0.03  3294.99     0  00:02        0.03
  4451                 JUNCTION     0.11     0.11  3325.85     0  00:00        0.11
  4467                 JUNCTION     0.41     0.41  3413.63     0  11:53        0.41
  4468                 JUNCTION     0.18     0.18  3414.54     0  05:31        0.18
  4469                 JUNCTION     0.32     0.32  3415.27     0  01:21        0.32
  4470                 JUNCTION     0.24     0.24  3415.94     0  00:00        0.24
  4471                 JUNCTION     0.21     0.21  3416.62     0  00:01        0.21
  4472                 JUNCTION     0.19     0.19  3417.28     0  00:00        0.19
  4473                 JUNCTION     0.15     0.15  3417.92     0  00:00        0.15
  4474                 JUNCTION     0.11     0.11  3418.65     0  00:00        0.11
  4475                 JUNCTION     0.88     0.88  3423.78     0  05:59        0.88
  448                  JUNCTION     0.17     0.17  3430.52     0  00:13        0.17
  4484                 JUNCTION     0.19     0.19  3440.24     0  04:16        0.19
  4485                 JUNCTION     0.11     0.11  3452.64     0  21:31        0.11
  4486                 JUNCTION     0.14     0.14  3458.31     0  06:31        0.14
  4487                 JUNCTION     0.10     0.10  3472.52     0  06:34        0.10
  4488                 JUNCTION     0.09     0.09  3488.04     0  04:08        0.09
  4489                 JUNCTION     0.10     0.10  3495.37     0  00:45        0.10
  4490                 JUNCTION     0.14     0.14  3496.59     0  22:27        0.14
  4491                 JUNCTION     0.09     0.09  3497.73     0  00:00        0.09
  4503                 JUNCTION     1.24     1.24  3386.48     0  23:20        1.24
  4508                 JUNCTION     0.14     0.14  3424.32     0  05:47        0.14
  4509                 JUNCTION     0.37     0.37  3425.40     0  05:47        0.37
  4510                 JUNCTION     0.18     0.18  3433.35     0  09:40        0.18
  4511                 JUNCTION     0.26     0.26  3435.80     0  00:23        0.26
  4512                 JUNCTION     0.11     0.11  3451.57     0  00:17        0.11
  4513                 JUNCTION     0.10     0.10  3459.42     0  00:02        0.10
  4514                 JUNCTION     0.11     0.11  3462.50     0  20:30        0.11
  4515                 JUNCTION     0.10     0.10  3464.50     0  00:00        0.10
  4516                 JUNCTION     0.07     0.07  3465.80     0  00:00        0.07
  4523                 JUNCTION     0.21     0.21  3654.77     0  01:36        0.21
  4524                 JUNCTION     0.20     0.20  3654.84     0  00:00        0.20
  4525                 JUNCTION     0.19     0.19  3655.68     0  00:01        0.19
  4526                 JUNCTION     0.17     0.17  3656.89     0  00:00        0.17
  4527                 JUNCTION     0.17     0.17  3658.10     0  00:00        0.17
  4528                 JUNCTION     0.15     0.15  3659.31     0  00:01        0.15
  4529                 JUNCTION     0.13     0.13  3660.51     0  00:00        0.13
  4530                 JUNCTION     0.11     0.11  3660.87     0  00:00        0.11
  4531                 JUNCTION     0.08     0.08  3661.25     0  00:00        0.08
  454                  JUNCTION     0.20     0.20  3422.24     0  00:21        0.20
  455                  JUNCTION     0.18     0.18  3426.52     0  00:01        0.18
  461                  JUNCTION     0.22     0.22  3418.25     0  00:48        0.22
  468                  JUNCTION     0.23     0.23  3414.96     0  07:03        0.23
  475                  JUNCTION     0.23     0.23  3411.19     0  05:16        0.23
  48                   JUNCTION     0.34     0.34  3292.39     0  04:27        0.34
  482                  JUNCTION     0.25     0.25  3406.26     0  10:14        0.25
  488                  JUNCTION     0.26     0.26  3403.26     0  02:49        0.26
  495                  JUNCTION     0.34     0.34  3400.34     0  19:32        0.34
  500                  JUNCTION     0.51     0.51  3390.74     0  07:14        0.51
  501                  JUNCTION     0.53     0.53  3393.32     0  18:26        0.53
  502                  JUNCTION     0.58     0.58  3395.10     0  09:23        0.58
  503                  JUNCTION     0.60     0.60  3396.85     0  04:52        0.60
  504                  JUNCTION     0.31     0.31  3388.99     0  14:57        0.31
  506                  JUNCTION     1.29     1.29  3387.20     0  20:33        1.29
  507                  JUNCTION     1.27     1.27  3387.51     0  11:04        1.27
  508                  JUNCTION     0.69     0.69  3388.14     0  11:04        0.69
  509                  JUNCTION     0.79     0.79  3388.94     0  03:22        0.79
  510                  JUNCTION     0.76     0.76  3389.91     0  00:18        0.76
  511                  JUNCTION     0.75     0.75  3390.90     0  02:49        0.75
  512                  JUNCTION     0.67     0.67  3391.28     0  11:30        0.67
  513                  JUNCTION     0.23     0.23  3390.46     0  01:12        0.23
  518                  JUNCTION     0.91     0.91  3395.82     0  14:05        0.91
  521                  JUNCTION     0.18     0.18  3399.18     0  07:33        0.18
  523                  JUNCTION     0.76     0.76  3296.96     0  20:10        0.76
  526                  JUNCTION     0.41     0.41  3298.04     0  11:42        0.41
  527                  JUNCTION     0.12     0.12  3305.47     0  00:56        0.12
  528                  JUNCTION     0.16     0.16  3307.23     0  03:43        0.16
  529                  JUNCTION     0.11     0.11  3308.90     0  00:00        0.11
  53                   JUNCTION     0.54     0.54  3290.82     0  23:20        0.54
  532                  JUNCTION     0.35     0.35  3297.35     0  08:01        0.35
  535                  JUNCTION     0.37     0.37  3298.60     0  01:03        0.37
  54                   JUNCTION     0.47     0.47  3291.21     0  08:10        0.47
  540                  JUNCTION     0.61     0.61  3298.41     0  11:23        0.61
  543                  JUNCTION     0.37     0.37  3299.11     0  12:28        0.37
  549                  JUNCTION     0.29     0.29  3298.89     0  07:54        0.29
  554                  JUNCTION     0.36     0.36  3299.69     0  13:21        0.36
  555                  JUNCTION     0.77     0.77  3299.77     0  20:11        0.77
  558                  JUNCTION     0.28     0.28  3299.55     0  07:52        0.28
  56                   JUNCTION     0.34     0.34  3291.19     0  01:54        0.34
  564                  JUNCTION     0.32     0.32  3301.88     0  23:59        0.32
  567                  JUNCTION     0.24     0.24  3300.52     0  07:51        0.24
  573                  JUNCTION     0.27     0.27  3303.03     0  04:37        0.27
  576                  JUNCTION     0.27     0.27  3301.28     0  07:49        0.27
  582                  JUNCTION     0.32     0.32  3303.82     0  04:37        0.32
  585                  JUNCTION     0.25     0.25  3302.10     0  07:48        0.25
  591                  JUNCTION     0.30     0.30  3304.60     0  07:39        0.30
  595                  JUNCTION     0.25     0.25  3302.94     0  07:48        0.25
  60                   JUNCTION     0.54     0.54  3290.46     0  04:54        0.54
  601                  JUNCTION     0.21     0.21  3308.03     0  17:09        0.21
  602                  JUNCTION     0.26     0.26  3313.09     0  15:13        0.26
  605                  JUNCTION     0.00     0.00  3310.64     0  00:00        0.00
  61                   JUNCTION     0.54     0.54  3290.09     0  09:51        0.54
  610                  JUNCTION     0.06     0.06  3317.92     0  00:25        0.06
  614                  JUNCTION     0.27     0.27  3300.93     0  22:25        0.27
  615                  JUNCTION     0.19     0.19  3304.23     0  01:45        0.19
  616                  JUNCTION     0.23     0.23  3308.21     0  16:59        0.23
  617                  JUNCTION     0.27     0.27  3310.27     0  06:36        0.27
  62                   JUNCTION     0.35     0.35  3290.00     0  10:59        0.35
  63                   JUNCTION     0.00     0.00  3293.36     0  00:00        0.00
  651                  JUNCTION     0.00     0.00  3320.31     0  00:00        0.00
  657                  JUNCTION     0.09     0.09  3322.59     0  00:05        0.09
  67                   JUNCTION     0.68     0.68  3289.87     0  02:32        0.68
  68                   JUNCTION     0.72     0.72  3289.86     0  10:58        0.72
  69                   JUNCTION     0.42     0.42  3298.69     0  12:30        0.42
  70                   JUNCTION     0.48     0.48  3304.57     0  08:08        0.48
  71                   JUNCTION     0.40     0.40  3315.15     0  21:56        0.40
  710                  JUNCTION     0.23     0.23  3317.62     0  00:25        0.23
  711                  JUNCTION     0.24     0.24  3323.02     0  01:54        0.24
  712                  JUNCTION     0.18     0.18  3334.61     0  03:14        0.18
  713                  JUNCTION     0.17     0.17  3347.54     0  04:17        0.17
  715                  JUNCTION     0.14     0.14  3365.53     0  00:10        0.14
  72                   JUNCTION     1.23     1.23  3289.85     0  11:01        1.23
  723                  JUNCTION     0.13     0.13  3378.07     0  00:06        0.13
  728                  JUNCTION     0.71     0.71  3346.29     0  09:19        0.71
  736                  JUNCTION     0.72     0.72  3347.26     0  19:46        0.72
  74                   JUNCTION     0.21     0.21  3294.49     0  00:18        0.21
  744                  JUNCTION     0.73     0.73  3348.15     0  14:52        0.73
  75                   JUNCTION     0.18     0.18  3301.34     0  12:07        0.18
  752                  JUNCTION     0.74     0.74  3348.96     0  14:52        0.74
  76                   JUNCTION     0.15     0.15  3312.06     0  20:05        0.15
  760                  JUNCTION     0.76     0.76  3349.70     0  05:19        0.76
  77                   JUNCTION     0.74     0.74  3290.29     0  10:35        0.74
  771                  JUNCTION     0.81     0.81  3350.31     0  23:15        0.81
  779                  JUNCTION     0.53     0.53  3352.43     0  00:04        0.53
  78                   JUNCTION     0.84     0.84  3295.42     0  16:29        0.84
  784                  JUNCTION     0.34     0.34  3358.39     0  04:45        0.34
  785                  JUNCTION     0.41     0.41  3361.18     0  02:21        0.41
  786                  JUNCTION     0.48     0.48  3368.19     0  04:42        0.48
  79                   JUNCTION     0.80     0.80  3301.36     0  01:02        0.80
  791                  JUNCTION     0.68     0.68  3369.55     0  06:26        0.68
  80                   JUNCTION     1.26     1.26  3303.76     0  01:02        1.26
  801                  JUNCTION     0.45     0.45  3376.01     0  00:39        0.45
  802                  JUNCTION     0.28     0.28  3393.28     0  08:03        0.28
  804                  JUNCTION     0.31     0.31  3406.31     0  02:28        0.31
  805                  JUNCTION     0.37     0.37  3412.87     0  08:14        0.37
  81                   JUNCTION     1.06     1.06  3305.29     0  22:48        1.06
  811                  JUNCTION     0.26     0.26  3379.26     0  22:28        0.26
  812                  JUNCTION     0.57     0.57  3377.04     0  23:02        0.57
  813                  JUNCTION     0.24     0.24  3401.24     0  12:44        0.24
  814                  JUNCTION     0.30     0.30  3409.30     0  12:38        0.30
  815                  JUNCTION     0.31     0.31  3414.81     0  18:45        0.31
  819                  JUNCTION     0.21     0.21  3415.83     0  07:35        0.21
  830                  JUNCTION     0.24     0.24  3418.59     0  08:10        0.24
  842                  JUNCTION     0.19     0.19  3422.55     0  02:20        0.19
  852                  JUNCTION     0.21     0.21  3424.46     0  02:20        0.21
  853                  JUNCTION     0.13     0.13  3432.15     0  00:00        0.13
  854                  JUNCTION     0.15     0.15  3434.39     0  00:09        0.15
  855                  JUNCTION     0.11     0.11  3435.64     0  00:00        0.11
  89                   JUNCTION     0.29     0.29  3296.76     0  20:11        0.29
  9                    JUNCTION     0.40     0.40  3294.97     0  20:16        0.40
  902                  JUNCTION     0.43     0.43  3416.44     0  15:31        0.43
  903                  JUNCTION     0.31     0.31  3424.84     0  13:57        0.31
  904                  JUNCTION     0.36     0.36  3429.74     0  01:49        0.36
  905                  JUNCTION     0.36     0.36  3438.36     0  00:33        0.36
  906                  JUNCTION     0.29     0.29  3438.07     0  00:34        0.29
  913                  JUNCTION     0.27     0.27  3422.27     0  11:08        0.27
  915                  JUNCTION     0.24     0.24  3431.26     0  12:26        0.24
  916                  JUNCTION     0.37     0.37  3432.66     0  03:48        0.37
  917                  JUNCTION     0.19     0.19  3438.40     0  02:14        0.19
  918                  JUNCTION     0.35     0.35  3439.70     0  03:39        0.35
  919                  JUNCTION     0.25     0.25  3449.64     0  22:17        0.25
  920                  JUNCTION     0.27     0.27  3458.13     0  13:33        0.27
  921                  JUNCTION     0.46     0.46  3460.04     0  23:00        0.46
  922                  JUNCTION     0.34     0.34  3462.54     0  00:08        0.34
  923                  JUNCTION     0.24     0.24  3469.36     0  08:15        0.24
  924                  JUNCTION     0.37     0.37  3471.21     0  19:11        0.37
  926                  JUNCTION     0.11     0.11  3438.58     0  00:55        0.11
  931                  JUNCTION     0.16     0.16  3439.83     0  00:24        0.16
  937                  JUNCTION     0.09     0.09  3442.17     0  00:00        0.09
  95                   JUNCTION     0.73     0.73  3340.78     0  04:57        0.73
  979                  JUNCTION     0.03     0.03  3449.19     0  00:14        0.03
  997                  JUNCTION     0.71     0.71  3392.06     0  10:58        0.71
  998                  JUNCTION     0.75     0.75  3393.10     0  00:47        0.75
  999                  JUNCTION     0.73     0.73  3394.08     0  00:11        0.73
  JCT-12               JUNCTION    13.56    13.56  3299.56     0  00:58       13.56
  JCT-16               JUNCTION    16.48    16.48  3298.48     0  01:29       16.48
  JCT-20               JUNCTION    52.44    52.44  3480.29     0  19:19       52.44
  JCT-24               JUNCTION     3.80     3.80  3292.40     0  00:02        3.80
  JCT-26               JUNCTION   115.86   115.86  3538.76     0  14:25      115.86
  JCT-28               JUNCTION    14.22    14.22  3299.88     0  08:25       14.22
  JCT-30               JUNCTION     1.44     1.44  3298.86     0  06:32        1.44
  JCT-32               JUNCTION    13.42    13.42  3405.42     0  12:56       13.42
  JCT-38               JUNCTION     0.00     0.00  3481.59     0  00:00        0.00
  JCT-44               JUNCTION     0.00     0.00  3346.00     0  00:00        0.00
  WWTP                 JUNCTION     1.12     1.12  3280.18     0  09:17        1.12
  OFALL-12             OUTFALL      1.12     1.12  3279.18     0  02:00        1.12
  STOR-10              STORAGE      0.00     0.00  3282.00     0  00:00        0.00
  STOR-12              STORAGE      0.06     0.06  3422.96     0  00:00        0.06
  STOR-14              STORAGE      0.00     0.00  3279.90     0  00:00        0.00
  STOR-16              STORAGE      0.00     0.00  3285.66     0  00:00        0.00
  STOR-18              STORAGE      0.00     0.00  3427.85     0  00:00        0.00
  STOR-20              STORAGE      5.00     5.00  3273.00     0  00:00        5.00
  STOR-22              STORAGE      0.00     0.00  3392.00     0  00:00        0.00
  STOR-24              STORAGE      5.00     5.00  3265.00     0  00:00        5.00
  
  
  *******************
  Node Inflow Summary
  *******************
  
  -------------------------------------------------------------------------------------------------
                                  Maximum  Maximum                  Lateral       Total        Flow
                                  Lateral    Total  Time of Max      Inflow      Inflow     Balance
                                   Inflow   Inflow   Occurrence      Volume      Volume       Error
  Node                 Type           MGD      MGD  days hr:min    10^6 gal    10^6 gal     Percent
  -------------------------------------------------------------------------------------------------
  1000                 JUNCTION     0.029    1.829     0  13:40      0.0285        3.61       0.103
  1001                 JUNCTION     0.029    1.801     0  00:00      0.0285        3.55       0.107
  1002                 JUNCTION     0.029    1.772     0  00:00      0.0285         3.5       0.107
  1003                 JUNCTION     0.029    1.744     0  00:00      0.0285        3.45       0.106
  1004                 JUNCTION     0.029    1.715     0  00:00      0.0285        3.39       0.055
  1011                 JUNCTION     0.018    0.853     0  00:00      0.0178         1.7       0.045
  1012                 JUNCTION     0.029    0.835     0  00:06      0.0285        1.66       0.056
  1014                 JUNCTION     0.029    0.750     0  01:46      0.0285        1.49       0.060
  1015                 JUNCTION     0.029    0.493     0  00:00      0.0285       0.986       0.089
  1016                 JUNCTION     0.465    0.465     0  00:00       0.465       0.929       0.052
  1017                 JUNCTION     0.029    0.677     0  04:15      0.0285        1.34       0.129
  1018                 JUNCTION     0.018    0.648     0  00:15      0.0178        1.29       0.070
  1019                 JUNCTION     0.018    0.470     0  07:40      0.0178       0.932       0.052
  1020                 JUNCTION     0.018    0.452     0  00:00      0.0178       0.897       0.074
  1021                 JUNCTION     0.018    0.434     0  00:00      0.0178       0.862       0.083
  1022                 JUNCTION     0.018    0.417     0  18:36      0.0178       0.827       0.065
  1023                 JUNCTION     0.018    0.399     0  12:36      0.0178       0.792       0.050
  1024                 JUNCTION     0.018    0.381     0  00:00      0.0178       0.756       0.069
  1025                 JUNCTION     0.018    0.363     0  00:00      0.0178       0.721       0.080
  1026                 JUNCTION     0.018    0.345     0  00:00      0.0178       0.686       0.086
  1027                 JUNCTION     0.018    0.328     0  00:00      0.0178       0.651       0.068
  1028                 JUNCTION     0.018    0.310     0  10:24      0.0178       0.616       0.030
  1029                 JUNCTION     0.018    0.292     0  00:00      0.0178        0.58       0.045
  1030                 JUNCTION     0.018    0.274     0  00:00      0.0178       0.545       0.041
  1031                 JUNCTION     0.029    0.329     0  00:00      0.0285       0.654       0.047
  1032                 JUNCTION     0.018    0.053     0  00:00      0.0178       0.107       0.132
  1033                 JUNCTION     0.018    0.036     0  00:00      0.0178      0.0712       0.207
  1034                 JUNCTION     0.018    0.018     0  00:00      0.0178      0.0356       0.122
  1035                 JUNCTION     0.029    0.711     0  21:12      0.0285        1.41       0.020
  1036                 JUNCTION     0.029    0.768     0  07:32      0.0285        1.53       0.102
  1037                 JUNCTION     0.029    0.797     0  07:32      0.0285        1.58       0.092
  1038                 JUNCTION     0.029    0.825     0  20:33      0.0285        1.64       0.060
  1039                 JUNCTION     0.078    1.246     0  00:01      0.0781        2.46       0.103
  1040                 JUNCTION     0.029    1.168     0  00:00      0.0285        2.31       0.103
  1041                 JUNCTION     0.029    1.139     0  00:00      0.0285        2.25       0.097
  1042                 JUNCTION     0.029    1.111     0  00:00      0.0285         2.2       0.094
  1043                 JUNCTION     0.029    1.082     0  00:00      0.0285        2.14       0.092
  1044                 JUNCTION     0.029    1.054     0  10:12      0.0285        2.09       0.064
  1045                 JUNCTION     0.029    1.025     0  00:00      0.0285        2.03       0.122
  1046                 JUNCTION     0.029    0.968     0  00:00      0.0285        1.92       0.071
  1047                 JUNCTION     0.029    0.940     0  00:29      0.0285        1.86       0.042
  1048                 JUNCTION     0.029    0.882     0  01:57      0.0285        1.75       0.033
  1049                 JUNCTION     0.029    0.854     0  22:47      0.0285        1.69       0.047
  1096                 JUNCTION     0.018    0.053     0  00:00      0.0178       0.107       0.105
  1097                 JUNCTION     0.018    0.036     0  00:00      0.0178      0.0712       0.178
  1117                 JUNCTION     0.018    0.160     0  00:00      0.0178        0.32       0.325
  1118                 JUNCTION     0.018    0.018     0  00:00      0.0178      0.0356       0.078
  1119                 JUNCTION     0.018    0.036     0  00:00      0.0178      0.0712       0.071
  1120                 JUNCTION     0.018    0.053     0  00:00      0.0178       0.107       0.133
  1121                 JUNCTION     0.018    0.071     0  00:29      0.0178       0.142       0.072
  1122                 JUNCTION     0.018    0.089     0  00:00      0.0178       0.178       0.129
  1136                 JUNCTION     0.029    0.029     0  00:00      0.0285       0.057       0.016
  114                  JUNCTION     0.029    0.621     0  00:00      0.0285        1.23       0.085
  1182                 JUNCTION     0.029    0.911     0  00:00      0.0285        1.81       0.025
  1191                 JUNCTION     0.029    0.740     0  00:00      0.0285        1.47       0.057
  1270                 JUNCTION     0.018    0.198     0  14:09      0.0178       0.393       0.091
  1271                 JUNCTION     0.029    0.070     0  00:00      0.0285        0.14       0.114
  1272                 JUNCTION     0.029    0.154     0  00:00      0.0285       0.306       0.191
  1273                 JUNCTION     0.029    0.182     0  00:00      0.0285       0.363       0.109
  1274                 JUNCTION     0.029    0.211     0  06:16      0.0285       0.419       0.106
  128                  JUNCTION     0.029    1.768     0  07:24      0.0285        3.49       0.056
  13                   JUNCTION     0.029    0.627     0  06:03      0.0285        1.24       0.117
  1342                 JUNCTION     0.018    0.180     0  14:09      0.0178       0.358       0.049
  1343                 JUNCTION     0.018    0.162     0  00:02      0.0178       0.323       0.154
  1344                 JUNCTION     0.018    0.144     0  00:00      0.0178       0.288       0.145
  1345                 JUNCTION     0.020    0.127     0  00:00      0.0197       0.252       0.133
  1347                 JUNCTION     0.018    0.107     0  00:00      0.0178       0.213       0.133
  1348                 JUNCTION     0.018    0.089     0  00:00      0.0178       0.178       0.101
  1349                 JUNCTION     0.018    0.071     0  00:00      0.0178       0.142       0.068
  135                  JUNCTION     0.029    1.796     0  00:00      0.0285        3.54       0.056
  1363                 JUNCTION     0.018    0.053     0  00:00      0.0178       0.107       0.115
  1364                 JUNCTION     0.018    0.036     0  00:00      0.0178      0.0712       0.243
  1365                 JUNCTION     0.018    0.018     0  00:00      0.0178      0.0356       0.109
  137                  JUNCTION     0.029    1.882     0  00:00      0.0285         3.7       0.080
  138                  JUNCTION     0.029    1.853     0  16:31      0.0285        3.65       0.100
  139                  JUNCTION     0.029    1.825     0  00:00      0.0285         3.6       0.088
  1394                 JUNCTION     0.018    0.244     0  00:00      0.0178       0.484       0.135
  1395                 JUNCTION     0.018    0.089     0  00:00      0.0178       0.178       0.100
  1396                 JUNCTION     0.018    0.071     0  00:00      0.0178       0.142       0.067
  1397                 JUNCTION     0.029    0.130     0  18:00      0.0285       0.258       0.070
  1398                 JUNCTION     0.029    0.683     0  00:01      0.0285        1.36       0.052
  1399                 JUNCTION     0.029    0.101     0  12:30      0.0285       0.202       0.183
  1401                 JUNCTION     0.029    0.272     0  00:00      0.0285       0.541       0.084
  1402                 JUNCTION     0.018    0.137     0  00:00      0.0178       0.271       0.129
  1403                 JUNCTION     0.018    0.119     0  00:00      0.0178       0.236       0.133
  1404                 JUNCTION     0.029    0.297     0  16:32      0.0285       0.589       0.033
  1407                 JUNCTION     0.029    0.268     0  01:57      0.0285       0.532       0.095
  1408                 JUNCTION     0.029    0.239     0  00:00      0.0285       0.476       0.117
  1425                 JUNCTION     0.029    0.525     0  02:00      0.0285        1.04       0.076
  1426                 JUNCTION     0.029    0.200     0  01:27      0.0285       0.397       0.093
  1427                 JUNCTION     0.029    0.171     0  00:00      0.0285       0.341       0.199
  1428                 JUNCTION     0.029    0.143     0  00:00      0.0285       0.284       0.184
  1429                 JUNCTION     0.029    0.114     0  00:00      0.0285       0.228       0.157
  143                  JUNCTION     0.029    1.910     0  09:24      0.0285        3.76       0.076
  1430                 JUNCTION     0.029    0.086     0  00:00      0.0285       0.171       0.127
  1431                 JUNCTION     0.029    0.057     0  00:00      0.0285       0.114       0.060
  1451                 JUNCTION     0.011    0.064     0  00:00      0.0107       0.128       0.052
  1452                 JUNCTION     0.011    0.053     0  04:31      0.0107       0.107       0.075
  1453                 JUNCTION     0.011    0.043     0  00:00      0.0107      0.0853       0.137
  1454                 JUNCTION     0.011    0.075     0  00:00      0.0107       0.149       0.070
  1458                 JUNCTION     0.057    0.164     0  00:00      0.0575       0.328       0.088
  1459                 JUNCTION     0.011    0.107     0  00:00      0.0107       0.213       0.054
  1460                 JUNCTION     0.011    0.096     0  19:19      0.0107       0.192       0.056
  1464                 JUNCTION     0.011    0.175     0  15:06      0.0107       0.349       0.086
  1470                 JUNCTION     0.029    0.057     0  00:00      0.0285       0.114       0.164
  1471                 JUNCTION     0.029    0.086     0  00:00      0.0285       0.171       0.151
  1472                 JUNCTION     0.029    0.114     0  00:00      0.0285       0.228       0.140
  1473                 JUNCTION     0.029    0.143     0  00:00      0.0285       0.284       0.100
  1474                 JUNCTION     0.029    0.171     0  00:00      0.0285       0.341       0.049
  1475                 JUNCTION     0.029    0.200     0  00:00      0.0285       0.398       0.088
  1491                 JUNCTION     0.011    0.011     0  00:00      0.0107      0.0214       0.066
  1493                 JUNCTION     0.029    0.029     0  00:00      0.0285       0.057       0.193
  1494                 JUNCTION     0.029    0.029     0  00:00      0.0285       0.057       0.050
  1495                 JUNCTION     0.029    0.057     0  00:00      0.0285       0.114       0.097
  1496                 JUNCTION     0.011    0.068     0  00:01      0.0107       0.135       0.087
  1497                 JUNCTION     0.011    0.175     0  06:21      0.0107       0.348       0.124
  1498                 JUNCTION     0.011    0.086     0  00:00      0.0107        0.17       0.099
  150                  JUNCTION     0.029    1.939     0  16:56      0.0285        3.81       0.063
  1504                 JUNCTION     0.011    0.360     0  00:01      0.0107       0.718       0.120
  1513                 JUNCTION     0.011    0.032     0  00:00      0.0107       0.064       0.172
  1514                 JUNCTION     0.011    0.021     0  00:00      0.0107      0.0427       0.199
  1515                 JUNCTION     0.011    0.011     0  00:00      0.0107      0.0214       0.109
  154                  JUNCTION     0.029    1.967     0  16:56      0.0285        3.87       0.019
  1559                 JUNCTION     0.011    0.086     0  00:00      0.0107        0.17       0.113
  1580                 JUNCTION     0.011    0.075     0  00:00      0.0107       0.149       0.119
  1581                 JUNCTION     0.011    0.064     0  00:00      0.0107       0.128       0.148
  1582                 JUNCTION     0.011    0.371     0  00:00      0.0107       0.738       0.061
  1583                 JUNCTION     0.011    0.053     0  00:00      0.0107       0.107       0.120
  159                  JUNCTION     0.029    2.024     0  00:43      0.0285        3.98       0.064
  1590                 JUNCTION     0.019    1.172     0  11:41      0.0193         2.3       0.095
  1591                 JUNCTION     0.019    1.153     0  00:00      0.0193        2.26       0.070
  1592                 JUNCTION     0.019    1.133     0  00:00      0.0193        2.23       0.032
  1594                 JUNCTION     0.019    1.095     0  00:05      0.0193        2.15       0.061
  1595                 JUNCTION     0.019    1.075     0  00:00      0.0193        2.11       0.046
  1596                 JUNCTION     0.019    1.056     0  20:09      0.0193        2.07       0.046
  1597                 JUNCTION     0.019    1.037     0  00:00      0.0193        2.04       0.050
  1598                 JUNCTION     0.019    1.017     0  07:52      0.0193           2       0.048
  1599                 JUNCTION     0.019    0.998     0  00:00      0.0193        1.96       0.088
  1600                 JUNCTION     0.019    0.979     0  00:00      0.0193        1.93       0.065
  1601                 JUNCTION     0.019    0.959     0  22:45      0.0193        1.89       0.059
  1602                 JUNCTION     0.019    0.940     0  11:00      0.0193        1.85       0.059
  1603                 JUNCTION     0.019    0.921     0  16:58      0.0193        1.81       0.030
  1604                 JUNCTION     0.019    0.902     0  00:01      0.0193        1.77       0.031
  1605                 JUNCTION     0.019    0.882     0  00:00      0.0193        1.74       0.042
  1606                 JUNCTION     0.019    0.863     0  00:00      0.0193         1.7       0.081
  1607                 JUNCTION     0.019    0.844     0  00:00      0.0193        1.66       0.104
  1608                 JUNCTION     0.019    0.824     0  00:00      0.0193        1.63       0.106
  1609                 JUNCTION     0.019    0.805     0  00:00      0.0193        1.59       0.105
  1610                 JUNCTION     0.019    0.786     0  11:28      0.0193        1.55       0.039
  1611                 JUNCTION     0.019    0.766     0  01:53      0.0193        1.51       0.054
  1612                 JUNCTION     0.019    0.728     0  00:00      0.0193        1.44       0.071
  1613                 JUNCTION     0.019    0.709     0  00:00      0.0193         1.4       0.074
  1614                 JUNCTION     0.019    0.689     0  00:00      0.0193        1.36       0.095
  1616                 JUNCTION     0.019    0.487     0  00:39      0.0193       0.959       0.042
  1617                 JUNCTION     0.019    0.468     0  00:00      0.0193       0.921       0.053
  1618                 JUNCTION     0.019    0.448     0  00:00      0.0193       0.883       0.050
  1619                 JUNCTION     0.019    0.429     0  12:22      0.0193       0.845       0.051
  1620                 JUNCTION     0.019    0.410     0  00:00      0.0193       0.807       0.049
  1621                 JUNCTION     0.019    0.390     0  07:45      0.0193        0.77       0.253
  1622                 JUNCTION     0.019    0.183     0  00:01      0.0193       0.365       0.124
  1623                 JUNCTION     0.019    0.164     0  04:46      0.0193       0.326       0.058
  1624                 JUNCTION     0.019    0.144     0  00:00      0.0193       0.288       0.054
  1625                 JUNCTION     0.019    0.125     0  02:06      0.0193       0.249       0.083
  1626                 JUNCTION     0.019    0.106     0  00:00      0.0193       0.211       0.145
  1627                 JUNCTION     0.029    0.086     0  00:00      0.0285       0.173       0.091
  1628                 JUNCTION     0.019    0.058     0  00:00      0.0193       0.116       0.043
  1629                 JUNCTION     0.019    0.039     1  00:00      0.0193      0.0772       0.086
  1630                 JUNCTION     0.019    0.019     0  00:00      0.0193      0.0386       0.056
  1643                 JUNCTION     0.029    0.029     0  00:00      0.0285       0.057       0.033
  166                  JUNCTION     0.029    2.053     0  00:00      0.0285        4.03       0.095
  1685                 JUNCTION     0.019    1.114     0  10:59      0.0193        2.19       0.011
  1712                 JUNCTION     0.029    0.057     0  00:00      0.0285       0.114       0.097
  1713                 JUNCTION     0.029    0.086     0  00:00      0.0285       0.171       0.139
  1714                 JUNCTION     0.029    0.114     0  00:18      0.0285       0.228       0.085
  173                  JUNCTION     0.029    2.081     0  10:51      0.0285        4.09       0.048
  177                  JUNCTION     0.029    2.167     0  05:30      0.0285        4.25       0.036
  178                  JUNCTION     0.029    2.138     0  13:31      0.0285         4.2       0.069
  1788                 JUNCTION     0.029    0.029     0  00:00      0.0285       0.057       0.117
  179                  JUNCTION     0.029    2.110     0  18:35      0.0285        4.14       0.054
  1815                 JUNCTION     0.016    0.403     0  03:35      0.0163       0.795       0.101
  1819                 JUNCTION     0.016    0.256     0  23:21      0.0163       0.508       0.117
  1825                 JUNCTION     0.019    0.116     0  00:00      0.0193       0.231       0.095
  1826                 JUNCTION     0.019    0.135     0  00:00      0.0193        0.27       0.111
  1827                 JUNCTION     0.019    0.154     0  00:00      0.0193       0.308       0.106
  1828                 JUNCTION     0.016    0.171     0  00:00      0.0163        0.34       0.106
  1829                 JUNCTION     0.016    0.187     0  00:02      0.0163       0.373       0.087
  1830                 JUNCTION     0.016    0.203     0  16:57      0.0163       0.405       0.109
  1831                 JUNCTION     0.016    0.220     0  00:00      0.0163       0.437       0.107
  1832                 JUNCTION     0.016    0.272     0  00:48      0.0163        0.54       0.094
  1833                 JUNCTION     0.016    0.288     0  00:00      0.0163       0.573       0.097
  1834                 JUNCTION     0.016    0.305     0  00:00      0.0163       0.605       0.160
  1835                 JUNCTION     0.016    0.321     0  14:28      0.0163       0.636       0.102
  1836                 JUNCTION     0.016    0.337     0  00:08      0.0163       0.668       0.131
  1837                 JUNCTION     0.016    0.354     0  00:00      0.0163         0.7       0.159
  1838                 JUNCTION     0.016    0.370     0  14:33      0.0163       0.732       0.121
  1839                 JUNCTION     0.016    0.386     0  00:00      0.0163       0.764       0.146
  1842                 JUNCTION     0.029    0.114     0  00:00      0.0285       0.228       0.128
  1843                 JUNCTION     0.029    0.086     0  00:00      0.0285       0.171       0.070
  1844                 JUNCTION     0.029    0.057     1  00:00      0.0285       0.114       0.026
  1845                 JUNCTION     0.029    0.200     0  00:00      0.0285       0.398       0.031
  1846                 JUNCTION     0.029    0.171     0  01:44      0.0285       0.341       0.040
  1847                 JUNCTION     0.019    1.384     0  01:54      0.0193        2.71       0.051
  1848                 JUNCTION     0.019    1.404     0  00:00      0.0193        2.75       0.046
  1849                 JUNCTION     0.019    1.423     0  00:00      0.0193        2.78       0.041
  1850                 JUNCTION     0.019    1.442     0  00:00      0.0193        2.82       0.042
  1851                 JUNCTION     0.019    1.461     0  00:00      0.0193        2.86       0.040
  1852                 JUNCTION     0.019    1.481     0  02:55      0.0193        2.89       0.020
  1853                 JUNCTION     0.019    1.500     0  00:00      0.0193        2.93       0.030
  1854                 JUNCTION     0.019    1.519     0  15:14      0.0193        2.97       0.054
  1855                 JUNCTION     0.019    1.539     0  00:26      0.0193        3.01       0.084
  1856                 JUNCTION     0.019    1.558     0  00:00      0.0193        3.04       0.063
  1857                 JUNCTION     0.019    1.790     0  00:00      0.0193         3.5       0.059
  1858                 JUNCTION     0.019    1.809     0  17:42      0.0193        3.54       0.079
  1859                 JUNCTION     0.016    2.228     0  00:00      0.0163        4.36       0.093
  1861                 JUNCTION     0.016    2.342     0  00:00      0.0163        4.58       0.087
  1862                 JUNCTION     0.016    2.244     0  00:02      0.0163        4.39       0.042
  1863                 JUNCTION     0.029    0.228     0  00:00      0.0285       0.455       0.083
  1864                 JUNCTION     0.029    0.143     0  23:47      0.0285       0.285       0.086
  187                  JUNCTION     0.029    0.114     0  00:00      0.0285       0.228       0.112
  188                  JUNCTION     0.029    0.057     0  00:00      0.0285       0.114       0.046
  189                  JUNCTION     0.029    0.086     0  00:02      0.0285       0.171       0.040
  19                   JUNCTION     0.029    0.678     0  00:00      0.0285        1.34       0.115
  1916                 JUNCTION     0.020    0.020     0  00:00      0.0195       0.039       0.020
  196                  JUNCTION     0.029    1.711     0  00:25      0.0285        3.38       0.060
  197                  JUNCTION     0.029    1.682     0  00:25      0.0285        3.32       0.083
  1980                 JUNCTION     0.029    0.029     0  00:00      0.0285       0.057       0.009
  200                  JUNCTION     0.029    0.029     0  00:00      0.0285       0.057       0.070
  201                  JUNCTION     0.029    5.385     0  07:28      0.0285        10.5       0.032
  2010                 JUNCTION     0.029    0.029     0  00:00      0.0285       0.057       0.017
  202                  JUNCTION     0.029    5.742     0  00:00      0.0285        11.2       0.020
  2022                 JUNCTION     0.019    1.191     0  00:00      0.0193        2.34       0.121
  2023                 JUNCTION     0.019    1.210     0  00:14      0.0193        2.37       0.069
  2024                 JUNCTION     0.019    1.230     0  00:00      0.0193        2.41       0.065
  2025                 JUNCTION     0.019    1.249     0  00:00      0.0193        2.45       0.055
  2026                 JUNCTION     0.019    1.268     0  01:20      0.0193        2.48       0.056
  2027                 JUNCTION     0.019    1.288     0  19:26      0.0193        2.52       0.053
  2028                 JUNCTION     0.019    1.307     0  00:01      0.0193        2.56       0.062
  2029                 JUNCTION     0.019    1.326     0  22:15      0.0193         2.6       0.038
  203                  JUNCTION     0.029    5.771     0  00:00      0.0285        11.3       0.028
  2030                 JUNCTION     0.019    1.346     0  00:00      0.0193        2.63       0.049
  2031                 JUNCTION     0.019    1.365     0  00:00      0.0193        2.67       0.055
  204                  JUNCTION     0.029    5.800     0  00:00      0.0285        11.3       0.058
  205                  JUNCTION     0.029    5.828     0  13:56      0.0285        11.4       0.017
  206                  JUNCTION     0.029    5.857     0  00:00      0.0285        11.4       0.044
  207                  JUNCTION     0.029    5.885     0  23:21      0.0285        11.5       0.021
  209                  JUNCTION     0.029    5.942     0  11:42      0.0285        11.6       0.028
  2095                 JUNCTION     0.012    0.085     0  13:34      0.0122       0.169       0.171
  2096                 JUNCTION     0.012    0.073     0  00:00      0.0122       0.146       0.353
  2097                 JUNCTION     0.012    0.012     0  00:00      0.0122      0.0244       0.052
  2098                 JUNCTION     0.012    0.024     0  00:00      0.0122      0.0487       0.162
  2099                 JUNCTION     0.012    0.037     0  00:00      0.0122       0.073       0.217
  2100                 JUNCTION     0.012    0.049     0  00:34      0.0122      0.0972       0.125
  2102                 JUNCTION     0.012    0.110     0  00:00      0.0122       0.218       0.536
  2103                 JUNCTION     0.013    0.333     0  00:00      0.0134       0.661       0.117
  2121                 JUNCTION     0.013    0.717     0  22:15      0.0134        1.37       0.015
  2122                 JUNCTION     0.013    0.731     0  00:00      0.0134         1.4       0.044
  2123                 JUNCTION     0.013    0.744     0  06:29      0.0134        1.43       0.041
  2125                 JUNCTION     0.013    0.347     0  00:00      0.0134       0.687       0.122
  2126                 JUNCTION     0.013    0.360     0  23:17      0.0134       0.713       0.098
  2127                 JUNCTION     0.013    1.118     0  00:04      0.0134        2.17       0.090
  213                  JUNCTION     0.029    5.971     0  22:48      0.0285        11.6       0.042
  2130                 JUNCTION     0.013    0.293     0  00:00      0.0134       0.583       0.060
  2136                 JUNCTION     0.012    5.690     0  00:00      0.0122        10.9       0.027
  2137                 JUNCTION     0.012    5.581     0  17:55      0.0122        10.7       0.010
  2138                 JUNCTION     0.012    5.568     0  00:00      0.0122        10.7       0.012
  2139                 JUNCTION     0.013    0.240     0  00:00      0.0134       0.478       0.107
  214                  JUNCTION     0.029    0.329     0  17:24      0.0285       0.656       0.048
  2140                 JUNCTION     0.013    0.253     0  00:00      0.0134       0.504       0.098
  2141                 JUNCTION     0.013    0.267     0  00:00      0.0134        0.53       0.096
  2142                 JUNCTION     0.013    0.280     0  00:00      0.0134       0.557       0.088
  2143                 JUNCTION     0.013    0.307     0  00:00      0.0134       0.609       0.095
  2144                 JUNCTION     0.013    0.320     0  00:00      0.0134       0.635       0.118
  2145                 JUNCTION     0.012    5.556     0  05:16      0.0122        10.6       0.029
  2148                 JUNCTION     0.013    0.013     0  00:00      0.0134      0.0267       0.091
  215                  JUNCTION     0.029    0.301     0  09:29      0.0285         0.6       0.040
  2151                 JUNCTION     0.012    5.678     0  03:31      0.0122        10.9       0.018
  2153                 JUNCTION     0.012    0.085     0  17:47      0.0122        0.17       0.039
  2154                 JUNCTION     0.012    0.073     0  00:00      0.0122       0.146       0.203
  2155                 JUNCTION     0.012    0.061     0  00:53      0.0122       0.121       0.114
  2156                 JUNCTION     0.012    0.049     0  00:01      0.0122      0.0972       0.151
  2157                 JUNCTION     0.012    0.037     0  00:00      0.0122       0.073       0.169
  2158                 JUNCTION     0.012    0.012     0  00:00      0.0122      0.0244       0.092
  2159                 JUNCTION     0.012    0.024     0  00:00      0.0122      0.0487       0.148
  2160                 JUNCTION     0.001    0.001     0  00:00    0.000661     0.00132       0.123
  2161                 JUNCTION     0.013    0.014     0  00:00      0.0134       0.028       0.097
  2162                 JUNCTION     0.013    0.027     0  00:00      0.0134      0.0547       0.100
  2163                 JUNCTION     0.013    0.041     0  00:00      0.0134      0.0814       0.104
  2164                 JUNCTION     0.013    0.054     0  00:00      0.0134       0.108       0.105
  2165                 JUNCTION     0.013    0.067     0  00:00      0.0134       0.135       0.077
  2166                 JUNCTION     0.013    0.081     0  00:00      0.0134       0.161       0.072
  2167                 JUNCTION     0.013    0.094     0  00:00      0.0134       0.188       0.065
  2168                 JUNCTION     0.013    0.227     0  00:02      0.0134       0.451       0.063
  2169                 JUNCTION     0.013    0.119     0  00:00      0.0134       0.237       0.071
  2170                 JUNCTION     0.013    0.106     0  00:00      0.0134       0.211       0.089
  2171                 JUNCTION     0.013    0.092     0  00:00      0.0134       0.184       0.106
  2172                 JUNCTION     0.013    0.079     0  00:00      0.0134       0.157       0.095
  2173                 JUNCTION     0.039    0.039     0  00:00      0.0388      0.0776       0.080
  2174                 JUNCTION     0.013    0.066     0  00:00      0.0134       0.131       0.210
  2175                 JUNCTION     0.000    0.637     0  07:37           0        1.22       0.211
  218                  JUNCTION     0.029    5.242     0  00:00      0.0285        10.2       0.009
  2187                 JUNCTION     0.013    0.440     0  13:00      0.0134       0.859       0.251
  2198                 JUNCTION     0.008    0.008     0  00:00     0.00832      0.0166       0.129
  2199                 JUNCTION     0.008    0.017     0  00:00     0.00832      0.0332       0.210
  22                   JUNCTION     0.029    0.656     0  09:09      0.0285        1.29       0.107
  2200                 JUNCTION     0.008    0.025     0  00:00     0.00832      0.0498       0.233
  2201                 JUNCTION     0.008    0.033     0  00:00     0.00832      0.0663       0.264
  2202                 JUNCTION     0.008    0.042     0  00:00     0.00832      0.0828       0.255
  2203                 JUNCTION     0.008    0.050     0  00:00     0.00832      0.0992       0.182
  2204                 JUNCTION     0.008    0.017     0  00:00     0.00832      0.0333       0.121
  2205                 JUNCTION     0.008    0.025     0  00:56     0.00832      0.0498       0.136
  2206                 JUNCTION     0.008    0.083     0  00:00     0.00832       0.165       0.215
  2207                 JUNCTION     0.008    0.091     0  00:00     0.00832       0.182       0.201
  2210                 JUNCTION     0.008    0.208     0  00:05     0.00832       0.408       0.042
  2211                 JUNCTION     0.008    0.116     0  13:49     0.00832       0.231       0.213
  2212                 JUNCTION     0.008    0.108     0  00:00     0.00832       0.214       0.175
  2214                 JUNCTION     0.013    0.506     0  07:00      0.0134       0.986       0.163
  2219                 JUNCTION     0.013    0.453     0  18:59      0.0134       0.883       0.131
  2220                 JUNCTION     0.013    0.480     0  10:16      0.0134       0.935       0.065
  2221                 JUNCTION     0.013    0.200     0  23:52      0.0134       0.396       0.168
  2228                 JUNCTION     0.006    0.206     0  23:43     0.00594       0.407       0.150
  2229                 JUNCTION     0.006    0.212     0  00:22     0.00594       0.419       0.678
  2230                 JUNCTION     0.013    0.637     0  14:18      0.0134        1.23       0.207
  2231                 JUNCTION     0.013    0.606     0  16:13      0.0134        1.17       0.169
  2232                 JUNCTION     0.018    0.592     0  16:13      0.0181        1.15       0.147
  2233                 JUNCTION     0.018    0.574     0  19:47      0.0181        1.11       0.160
  2234                 JUNCTION     0.018    0.556     0  07:07      0.0181        1.08       0.153
  2235                 JUNCTION     0.018    0.538     0  07:07      0.0181        1.05       0.487
  2236                 JUNCTION     0.013    0.520     0  07:06      0.0134        1.01       0.217
  2237                 JUNCTION     0.013    0.493     0  00:00      0.0134       0.961       0.144
  2238                 JUNCTION     0.013    0.466     0  01:21      0.0134       0.909       0.110
  2239                 JUNCTION     0.006    0.218     0  13:00     0.00594       0.428       0.113
  2245                 JUNCTION     0.008    0.200     0  22:30     0.00832       0.392       0.090
  2246                 JUNCTION     0.008    0.166     0  00:00     0.00832       0.327       0.163
  2247                 JUNCTION     0.008    0.191     0  00:00     0.00832       0.376       0.253
  225                  JUNCTION     0.029    0.029     0  00:00      0.0285       0.057       0.506
  2253                 JUNCTION     0.000    0.637     0  14:22           0        1.23       0.224
  2255                 JUNCTION     0.008    0.125     0  02:33     0.00832       0.247       0.257
  2256                 JUNCTION     0.008    0.133     0  12:23     0.00832       0.263       0.223
  2257                 JUNCTION     0.008    0.141     0  01:02     0.00832       0.279       0.180
  2258                 JUNCTION     0.008    0.150     0  00:00     0.00832       0.295       0.130
  2259                 JUNCTION     0.008    0.158     0  01:14     0.00832       0.311       0.143
  227                  JUNCTION     0.029    1.996     0  16:57      0.0285        3.92       0.036
  2270                 JUNCTION     0.008    0.100     0  02:36     0.00832       0.198       0.110
  2274                 JUNCTION     0.008    0.183     0  00:45     0.00832        0.36       0.106
  2281                 JUNCTION     0.008    0.175     0  00:45     0.00832       0.343       0.102
  2286                 JUNCTION     0.013    0.013     0  00:00      0.0134      0.0267       0.144
  2287                 JUNCTION     0.013    0.691     0  00:00      0.0134        1.32       0.163
  2288                 JUNCTION     0.013    0.704     0  22:15      0.0134        1.35       0.066
  2289                 JUNCTION     0.013    0.664     0  12:45      0.0134        1.27       0.154
  229                  JUNCTION     0.029    5.328     0  17:44      0.0285        10.4       0.031
  2290                 JUNCTION     0.013    0.650     0  09:12      0.0134        1.25       0.203
  230                  JUNCTION     0.029    5.299     0  00:00      0.0285        10.3       0.034
  2354                 JUNCTION     0.013    0.908     0  06:54      0.0134        1.79       0.093
  2355                 JUNCTION     0.013    0.948     0  14:04      0.0134        1.87       0.032
  2356                 JUNCTION     0.013    0.961     0  00:00      0.0134        1.89       0.068
  2357                 JUNCTION     0.013    0.934     0  20:20      0.0134        1.84       0.048
  2358                 JUNCTION     0.013    0.921     0  06:53      0.0134        1.82       0.073
  2360                 JUNCTION     0.013    0.988     0  00:09      0.0134        1.95       0.015
  2361                 JUNCTION     0.013    1.001     0  00:00      0.0134        1.97       0.059
  2362                 JUNCTION     0.013    1.015     0  11:04      0.0134           2       0.057
  2363                 JUNCTION     0.013    1.028     0  00:00      0.0134        2.02       0.053
  2364                 JUNCTION     0.013    1.041     0  00:00      0.0134        2.05       0.052
  2365                 JUNCTION     0.013    1.055     0  04:13      0.0134        2.08       0.053
  2366                 JUNCTION     0.013    1.068     0  00:00      0.0134         2.1       0.057
  2367                 JUNCTION     0.013    1.081     0  23:40      0.0134        2.13       0.020
  2368                 JUNCTION     0.013    1.095     0  00:00      0.0134        2.15       0.054
  2371                 JUNCTION     0.013    2.498     0  00:52      0.0134        4.83       0.426
  2372                 JUNCTION     0.013    2.511     0  08:04      0.0134        4.84       0.288
  2373                 JUNCTION     0.013    2.525     0  11:49      0.0134        4.85       0.090
  2396                 JUNCTION     0.012    0.549     0  00:01      0.0122        1.09       0.071
  2447                 JUNCTION     0.013    0.040     0  00:00      0.0134      0.0801       0.128
  2459                 JUNCTION     0.013    0.027     0  00:00      0.0134      0.0535       0.090
  2463                 JUNCTION     0.013    0.013     0  00:00      0.0134      0.0267       0.014
  2464                 JUNCTION     0.012    0.537     0  00:01      0.0122        1.07       0.107
  2465                 JUNCTION     0.012    0.574     0  06:11      0.0122        1.14       0.081
  2466                 JUNCTION     0.012    0.562     0  23:05      0.0122        1.12       0.077
  2467                 JUNCTION     0.012    0.586     0  00:07      0.0122        1.16       0.085
  2468                 JUNCTION     0.012    0.598     0  00:35      0.0122        1.19       0.124
  2469                 JUNCTION     0.012    0.610     0  00:00      0.0122        1.21       0.138
  2470                 JUNCTION     0.012    0.623     0  14:30      0.0122        1.23       0.029
  2477                 JUNCTION     0.013    1.122     0  22:35      0.0134         2.2       0.052
  2478                 JUNCTION     0.013    1.108     0  00:00      0.0134        2.18       0.099
  2480                 JUNCTION     0.013    4.481     0  00:07      0.0134        8.66       2.734
  2481                 JUNCTION     0.013    4.468     0  11:34      0.0134        8.64       0.016
  2482                 JUNCTION     0.013    3.333     0  04:00      0.0134        6.41       0.042
  2483                 JUNCTION     0.013    3.320     0  00:07      0.0134        6.39       0.043
  2484                 JUNCTION     0.012    0.688     0  02:05      0.0122        1.36       0.047
  2485                 JUNCTION     0.013    0.702     0  00:00      0.0134        1.39       0.118
  2486                 JUNCTION     0.013    0.715     0  09:36      0.0134        1.41       0.047
  2487                 JUNCTION     0.013    3.280     0  22:00      0.0134        6.32       0.085
  2488                 JUNCTION     0.013    3.293     0  00:02      0.0134        6.34       0.067
  2489                 JUNCTION     0.013    3.306     0  23:48      0.0134        6.37       0.047
  2534                 JUNCTION     0.013    2.538     0  00:00      0.0134        4.87       0.118
  2535                 JUNCTION     0.013    2.551     0  02:24      0.0134        4.89       0.146
  2546                 JUNCTION     0.013    2.458     0  00:04      0.0134        4.76       0.046
  2547                 JUNCTION     0.013    2.471     0  00:03      0.0134        4.78       0.090
  2548                 JUNCTION     0.013    2.485     0  04:09      0.0134        4.81       0.086
  2564                 JUNCTION     0.013    0.013     0  00:00      0.0134      0.0267       0.034
  2575                 JUNCTION     0.012    0.118     0  00:00      0.0122       0.235       0.109
  2591                 JUNCTION     0.013    0.027     0  00:00      0.0134      0.0534       0.098
  2592                 JUNCTION     0.013    0.040     0  00:00      0.0134      0.0801       0.126
  2593                 JUNCTION     0.013    0.053     0  00:00      0.0134       0.107       0.121
  2594                 JUNCTION     0.013    0.067     0  00:00      0.0134       0.133       0.080
  2595                 JUNCTION     0.013    0.080     0  03:42      0.0134        0.16       0.052
  2596                 JUNCTION     0.013    0.094     0  00:00      0.0134       0.187       0.112
  2597                 JUNCTION     0.012    0.106     0  00:00      0.0122       0.211       0.127
  2598                 JUNCTION     0.012    0.130     0  00:00      0.0122       0.259       0.207
  2599                 JUNCTION     0.012    0.142     0  04:19      0.0122       0.283       0.102
  2602                 JUNCTION     0.012    0.358     0  00:02      0.0122       0.714       0.032
  2604                 JUNCTION     0.012    0.383     0  21:44      0.0122       0.762       0.035
  2612                 JUNCTION     0.013    0.013     0  00:00      0.0134      0.0267       0.098
  2623                 JUNCTION     0.013    0.027     0  00:00      0.0134      0.0534       0.164
  2624                 JUNCTION     0.013    0.040     0  00:00      0.0134      0.0801       0.123
  2629                 JUNCTION     0.013    0.053     0  00:00      0.0134       0.107       0.094
  2630                 JUNCTION     0.013    0.067     0  00:00      0.0134       0.133       0.098
  2631                 JUNCTION     0.013    0.080     0  00:00      0.0134        0.16       0.137
  2634                 JUNCTION     0.013    0.040     0  00:00      0.0134      0.0801       0.067
  2635                 JUNCTION     0.013    0.027     0  00:00      0.0134      0.0534       0.064
  2642                 JUNCTION     0.013    0.053     0  01:45      0.0134       0.107       0.084
  2643                 JUNCTION     0.013    0.067     0  00:00      0.0134       0.133       0.105
  2644                 JUNCTION     0.013    0.080     0  00:00      0.0134        0.16       0.095
  2645                 JUNCTION     0.013    0.094     0  00:00      0.0134       0.187       0.089
  2646                 JUNCTION     0.013    0.107     0  00:04      0.0134       0.213       0.056
  2647                 JUNCTION     0.013    0.120     0  00:00      0.0134        0.24       0.057
  2648                 JUNCTION     0.013    0.134     0  00:00      0.0134       0.266       0.056
  2649                 JUNCTION     0.013    0.147     0  00:00      0.0134       0.293       0.052
  2650                 JUNCTION     0.013    0.160     0  00:00      0.0134        0.32       0.039
  2657                 JUNCTION     0.013    0.094     0  00:48      0.0134       0.186       0.074
  2658                 JUNCTION     0.013    0.107     0  00:11      0.0134       0.213       0.022
  2659                 JUNCTION     0.013    0.120     0  00:00      0.0134        0.24       0.023
  2660                 JUNCTION     0.013    0.134     0  00:00      0.0134       0.266       0.047
  2665                 JUNCTION     0.013    0.174     0  23:13      0.0134       0.346       0.043
  2666                 JUNCTION     0.013    0.321     0  00:00      0.0134       0.639       0.064
  2667                 JUNCTION     0.013    0.334     0  22:45      0.0134       0.665       0.032
  2668                 JUNCTION     0.012    0.346     0  00:01      0.0122       0.689       0.034
  2669                 JUNCTION     0.012    0.371     0  00:02      0.0122       0.738       0.040
  2683                 JUNCTION     0.013    0.013     0  00:00      0.0134      0.0267       0.058
  2691                 JUNCTION     0.012    2.444     0  00:00      0.0122        4.74       0.071
  2692                 JUNCTION     0.012    2.432     0  07:28      0.0122        4.72       0.088
  2693                 JUNCTION     0.012    2.420     0  00:34      0.0122         4.7       0.101
  2694                 JUNCTION     0.012    2.408     0  00:00      0.0122        4.67       0.070
  2695                 JUNCTION     0.013    2.396     0  00:00      0.0134        4.65       0.073
  2696                 JUNCTION     0.013    2.382     0  07:23      0.0134        4.63       0.084
  2697                 JUNCTION     0.013    2.369     0  00:00      0.0134        4.61       0.082
  2698                 JUNCTION     0.013    2.356     0  07:46      0.0134        4.58       0.055
  2727                 JUNCTION     0.013    0.560     0  00:00      0.0134        1.11       0.017
  2752                 JUNCTION     0.013    0.520     0  00:00      0.0134        1.03       0.029
  2753                 JUNCTION     0.013    0.533     0  00:00      0.0134        1.06       0.080
  2754                 JUNCTION     0.013    0.493     0  00:00      0.0134       0.978       0.029
  2755                 JUNCTION     0.013    0.507     0  12:13      0.0134           1       0.013
  2756                 JUNCTION     0.013    0.547     0  07:39      0.0134        1.08       0.012
  2779                 JUNCTION     0.013    0.013     0  00:00      0.0134      0.0267       0.104
  2780                 JUNCTION     0.013    0.027     0  00:00      0.0134      0.0534       0.165
  2781                 JUNCTION     0.013    0.040     0  00:00      0.0134      0.0801       0.107
  2782                 JUNCTION     0.013    0.868     0  01:50      0.0134        1.72       0.114
  28                   JUNCTION     0.029    0.706     0  00:00      0.0285         1.4       0.121
  2811                 JUNCTION     0.013    0.587     0  00:42      0.0134        1.16       0.032
  2812                 JUNCTION     0.013    0.600     0  07:33      0.0134        1.19       0.046
  2813                 JUNCTION     0.013    0.614     0  00:00      0.0134        1.22       0.045
  2814                 JUNCTION     0.013    0.627     0  00:00      0.0134        1.24       0.042
  2815                 JUNCTION     0.013    0.640     0  00:00      0.0134        1.27       0.048
  2816                 JUNCTION     0.013    0.787     0  21:48      0.0134        1.56       0.089
  2817                 JUNCTION     0.013    0.801     0  19:19      0.0134        1.58       0.069
  2818                 JUNCTION     0.013    0.814     0  01:50      0.0134        1.61       0.080
  2820                 JUNCTION     0.013    0.881     0  00:19      0.0134        1.74       0.037
  2821                 JUNCTION     0.013    0.894     0  00:00      0.0134        1.77       0.062
  2861                 JUNCTION     0.013    0.574     0  00:00      0.0134        1.14       0.018
  2862                 JUNCTION     0.013    0.013     0  00:00      0.0134      0.0267       0.027
  2863                 JUNCTION     0.013    0.027     0  00:00      0.0134      0.0534       0.059
  2864                 JUNCTION     0.013    0.040     0  00:00      0.0134      0.0801       0.060
  2865                 JUNCTION     0.013    0.053     0  00:00      0.0134       0.107       0.088
  2914                 JUNCTION     0.013    0.067     0  00:49      0.0134       0.133       0.039
  2915                 JUNCTION     0.013    0.080     0  00:00      0.0134        0.16       0.036
  2916                 JUNCTION     0.013    0.094     0  00:00      0.0134       0.187       0.048
  2917                 JUNCTION     0.013    0.107     0  00:00      0.0134       0.213       0.060
  2918                 JUNCTION     0.013    0.120     0  00:00      0.0134        0.24       0.054
  2919                 JUNCTION     0.013    0.774     0  00:00      0.0134        1.53       0.105
  294                  JUNCTION     0.029    1.654     0  00:08      0.0285        3.27       0.084
  2948                 JUNCTION     0.013    0.138     0  00:31      0.0134       0.275       0.065
  2949                 JUNCTION     0.013    0.151     0  00:00      0.0134       0.301       0.150
  295                  JUNCTION     0.029    1.625     0  00:10      0.0285        3.21       0.086
  2950                 JUNCTION     0.013    0.165     0  00:00      0.0134       0.328       0.134
  2951                 JUNCTION     0.013    0.178     0  00:00      0.0134       0.354       0.122
  2952                 JUNCTION     0.013    0.192     0  00:00      0.0134        0.38       0.101
  2953                 JUNCTION     0.013    0.205     0  00:00      0.0134       0.407       0.086
  2954                 JUNCTION     0.013    0.218     0  00:00      0.0134       0.433       0.091
  2955                 JUNCTION     0.013    0.232     0  15:26      0.0134       0.459       0.033
  2956                 JUNCTION     0.013    0.272     0  05:05      0.0134       0.539       0.091
  296                  JUNCTION     0.029    1.597     0  00:00      0.0285        3.16       0.064
  2960                 JUNCTION     0.013    0.413     0  01:53      0.0134       0.818       0.030
  2961                 JUNCTION     0.013    0.453     0  00:00      0.0134       0.898       0.004
  2962                 JUNCTION     0.000    0.312     0  00:00           0       0.617       0.061
  2963                 JUNCTION     0.000    0.312     0  21:52           0       0.617       0.069
  2964                 JUNCTION     0.000    0.312     0  15:13           0       0.617       0.047
  2965                 JUNCTION     0.000    0.312     0  15:13           0       0.618       0.057
  2966                 JUNCTION     0.013    0.312     0  00:00      0.0134       0.618       0.099
  2967                 JUNCTION     0.013    0.298     0  00:00      0.0134       0.592       0.078
  2968                 JUNCTION     0.013    0.027     0  00:00      0.0134      0.0534       0.120
  2969                 JUNCTION     0.013    0.285     0  18:56      0.0134       0.566       0.046
  297                  JUNCTION     0.018    0.272     0  00:00      0.0178       0.543       0.077
  2972                 JUNCTION     0.013    0.013     0  00:00      0.0134      0.0267       0.047
  2979                 JUNCTION     0.013    0.088     0  18:35      0.0134       0.175       0.075
  298                  JUNCTION     0.029    0.123     0  01:48      0.0285       0.245       0.043
  299                  JUNCTION     0.029    0.094     0  00:00      0.0285       0.188       0.108
  2990                 JUNCTION     0.013    0.013     0  00:00      0.0134      0.0267       0.153
  2991                 JUNCTION     0.013    0.075     0  00:00      0.0134       0.149       0.135
  2992                 JUNCTION     0.013    0.061     0  00:00      0.0134       0.122       0.129
  2993                 JUNCTION     0.013    0.048     0  00:25      0.0134      0.0956       0.099
  2994                 JUNCTION     0.021    0.035     0  00:00      0.0211       0.069       0.160
  3                    JUNCTION     0.029    0.599     0  00:00      0.0285        1.18       0.143
  300                  JUNCTION     0.029    5.271     0  12:20      0.0285        10.3       0.006
  301                  JUNCTION     0.029    0.066     0  00:00      0.0285       0.131       0.119
  3014                 JUNCTION     0.012    0.073     0  19:33      0.0122       0.146       0.131
  3017                 JUNCTION     0.013    0.147     0  03:21      0.0134       0.291       0.069
  303                  JUNCTION     0.029    5.185     0  00:00      0.0285        10.1       0.079
  304                  JUNCTION     0.029    5.214     0  16:01      0.0285        10.2       0.013
  3040                 JUNCTION     0.013    0.013     0  00:00      0.0134      0.0267       0.053
  3044                 JUNCTION     0.013    0.027     0  00:00      0.0134      0.0534       0.115
  3045                 JUNCTION     0.012    0.012     0  00:00      0.0122      0.0244       0.102
  3046                 JUNCTION     0.012    0.024     0  00:00      0.0122      0.0487       0.175
  3047                 JUNCTION     0.012    0.037     0  00:02      0.0122      0.0729       0.097
  3048                 JUNCTION     0.012    0.073     0  00:00      0.0122       0.146       0.197
  3049                 JUNCTION     0.012    0.085     0  00:00      0.0122        0.17       0.261
  3050                 JUNCTION     0.010    0.096     0  00:00      0.0105        0.19       0.288
  3051                 JUNCTION     0.003    0.099     0  01:31     0.00297       0.196       0.266
  3052                 JUNCTION     0.013    0.160     0  00:14      0.0134       0.318       0.131
  3053                 JUNCTION     0.013    0.174     0  03:26      0.0134       0.344       0.232
  3054                 JUNCTION     0.013    0.187     0  04:52      0.0134        0.37       0.229
  3056                 JUNCTION     0.012    0.073     0  00:00      0.0122       0.146       0.135
  306                  JUNCTION     0.029    5.157     0  05:37      0.0285        10.1       0.068
  3068                 JUNCTION     0.013    0.067     0  00:00      0.0134       0.133       0.188
  307                  JUNCTION     0.029    5.128     0  15:18      0.0285          10       0.067
  3079                 JUNCTION     0.013    0.040     0  00:00      0.0134      0.0801       0.514
  308                  JUNCTION     0.029    5.099     0  15:17      0.0285        9.97       0.042
  3080                 JUNCTION     0.013    0.053     0  14:51      0.0134       0.106       0.221
  3085                 JUNCTION     0.012    0.049     0  00:00      0.0122      0.0972       0.148
  3089                 JUNCTION     0.012    0.061     0  00:00      0.0122       0.121       0.213
  309                  JUNCTION     0.029    5.071     0  00:11      0.0285        9.91       0.021
  310                  JUNCTION     0.029    5.042     0  18:16      0.0285        9.86       0.017
  311                  JUNCTION     0.029    0.037     0  00:00      0.0285      0.0742       0.165
  3113                 JUNCTION     0.013    0.080     0  00:00      0.0134       0.159       0.198
  3118                 JUNCTION     0.013    0.094     0  03:02      0.0134       0.186       0.173
  312                  JUNCTION     0.029    5.014     0  23:16      0.0285         9.8       0.040
  3121                 JUNCTION     0.013    0.120     0  21:11      0.0134       0.239       0.141
  3123                 JUNCTION     0.013    0.107     0  00:35      0.0134       0.212       0.163
  313                  JUNCTION     0.018    0.132     0  00:07      0.0178       0.263       0.082
  3131                 JUNCTION     0.013    0.134     0  00:00      0.0134       0.265       0.131
  3135                 JUNCTION     0.012    0.085     0  00:00      0.0122        0.17       0.107
  3136                 JUNCTION     0.012    0.097     0  00:00      0.0122       0.194       0.158
  3137                 JUNCTION     0.012    0.110     0  00:00      0.0122       0.218       0.195
  3138                 JUNCTION     0.012    0.231     0  00:00      0.0122       0.459       0.219
  314                  JUNCTION     0.029    0.114     0  00:00      0.0285       0.228       0.176
  3141                 JUNCTION     0.012    0.012     0  00:00      0.0122      0.0244       0.093
  3142                 JUNCTION     0.012    0.024     0  00:00      0.0122      0.0487       0.218
  3143                 JUNCTION     0.012    0.037     0  00:00      0.0122      0.0729       0.196
  3144                 JUNCTION     0.012    0.049     0  00:00      0.0122      0.0971       0.179
  3145                 JUNCTION     0.012    0.061     0  00:00      0.0122       0.121       0.169
  3146                 JUNCTION     0.012    0.073     0  00:00      0.0122       0.145       0.157
  3147                 JUNCTION     0.012    0.085     0  00:00      0.0122        0.17       0.172
  3148                 JUNCTION     0.012    0.097     0  00:00      0.0122       0.194       0.185
  3149                 JUNCTION     0.012    0.110     0  00:00      0.0122       0.218       0.158
  315                  JUNCTION     0.029    0.086     0  00:00      0.0285       0.171       0.141
  3150                 JUNCTION     0.012    0.244     0  03:05      0.0122       0.482       0.081
  3158                 JUNCTION     0.012    0.021     0  00:09      0.0122      0.0421       0.029
  3159                 JUNCTION     0.003    0.009     0  00:00     0.00297      0.0178       0.310
  3161                 JUNCTION     0.012    0.098     0  00:00      0.0122       0.194       0.170
  3169                 JUNCTION     0.012    0.024     0  00:12      0.0122      0.0487       0.160
  3170                 JUNCTION     0.012    0.012     0  00:00      0.0122      0.0244       0.188
  3171                 JUNCTION     0.012    0.097     0  21:07      0.0122       0.194       0.529
  3172                 JUNCTION     0.012    0.085     0  00:05      0.0122        0.17       0.249
  3173                 JUNCTION     0.012    0.061     0  00:05      0.0122       0.121       0.160
  3174                 JUNCTION     0.012    0.012     0  00:00      0.0122      0.0244       0.080
  3175                 JUNCTION     0.012    0.024     0  00:00      0.0122      0.0487       0.242
  3176                 JUNCTION     0.012    0.049     0  00:05      0.0122      0.0971       0.061
  3177                 JUNCTION     0.012    0.037     0  00:00      0.0122      0.0729       0.187
  3180                 JUNCTION     0.012    6.214     0  06:36      0.0122        11.8       0.103
  3181                 JUNCTION     0.012    6.202     0  01:50      0.0122        11.8       0.125
  3182                 JUNCTION     0.012    6.189     0  01:48      0.0122        11.8       0.130
  3183                 JUNCTION     0.012    6.177     0  02:10      0.0122        11.8       0.131
  3184                 JUNCTION     0.012    0.426     0  16:48      0.0122       0.842       0.077
  3185                 JUNCTION     0.012    6.165     0  18:20      0.0122        11.8       0.122
  3186                 JUNCTION     0.012    6.153     0  06:14      0.0122        11.8       0.091
  3187                 JUNCTION     0.012    5.715     0  10:04      0.0122        10.9       0.025
  3188                 JUNCTION     0.012    5.702     0  00:01      0.0122        10.9       0.032
  3189                 JUNCTION     0.003    0.102     0  01:31     0.00297       0.201       0.116
  3190                 JUNCTION     0.003    0.105     0  07:56     0.00297       0.207       0.042
  3191                 JUNCTION     0.012    0.214     0  21:07      0.0122       0.424       0.128
  3192                 JUNCTION     0.012    0.251     0  00:02      0.0122       0.496       0.150
  3193                 JUNCTION     0.012    0.263     0  00:01      0.0122        0.52       0.106
  3194                 JUNCTION     0.012    0.275     0  22:12      0.0122       0.543       0.092
  3195                 JUNCTION     0.012    0.299     0  08:20      0.0122       0.591       0.056
  3196                 JUNCTION     0.012    0.345     0  00:00      0.0122       0.681       0.161
  3197                 JUNCTION     0.012    6.571     0  10:30      0.0122        12.5       0.091
  3198                 JUNCTION     0.012    0.333     0  01:06      0.0122       0.657       0.021
  3199                 JUNCTION     0.012    0.287     0  00:00      0.0122       0.567       0.092
  3200                 JUNCTION     0.012    0.086     0  00:00      0.0122        0.17       0.158
  3201                 JUNCTION     0.012    0.074     0  00:00      0.0122       0.146       0.218
  3202                 JUNCTION     0.012    0.061     0  00:00      0.0122       0.122       0.240
  3203                 JUNCTION     0.012    0.049     0  00:00      0.0122      0.0979       0.237
  3204                 JUNCTION     0.012    0.037     0  00:00      0.0122      0.0737       0.238
  3205                 JUNCTION     0.000    0.025     0  00:00    0.000441      0.0495       0.258
  3206                 JUNCTION     0.012    0.024     0  00:00      0.0122      0.0487       0.131
  3207                 JUNCTION     0.012    0.012     0  00:00      0.0122      0.0244       0.090
  3208                 JUNCTION     0.012    0.256     0  00:00      0.0122       0.506       0.150
  3209                 JUNCTION     0.012    0.268     0  10:16      0.0122        0.53       0.114
  3210                 JUNCTION     0.012    0.402     0  00:34      0.0122       0.794       0.108
  3211                 JUNCTION     0.012    0.414     0  16:48      0.0122       0.818       0.088
  3215                 JUNCTION     0.012    7.668     0  01:54      0.0122        14.6       0.093
  3220                 JUNCTION     0.003    0.006     0  00:00     0.00297      0.0119       0.360
  3221                 JUNCTION     0.003    0.003     0  00:00     0.00297     0.00594       0.128
  3242                 JUNCTION     0.012    0.426     0  02:40      0.0122       0.846       0.026
  3243                 JUNCTION     0.012    0.414     0  00:00      0.0122       0.822       0.075
  3244                 JUNCTION     0.012    0.365     0  10:37      0.0122       0.726       0.027
  3245                 JUNCTION     0.012    0.134     0  00:00      0.0122       0.267       0.084
  3246                 JUNCTION     0.012    0.122     0  00:00      0.0122       0.243       0.093
  3247                 JUNCTION     0.012    0.097     0  00:00      0.0122       0.194       0.053
  3248                 JUNCTION     0.012    0.085     0  00:00      0.0122        0.17       0.119
  3249                 JUNCTION     0.012    0.073     0  00:00      0.0122       0.146       0.123
  3250                 JUNCTION     0.012    0.061     0  00:00      0.0122       0.122       0.070
  3259                 JUNCTION     0.012    0.012     0  00:00      0.0122      0.0244       0.067
  3261                 JUNCTION     0.012    0.024     0  00:00      0.0122      0.0487       0.111
  3262                 JUNCTION     0.012    0.037     0  00:10      0.0122       0.073       0.065
  3263                 JUNCTION     0.012    0.049     0  00:00      0.0122      0.0973       0.110
  3266                 JUNCTION     0.012    0.110     0  11:15      0.0122       0.218       0.069
  3267                 JUNCTION     0.012    0.183     0  05:06      0.0122       0.363       0.075
  3268                 JUNCTION     0.012    0.353     0  00:00      0.0122       0.702       0.038
  3269                 JUNCTION     0.012    0.329     0  00:00      0.0122       0.654       0.072
  327                  JUNCTION     0.029    0.228     0  00:00      0.0285       0.455       0.122
  3276                 JUNCTION     0.012    0.341     0  00:00      0.0122       0.678       0.032
  3305                 JUNCTION     0.012    0.390     0  00:00      0.0122       0.774       0.045
  3306                 JUNCTION     0.012    0.377     0  00:00      0.0122        0.75       0.026
  331                  JUNCTION     0.029    0.257     0  21:03      0.0285       0.511       0.056
  3313                 JUNCTION     0.012    0.402     0  00:00      0.0122       0.798       0.045
  3378                 JUNCTION     0.012    0.012     0  00:00      0.0122      0.0244       0.068
  3379                 JUNCTION     0.012    0.024     0  00:00      0.0122      0.0487       0.112
  3380                 JUNCTION     0.012    0.037     0  00:00      0.0122       0.073       0.158
  3381                 JUNCTION     0.012    0.049     0  00:00      0.0122      0.0972       0.196
  3382                 JUNCTION     0.012    0.061     0  00:00      0.0122       0.121       0.071
  3386                 JUNCTION     0.012    0.329     0  00:00      0.0122       0.651       0.061
  3387                 JUNCTION     0.012    0.341     0  00:04      0.0122       0.675       0.048
  3388                 JUNCTION     0.012    0.354     0  14:17      0.0122       0.699       0.032
  3393                 JUNCTION     0.012    0.999     0  19:16      0.0122        1.98       0.080
  3394                 JUNCTION     0.012    0.402     0  16:23      0.0122       0.795       0.024
  3395                 JUNCTION     0.012    0.390     0  00:00      0.0122       0.771       0.074
  3396                 JUNCTION     0.012    0.378     0  09:54      0.0122       0.747       0.085
  3397                 JUNCTION     0.012    6.632     0  00:22      0.0122        12.6       0.097
  3398                 JUNCTION     0.012    6.620     0  09:47      0.0122        12.6       0.069
  3399                 JUNCTION     0.012    6.607     0  02:29      0.0122        12.6       0.069
  34                   JUNCTION     0.029    0.684     0  00:00      0.0285        1.35       0.105
  3400                 JUNCTION     0.012    6.595     0  08:00      0.0122        12.6       0.069
  3401                 JUNCTION     0.012    6.583     0  10:30      0.0122        12.6       0.080
  3403                 JUNCTION     0.012    1.024     0  18:38      0.0122        2.02       0.034
  3404                 JUNCTION     0.012    1.012     0  00:00      0.0122           2       0.116
  3405                 JUNCTION     0.012    0.585     0  00:00      0.0122        1.16       0.101
  3406                 JUNCTION     0.012    0.573     0  00:00      0.0122        1.14       0.134
  3407                 JUNCTION     0.012    0.134     0  09:08      0.0122       0.266       0.188
  3408                 JUNCTION     0.012    0.122     0  00:00      0.0122       0.242       0.211
  3409                 JUNCTION     0.012    0.110     0  00:05      0.0122       0.218       0.161
  3411                 JUNCTION     0.012    2.160     0  00:10      0.0122        4.22       0.033
  3412                 JUNCTION     0.012    0.012     0  00:00      0.0122      0.0244       0.037
  342                  JUNCTION     0.029    0.285     0  12:57      0.0285       0.568       0.046
  3422                 JUNCTION     0.012    0.685     0  00:00      0.0122        1.35       0.049
  3423                 JUNCTION     0.012    0.698     0  09:27      0.0122        1.38       0.048
  3424                 JUNCTION     0.012    0.710     0  06:55      0.0122         1.4       0.042
  3427                 JUNCTION     0.012    0.734     0  21:44      0.0122        1.45       0.015
  3428                 JUNCTION     0.012    0.722     0  00:00      0.0122        1.42       0.055
  3429                 JUNCTION     0.012   11.184     0  00:07      0.0122        21.5       0.111
  3434                 JUNCTION     0.012    0.649     0  00:00      0.0122        1.28       0.032
  3435                 JUNCTION     0.012    0.661     0  06:18      0.0122        1.31       0.033
  3436                 JUNCTION     0.012    0.673     0  00:05      0.0122        1.33       0.059
  3462                 JUNCTION     0.012    0.012     0  00:00      0.0122      0.0244       0.169
  3464                 JUNCTION     0.012    0.759     0  02:26      0.0122         1.5       0.035
  3465                 JUNCTION     0.012    0.771     0  16:16      0.0122        1.52       0.031
  3479                 JUNCTION     0.012    0.783     0  00:00      0.0122        1.55       0.045
  3480                 JUNCTION     0.012    0.795     0  00:00      0.0122        1.57       0.053
  3481                 JUNCTION     0.012    0.808     0  09:22      0.0122         1.6       0.039
  3482                 JUNCTION     0.012    0.183     0  00:00      0.0122       0.362       0.140
  3483                 JUNCTION     0.012    0.195     0  00:00      0.0122       0.386       0.161
  3484                 JUNCTION     0.012    0.207     0  05:43      0.0122       0.409       0.060
  3485                 JUNCTION     0.012    0.012     0  00:00      0.0122      0.0244       0.075
  3486                 JUNCTION     0.012    0.024     0  00:00      0.0122      0.0487       0.516
  3487                 JUNCTION     0.012    0.049     0  00:00      0.0122       0.097       0.123
  3488                 JUNCTION     0.012    0.317     0  03:32      0.0122       0.627       0.037
  3489                 JUNCTION     0.012    0.305     0  00:00      0.0122       0.603       0.086
  3490                 JUNCTION     0.012    0.244     0  00:00      0.0122       0.482       0.050
  3491                 JUNCTION     0.012    0.232     0  07:46      0.0122       0.458       0.040
  3492                 JUNCTION     0.012    0.220     0  00:00      0.0122       0.433       0.035
  3495                 JUNCTION     0.012    0.037     0  03:46      0.0122      0.0728       0.146
  353                  JUNCTION     0.029    0.314     0  00:00      0.0285       0.625       0.114
  3576                 JUNCTION     0.012    0.037     0  00:00      0.0122      0.0729       0.101
  3584                 JUNCTION     0.012    0.024     0  00:00      0.0122      0.0487       0.158
  3585                 JUNCTION     0.012    0.049     0  00:00      0.0122      0.0972       0.135
  3605                 JUNCTION     0.012    0.061     0  00:00      0.0122       0.121       0.108
  3606                 JUNCTION     0.012    0.097     0  00:00      0.0122       0.194       0.123
  3607                 JUNCTION     0.012    0.085     0  00:00      0.0122        0.17       0.132
  3608                 JUNCTION     0.012    0.073     0  00:00      0.0122       0.146       0.099
  3632                 JUNCTION     0.012    0.158     0  00:00      0.0122       0.315       0.131
  3639                 JUNCTION     0.012    0.049     0  00:00      0.0122      0.0972       0.153
  3640                 JUNCTION     0.012    0.037     0  00:00      0.0122      0.0729       0.122
  3641                 JUNCTION     0.012    0.012     0  00:00      0.0122      0.0244       0.185
  3642                 JUNCTION     0.012    0.024     0  00:00      0.0122      0.0487       0.148
  3647                 JUNCTION     0.012    0.170     0  18:49      0.0122       0.339       0.057
  3658                 JUNCTION     0.012    0.055     0  00:00      0.0122       0.109       0.110
  3659                 JUNCTION     0.012    0.067     0  00:01      0.0122       0.133       0.066
  366                  JUNCTION     0.029    0.342     0  01:38      0.0285       0.681       0.093
  3660                 JUNCTION     0.012    0.079     0  00:00      0.0122       0.158       0.058
  3661                 JUNCTION     0.012    0.091     0  00:00      0.0122       0.182       0.088
  3662                 JUNCTION     0.012    0.103     0  00:00      0.0122       0.206       0.127
  3663                 JUNCTION     0.012    0.012     0  00:00      0.0122      0.0244       0.024
  3664                 JUNCTION     0.012    0.012     0  00:00      0.0122      0.0244       0.040
  3665                 JUNCTION     0.012    0.168     0  00:00      0.0122       0.335       0.167
  3666                 JUNCTION     0.012    0.012     0  00:00      0.0122      0.0244       0.166
  3667                 JUNCTION     0.012    0.193     0  00:00      0.0122       0.383       0.158
  3668                 JUNCTION     0.012    0.024     0  00:00      0.0122      0.0487       0.057
  3669                 JUNCTION     0.012    0.037     0  00:00      0.0122       0.073       0.150
  3670                 JUNCTION     0.012    0.024     0  00:00      0.0122      0.0487       0.158
  3672                 JUNCTION     0.012    0.037     0  00:00      0.0122       0.073       0.221
  3673                 JUNCTION     0.012    0.241     0  00:02      0.0122        0.48       0.167
  3674                 JUNCTION     0.012    0.254     0  00:00      0.0122       0.503       0.116
  3675                 JUNCTION     0.012    0.049     0  00:00      0.0122      0.0972       0.207
  3678                 JUNCTION     0.012    0.012     0  00:00      0.0122      0.0244       0.124
  3679                 JUNCTION     0.012    0.363     0  00:01      0.0122       0.721       0.142
  3680                 JUNCTION     0.012    0.097     0  00:00      0.0122       0.194       0.208
  3682                 JUNCTION     0.012    0.037     0  00:00      0.0122      0.0729       0.184
  3683                 JUNCTION     0.012    0.024     0  00:00      0.0122      0.0487       0.218
  3688                 JUNCTION     0.012    0.116     0  00:00      0.0122        0.23       0.089
  374                  JUNCTION     0.029    0.428     0  00:00      0.0285        0.85       0.078
  375                  JUNCTION     0.029    0.399     0  18:28      0.0285       0.793       0.074
  376                  JUNCTION     0.029    0.371     0  00:00      0.0285       0.737       0.110
  3761                 JUNCTION     0.012    0.625     0  00:00      0.0122        1.24       0.016
  3763                 JUNCTION     0.012    0.128     0  08:23      0.0122       0.254       0.061
  3773                 JUNCTION     0.012    0.576     0  18:10      0.0122        1.14       0.070
  3774                 JUNCTION     0.012    0.564     0  11:24      0.0122        1.12       0.065
  3778                 JUNCTION     0.012    0.613     0  01:37      0.0122        1.21       0.027
  3779                 JUNCTION     0.012    0.601     0  00:04      0.0122        1.19       0.100
  378                  JUNCTION     0.029    0.456     0  19:13      0.0285       0.906       0.073
  3780                 JUNCTION     0.012    0.588     0  00:03      0.0122        1.16       0.079
  3789                 JUNCTION     0.012    0.375     0  21:31      0.0122       0.744       0.056
  3790                 JUNCTION     0.012    0.388     0  04:22      0.0122       0.768       0.061
  3791                 JUNCTION     0.012    0.552     0  00:01      0.0122        1.09       0.104
  3792                 JUNCTION     0.012    0.152     0  00:00      0.0122       0.303       0.086
  3793                 JUNCTION     0.012    0.140     0  02:29      0.0122       0.278       0.074
  3795                 JUNCTION     0.012    0.674     0  00:00      0.0122        1.33       0.020
  38                   JUNCTION     0.029    0.735     0  18:27      0.0285        1.45       0.065
  3808                 JUNCTION     0.012    0.649     0  15:19      0.0122        1.28       0.029
  3814                 JUNCTION     0.012    0.661     0  00:00      0.0122        1.31       0.024
  3815                 JUNCTION     0.012    0.637     0  00:00      0.0122        1.26       0.055
  3823                 JUNCTION     0.012    0.012     0  00:00      0.0122      0.0244       0.028
  3824                 JUNCTION     0.012    0.024     0  00:00      0.0122      0.0487       0.037
  3825                 JUNCTION     0.012    0.710     0  00:00      0.0122         1.4       0.034
  3826                 JUNCTION     0.012    0.722     0  04:38      0.0122        1.43       0.025
  3827                 JUNCTION     0.012    0.734     0  04:38      0.0122        1.45       0.008
  3828                 JUNCTION     0.012    0.747     0  03:20      0.0122        1.48       0.015
  3829                 JUNCTION     0.015    0.015     0  00:00      0.0155      0.0309       0.116
  3830                 JUNCTION     0.015    0.030     0  00:00      0.0148      0.0606       0.133
  3831                 JUNCTION     0.012    0.042     0  00:00      0.0122      0.0848       0.129
  387                  JUNCTION     0.029    0.485     0  11:49      0.0285       0.963       0.075
  3877                 JUNCTION     0.029    0.301     0  02:15      0.0285       0.597       0.022
  3895                 JUNCTION     0.012    0.033     0  00:00      0.0122      0.0664       0.197
  3896                 JUNCTION     0.012    0.123     0  00:00      0.0122       0.245       0.189
  39                   JUNCTION     0.029    0.763     0  18:27      0.0285        1.51       0.020
  3906                 JUNCTION     0.029    0.228     0  00:24      0.0285       0.454       0.017
  3907                 JUNCTION     0.019    0.097     0  00:00      0.0193       0.193       0.069
  3908                 JUNCTION     0.019    0.077     0  00:00      0.0193       0.154       0.079
  3909                 JUNCTION     0.019    0.058     0  00:00      0.0193       0.116       0.082
  3911                 JUNCTION     0.019    0.019     0  00:00      0.0193      0.0386       0.064
  3913                 JUNCTION     0.019    0.039     0  00:00      0.0193      0.0772       0.076
  3915                 JUNCTION     0.013    0.676     0  00:00      0.0134        1.34       0.059
  3918                 JUNCTION     0.012    0.012     0  00:00      0.0122      0.0244       0.647
  3922                 JUNCTION     0.029    0.057     0  00:00      0.0285       0.114       0.114
  3923                 JUNCTION     0.029    0.029     0  00:00      0.0285       0.057       0.075
  3941                 JUNCTION     0.011    0.043     0  00:00      0.0107      0.0854       0.128
  3942                 JUNCTION     0.011    0.032     0  00:00      0.0107      0.0641       0.120
  3943                 JUNCTION     0.011    0.021     0  00:00      0.0107      0.0428       0.067
  3949                 JUNCTION     0.012    0.021     0  00:00      0.0122      0.0421       0.207
  3950                 JUNCTION     0.009    0.009     0  00:00     0.00891      0.0178       0.122
  3951                 JUNCTION     0.015    0.074     0  00:00      0.0148       0.148       0.191
  3952                 JUNCTION     0.012    0.037     0  00:12      0.0122      0.0729       0.206
  3958                 JUNCTION     0.029    0.807     0  20:44      0.0285        1.61       0.045
  3959                 JUNCTION     0.029    1.687     0  02:00      0.0285        3.34       0.041
  3960                 JUNCTION     0.029    0.981     0  01:52      0.0285        1.95       0.082
  3961                 JUNCTION     0.029    0.953     0  00:00      0.0285        1.89       0.087
  3962                 JUNCTION     0.018    0.924     0  05:22      0.0178        1.84       0.088
  3963                 JUNCTION     0.018    0.907     0  00:00      0.0178         1.8       0.077
  3964                 JUNCTION     0.018    0.889     0  00:00      0.0178        1.77       0.079
  3965                 JUNCTION     0.018    0.871     0  01:29      0.0178        1.73       0.053
  3966                 JUNCTION     0.018    0.018     0  00:00      0.0178      0.0356       0.133
  397                  JUNCTION     0.029    0.542     0  00:00      0.0285        1.08       0.095
  3971                 JUNCTION     0.011    0.011     0  00:00      0.0107      0.0214       0.024
  3973                 JUNCTION     0.029    0.029     0  00:00      0.0285       0.057       0.040
  3974                 JUNCTION     0.029    0.057     0  00:00      0.0285       0.114       0.137
  3975                 JUNCTION     0.029    0.415     0  07:57      0.0285       0.822       0.080
  3978                 JUNCTION     0.012    0.024     0  05:31      0.0122      0.0486       0.193
  3979                 JUNCTION     0.012    0.012     0  00:00      0.0122      0.0244       0.249
  398                  JUNCTION     0.029    0.513     0  01:23      0.0285        1.02       0.089
  399                  JUNCTION     0.029    0.570     0  00:00      0.0285        1.13       0.089
  4024                 JUNCTION     0.012    2.136     0  00:00      0.0122        4.17       0.034
  4025                 JUNCTION     0.012    2.124     0  17:55      0.0122        4.15       0.025
  4026                 JUNCTION     0.012    2.111     0  00:00      0.0122        4.12       0.018
  4027                 JUNCTION     0.012    2.099     0  08:19      0.0122         4.1       0.016
  4028                 JUNCTION     0.012    2.087     0  01:23      0.0122        4.08       0.020
  4029                 JUNCTION     0.012    2.075     0  00:00      0.0122        4.05       0.023
  4030                 JUNCTION     0.012    2.063     0  00:00      0.0122        4.03       0.030
  4031                 JUNCTION     0.012    2.051     0  00:00      0.0122        4.01       0.022
  4032                 JUNCTION     0.012    2.038     0  06:23      0.0122        3.98       0.016
  4033                 JUNCTION     0.012    2.026     0  00:00      0.0122        3.96       0.041
  4034                 JUNCTION     0.012    2.014     0  00:00      0.0122        3.94       0.037
  4035                 JUNCTION     0.012    2.002     0  22:25      0.0122        3.91       0.024
  4036                 JUNCTION     0.012    1.990     0  09:46      0.0122        3.89       0.032
  4037                 JUNCTION     0.012    1.977     0  00:00      0.0122        3.87       0.028
  4038                 JUNCTION     0.012    1.965     0  00:00      0.0122        3.84       0.024
  4039                 JUNCTION     0.012    1.953     0  00:00      0.0122        3.82       0.021
  4040                 JUNCTION     0.012    1.941     0  00:00      0.0122         3.8       0.018
  4041                 JUNCTION     0.012    1.929     0  12:07      0.0122        3.77       0.015
  4042                 JUNCTION     0.012    1.917     0  10:16      0.0122        3.75       0.022
  4043                 JUNCTION     0.012    1.904     0  00:00      0.0122        3.73       0.046
  4044                 JUNCTION     0.012    1.892     0  00:33      0.0122         3.7       0.043
  4045                 JUNCTION     0.012    1.880     0  00:17      0.0122        3.68       0.041
  4046                 JUNCTION     0.012    1.868     0  21:53      0.0122        3.66       0.018
  4047                 JUNCTION     0.012    1.856     0  14:31      0.0122        3.63       0.023
  4048                 JUNCTION     0.020    1.844     0  00:00      0.0205        3.61       0.056
  4049                 JUNCTION     0.012    1.823     0  16:29      0.0122        3.59       0.548
  4063                 JUNCTION     0.012    2.770     0  05:17      0.0122        5.42       0.002
  4064                 JUNCTION     0.012    2.758     0  00:00      0.0122        5.39       0.038
  4065                 JUNCTION     0.012    2.745     0  00:00      0.0122        5.37       0.053
  4066                 JUNCTION     0.012    2.733     0  00:00      0.0122        5.35       0.050
  4067                 JUNCTION     0.012    2.721     0  12:05      0.0122        5.33       0.024
  4068                 JUNCTION     0.012    2.709     0  00:00      0.0122        5.31       0.047
  4069                 JUNCTION     0.012    2.697     0  00:00      0.0122        5.28       0.058
  4070                 JUNCTION     0.488    2.684     0  00:00       0.488        5.26       0.044
  4071                 JUNCTION     0.012    2.197     0  00:00      0.0122        4.29       0.033
  4072                 JUNCTION     0.012    2.184     0  09:31      0.0122        4.26       0.014
  4073                 JUNCTION     0.012    2.172     0  00:00      0.0122        4.24       0.011
  4077                 JUNCTION     0.019    0.019     0  00:00      0.0193      0.0386       0.029
  4084                 JUNCTION     0.015    0.045     0  00:00      0.0148       0.089       0.194
  4085                 JUNCTION     0.015    0.030     0  00:00      0.0148      0.0594       0.166
  4086                 JUNCTION     0.015    0.015     0  00:00      0.0148      0.0297       0.105
  4087                 JUNCTION     0.015    0.015     0  00:00      0.0148      0.0297       0.068
  410                  JUNCTION     0.029    0.599     0  00:00      0.0285        1.19       0.112
  4106                 JUNCTION     0.016    2.326     0  06:55      0.0163        4.55       0.079
  4107                 JUNCTION     0.016    0.065     0  07:05      0.0163        0.13       0.107
  4108                 JUNCTION     0.000    0.049     0  00:48           0      0.0979       0.098
  4110                 JUNCTION     0.016    0.049     0  04:27      0.0163      0.0979       0.056
  4111                 JUNCTION     0.016    0.033     0  00:00      0.0163      0.0653       0.128
  4112                 JUNCTION     0.016    0.016     0  00:00      0.0163      0.0327       0.079
  4184                 JUNCTION     0.013    0.427     0  12:38      0.0134       0.845       0.004
  4185                 JUNCTION     0.013    0.440     0  00:00      0.0134       0.871       0.006
  4194                 JUNCTION     0.009    0.009     0  00:00      0.0086      0.0172       0.115
  42                   JUNCTION     0.029    0.713     0  00:00      0.0285         1.4       0.103
  421                  JUNCTION     0.029    0.627     0  20:27      0.0285        1.24       0.030
  422                  JUNCTION     0.029    0.656     0  00:03      0.0285         1.3       0.044
  4221                 JUNCTION     0.029    0.319     0  17:33      0.0285       0.635       0.020
  4222                 JUNCTION     0.029    0.291     0  00:30      0.0285       0.578       0.025
  4223                 JUNCTION     0.029    0.262     0  18:54      0.0285       0.521       0.015
  423                  JUNCTION     0.029    4.985     0  13:17      0.0285        9.75       0.058
  4232                 JUNCTION     0.029    0.778     0  23:56      0.0285        1.55       0.044
  424                  JUNCTION     0.029    4.301     0  06:15      0.0285         8.4       0.046
  425                  JUNCTION     0.029    4.273     0  08:04      0.0285        8.35       0.055
  426                  JUNCTION     0.029    4.244     0  08:03      0.0285        8.29       0.031
  427                  JUNCTION     0.029    4.216     0  01:50      0.0285        8.24       0.020
  4278                 JUNCTION     0.013    0.975     0  04:33      0.0134        1.92       0.010
  428                  JUNCTION     0.029    4.187     0  08:03      0.0285        8.18       0.029
  429                  JUNCTION     0.029    4.159     0  15:07      0.0285        8.14       0.118
  4293                 JUNCTION     0.012    0.097     0  19:04      0.0122       0.194       0.134
  4294                 JUNCTION     0.012    0.122     0  16:44      0.0122       0.241       0.072
  4295                 JUNCTION     0.012    0.061     0  00:00      0.0122       0.121       0.099
  430                  JUNCTION     0.029    4.130     0  04:46      0.0285        8.09       0.123
  4303                 JUNCTION     0.018    0.624     0  20:40      0.0181         1.2       0.138
  4307                 JUNCTION     0.019    0.212     0  21:14      0.0193       0.422       0.027
  4308                 JUNCTION     0.019    0.193     0  00:00      0.0193       0.384       0.123
  431                  JUNCTION     0.029    4.102     0  04:46      0.0285        8.04       0.110
  4310                 JUNCTION     0.019    0.174     0  00:00      0.0193       0.346       0.136
  4311                 JUNCTION     0.019    0.154     0  00:11      0.0193       0.307       0.147
  4313                 JUNCTION     0.019    0.135     0  00:00      0.0193       0.269       0.155
  4314                 JUNCTION     0.019    0.116     0  00:00      0.0193       0.231       0.135
  4318                 JUNCTION     0.019    0.097     0  00:00      0.0193       0.193       0.146
  4319                 JUNCTION     0.019    0.077     0  08:00      0.0193       0.154       0.080
  432                  JUNCTION     0.029    4.073     0  23:21      0.0285        7.99       0.065
  433                  JUNCTION     0.029    4.016     0  23:20      0.0285        7.88       0.039
  434                  JUNCTION     0.029    3.988     0  04:36      0.0285        7.83       0.084
  4351                 JUNCTION     0.029    0.485     0  03:21      0.0285       0.965       0.011
  4352                 JUNCTION     0.029    0.456     0  00:00      0.0285       0.908       0.011
  4353                 JUNCTION     0.029    0.428     0  00:00      0.0285       0.851       0.013
  4389                 JUNCTION     0.029    0.519     0  00:00      0.0285        1.03       0.017
  4390                 JUNCTION     0.029    0.490     0  00:00      0.0285       0.976       0.016
  4391                 JUNCTION     0.029    0.462     0  07:34      0.0285       0.919       0.021
  4392                 JUNCTION     0.029    0.433     0  03:23      0.0285       0.862       0.012
  4416                 JUNCTION     0.019    0.058     0  00:00      0.0193       0.116       0.143
  4419                 JUNCTION     0.019    0.039     0  00:37      0.0193      0.0772       0.067
  442                  JUNCTION     0.029    0.114     0  00:00      0.0285       0.228       0.072
  4420                 JUNCTION     0.019    0.019     0  00:00      0.0193      0.0386       0.096
  4424                 JUNCTION     0.013    0.467     0  00:00      0.0134       0.925       0.006
  4425                 JUNCTION     0.013    0.480     0  20:32      0.0134       0.951       0.012
  4426                 JUNCTION     0.000    5.544     0  04:14           0        10.8       1.546
  4433                 JUNCTION     0.008    0.008     0  00:00     0.00832      0.0166       0.018
  4451                 JUNCTION     0.029    0.029     0  00:00      0.0285       0.057       0.054
  4467                 JUNCTION     0.029    0.721     0  00:02      0.0285        1.44       0.067
  4468                 JUNCTION     0.029    0.200     0  05:30      0.0285       0.397       0.060
  4469                 JUNCTION     0.029    0.171     0  00:00      0.0285       0.341       0.207
  4470                 JUNCTION     0.029    0.143     0  00:00      0.0285       0.284       0.163
  4471                 JUNCTION     0.029    0.114     0  00:00      0.0285       0.227       0.176
  4472                 JUNCTION     0.029    0.086     0  00:00      0.0285       0.171       0.194
  4473                 JUNCTION     0.029    0.057     0  00:00      0.0285       0.114       0.222
  4474                 JUNCTION     0.029    0.029     0  00:00      0.0285       0.057       0.126
  4475                 JUNCTION     1.483    1.811     0  00:00        1.48        3.62       0.009
  448                  JUNCTION     0.029    0.143     0  00:00      0.0285       0.285       0.092
  4484                 JUNCTION     0.020    0.266     0  00:10      0.0205       0.531       0.077
  4485                 JUNCTION     0.020    0.143     0  17:13      0.0205       0.286       0.031
  4486                 JUNCTION     0.020    0.123     0  00:00      0.0205       0.245       0.054
  4487                 JUNCTION     0.020    0.102     0  00:00      0.0205       0.204       0.049
  4488                 JUNCTION     0.020    0.082     0  21:30      0.0205       0.164       0.067
  4489                 JUNCTION     0.020    0.061     0  21:30      0.0205       0.123       0.097
  4490                 JUNCTION     0.020    0.041     0  00:00      0.0205      0.0819       0.231
  4491                 JUNCTION     0.020    0.020     0  00:00      0.0205       0.041       0.120
  4503                 JUNCTION     0.029    4.045     0  16:25      0.0285        7.93       0.029
  4508                 JUNCTION     0.000    0.328     0  15:28       4e-05       0.652       0.024
  4509                 JUNCTION     0.020    0.328     0  00:00      0.0205       0.653       0.134
  4510                 JUNCTION     0.020    0.307     0  17:18      0.0205       0.612       0.060
  4511                 JUNCTION     0.020    0.287     0  00:00      0.0205       0.572       0.101
  4512                 JUNCTION     0.020    0.102     0  00:00      0.0205       0.205       0.078
  4513                 JUNCTION     0.020    0.082     0  00:02      0.0205       0.164       0.088
  4514                 JUNCTION     0.020    0.061     0  00:00      0.0205       0.123       0.116
  4515                 JUNCTION     0.020    0.041     0  00:00      0.0205       0.082       0.087
  4516                 JUNCTION     0.020    0.020     0  00:00      0.0205       0.041       0.035
  4523                 JUNCTION     0.013    0.125     0  00:00      0.0134       0.248       0.008
  4524                 JUNCTION     0.013    0.111     0  00:00      0.0134       0.222       0.055
  4525                 JUNCTION     0.013    0.098     0  00:00      0.0134       0.195       0.135
  4526                 JUNCTION     0.013    0.085     0  00:00      0.0134       0.169       0.164
  4527                 JUNCTION     0.013    0.071     0  00:00      0.0134       0.142       0.140
  4528                 JUNCTION     0.013    0.058     0  00:00      0.0134       0.116       0.185
  4529                 JUNCTION     0.013    0.045     0  00:00      0.0134       0.089       0.125
  4530                 JUNCTION     0.013    0.031     0  00:00      0.0134      0.0623       0.055
  4531                 JUNCTION     0.018    0.018     0  00:00      0.0178      0.0356       0.043
  454                  JUNCTION     0.029    0.200     0  00:00      0.0285       0.398       0.087
  455                  JUNCTION     0.029    0.171     0  00:00      0.0285       0.341       0.090
  461                  JUNCTION     0.029    0.228     0  00:01      0.0285       0.455       0.085
  468                  JUNCTION     0.029    0.257     0  00:00      0.0285       0.511       0.079
  475                  JUNCTION     0.029    0.285     0  10:10      0.0285       0.568       0.070
  48                   JUNCTION     0.029    0.741     0  00:00      0.0285        1.46       0.102
  482                  JUNCTION     0.029    0.314     0  00:00      0.0285       0.625       0.078
  488                  JUNCTION     0.029    0.342     0  00:00      0.0285       0.681       0.082
  495                  JUNCTION     0.029    0.371     0  00:00      0.0285       0.738       0.082
  500                  JUNCTION     0.029    1.388     0  12:52      0.0285        2.73       0.043
  501                  JUNCTION     0.029    1.360     0  03:23      0.0285        2.68       0.070
  502                  JUNCTION     0.029    1.331     0  03:23      0.0285        2.62       0.079
  503                  JUNCTION     0.029    1.274     0  11:33      0.0285        2.51       0.086
  504                  JUNCTION     0.029    1.845     0  11:37      0.0285        3.64       0.007
  506                  JUNCTION     0.029    3.959     0  20:56      0.0285        7.78       0.107
  507                  JUNCTION     0.029    3.930     0  00:00      0.0285        7.73       0.089
  508                  JUNCTION     0.029    2.057     0  15:29      0.0285        4.04       0.069
  509                  JUNCTION     0.029    2.029     0  00:00      0.0285        3.98       0.091
  510                  JUNCTION     0.029    2.000     0  00:00      0.0285        3.93       0.104
  511                  JUNCTION     0.029    1.972     0  00:00      0.0285        3.88       0.067
  512                  JUNCTION     0.029    1.943     0  17:52      0.0285        3.82       0.041
  513                  JUNCTION     0.029    0.428     0  00:00      0.0285       0.851       0.020
  518                  JUNCTION     0.029    1.303     0  00:01      0.0285        2.57       0.138
  521                  JUNCTION     0.029    0.399     0  10:53      0.0285       0.794       0.023
  523                  JUNCTION     0.120    0.564     0  08:01        0.12        1.12       0.206
  526                  JUNCTION     0.029    0.570     0  00:04      0.0285        1.13       0.165
  527                  JUNCTION     0.029    0.086     0  00:56      0.0285       0.171       0.084
  528                  JUNCTION     0.029    0.057     0  00:00      0.0285       0.114       0.186
  529                  JUNCTION     0.029    0.029     0  00:00      0.0285       0.057       0.103
  53                   JUNCTION     0.029    0.820     0  00:00      0.0285        1.62       0.123
  532                  JUNCTION     0.029    0.444     0  00:01      0.0285       0.878       0.104
  535                  JUNCTION     0.029    0.456     0  12:22      0.0285       0.899       0.144
  54                   JUNCTION     0.029    0.792     0  13:39      0.0285        1.56       0.055
  540                  JUNCTION     0.029    0.330     0  07:54      0.0285       0.653       0.261
  543                  JUNCTION     0.029    0.428     0  13:20      0.0285       0.843       0.165
  549                  JUNCTION     0.045    0.301     0  07:52      0.0445       0.596       0.148
  554                  JUNCTION     0.029    0.399     0  20:12      0.0285       0.788       0.152
  555                  JUNCTION     0.029    0.371     0  00:00      0.0285       0.734       0.402
  558                  JUNCTION     0.029    0.257     0  07:50      0.0285       0.508       0.156
  56                   JUNCTION     0.029    0.770     0  00:00      0.0285        1.51       0.099
  564                  JUNCTION     0.029    0.342     0  00:00      0.0285       0.678       0.135
  567                  JUNCTION     0.000    0.228     0  07:50           0       0.452       0.152
  573                  JUNCTION     0.000    0.314     0  21:39           0       0.622       0.130
  576                  JUNCTION     0.000    0.228     0  07:48           0       0.453       0.166
  582                  JUNCTION     0.000    0.314     0  00:00           0       0.623       0.154
  585                  JUNCTION     0.000    0.228     0  00:00           0       0.453       0.151
  591                  JUNCTION     0.000    0.314     0  00:00           0       0.624       0.135
  595                  JUNCTION     0.000    0.228     0  00:00           0       0.454       0.106
  60                   JUNCTION     0.000    0.820     0  05:35           0        1.62       0.143
  601                  JUNCTION     0.000    0.314     0  12:17           0       0.624       0.095
  602                  JUNCTION     0.000    0.285     0  00:00           0       0.568       0.078
  605                  JUNCTION     0.000    0.000     0  00:00           0           0       0.000 gal
  61                   JUNCTION     0.000    0.820     0  00:11           0        1.62       0.147
  610                  JUNCTION     0.000    0.029     0  02:43           0      0.0569       0.140
  614                  JUNCTION     0.000    0.342     0  16:24           0       0.677       0.132
  615                  JUNCTION     0.000    0.228     0  16:28           0       0.454       0.074
  616                  JUNCTION     0.000    0.228     0  16:28           0       0.454       0.077
  617                  JUNCTION     0.000    0.228     0  00:00           0       0.455       0.101
  62                   JUNCTION     0.000    0.770     0  00:00           0        1.51       0.103
  63                   JUNCTION     0.000    0.000     0  00:00           0           0       0.000 gal
  651                  JUNCTION     0.000    0.000     0  00:00           0           0       0.000 gal
  657                  JUNCTION     0.000    0.029     0  00:00           0       0.057       0.106
  67                   JUNCTION     0.029    0.849     0  00:00      0.0285        1.67       0.177
  68                   JUNCTION     0.029    3.051     0  03:56      0.0285        5.98       0.062
  69                   JUNCTION     0.029    2.252     0  10:28      0.0285        4.42       0.038
  70                   JUNCTION     0.029    2.224     0  00:00      0.0285        4.36       0.045
  71                   JUNCTION     0.029    2.195     0  00:00      0.0285        4.31       0.036
  710                  JUNCTION     0.029    0.285     0  04:19      0.0285       0.568       0.071
  711                  JUNCTION     0.029    0.257     0  00:00      0.0285       0.512       0.074
  712                  JUNCTION     0.029    0.228     0  00:04      0.0285       0.455       0.059
  713                  JUNCTION     0.029    0.200     0  00:19      0.0285       0.398       0.059
  715                  JUNCTION     0.029    0.171     0  00:00      0.0285       0.341       0.064
  72                   JUNCTION     0.029    4.128     0  10:59      0.0285         8.1       0.169
  723                  JUNCTION     0.029    0.143     0  00:00      0.0285       0.285       0.073
  728                  JUNCTION     0.029    1.568     0  10:58      0.0285         3.1       0.060
  736                  JUNCTION     0.029    1.540     0  05:15      0.0285        3.05       0.082
  74                   JUNCTION     0.029    0.200     0  00:00      0.0285       0.398       0.082
  744                  JUNCTION     0.029    1.511     0  14:22      0.0285        2.99       0.085
  75                   JUNCTION     0.029    0.171     0  00:00      0.0285       0.342       0.077
  752                  JUNCTION     0.029    1.483     0  17:10      0.0285        2.94       0.089
  76                   JUNCTION     0.029    0.143     0  15:24      0.0285       0.285       0.069
  760                  JUNCTION     0.029    1.454     0  08:34      0.0285        2.89       0.093
  77                   JUNCTION     0.029    6.113     0  05:06      0.0285        11.9       0.014
  771                  JUNCTION     0.029    1.426     0  00:00      0.0285        2.83       0.102
  779                  JUNCTION     0.029    1.397     0  00:00      0.0285        2.78       0.045
  78                   JUNCTION     0.029    6.085     0  00:00      0.0285        11.8       0.029
  784                  JUNCTION     0.029    1.369     0  21:50      0.0285        2.72       0.015
  785                  JUNCTION     0.029    1.340     0  02:21      0.0285        2.66       0.018
  786                  JUNCTION     0.029    1.312     0  02:21      0.0285        2.61       0.024
  79                   JUNCTION     0.029    6.056     0  22:47      0.0285        11.8       0.033
  791                  JUNCTION     0.029    1.283     0  00:00      0.0285        2.55       0.049
  80                   JUNCTION     0.029    6.028     0  00:02      0.0285        11.7       0.068
  801                  JUNCTION     0.029    1.255     0  05:09      0.0285        2.49       0.056
  802                  JUNCTION     0.029    0.593     0  10:13      0.0285        1.18       0.036
  804                  JUNCTION     0.029    0.565     0  14:00      0.0285        1.12       0.045
  805                  JUNCTION     0.029    0.536     0  21:11      0.0285        1.07       0.060
  81                   JUNCTION     0.029    5.999     0  05:45      0.0285        11.7       0.055
  811                  JUNCTION     0.029    0.576     0  00:00      0.0285        1.15       0.016
  812                  JUNCTION     0.029    0.633     0  00:00      0.0285        1.26       0.111
  813                  JUNCTION     0.029    0.547     0  18:51      0.0285        1.09       0.019
  814                  JUNCTION     0.029    0.405     0  03:23      0.0285       0.805       0.040
  815                  JUNCTION     0.029    0.376     0  00:00      0.0285       0.749       0.067
  819                  JUNCTION     0.029    0.200     0  11:54      0.0285       0.398       0.071
  830                  JUNCTION     0.029    0.171     0  00:00      0.0285       0.341       0.099
  842                  JUNCTION     0.029    0.143     0  10:33      0.0285       0.284       0.089
  852                  JUNCTION     0.029    0.114     0  00:00      0.0285       0.228       0.124
  853                  JUNCTION     0.029    0.086     0  00:31      0.0285       0.171       0.085
  854                  JUNCTION     0.029    0.057     0  00:00      0.0285       0.114       0.174
  855                  JUNCTION     0.029    0.029     0  00:00      0.0285       0.057       0.116
  89                   JUNCTION     0.029    0.592     0  20:11      0.0285        1.17       0.041
  9                    JUNCTION     0.029    0.649     0  00:54      0.0285        1.28       0.116
  902                  JUNCTION     0.029    0.508     0  00:00      0.0285        1.01       0.076
  903                  JUNCTION     0.029    0.479     0  19:19      0.0285       0.953       0.054
  904                  JUNCTION     0.029    0.450     0  00:00      0.0285       0.897       0.069
  905                  JUNCTION     0.029    0.393     0  00:00      0.0285       0.784       0.054
  906                  JUNCTION     0.029    0.422     0  15:29      0.0285        0.84       0.032
  913                  JUNCTION     0.029    0.348     0  00:00      0.0285       0.692       0.035
  915                  JUNCTION     0.029    0.234     0  14:51      0.0285       0.465       0.049
  916                  JUNCTION     0.029    0.205     0  00:00      0.0285       0.408       0.148
  917                  JUNCTION     0.029    0.177     0  00:00      0.0285       0.351       0.042
  918                  JUNCTION     0.029    0.513     0  00:30      0.0285        1.02       0.038
  919                  JUNCTION     0.029    0.399     0  22:17      0.0285       0.794       0.035
  920                  JUNCTION     0.029    0.371     0  05:07      0.0285       0.737       0.059
  921                  JUNCTION     0.029    0.342     0  00:00      0.0285       0.681       0.119
  922                  JUNCTION     0.029    0.314     0  00:00      0.0285       0.625       0.091
  923                  JUNCTION     0.029    0.285     0  08:15      0.0285       0.568       0.068
  924                  JUNCTION     0.029    0.257     0  00:00      0.0285       0.511       0.067
  926                  JUNCTION     0.029    0.086     0  00:17      0.0285       0.171       0.063
  931                  JUNCTION     0.029    0.057     0  00:00      0.0285       0.114       0.207
  937                  JUNCTION     0.029    0.029     0  00:00      0.0285       0.057       0.086
  95                   JUNCTION     0.029    1.739     0  21:16      0.0285        3.43       0.056
  979                  JUNCTION     0.029    0.029     0  00:00      0.0285       0.057       0.005
  997                  JUNCTION     0.029    1.915     0  06:25      0.0285        3.77       0.079
  998                  JUNCTION     0.029    1.886     0  00:00      0.0285        3.71       0.107
  999                  JUNCTION     0.029    1.858     0  00:00      0.0285        3.66       0.106
  JCT-12               JUNCTION     0.000    5.544     0  00:00           0        10.9       1.436
  JCT-16               JUNCTION     0.000    0.208     0  11:22           0       0.409       0.735
  JCT-20               JUNCTION     0.000    0.371     0  11:10           0       0.738       0.882
  JCT-24               JUNCTION     0.000    4.694     0  00:00           0        9.26       0.437
  JCT-26               JUNCTION     0.000    1.811     0  05:37       4e-05        3.62       1.449
  JCT-28               JUNCTION     0.000    2.342     0  05:28           0        4.58       0.192
  JCT-30               JUNCTION     0.000    2.342     0  10:14           0        4.57       0.253
  JCT-32               JUNCTION     0.000    0.648     0  23:25           0        1.29       0.448
  JCT-38               JUNCTION     0.000    0.000     0  00:00           0           0       0.000 gal
  JCT-44               JUNCTION     0.000    0.000     0  00:00           0           0       0.000 gal
  WWTP                 JUNCTION     0.000   15.878     0  08:06           0        30.7       0.022
  OFALL-12             OUTFALL      0.000   15.878     0  02:00           0        30.7       0.000
  STOR-10              STORAGE      0.000    0.208     0  11:22           0       0.408       0.000
  STOR-12              STORAGE      0.000    1.811     0  05:37           0        3.62      -0.001
  STOR-14              STORAGE      0.000    0.049     0  00:48           0      0.0978       0.000
  STOR-16              STORAGE      0.000    2.342     0  05:28           0        4.58       0.000
  STOR-18              STORAGE      0.000    0.371     0  11:10           0       0.738       0.000
  STOR-20              STORAGE      0.000    5.599     0  19:58           0        10.6      -3.845
  STOR-22              STORAGE      0.000    0.648     0  23:25           0        1.28       0.000
  STOR-24              STORAGE      0.000   10.241     0  17:51           0          20      -0.070
  
  
  **********************
  Node Surcharge Summary
  **********************
  
  Surcharging occurs when water rises above the top of the highest conduit.
  ---------------------------------------------------------------------
                                               Max. Height   Min. Depth
                                   Hours       Above Crown    Below Rim
  Node                 Type      Surcharged           Feet         Feet
  ---------------------------------------------------------------------
  4108                 JUNCTION       24.00          5.644       12.696
  4426                 JUNCTION       24.00          2.678        3.732
  JCT-12               JUNCTION       24.00         10.563        7.437
  JCT-16               JUNCTION       24.00         15.645        1.522
  JCT-20               JUNCTION       24.00         51.602        0.000
  JCT-24               JUNCTION       24.00          1.800        5.200
  JCT-26               JUNCTION       24.00        114.360        0.000
  JCT-28               JUNCTION       24.00         13.056        3.017
  JCT-32               JUNCTION       24.00         12.256        0.000
  
  
  *********************
  Node Flooding Summary
  *********************
  
  Flooding refers to all water that overflows a node, whether it ponds or not.
  --------------------------------------------------------------------------
                                                             Total   Maximum
                                 Maximum   Time of Max       Flood    Ponded
                        Hours       Rate    Occurrence      Volume     Depth
  Node                 Flooded       MGD   days hr:min    10^6 gal      Feet
  --------------------------------------------------------------------------
  STOR-20                24.00     0.055      0  19:58       0.055     0.000
  STOR-24                24.00     5.547      0  05:06       5.546     0.000
  
  
  **********************
  Storage Volume Summary
  **********************
  
  ------------------------------------------------------------------------------------------------
                         Average    Avg   Evap  Exfil     Maximum    Max    Time of Max    Maximum
                          Volume   Pcnt   Pcnt   Pcnt      Volume   Pcnt     Occurrence    Outflow
  Storage Unit          1000 ft³   Full   Loss   Loss    1000 ft³   Full    days hr:min        MGD
  ------------------------------------------------------------------------------------------------
  STOR-10                  0.000    0.0    0.0    0.0       0.000    0.0       0  00:00      0.208
  STOR-12                  0.000    0.0    0.0    0.0       0.000    0.0       0  00:00      1.811
  STOR-14                  0.000    0.0    0.0    0.0       0.000    0.0       0  00:00      0.049
  STOR-16                  0.000    0.0    0.0    0.0       0.000    0.0       0  00:00      2.342
  STOR-18                  0.000    0.0    0.0    0.0       0.000    0.0       0  00:00      0.371
  STOR-20                  0.000    0.0    0.0    0.0       0.000    0.0       0  00:00      5.544
  STOR-22                  0.000    0.0    0.0    0.0       0.000    0.0       0  00:00      0.648
  STOR-24                  0.100  100.0    0.0    0.0       0.100  100.0       0  00:00      4.694
  
  
  ***********************
  Outfall Loading Summary
  ***********************
  
  -----------------------------------------------------------
                         Flow       Avg       Max       Total
                         Freq      Flow      Flow      Volume
  Outfall Node           Pcnt       MGD       MGD    10^6 gal
  -----------------------------------------------------------
  OFALL-12             100.00    15.878    15.878      30.710
  -----------------------------------------------------------
  System               100.00    15.878    15.878      30.710
  
  
  ********************
  Link Flow Summary
  ********************
  
  -----------------------------------------------------------------------------
                                 Maximum  Time of Max   Maximum    Max/    Max/
                                  |Flow|   Occurrence   |Veloc|    Full    Full
  Link                 Type          MGD  days hr:min    ft/sec    Flow   Depth
  -----------------------------------------------------------------------------
  10                   CONDUIT     0.621     0  00:54      1.94    0.05    0.16
  1003                 CONDUIT     0.348     0  00:00      3.75    0.34    0.43
  1004                 CONDUIT     0.234     0  18:54      3.29    0.27    0.35
  1005                 CONDUIT     0.205     0  14:51      2.06    0.48    0.45
  1006                 CONDUIT     0.177     0  00:00      1.95    0.19    0.42
  1007                 CONDUIT     0.399     0  00:00      4.70    0.31    0.40
  1008                 CONDUIT     0.371     0  22:17      4.51    0.34    0.39
  1009                 CONDUIT     0.342     0  05:07      2.72    0.69    0.54
  1010                 CONDUIT     0.314     0  00:00      2.24    0.51    0.60
  1011                 CONDUIT     0.285     0  00:00      3.00    0.29    0.44
  1012                 CONDUIT     0.257     0  08:15      2.52    0.52    0.46
  1013                 CONDUIT     0.365     0  00:00      2.25    0.27    0.36
  1016                 CONDUIT     0.393     0  15:29      2.77    0.26    0.32
  102                  CONDUIT     6.113     0  17:51      8.97    0.29    0.37
  1026                 CONDUIT     0.057     0  00:17      1.39    0.05    0.13
  1033                 CONDUIT     0.029     0  00:00      0.79    0.02    0.12
  105                  CONDUIT     4.694     0  00:00      2.92    1.91    0.74
  1091                 CONDUIT     0.465     0  00:00      1.92    0.04    0.13
  1092                 CONDUIT     0.493     0  00:00      1.70    0.04    0.15
  1094                 CONDUIT     0.807     0  00:06      2.87    0.13    0.24
  1095                 CONDUIT     0.835     0  00:00      3.11    0.11    0.23
  11                   CONDUIT     0.599     0  06:03      1.88    0.07    0.17
  1103                 CONDUIT     1.715     0  00:00      2.70    0.26    0.35
  1104                 CONDUIT     1.744     0  00:00      2.71    0.27    0.35
  1105                 CONDUIT     1.772     0  00:00      2.71    0.27    0.36
  1106                 CONDUIT     1.801     0  13:40      2.77    0.28    0.36
  1107                 CONDUIT     1.829     0  00:00      2.79    0.27    0.36
  1108                 CONDUIT     1.858     0  00:00      2.73    0.28    0.37
  1109                 CONDUIT     1.886     0  06:25      2.83    0.29    0.36
  111                  CONDUIT     1.768     0  00:00      3.72    0.32    0.43
  1110                 CONDUIT     1.915     0  17:52      3.08    0.26    0.35
  1111                 CONDUIT     0.677     0  00:00      3.27    0.13    0.31
  1113                 CONDUIT     0.648     0  04:15      1.41    0.16    0.63
  1114                 CONDUIT     0.470     0  00:00      1.68    0.10    0.38
  1115                 CONDUIT     0.452     0  07:40      2.86    0.17    0.25
  1116                 CONDUIT     0.434     0  00:00      2.20    0.19    0.30
  1117                 CONDUIT     0.417     0  00:00      2.36    0.14    0.27
  1118                 CONDUIT     0.399     0  18:36      2.44    0.15    0.26
  1119                 CONDUIT     0.381     0  12:36      1.91    0.21    0.30
  1120                 CONDUIT     0.363     0  00:00      1.81    0.16    0.30
  1121                 CONDUIT     0.345     0  00:00      2.30    0.10    0.24
  1122                 CONDUIT     0.328     0  00:00      2.59    0.10    0.22
  1123                 CONDUIT     0.310     0  00:00      3.58    0.08    0.23
  1124                 CONDUIT     0.292     0  10:24      3.82    0.11    0.21
  1125                 CONDUIT     0.274     0  00:00      3.40    0.09    0.22
  1126                 CONDUIT     0.256     0  00:00      3.62    0.08    0.20
  1127                 CONDUIT     0.053     0  00:00      1.13    0.07    0.19
  1128                 CONDUIT     0.036     0  00:00      0.98    0.05    0.16
  1129                 CONDUIT     0.018     0  00:00      0.70    0.02    0.12
  1130                 CONDUIT     0.683     0  21:12      2.50    0.35    0.38
  1131                 CONDUIT     0.740     0  07:32      2.05    0.45    0.47
  1132                 CONDUIT     0.768     0  07:32      2.29    0.41    0.44
  1133                 CONDUIT     0.797     0  20:33      3.04    0.33    0.37
  1134                 CONDUIT     0.825     0  22:47      4.34    0.20    0.29
  1135                 CONDUIT     0.854     0  01:57      5.11    0.15    0.26
  1136                 CONDUIT     0.911     0  00:29      3.55    0.19    0.36
  1137                 CONDUIT     0.940     0  00:00      2.52    0.27    0.36
  1138                 CONDUIT     0.968     0  00:00      1.85    0.29    0.47
  1139                 CONDUIT     1.025     0  10:12      1.97    6.75    0.46
  1140                 CONDUIT     1.054     0  00:00      2.63    0.28    0.38
  1141                 CONDUIT     1.082     0  00:00      2.46    0.34    0.41
  1142                 CONDUIT     1.111     0  00:00      2.43    0.37    0.42
  1143                 CONDUIT     1.139     0  00:00      2.44    0.38    0.43
  1144                 CONDUIT     1.168     0  00:01      2.36    0.39    0.45
  118                  CONDUIT     1.796     0  00:00      2.37    0.27    0.40
  119                  CONDUIT     1.882     0  09:24      2.24    0.41    0.43
  1193                 CONDUIT     0.053     0  00:00      0.37    0.11    0.61
  1194                 CONDUIT     0.036     0  00:00      1.10    0.07    0.20
  1196                 CONDUIT     0.160     0  15:54      0.43    0.98    0.70
  120                  CONDUIT     1.853     0  00:00      2.32    0.33    0.42
  121                  CONDUIT     1.825     0  16:31      2.27    0.39    0.42
  1216                 CONDUIT     0.089     0  00:00      0.59    0.15    0.63
  1217                 CONDUIT     0.071     0  00:00      1.60    0.13    0.25
  1218                 CONDUIT     0.036     0  00:00      0.72    0.03    0.27
  1219                 CONDUIT     0.018     0  00:00      1.10    0.03    0.12
  1231                 CONDUIT     0.029     0  00:00      0.22    0.02    0.55
  128                  CONDUIT     1.910     0  16:56      2.32    0.38    0.43
  135                  CONDUIT     1.996     0  00:43      2.73    0.35    0.39
  1363                 CONDUIT     0.042     0  00:00      1.02    0.11    0.24
  1364                 CONDUIT     0.070     0  00:00      1.23    0.14    0.30
  1365                 CONDUIT     0.154     0  00:00      1.77    0.17    0.30
  1366                 CONDUIT     0.182     0  06:16      1.99    0.21    0.31
  142                  CONDUIT     2.024     0  00:00      2.69    0.28    0.40
  1434                 CONDUIT     0.055     0  00:00      0.91    0.07    0.23
  1435                 CONDUIT     0.180     0  14:09      3.50    0.10    0.20
  1437                 CONDUIT     0.127     0  00:00      1.52    0.10    0.22
  1438                 CONDUIT     0.162     0  14:09      1.88    0.13    0.23
  1439                 CONDUIT     0.144     0  00:02      1.50    0.11    0.24
  1440                 CONDUIT     0.107     0  00:00      1.52    0.14    0.25
  1441                 CONDUIT     0.089     0  00:00      1.37    0.11    0.24
  1442                 CONDUIT     0.071     0  00:00      1.27    0.09    0.22
  1457                 CONDUIT     0.053     0  00:00      1.23    0.05    0.18
  1458                 CONDUIT     0.036     0  00:00      1.01    0.05    0.16
  1459                 CONDUIT     0.018     0  00:00      0.71    0.02    0.12
  1488                 CONDUIT     0.089     0  00:00      1.21    0.21    0.36
  1489                 CONDUIT     0.071     0  00:00      1.34    0.15    0.29
  149                  CONDUIT     2.053     0  10:51      2.94    0.35    0.38
  1490                 CONDUIT     0.101     0  18:00      1.72    0.07    0.17
  1491                 CONDUIT     0.130     0  00:00      0.83    0.06    0.35
  1492                 CONDUIT     0.073     0  12:30      1.10    0.08    0.19
  1493                 CONDUIT     0.301     0  00:00      4.50    0.08    0.19
  1494                 CONDUIT     0.272     0  02:15      2.71    0.19    0.25
  1495                 CONDUIT     0.244     0  00:00      1.93    0.17    0.30
  1496                 CONDUIT     0.137     0  00:00      1.44    0.09    0.24
  1497                 CONDUIT     0.119     0  00:00      1.64    0.08    0.20
  1498                 CONDUIT     0.101     0  00:00      1.75    0.05    0.17
  1501                 CONDUIT     0.268     0  16:32      2.73    0.25    0.32
  1502                 CONDUIT     0.239     0  01:57      2.28    0.23    0.34
  1503                 CONDUIT     0.211     0  00:00      2.24    0.20    0.31
  1504                 CONDUIT     0.297     0  02:00      2.40    0.18    0.38
  1524                 CONDUIT     0.525     0  00:01      1.97    0.21    0.37
  1525                 CONDUIT     0.200     0  00:00      1.69    0.07    0.28
  1526                 CONDUIT     0.171     0  01:27      1.95    0.14    0.23
  1527                 CONDUIT     0.143     0  00:00      1.36    0.12    0.26
  1528                 CONDUIT     0.114     0  00:00      1.35    0.10    0.22
  1529                 CONDUIT     0.086     0  00:00      1.21    0.07    0.20
  1530                 CONDUIT     0.057     0  00:00      1.04    0.05    0.17
  1536                 CONDUIT     0.371     0  07:45      1.52    0.15    0.65
  1545                 CONDUIT     0.043     0  04:31      1.66    0.07    0.17
  1546                 CONDUIT     0.053     0  00:00      2.38    0.05    0.16
  1547                 CONDUIT     0.064     0  00:00      2.11    0.05    0.19
  1550                 CONDUIT     0.075     0  00:00      1.84    0.11    0.24
  1551                 CONDUIT     0.096     0  00:00      3.35    0.07    0.18
  1552                 CONDUIT     0.107     0  00:00      1.88    0.08    0.30
  1558                 CONDUIT     0.164     0  15:06      2.02    0.34    0.39
  156                  CONDUIT     2.081     0  18:35      3.79    0.22    0.32
  1562                 CONDUIT     0.171     0  00:00      1.12    0.19    0.45
  1563                 CONDUIT     0.143     0  00:00      1.75    0.16    0.28
  1564                 CONDUIT     0.114     0  00:00      1.60    0.13    0.26
  1565                 CONDUIT     0.086     0  00:00      1.45    0.10    0.22
  1566                 CONDUIT     0.057     0  00:00      1.22    0.06    0.19
  157                  CONDUIT     2.167     0  00:00      7.08    0.07    0.18
  158                  CONDUIT     2.138     0  05:30      5.05    0.13    0.22
  1585                 CONDUIT     0.029     0  00:00      0.89    0.03    0.15
  1586                 CONDUIT     0.000     0  00:00      0.00    0.00    0.06
  1587                 CONDUIT     0.029     0  00:00      1.80    0.02    0.12
  1588                 CONDUIT     0.057     0  00:01      2.71    0.05    0.15
  1589                 CONDUIT     0.068     0  00:00      2.30    0.05    0.19
  159                  CONDUIT     2.110     0  13:31      3.71    0.17    0.27
  1590                 CONDUIT     0.086     0  06:21      2.09    0.13    0.24
  1596                 CONDUIT     0.175     0  00:00      1.84    0.29    0.44
  1599                 CONDUIT     0.011     0  00:00      0.43    0.00    0.10
  1600                 CONDUIT     0.175     0  00:00      1.80    0.05    0.25
  1610                 CONDUIT     0.032     0  00:00      1.17    0.06    0.18
  1611                 CONDUIT     0.021     0  00:00      0.96    0.04    0.16
  1612                 CONDUIT     0.011     0  00:00      0.68    0.02    0.12
  1657                 CONDUIT     0.086     0  19:19      1.95    0.19    0.25
  166                  CONDUIT     0.086     0  00:00      2.08    0.05    0.20
  1680                 CONDUIT     0.075     0  00:00      1.25    0.09    0.23
  1681                 CONDUIT     0.064     0  00:00      1.33    0.08    0.19
  1683                 CONDUIT     0.360     0  00:00      1.63    0.16    0.32
  1684                 CONDUIT     0.371     0  11:10      3.29    1.45    0.16
  1686                 CONDUIT     0.053     0  00:00      1.30    0.05    0.17
  1687                 CONDUIT     0.043     0  00:00      1.22    0.05    0.16
  1694                 CONDUIT     1.172     0  00:00      2.32    0.17    0.30
  1695                 CONDUIT     1.153     0  11:41      2.45    0.18    0.28
  1696                 CONDUIT     1.133     0  00:00      2.48    0.16    0.28
  1697                 CONDUIT     1.114     0  00:00      3.81    0.04    0.20
  1698                 CONDUIT     1.095     0  10:59      4.19    0.24    0.28
  1699                 CONDUIT     1.075     0  00:05      3.70    0.11    0.30
  170                  CONDUIT     0.114     0  15:24      2.38    0.13    0.22
  1700                 CONDUIT     1.056     0  00:00      5.50    0.11    0.22
  1701                 CONDUIT     1.037     0  20:09      5.20    0.12    0.23
  1702                 CONDUIT     1.017     0  00:00      4.98    0.12    0.23
  1703                 CONDUIT     0.998     0  07:52      3.18    0.19    0.26
  1704                 CONDUIT     0.979     0  00:00      2.47    0.19    0.30
  1705                 CONDUIT     0.959     0  00:00      2.60    0.17    0.29
  1706                 CONDUIT     0.940     0  22:45      2.51    0.19    0.29
  1707                 CONDUIT     0.921     0  11:00      2.28    0.21    0.31
  1708                 CONDUIT     0.902     0  16:58      2.17    0.21    0.31
  1709                 CONDUIT     0.882     0  00:01      2.18    0.20    0.31
  1710                 CONDUIT     0.863     0  00:00      2.20    0.19    0.30
  1711                 CONDUIT     0.844     0  00:00      2.19    0.19    0.30
  1712                 CONDUIT     0.824     0  00:00      2.26    0.16    0.28
  1713                 CONDUIT     0.805     0  00:00      2.34    0.16    0.27
  1714                 CONDUIT     0.786     0  00:00      3.50    0.16    0.33
  1715                 CONDUIT     0.766     0  11:28      4.01    0.19    0.29
  1716                 CONDUIT     0.728     0  01:53      3.50    0.21    0.31
  1717                 CONDUIT     0.709     0  00:00      3.40    0.21    0.31
  1718                 CONDUIT     0.689     0  00:00      3.35    0.20    0.31
  1719                 CONDUIT     0.487     0  00:00      3.69    0.12    0.31
  1720                 CONDUIT     0.468     0  00:39      4.78    0.14    0.25
  1721                 CONDUIT     0.448     0  00:00      4.43    0.13    0.25
  1722                 CONDUIT     0.429     0  00:00      4.53    0.13    0.24
  1723                 CONDUIT     0.410     0  12:22      4.05    0.15    0.25
  1724                 CONDUIT     0.390     0  00:00      3.71    0.14    0.26
  1726                 CONDUIT     0.183     0  00:00      1.19    0.08    0.25
  1727                 CONDUIT     0.164     0  00:01      2.18    0.06    0.21
  1728                 CONDUIT     0.144     0  04:46      2.06    0.10    0.20
  1729                 CONDUIT     0.019     1  00:00      0.75    0.01    0.10
  173                  CONDUIT     0.029     0  00:00      0.87    0.04    0.15
  1730                 CONDUIT     0.039     0  00:00      1.11    0.03    0.12
  1731                 CONDUIT     0.058     0  00:00      1.27    0.03    0.15
  1732                 CONDUIT     0.086     0  00:00      1.45    0.06    0.17
  1733                 CONDUIT     0.106     0  02:06      1.69    0.07    0.18
  1734                 CONDUIT     0.125     0  00:00      1.73    0.07    0.20
  174                  CONDUIT     1.682     0  00:25      2.99    0.48    0.49
  175                  CONDUIT     1.711     0  21:16      3.05    0.49    0.49
  176                  CONDUIT     5.242     0  12:20      4.88    0.30    0.37
  178                  CONDUIT     0.029     0  00:00      0.08    0.00    0.23
  179                  CONDUIT     5.385     0  00:00      6.54    0.37    0.43
  180                  CONDUIT     5.771     0  00:00      4.94    0.51    0.56
  181                  CONDUIT     5.800     0  13:56      6.59    0.55    0.45
  1815                 CONDUIT     0.029     0  00:00      1.13    0.01    0.10
  1816                 CONDUIT     0.057     0  00:00      1.45    0.03    0.13
  1817                 CONDUIT     0.086     0  00:18      2.06    0.04    0.14
  182                  CONDUIT     5.828     0  00:00      5.99    0.17    0.48
  183                  CONDUIT     5.857     0  23:21      4.19    0.57    0.45
  184                  CONDUIT     5.942     0  22:48      5.27    0.58    0.54
  185                  CONDUIT     5.971     0  05:45      4.58    0.39    0.43
  186                  CONDUIT     0.329     0  00:00      0.87    0.06    0.37
  187                  CONDUIT     0.301     0  17:24      2.33    0.07    0.17
  19                   CONDUIT     0.649     0  00:00      1.97    0.05    0.16
  1916                 CONDUIT     1.365     0  01:54      5.08    0.12    0.23
  1917                 CONDUIT     0.020     0  00:00      0.27    0.00    0.20
  1920                 CONDUIT     0.337     0  00:00      1.56    0.18    0.32
  1929                 CONDUIT     0.116     0  00:00      1.21    0.05    0.18
  1930                 CONDUIT     0.135     0  00:00      1.19    0.09    0.20
  1931                 CONDUIT     0.154     0  00:00      1.33    0.09    0.20
  1932                 CONDUIT     0.171     0  00:02      1.31    0.09    0.22
  1933                 CONDUIT     0.187     0  16:57      1.37    0.12    0.23
  1934                 CONDUIT     0.203     0  00:00      1.40    0.11    0.24
  1935                 CONDUIT     0.256     0  00:48      1.48    0.17    0.27
  1936                 CONDUIT     0.272     0  00:00      1.66    0.14    0.26
  1937                 CONDUIT     0.288     0  00:00      1.20    0.16    0.34
  1938                 CONDUIT     0.305     0  14:28      1.27    0.52    0.34
  1939                 CONDUIT     0.321     0  00:08      1.79    0.16    0.28
  1940                 CONDUIT     0.354     0  14:33      1.64    0.23    0.32
  1941                 CONDUIT     0.370     0  00:00      1.71    0.18    0.32
  1942                 CONDUIT     0.386     0  03:35      1.87    0.22    0.31
  1943                 CONDUIT     0.403     0  00:00      1.30    0.15    0.41
  1945                 CONDUIT     0.114     0  23:47      1.62    0.16    0.25
  1946                 CONDUIT     0.086     0  00:00      1.25    0.08    0.25
  1947                 CONDUIT     0.057     0  00:00      1.79    0.02    0.15
  1948                 CONDUIT     0.200     0  00:00      2.48    0.13    0.28
  1949                 CONDUIT     0.171     0  00:00      3.08    0.07    0.21
  1950                 CONDUIT     1.384     0  00:00      5.01    0.11    0.23
  1951                 CONDUIT     1.404     0  00:00      4.80    0.13    0.24
  1952                 CONDUIT     1.423     0  00:00      4.85    0.13    0.24
  1953                 CONDUIT     1.442     0  00:00      4.80    0.13    0.25
  1954                 CONDUIT     1.481     0  00:00      5.04    0.12    0.24
  1955                 CONDUIT     1.461     0  02:55      4.98    0.14    0.24
  1956                 CONDUIT     1.500     0  15:14      4.91    0.14    0.25
  1957                 CONDUIT     2.228     0  00:02      2.80    0.17    0.30
  1958                 CONDUIT     1.809     0  00:00      2.91    0.16    0.29
  1959                 CONDUIT     1.790     0  17:42      3.06    0.17    0.28
  196                  CONDUIT     5.271     0  00:00      4.48    0.28    0.40
  1960                 CONDUIT     1.558     0  00:00      2.68    0.16    0.28
  1961                 CONDUIT     1.539     0  00:00      3.00    0.19    0.30
  1962                 CONDUIT     1.519     0  00:26      3.95    0.14    0.30
  1963                 CONDUIT     2.326     0  00:00      2.31    0.22    0.35
  1964                 CONDUIT     2.342     0  05:28      5.42    0.22    0.19
  1965                 CONDUIT     0.143     0  01:44      2.99    0.09    0.19
  1966                 CONDUIT     0.029     1  00:00      2.05    0.01    0.08
  197                  CONDUIT     5.742     0  00:00      6.18    0.38    0.47
  198                  CONDUIT     5.885     0  00:00      5.02    0.27    0.40
  199                  CONDUIT     0.029     0  09:23      0.05    0.01    0.49
  20                   CONDUIT     0.627     0  09:09      1.89    0.02    0.08
  202                  CONDUIT     0.272     0  09:29      2.31    0.66    0.52
  206                  CONDUIT     5.299     0  17:44      4.54    0.36    0.40
  207                  CONDUIT     5.328     0  07:28      5.40    0.27    0.35
  2120                 CONDUIT     1.191     0  00:14      2.86    0.18    0.26
  2121                 CONDUIT     1.210     0  00:00      4.27    0.12    0.24
  2122                 CONDUIT     1.230     0  00:00      4.11    0.13    0.25
  2123                 CONDUIT     1.249     0  01:20      4.12    0.13    0.25
  2124                 CONDUIT     1.268     0  19:26      4.14    0.14    0.25
  2125                 CONDUIT     1.288     0  00:01      3.93    0.14    0.26
  2126                 CONDUIT     1.307     0  22:15      4.88    0.14    0.23
  2127                 CONDUIT     1.326     0  00:00      5.76    0.07    0.21
  2128                 CONDUIT     1.346     0  00:00      4.92    0.12    0.23
  2168                 CONDUIT     0.012     0  00:00      0.53    0.01    0.09
  2197                 CONDUIT     0.073     0  13:34      0.62    0.15    0.14
  2198                 CONDUIT     0.024     0  00:00      0.72    0.02    0.12
  2199                 CONDUIT     0.037     0  00:34      0.96    0.04    0.13
  2200                 CONDUIT     0.097     0  00:00      0.45    0.02    0.21
  2201                 CONDUIT     0.061     0  00:00      0.54    0.02    0.13
  2215                 CONDUIT     0.744     0  00:04      2.96    0.03    0.13
  2216                 CONDUIT     0.717     0  00:00      3.06    0.01    0.13
  2217                 CONDUIT     0.731     0  06:29      2.28    0.07    0.16
  2219                 CONDUIT     1.118     0  19:58      3.97    0.04    0.14
  2223                 CONDUIT     0.333     0  00:00      1.80    0.31    0.39
  2224                 CONDUIT     0.347     0  23:17      1.95    0.32    0.38
  2225                 CONDUIT     0.360     0  00:00      2.20    0.27    0.36
  2227                 CONDUIT     5.690     0  00:01      3.99    0.26    0.35
  2233                 CONDUIT     0.240     0  00:00      1.82    0.20    0.31
  2235                 CONDUIT     5.581     0  03:31      6.91    0.12    0.23
  2236                 CONDUIT     5.678     0  00:00      5.17    0.12    0.29
  2237                 CONDUIT     5.568     0  17:55      6.61    0.12    0.24
  2238                 CONDUIT     5.556     0  00:00      6.49    0.12    0.24
  2242                 CONDUIT     0.253     0  00:00      1.80    0.20    0.32
  2243                 CONDUIT     0.267     0  00:00      1.74    0.24    0.34
  2244                 CONDUIT     0.293     0  00:00      1.78    0.27    0.36
  2245                 CONDUIT     0.307     0  00:00      1.80    0.28    0.37
  2246                 CONDUIT     0.320     0  00:00      1.83    0.30    0.38
  2248                 CONDUIT     0.013     0  00:00      0.48    0.01    0.13
  2251                 CONDUIT     0.085     0  00:01      0.51    0.03    0.48
  2253                 CONDUIT     0.073     0  17:47      1.68    0.10    0.18
  2254                 CONDUIT     0.061     0  00:00      1.23    0.06    0.20
  2255                 CONDUIT     0.049     0  00:53      1.23    0.07    0.17
  2256                 CONDUIT     0.037     0  00:01      0.96    0.05    0.16
  2257                 CONDUIT     0.024     0  00:00      0.84    0.03    0.14
  2258                 CONDUIT     0.012     0  00:00      0.60    0.02    0.11
  2259                 CONDUIT     0.001     0  00:00      0.08    0.00    0.06
  2260                 CONDUIT     0.014     0  00:00      0.64    0.02    0.11
  2261                 CONDUIT     0.027     0  00:00      0.85    0.04    0.15
  2262                 CONDUIT     0.041     0  00:00      0.97    0.06    0.18
  2263                 CONDUIT     0.054     0  00:00      1.10    0.08    0.20
  2264                 CONDUIT     0.067     0  00:00      1.19    0.09    0.22
  2265                 CONDUIT     0.081     0  00:00      1.31    0.11    0.23
  2266                 CONDUIT     0.094     0  00:00      1.38    0.12    0.25
  2267                 CONDUIT     0.119     0  00:00      1.64    0.14    0.26
  2268                 CONDUIT     0.106     0  00:00      1.52    0.14    0.25
  2269                 CONDUIT     0.092     0  00:00      1.41    0.12    0.24
  2270                 CONDUIT     0.079     0  00:00      1.36    0.10    0.22
  2271                 CONDUIT     0.066     0  00:00      1.28    0.08    0.20
  2272                 CONDUIT     0.039     0  00:00      0.94    0.05    0.17
  2285                 CONDUIT     0.218     0  01:27      0.97    0.04    0.20
  2295                 CONDUIT     0.008     0  00:00      0.52    0.01    0.07
  2296                 CONDUIT     0.017     0  00:00      0.71    0.01    0.09
  2297                 CONDUIT     0.025     0  00:00      0.81    0.02    0.11
  2298                 CONDUIT     0.033     0  00:00      0.87    0.03    0.13
  2299                 CONDUIT     0.042     0  00:00      0.97    0.04    0.14
  2300                 CONDUIT     0.050     0  00:00      0.87    0.04    0.17
  2301                 CONDUIT     0.017     0  00:56      0.88    0.02    0.10
  2302                 CONDUIT     0.025     0  00:00      0.63    0.02    0.17
  2303                 CONDUIT     0.083     0  00:00      0.97    0.06    0.16
  2304                 CONDUIT     0.091     0  02:36      1.21    0.05    0.15
  2308                 CONDUIT     0.175     0  00:45      1.40    0.04    0.13
  2309                 CONDUIT     0.116     0  02:33      0.96    0.05    0.16
  2310                 CONDUIT     0.108     0  13:49      0.94    0.06    0.16
  2311                 CONDUIT     0.100     0  00:00      1.04    0.03    0.14
  2316                 CONDUIT     0.506     0  07:06      0.75    0.10    0.26
  2317                 CONDUIT     0.453     0  01:21      1.35    0.06    0.16
  2318                 CONDUIT     0.466     0  10:16      1.70    0.04    0.14
  2321                 CONDUIT     0.187     0  23:52      1.01    0.08    0.18
  2323                 CONDUIT     0.200     0  23:43      1.48    0.04    0.14
  2324                 CONDUIT     0.206     0  00:22      0.52    0.04    0.30
  2325                 CONDUIT     0.212     0  13:00      0.53    0.06    0.30
  2326                 CONDUIT     0.637     0  07:37      1.29    0.09    0.21
  2327                 CONDUIT     0.637     0  14:22      1.28    0.10    0.21
  2328                 CONDUIT     0.624     0  14:18      1.31    0.08    0.21
  2329                 CONDUIT     0.592     0  16:13      1.09    0.10    0.23
  2330                 CONDUIT     0.574     0  16:13      1.14    0.10    0.22
  2331                 CONDUIT     0.556     0  19:47      1.15    0.09    0.21
  2332                 CONDUIT     0.538     0  07:07      0.61    0.04    0.32
  2333                 CONDUIT     0.520     0  07:07      0.53    0.06    0.35
  2334                 CONDUIT     0.493     0  07:00      0.86    0.07    0.24
  2335                 CONDUIT     0.480     0  00:00      1.34    0.04    0.17
  2336                 CONDUIT     0.440     0  18:59      1.11    0.07    0.18
  2337                 CONDUIT     0.208     0  10:00      0.71    0.11    0.77
  2340                 CONDUIT     0.200     0  00:05      1.19    0.03    0.14
  2341                 CONDUIT     0.191     0  22:30      0.89    0.22    0.16
  2342                 CONDUIT     0.183     0  00:00      0.88    0.03    0.16
  2343                 CONDUIT     0.166     0  00:45      1.10    0.06    0.15
  2344                 CONDUIT     0.158     0  00:00      0.97    0.05    0.16
  2350                 CONDUIT     0.150     0  01:14      1.16    0.06    0.17
  2351                 CONDUIT     0.141     0  00:00      1.22    0.05    0.16
  2352                 CONDUIT     0.133     0  01:02      1.21    0.05    0.15
  2353                 CONDUIT     0.125     0  12:23      1.01    0.06    0.17
  2377                 CONDUIT     0.013     0  00:00      0.10    0.01    0.41
  2378                 CONDUIT     0.664     0  00:00      1.26    0.08    0.22
  2379                 CONDUIT     0.650     0  12:45      1.36    0.10    0.21
  2380                 CONDUIT     0.637     0  09:12      1.24    0.11    0.22
  2434                 CONDUIT     0.921     0  20:20      3.22    0.36    0.39
  2438                 CONDUIT     0.934     0  14:04      4.61    0.23    0.30
  2439                 CONDUIT     0.961     0  04:33      5.57    0.25    0.27
  2440                 CONDUIT     0.948     0  00:00      4.06    0.15    0.34
  2441                 CONDUIT     0.908     0  06:53      2.51    0.26    0.35
  2444                 CONDUIT     0.988     0  00:00      4.74    0.27    0.43
  2445                 CONDUIT     1.001     0  11:04      4.02    0.50    0.49
  2446                 CONDUIT     1.015     0  00:00      4.15    0.47    0.49
  2447                 CONDUIT     1.028     0  00:00      3.08    0.23    0.33
  2448                 CONDUIT     1.041     0  04:13      3.13    0.24    0.33
  2449                 CONDUIT     1.055     0  00:00      2.85    0.23    0.36
  2450                 CONDUIT     1.068     0  23:40      2.84    0.31    0.36
  2451                 CONDUIT     1.081     0  00:00      2.98    0.24    0.35
  2455                 CONDUIT     0.549     0  23:05      2.02    0.32    0.38
  2456                 CONDUIT     0.013     0  00:00      1.14    0.00    0.06
  2530                 CONDUIT     0.040     0  00:00      0.24    0.03    0.37
  2531                 CONDUIT     0.027     0  00:00      1.04    0.01    0.10
  2547                 CONDUIT     0.537     0  00:01      2.05    0.24    0.37
  2548                 CONDUIT     0.562     0  06:11      2.21    0.27    0.36
  2549                 CONDUIT     0.574     0  00:07      2.24    0.27    0.36
  2550                 CONDUIT     0.586     0  00:35      2.24    0.28    0.36
  2551                 CONDUIT     0.598     0  00:00      2.10    0.29    0.39
  2552                 CONDUIT     0.610     0  14:30      3.11    0.29    0.30
  2558                 CONDUIT     1.122     0  00:00      3.95    0.10    0.24
  2559                 CONDUIT     1.108     0  22:35      3.11    0.22    0.28
  2560                 CONDUIT     1.095     0  00:00      2.42    0.22    0.33
  2561                 CONDUIT     4.481     0  16:52      1.94    0.73    0.50
  2562                 CONDUIT     3.320     0  04:00      3.14    0.16    0.28
  2563                 CONDUIT     3.333     0  05:35      4.41    0.16    0.22
  2564                 CONDUIT     3.306     0  00:07      3.46    0.14    0.26
  2565                 CONDUIT     0.688     0  00:00      1.99    0.20    0.34
  2566                 CONDUIT     0.702     0  09:36      2.45    0.25    0.30
  2567                 CONDUIT     0.715     0  00:00      1.77    0.10    0.38
  2568                 CONDUIT     3.280     0  00:02      3.14    0.17    0.28
  2569                 CONDUIT     3.293     0  23:48      3.36    0.17    0.27
  2613                 CONDUIT     2.485     0  00:52      1.15    0.09    0.48
  2614                 CONDUIT     2.498     0  08:04      0.81    0.16    0.64
  2615                 CONDUIT     2.551     0  17:22      2.21    0.23    0.30
  2616                 CONDUIT     2.511     0  11:49      1.66    0.16    0.37
  2617                 CONDUIT     2.525     0  00:00      2.98    0.09    0.24
  2618                 CONDUIT     2.538     0  02:24      2.21    0.16    0.30
  2625                 CONDUIT     2.444     0  00:04      2.59    0.29    0.34
  2626                 CONDUIT     2.458     0  00:03      2.40    0.16    0.28
  2627                 CONDUIT     2.471     0  04:09      2.87    0.15    0.24
  2630                 CONDUIT     0.013     0  00:00      0.58    0.01    0.09
  2642                 CONDUIT     0.383     0  00:00      1.98    0.14    0.29
  2673                 CONDUIT     0.027     0  00:00      0.77    0.02    0.12
  2674                 CONDUIT     0.040     0  00:00      0.95    0.04    0.14
  2675                 CONDUIT     0.053     0  00:00      1.02    0.04    0.16
  2676                 CONDUIT     0.067     0  03:42      1.23    0.06    0.16
  2677                 CONDUIT     0.080     0  00:00      1.32    0.05    0.18
  2678                 CONDUIT     0.142     0  00:01      0.95    0.02    0.19
  2679                 CONDUIT     0.130     0  04:19      1.23    0.06    0.15
  2680                 CONDUIT     0.106     0  00:00      1.00    0.04    0.15
  2681                 CONDUIT     0.094     0  00:00      0.97    0.04    0.14
  2692                 CONDUIT     0.013     0  00:00      0.63    0.01    0.09
  2703                 CONDUIT     0.027     0  00:00      0.87    0.02    0.11
  2704                 CONDUIT     0.040     0  00:00      1.03    0.03    0.13
  2709                 CONDUIT     0.053     0  00:00      1.11    0.04    0.15
  271                  CONDUIT     1.654     0  00:25      2.98    0.48    0.49
  2710                 CONDUIT     0.067     0  00:00      1.27    0.05    0.16
  2712                 CONDUIT     0.013     0  00:00      0.83    0.01    0.09
  2715                 CONDUIT     0.027     0  00:00      1.02    0.03    0.13
  2716                 CONDUIT     0.040     0  01:45      1.29    0.04    0.14
  272                  CONDUIT     1.625     0  00:08      2.96    0.47    0.48
  2723                 CONDUIT     0.053     0  00:00      1.60    0.04    0.15
  2724                 CONDUIT     0.067     0  00:00      1.73    0.05    0.17
  2725                 CONDUIT     0.080     0  00:00      1.55    0.07    0.20
  2726                 CONDUIT     0.094     0  00:04      1.42    0.12    0.24
  2727                 CONDUIT     0.107     0  00:00      1.48    0.14    0.26
  2728                 CONDUIT     0.120     0  00:00      1.54    0.15    0.27
  2729                 CONDUIT     0.134     0  00:00      1.59    0.17    0.29
  273                  CONDUIT     1.597     0  00:10      2.95    0.46    0.48
  2730                 CONDUIT     0.147     0  00:00      1.59    0.19    0.31
  2731                 CONDUIT     0.160     0  23:13      1.93    0.20    0.29
  2737                 CONDUIT     0.080     0  00:48      1.68    0.05    0.15
  2738                 CONDUIT     0.094     0  00:11      2.12    0.04    0.14
  2739                 CONDUIT     0.107     0  00:00      1.94    0.05    0.17
  274                  CONDUIT     0.123     0  00:00      1.36    0.10    0.42
  2740                 CONDUIT     0.120     0  00:00      1.80    0.07    0.19
  2741                 CONDUIT     0.134     0  00:00      1.44    0.08    0.24
  2746                 CONDUIT     0.174     0  00:00      2.01    0.14    0.29
  2747                 CONDUIT     0.321     0  22:45      2.53    0.11    0.22
  2748                 CONDUIT     0.334     0  00:01      2.74    0.10    0.21
  2749                 CONDUIT     0.358     0  00:02      2.38    0.11    0.24
  275                  CONDUIT     0.094     0  01:48      2.02    0.18    0.26
  2750                 CONDUIT     0.371     0  21:44      2.26    0.15    0.26
  276                  CONDUIT     0.066     0  00:00      1.30    0.13    0.27
  277                  CONDUIT     0.037     0  00:00      1.19    0.05    0.20
  2771                 CONDUIT     2.432     0  00:00      2.86    0.17    0.31
  2772                 CONDUIT     2.420     0  07:28      3.06    0.21    0.30
  2773                 CONDUIT     2.396     0  00:00      2.93    0.20    0.30
  2774                 CONDUIT     2.408     0  00:34      2.85    0.20    0.31
  2775                 CONDUIT     2.382     0  00:00      3.03    0.18    0.30
  2776                 CONDUIT     2.369     0  07:23      2.99    0.20    0.30
  2777                 CONDUIT     2.356     0  00:00      2.99    0.18    0.30
  2778                 CONDUIT     2.342     0  07:46      2.67   20.10    0.72
  278                  CONDUIT     5.185     0  16:01      5.96    0.61    0.44
  28                   CONDUIT     0.678     0  00:00      1.92    0.06    0.17
  280                  CONDUIT     5.157     0  00:00      3.97    0.61    0.61
  2801                 CONDUIT     1.171     0  10:14      1.69    0.25    1.00
  2802                 CONDUIT     1.171     0  10:14      1.70    0.25    1.00
  281                  CONDUIT     5.128     0  05:37      4.37    0.60    0.56
  282                  CONDUIT     5.099     0  15:18      4.38    0.60    0.56
  283                  CONDUIT     5.042     0  00:11      6.23    0.17    0.42
  2833                 CONDUIT     0.520     0  00:00      3.69    0.15    0.42
  2834                 CONDUIT     0.533     0  07:39      3.92    0.49    0.41
  2835                 CONDUIT     0.493     0  12:13      8.95    0.11    0.21
  2836                 CONDUIT     0.547     0  00:00      7.01    0.12    0.27
  284                  CONDUIT     5.071     0  15:17      4.36    0.60    0.56
  285                  CONDUIT     5.014     0  18:16      8.06    0.30    0.35
  2858                 CONDUIT     0.013     0  00:00      0.80    0.01    0.09
  2859                 CONDUIT     0.027     0  00:00      1.20    0.03    0.11
  286                  CONDUIT     4.985     0  23:16      5.72    0.44    0.44
  2860                 CONDUIT     0.040     0  00:00      0.32    0.02    0.30
  287                  CONDUIT     5.214     0  00:00      8.17    0.12    0.35
  288                  CONDUIT     0.086     0  00:00      1.37    0.17    0.32
  2886                 CONDUIT     0.587     0  07:33      5.55    0.15    0.26
  2887                 CONDUIT     0.600     0  00:00      5.71    0.15    0.26
  2888                 CONDUIT     0.614     0  00:00      5.82    0.15    0.26
  2889                 CONDUIT     0.627     0  00:00      5.42    0.15    0.28
  289                  CONDUIT     0.114     0  00:07      1.72    0.25    0.33
  2890                 CONDUIT     0.640     0  00:00      3.60    0.19    0.38
  2891                 CONDUIT     0.774     0  21:48      2.65    0.20    0.30
  2892                 CONDUIT     0.787     0  19:19      3.23    0.26    0.35
  2893                 CONDUIT     0.801     0  01:50      3.21    0.25    0.35
  2894                 CONDUIT     0.814     0  01:50      2.61    0.20    0.32
  2895                 CONDUIT     0.868     0  00:19      3.11    0.22    0.29
  2896                 CONDUIT     0.881     0  00:00      2.95    0.14    0.31
  2897                 CONDUIT     0.894     0  06:54      2.49    0.27    0.35
  29                   CONDUIT     0.656     0  00:00      2.14    0.01    0.08
  290                  CONDUIT     0.132     0  00:00      1.26    0.21    0.47
  2934                 CONDUIT     0.560     0  00:00      5.43    0.21    0.33
  2935                 CONDUIT     0.574     0  00:42      4.90    0.18    0.28
  2936                 CONDUIT     0.013     0  00:00      1.55    0.01    0.08
  2937                 CONDUIT     0.027     0  00:00      2.21    0.02    0.10
  2938                 CONDUIT     0.040     0  00:00      1.73    0.03    0.16
  2939                 CONDUIT     0.053     0  00:49      1.99    0.08    0.18
  2983                 CONDUIT     0.067     0  00:00      3.13    0.04    0.15
  2984                 CONDUIT     0.080     0  00:00      3.19    0.05    0.17
  2985                 CONDUIT     0.094     0  00:00      2.88    0.04    0.15
  2986                 CONDUIT     0.107     0  00:00      2.74    0.05    0.17
  2987                 CONDUIT     0.120     0  00:00      0.90    0.05    0.31
  3017                 CONDUIT     0.138     0  00:00      1.61    0.09    0.23
  3018                 CONDUIT     0.151     0  00:00      1.52    0.13    0.25
  3019                 CONDUIT     0.165     0  00:00      1.56    0.14    0.26
  302                  CONDUIT     0.228     0  21:03      2.42    0.28    0.31
  3020                 CONDUIT     0.178     0  00:00      1.64    0.16    0.27
  3021                 CONDUIT     0.192     0  00:00      1.68    0.16    0.28
  3022                 CONDUIT     0.205     0  00:00      1.59    0.18    0.30
  3023                 CONDUIT     0.218     0  15:26      2.39    0.19    0.24
  3024                 CONDUIT     0.232     0  04:47      2.33    0.05    0.25
  3027                 CONDUIT     0.480     0  00:00      8.64    0.08    0.21
  3029                 CONDUIT     0.088     0  00:10      2.47    0.03    0.16
  3030                 CONDUIT     0.312     0  01:53      4.13    0.21    0.27
  3031                 CONDUIT     0.312     0  00:00      2.96    0.24    0.34
  3032                 CONDUIT     0.312     0  21:52      3.03    0.24    0.33
  3033                 CONDUIT     0.312     0  15:13      2.18    0.39    0.43
  3034                 CONDUIT     0.298     0  00:00      2.00    0.38    0.44
  3035                 CONDUIT     0.285     0  00:00      2.16    0.30    0.40
  3036                 CONDUIT     0.013     0  00:00      0.71    0.01    0.10
  3037                 CONDUIT     0.027     0  00:00      0.35    0.03    0.27
  3046                 CONDUIT     0.075     0  18:35      1.85    0.09    0.17
  3055                 CONDUIT     0.013     0  00:00      0.61    0.02    0.11
  3056                 CONDUIT     0.061     0  00:00      1.23    0.07    0.20
  3057                 CONDUIT     0.048     0  00:00      1.34    0.04    0.16
  3058                 CONDUIT     0.035     0  00:25      1.23    0.04    0.13
  3075                 CONDUIT     0.073     0  00:05      0.60    0.04    0.19
  3076                 CONDUIT     0.061     0  19:33      0.84    0.05    0.15
  3079                 CONDUIT     0.147     0  00:14      1.26    0.02    0.13
  3096                 CONDUIT     0.013     0  00:00      0.74    0.02    0.10
  3097                 CONDUIT     0.027     0  00:00      0.45    0.02    0.22
  3102                 CONDUIT     0.012     0  00:00      0.66    0.01    0.10
  3103                 CONDUIT     0.024     0  00:02      1.18    0.03    0.11
  3104                 CONDUIT     0.037     0  00:00      1.52    0.02    0.12
  3105                 CONDUIT     0.073     0  00:00      0.83    0.01    0.09
  3106                 CONDUIT     0.085     0  00:00      0.69    0.02    0.11
  3107                 CONDUIT     0.096     0  01:31      0.65    0.04    0.13
  3108                 CONDUIT     0.099     0  01:31      0.98    0.02    0.10
  3110                 CONDUIT     0.067     0  00:00      0.99    0.10    0.25
  3111                 CONDUIT     0.080     0  03:02      1.01    0.17    0.28
  3112                 CONDUIT     0.094     0  00:35      1.13    0.17    0.28
  3113                 CONDUIT     0.107     0  21:11      1.26    0.18    0.29
  3114                 CONDUIT     0.120     0  00:00      1.36    0.18    0.30
  3115                 CONDUIT     0.134     0  03:21      1.17    0.04    0.13
  3116                 CONDUIT     0.160     0  03:26      0.82    0.05    0.18
  3117                 CONDUIT     0.174     0  04:52      0.73    0.11    0.21
  3120                 CONDUIT     0.073     0  00:00      1.24    0.10    0.22
  3121                 CONDUIT     0.061     0  00:00      1.16    0.09    0.21
  3122                 CONDUIT     0.049     0  00:00      1.21    0.04    0.17
  313                  CONDUIT     0.257     0  12:57      4.46    0.11    0.22
  3134                 CONDUIT     0.053     0  00:00      0.99    0.09    0.21
  3143                 CONDUIT     0.040     0  14:51      0.52    1.68    0.27
  3190                 CONDUIT     0.085     0  00:00      1.17    0.08    0.20
  3191                 CONDUIT     0.097     0  00:00      1.22    0.09    0.21
  3192                 CONDUIT     0.110     0  00:00      0.79    0.11    0.32
  3195                 CONDUIT     0.012     0  00:00      0.65    0.01    0.08
  3196                 CONDUIT     0.024     0  00:00      0.78    0.02    0.11
  3197                 CONDUIT     0.037     0  00:00      0.93    0.03    0.13
  3198                 CONDUIT     0.049     0  00:00      1.04    0.04    0.15
  3199                 CONDUIT     0.061     0  00:00      1.12    0.05    0.16
  3200                 CONDUIT     0.073     0  00:00      1.20    0.06    0.18
  3201                 CONDUIT     0.085     0  00:00      1.27    0.07    0.19
  3202                 CONDUIT     0.097     0  00:00      1.37    0.08    0.20
  3203                 CONDUIT     0.110     0  00:00      0.83    0.09    0.31
  3204                 CONDUIT     0.244     0  00:00      1.70    0.22    0.33
  3212                 CONDUIT     0.021     0  00:00      0.86    0.00    0.09
  3214                 CONDUIT     0.009     0  00:09      1.04    0.01    0.05
  3215                 CONDUIT     0.098     0  00:05      0.83    0.04    0.13
  3216                 CONDUIT     0.426     0  00:00      0.58    0.06    0.52
  3223                 CONDUIT     0.024     0  00:00      0.51    0.01    0.15
  3225                 CONDUIT     0.012     0  00:12      0.55    0.02    0.09
  3226                 CONDUIT     0.097     0  21:07      0.38    0.05    0.36
  3227                 CONDUIT     0.085     0  21:07      0.28    0.05    0.41
  3228                 CONDUIT     0.049     0  00:05      0.82    0.02    0.13
  3229                 CONDUIT     0.012     0  00:00      0.47    0.01    0.07
  3231                 CONDUIT     0.037     0  00:05      0.77    0.03    0.11
  3232                 CONDUIT     0.024     0  00:00      0.55    0.02    0.10
  3235                 CONDUIT     6.214     0  10:30      2.90    0.23    0.31
  3236                 CONDUIT     6.202     0  06:36      2.55    0.30    0.34
  3237                 CONDUIT     6.189     0  01:50      2.33    0.30    0.36
  3238                 CONDUIT     6.177     0  01:48      2.27    0.30    0.37
  3239                 CONDUIT     6.165     0  02:10      2.33    0.25    0.36
  324                  CONDUIT     0.285     0  00:00      2.87    0.10    0.32
  3240                 CONDUIT     0.414     0  16:48      2.54    0.07    0.17
  3241                 CONDUIT     6.153     0  18:20      2.35    0.30    0.36
  3242                 CONDUIT     5.715     0  06:14      3.57    0.17    0.38
  3243                 CONDUIT     5.702     0  10:04      4.61    0.25    0.32
  3244                 CONDUIT     0.102     0  07:56      1.79    0.01    0.07
  3245                 CONDUIT     0.105     0  00:00      1.33    0.01    0.08
  3246                 CONDUIT     0.214     0  00:00      1.84    0.02    0.11
  3247                 CONDUIT     0.251     0  00:01      2.10    0.02    0.11
  3248                 CONDUIT     0.263     0  22:12      2.30    0.02    0.11
  3249                 CONDUIT     0.275     0  00:00      2.04    0.02    0.12
  3250                 CONDUIT     0.345     0  14:38      0.27    0.07    0.61
  3251                 CONDUIT     0.333     0  00:00      0.52    0.01    0.35
  3252                 CONDUIT     0.299     0  01:06      2.79    0.03    0.10
  3253                 CONDUIT     0.287     0  08:20      1.84    0.04    0.13
  3254                 CONDUIT     0.086     0  00:00      0.80    0.02    0.12
  3255                 CONDUIT     0.074     0  00:00      1.03    0.02    0.09
  3256                 CONDUIT     0.061     0  00:00      0.93    0.01    0.09
  3257                 CONDUIT     0.049     0  00:00      0.83    0.01    0.08
  3258                 CONDUIT     0.037     0  00:00      0.74    0.01    0.07
  3259                 CONDUIT     0.025     0  00:00      0.62    0.01    0.06
  3260                 CONDUIT     0.024     0  00:00      1.00    0.00    0.05
  3261                 CONDUIT     0.012     0  00:00      0.84    0.00    0.04
  3262                 CONDUIT     0.256     0  10:16      1.87    0.22    0.31
  3263                 CONDUIT     0.268     0  00:02      1.76    0.19    0.34
  3264                 CONDUIT     0.110     0  16:44      0.51    0.03    0.21
  3269                 CONDUIT     0.006     0  00:00      0.61    0.00    0.05
  3270                 CONDUIT     0.003     0  00:00      0.48    0.00    0.04
  3275                 CONDUIT     0.585     0  13:29      1.38    0.11    0.26
  3288                 CONDUIT     0.061     0  00:00      1.78    0.02    0.15
  3291                 CONDUIT     0.426     0  00:00      2.66    0.03    0.20
  3292                 CONDUIT     0.414     0  02:40      2.82    0.12    0.19
  3293                 CONDUIT     0.365     0  00:00      4.08    0.06    0.17
  3294                 CONDUIT     0.134     0  00:00      2.32    0.08    0.22
  3295                 CONDUIT     0.122     0  00:00      2.61    0.08    0.19
  3296                 CONDUIT     0.110     0  00:00      2.52    0.07    0.18
  3297                 CONDUIT     0.097     0  11:15      1.87    0.11    0.21
  3298                 CONDUIT     0.085     0  00:00      1.47    0.09    0.22
  3299                 CONDUIT     0.073     0  00:00      1.45    0.08    0.20
  3300                 CONDUIT     0.061     0  00:00      1.36    0.07    0.18
  3301                 CONDUIT     0.049     0  00:00      1.25    0.05    0.17
  3310                 CONDUIT     0.012     0  00:00      1.10    0.01    0.07
  3311                 CONDUIT     0.024     0  00:10      1.83    0.01    0.08
  3312                 CONDUIT     0.037     0  00:00      1.55    0.01    0.12
  3318                 CONDUIT     0.353     0  10:37      4.07    0.06    0.17
  3319                 CONDUIT     0.329     0  00:00      3.85    0.06    0.16
  3320                 CONDUIT     0.183     0  00:00      2.97    0.05    0.18
  334                  CONDUIT     0.314     0  01:38      1.95    0.27    0.35
  3355                 CONDUIT     0.390     0  00:00      2.49    0.06    0.19
  3356                 CONDUIT     0.377     0  00:00      3.51    0.07    0.19
  3431                 CONDUIT     0.012     0  00:00      0.96    0.01    0.08
  3432                 CONDUIT     0.024     0  00:00      1.10    0.02    0.11
  3433                 CONDUIT     0.037     0  00:00      1.05    0.04    0.15
  3434                 CONDUIT     0.049     0  00:00      1.66    0.06    0.14
  3437                 CONDUIT     0.317     0  00:00      3.54    0.10    0.23
  3438                 CONDUIT     0.329     0  00:04      3.07    0.14    0.26
  3439                 CONDUIT     0.341     0  14:17      3.82    0.14    0.23
  3440                 CONDUIT     0.354     0  00:00      3.49    0.08    0.25
  3441                 CONDUIT     0.402     0  00:00      2.14    0.10    0.40
  3442                 CONDUIT     0.390     0  16:23      3.21    0.24    0.29
  3443                 CONDUIT     0.378     0  00:00      2.49    0.22    0.34
  3449                 CONDUIT     1.012     0  18:38      2.92    0.17    0.23
  3450                 CONDUIT     6.620     0  00:22      3.55    0.17    0.28
  3451                 CONDUIT     6.607     0  09:47      3.60    0.17    0.28
  3452                 CONDUIT     6.595     0  02:29      3.61    0.17    0.28
  3453                 CONDUIT     6.583     0  08:00      3.60    0.17    0.28
  3454                 CONDUIT     6.571     0  10:30      3.42    0.19    0.29
  3455                 CONDUIT     1.024     0  00:01      1.71    0.05    0.34
  3456                 CONDUIT     6.632     0  01:55      3.70    0.17    0.27
  3457                 CONDUIT     0.999     0  00:00      1.98    0.18    0.30
  3458                 CONDUIT     0.573     0  00:00      1.73    0.09    0.22
  3459                 CONDUIT     0.134     0  00:00      0.73    0.03    0.18
  346                  CONDUIT     0.342     0  00:00      1.95    0.25    0.38
  3460                 CONDUIT     0.122     0  09:08      1.18    0.03    0.12
  3461                 CONDUIT     0.110     0  00:00      1.08    0.03    0.12
  3462                 CONDUIT     0.012     0  00:00      0.09    0.00    0.31
  347                  CONDUIT     0.428     0  19:13      2.00    0.22    0.31
  3472                 CONDUIT     0.685     0  09:27      2.99    0.27    0.33
  3473                 CONDUIT     0.698     0  06:55      4.64    0.16    0.24
  3474                 CONDUIT     0.710     0  00:00      4.43    0.09    0.26
  3475                 CONDUIT     0.722     0  21:44      5.01    0.17    0.24
  3476                 CONDUIT     0.734     0  00:07      1.54    0.06    0.58
  3477                 CONDUIT     7.668     0  00:07      2.81    0.15    0.37
  348                  CONDUIT     0.399     0  00:00      2.63    0.17    0.34
  3483                 CONDUIT     0.795     0  09:22      4.58    0.39    0.37
  3484                 CONDUIT     0.783     0  00:00      3.48    0.38    0.46
  3485                 CONDUIT     0.637     0  00:00      5.61    0.15    0.27
  3486                 CONDUIT     0.649     0  06:18      5.50    0.18    0.28
  3487                 CONDUIT     0.661     0  00:05      3.97    0.17    0.36
  3488                 CONDUIT     0.673     0  00:00      2.59    0.27    0.36
  349                  CONDUIT     0.371     0  18:28      2.39    0.30    0.35
  3509                 CONDUIT     0.747     0  02:26      6.10    0.23    0.38
  3515                 CONDUIT     0.759     0  16:16      5.55    0.37    0.41
  3516                 CONDUIT     0.771     0  00:00      5.00    0.32    0.45
  3524                 CONDUIT     0.207     0  00:00      3.71    0.10    0.22
  3533                 CONDUIT     0.171     0  00:00      1.72    0.22    0.32
  3534                 CONDUIT     0.183     0  00:00      1.64    0.24    0.35
  3535                 CONDUIT     0.195     0  05:43      2.25    0.25    0.29
  3536                 CONDUIT     0.012     0  00:00      0.30    0.01    0.13
  3537                 CONDUIT     0.024     0  03:46      0.46    0.56    0.16
  3538                 CONDUIT     0.037     0  00:00      1.20    0.03    0.11
  3539                 CONDUIT     0.049     0  00:00      0.62    0.03    0.21
  3541                 CONDUIT     0.305     0  03:32      2.90    0.18    0.26
  3542                 CONDUIT     0.244     0  00:00      2.76    0.11    0.30
  3543                 CONDUIT     0.232     0  00:00      4.01    0.10    0.22
  3544                 CONDUIT     0.220     0  07:46      3.86    0.10    0.22
  358                  CONDUIT     0.456     0  11:49      2.21    0.20    0.31
  3635                 CONDUIT     0.158     0  18:49      2.44    0.16    0.24
  3637                 CONDUIT     0.037     0  00:00      0.94    0.06    0.17
  3638                 CONDUIT     0.049     0  00:00      1.15    0.06    0.18
  3664                 CONDUIT     0.097     0  00:00      1.30    0.13    0.27
  3665                 CONDUIT     0.061     0  00:00      1.24    0.08    0.20
  3667                 CONDUIT     0.085     0  00:00      1.38    0.11    0.23
  3668                 CONDUIT     0.073     0  00:00      1.31    0.09    0.22
  3689                 CONDUIT     0.049     0  00:00      0.93    0.09    0.28
  369                  CONDUIT     0.485     0  01:23      2.04    0.14    0.26
  3696                 CONDUIT     0.037     0  00:00      1.18    0.03    0.14
  3697                 CONDUIT     0.024     0  00:00      1.09    0.02    0.11
  3698                 CONDUIT     0.012     0  00:00      0.79    0.01    0.09
  370                  CONDUIT     0.542     0  00:00      1.89    0.19    0.30
  371                  CONDUIT     0.513     0  00:00      1.94    0.16    0.28
  3715                 CONDUIT     0.042     0  00:00      1.13    0.05    0.16
  3716                 CONDUIT     0.055     0  00:01      1.24    0.06    0.18
  3717                 CONDUIT     0.067     0  00:00      1.38    0.08    0.19
  3718                 CONDUIT     0.079     0  00:00      1.44    0.08    0.21
  3719                 CONDUIT     0.091     0  00:00      1.43    0.12    0.24
  3720                 CONDUIT     0.103     0  00:00      1.51    0.13    0.25
  3721                 CONDUIT     0.012     0  00:00      0.88    0.01    0.08
  3722                 CONDUIT     0.012     0  00:00      0.63    0.02    0.10
  3724                 CONDUIT     0.168     0  00:00      1.79    0.21    0.31
  3726                 CONDUIT     0.012     0  00:00      0.24    0.02    0.20
  3727                 CONDUIT     0.024     0  00:00      0.92    0.02    0.13
  3728                 CONDUIT     0.037     0  00:00      0.47    0.05    0.27
  3729                 CONDUIT     0.024     0  00:00      0.89    0.03    0.13
  3733                 CONDUIT     0.193     0  00:00      1.72    0.22    0.36
  3734                 CONDUIT     0.254     0  00:00      1.54    0.35    0.48
  3736                 CONDUIT     0.241     0  00:00      1.82    0.33    0.40
  3738                 CONDUIT     0.037     0  00:00      1.05    0.04    0.16
  3740                 CONDUIT     0.049     0  00:00      0.95    0.06    0.20
  3744                 CONDUIT     0.012     0  00:00      0.65    0.02    0.10
  3746                 CONDUIT     0.363     0  21:31      1.86    0.57    0.54
  3747                 CONDUIT     0.097     0  00:00      0.76    0.12    0.39
  3748                 CONDUIT     0.037     0  00:00      0.77    0.05    0.19
  3751                 CONDUIT     0.024     0  00:00      0.89    0.03    0.13
  3755                 CONDUIT     0.116     0  08:23      1.66    0.14    0.25
  38                   CONDUIT     0.706     0  18:27      2.17    0.06    0.16
  382                  CONDUIT     0.570     0  00:00      1.82    0.20    0.32
  3825                 CONDUIT     0.613     0  00:00      7.31    0.16    0.29
  3827                 CONDUIT     0.576     0  00:03      2.59    0.22    0.32
  3828                 CONDUIT     0.564     0  18:10      2.59    0.22    0.32
  3829                 CONDUIT     0.552     0  11:24      2.74    0.65    0.56
  3831                 CONDUIT     0.128     0  02:29      1.96    0.13    0.24
  3846                 CONDUIT     0.601     0  01:37      3.29    0.25    0.28
  3847                 CONDUIT     0.588     0  00:04      2.32    0.24    0.36
  3855                 CONDUIT     0.375     0  04:22      2.38    0.78    0.66
  3856                 CONDUIT     0.388     0  00:00      2.25    0.74    0.71
  3857                 CONDUIT     0.152     0  00:00      1.21    0.20    0.54
  3858                 CONDUIT     0.140     0  00:00      2.49    0.18    0.30
  3861                 CONDUIT     0.674     0  00:00      5.00    0.30    0.41
  3862                 CONDUIT     0.661     0  00:00      6.22    0.21    0.34
  3863                 CONDUIT     0.649     0  00:00      7.44    0.17    0.30
  3876                 CONDUIT     0.637     0  15:19      3.51    0.24    0.28
  3887                 CONDUIT     0.625     0  00:00      4.30    0.20    0.43
  3891                 CONDUIT     0.012     0  00:00      0.93    0.01    0.08
  3892                 CONDUIT     0.024     0  00:00      0.32    0.02    0.27
  3893                 CONDUIT     0.710     0  04:38      5.15    0.38    0.41
  3894                 CONDUIT     0.722     0  04:38      6.78    0.28    0.34
  3895                 CONDUIT     0.734     0  03:20      7.91    0.19    0.31
  3897                 CONDUIT     0.015     0  00:00      0.76    0.02    0.11
  3898                 CONDUIT     0.030     0  00:00      1.01    0.03    0.14
  39                   CONDUIT     0.684     0  00:00      2.17    0.01    0.08
  393                  CONDUIT     0.599     0  20:27      2.76    0.21    0.24
  394                  CONDUIT     0.627     0  00:03      3.13    0.05    0.23
  3947                 CONDUIT     0.704     0  22:15      3.03    0.06    0.13
  396                  CONDUIT     4.301     0  00:03      5.33    0.27    0.42
  397                  CONDUIT     4.273     0  06:15      5.86    0.34    0.39
  3970                 CONDUIT     0.021     0  00:00      0.80    0.03    0.13
  3971                 CONDUIT     0.033     0  00:00      0.57    0.04    0.22
  3972                 CONDUIT     0.123     0  00:00      1.48    0.15    0.29
  3974                 CONDUIT     0.009     0  00:00      0.66    0.00    0.08
  3976                 CONDUIT     3.051     0  10:59      1.99    0.06    0.24
  398                  CONDUIT     4.244     0  08:04      5.44    0.34    0.41
  3980                 CONDUIT     0.200     0  00:24      1.42    5.64    0.42
  3984                 CONDUIT     0.097     0  00:00      1.63    0.05    0.17
  3985                 CONDUIT     0.077     0  00:00      1.60    0.05    0.15
  3986                 CONDUIT     0.058     0  00:00      1.35    0.04    0.14
  3987                 CONDUIT     0.039     0  00:00      1.14    0.02    0.12
  3988                 CONDUIT     0.019     0  00:00      0.82    0.01    0.09
  399                  CONDUIT     4.216     0  08:03      6.02    0.27    0.38
  3992                 CONDUIT     0.341     0  00:00      3.85    0.06    0.17
  3993                 CONDUIT     0.402     0  00:00      1.96    0.10    0.24
  3998                 CONDUIT     0.118     0  00:00      0.87    0.05    0.18
  3999                 CONDUIT     0.623     0  00:00      2.63    0.07    0.34
  400                  CONDUIT     4.187     0  01:50      7.01    0.09    0.24
  4000                 CONDUIT     0.676     0  02:05      1.83    3.07    0.36
  4001                 CONDUIT     0.312     0  15:13      2.67    0.32    0.37
  4007                 CONDUIT     1.939     0  16:56      2.37    0.38    0.42
  401                  CONDUIT     4.159     0  08:03      3.94    0.55    0.37
  4011                 CONDUIT     0.208     0  11:22      2.97    0.03    0.08
  4015                 CONDUIT     0.402     0  16:48      1.89    0.11    0.21
  4016                 CONDUIT     0.012     0  09:54      0.09    0.24    0.32
  4017                 CONDUIT     0.024     0  00:00      0.84    0.03    0.14
  4019                 CONDUIT     0.012     0  00:00      0.69    0.01    0.10
  402                  CONDUIT     4.130     0  15:07      2.42    0.55    0.53
  4024                 CONDUIT     0.057     0  00:00      1.40    0.08    0.24
  4025                 CONDUIT     0.029     0  00:00      1.17    0.04    0.16
  403                  CONDUIT     4.102     0  04:46      2.41    0.55    0.53
  4032                 CONDUIT     0.227     0  00:00      2.39    0.15    0.31
  404                  CONDUIT     4.073     0  04:46      2.40    0.55    0.53
  4042                 CONDUIT     0.032     0  00:00      0.99    0.04    0.15
  4043                 CONDUIT     0.021     0  00:00      0.82    0.03    0.13
  4049                 CONDUIT     0.009     0  00:00      0.51    0.01    0.10
  405                  CONDUIT     4.045     0  23:21      2.47    0.41    0.51
  4050                 CONDUIT     0.074     0  00:00      1.17    0.09    0.24
  4051                 CONDUIT     0.037     0  00:00      0.69    0.05    0.21
  4052                 CONDUIT     0.024     0  00:12      0.85    0.03    0.14
  4058                 CONDUIT     0.981     0  02:00      2.91    0.16    0.27
  4059                 CONDUIT     1.687     0  00:00      3.44    0.12    0.29
  406                  CONDUIT     3.988     0  23:20      2.50    0.55    0.50
  4060                 CONDUIT     0.953     0  01:52      2.71    0.17    0.28
  4061                 CONDUIT     0.924     0  00:00      2.62    0.17    0.28
  4062                 CONDUIT     0.907     0  05:22      2.76    0.14    0.26
  4063                 CONDUIT     0.889     0  00:00      2.90    0.14    0.25
  4064                 CONDUIT     0.871     0  00:00      2.99    0.12    0.24
  4065                 CONDUIT     0.853     0  01:29      3.09    0.12    0.23
  4066                 CONDUIT     0.018     0  00:00      0.70    0.02    0.12
  407                  CONDUIT     0.656     0  14:20      1.23    0.14    0.47
  4073                 CONDUIT     0.011     0  00:00      0.69    0.01    0.09
  4075                 CONDUIT     0.029     0  00:00      0.87    0.03    0.15
  4076                 CONDUIT     0.057     0  00:00      0.79    0.08    0.26
  4078                 CONDUIT     0.012     0  05:31      0.42    0.04    0.14
  4124                 CONDUIT     2.136     0  00:04      4.75    0.09    0.23
  4125                 CONDUIT     2.124     0  00:00      6.21    0.07    0.19
  4126                 CONDUIT     2.111     0  17:55      6.19    0.08    0.19
  4127                 CONDUIT     2.099     0  00:00      7.18    0.04    0.17
  4128                 CONDUIT     2.087     0  08:19      8.58    0.05    0.15
  4129                 CONDUIT     2.075     0  01:23      5.94    0.09    0.19
  4130                 CONDUIT     2.063     0  00:00      5.09    0.09    0.21
  4131                 CONDUIT     2.051     0  00:00      6.52    0.05    0.18
  4132                 CONDUIT     2.038     0  00:00      8.98    0.04    0.14
  4133                 CONDUIT     2.026     0  06:23      5.60    0.11    0.20
  4134                 CONDUIT     2.014     0  00:00      4.00    0.12    0.25
  4135                 CONDUIT     2.002     0  00:00      5.77    0.05    0.19
  4136                 CONDUIT     1.990     0  22:25      8.02    0.05    0.15
  4137                 CONDUIT     1.977     0  09:46      6.21    0.08    0.18
  4138                 CONDUIT     1.965     0  00:00      5.20    0.09    0.20
  4139                 CONDUIT     1.953     0  00:00      6.66    0.04    0.17
  4140                 CONDUIT     1.941     0  00:00      8.93    0.04    0.14
  4141                 CONDUIT     1.929     0  00:00      9.05    0.04    0.14
  4142                 CONDUIT     1.917     0  12:07      8.82    0.06    0.16
  4143                 CONDUIT     1.904     0  10:16      6.26    0.11    0.21
  4144                 CONDUIT     1.892     0  00:00      5.31    0.11    0.23
  4145                 CONDUIT     1.880     0  00:33      5.12    0.13    0.24
  4146                 CONDUIT     1.868     0  00:17      6.36    0.05    0.20
  4147                 CONDUIT     1.856     0  21:53      9.03    0.06    0.16
  4148                 CONDUIT     1.844     0  14:31      5.29    0.15    0.23
  4149                 CONDUIT     1.823     0  00:00      3.95    0.15    0.28
  416                  CONDUIT     0.114     0  00:00      2.18    0.05    0.16
  4163                 CONDUIT     2.770     0  00:00      2.13    0.02    0.43
  4164                 CONDUIT     2.758     0  05:17      5.35    0.16    0.22
  4165                 CONDUIT     2.745     0  00:00      3.29    0.16    0.31
  4166                 CONDUIT     2.733     0  00:00      4.01    0.15    0.27
  4167                 CONDUIT     2.721     0  00:00      5.02    0.08    0.23
  4168                 CONDUIT     2.709     0  12:05      4.77    0.14    0.23
  4169                 CONDUIT     2.697     0  00:00      3.94    0.15    0.27
  4170                 CONDUIT     2.684     0  00:00      3.83    0.09    0.21
  4171                 CONDUIT     2.197     0  00:00      3.42    0.08    0.20
  4172                 CONDUIT     2.184     0  00:00      3.80    0.07    0.18
  4173                 CONDUIT     2.172     0  09:31      3.58    0.09    0.19
  4174                 CONDUIT     2.160     0  00:00      3.37    0.08    0.20
  4181                 CONDUIT     0.019     0  00:00      0.25    0.01    0.27
  4185                 CONDUIT     0.045     0  00:00      0.98    0.06    0.19
  4186                 CONDUIT     0.030     0  00:00      0.93    0.03    0.15
  4187                 CONDUIT     0.015     0  00:00      0.69    0.02    0.11
  4188                 CONDUIT     0.015     0  00:00      0.40    0.03    0.16
  4210                 CONDUIT     0.065     0  00:00      0.33    0.05    0.55
  4211                 CONDUIT     0.049     0  07:05      0.59    0.06    0.62
  4212                 CONDUIT     0.049     0  00:48      5.57    0.02    0.06
  4213                 CONDUIT     0.033     0  04:27      1.29    0.03    0.12
  4214                 CONDUIT     0.016     0  00:00      0.77    0.02    0.11
  423                  CONDUIT     0.143     0  00:00      2.36    0.06    0.18
  426                  CONDUIT     0.171     0  00:00      2.52    0.07    0.19
  4284                 CONDUIT     0.507     0  00:00      8.64    0.08    0.22
  4285                 CONDUIT     0.413     0  12:38      8.08    0.05    0.16
  4286                 CONDUIT     0.427     0  00:00      8.12    0.05    0.16
  4287                 CONDUIT     0.272     0  18:56      2.08    0.35    0.40
  4288                 CONDUIT     0.440     0  00:00      7.99    0.06    0.17
  4292                 CONDUIT     0.346     0  00:02      2.74    0.10    0.22
  430                  CONDUIT     0.200     0  00:01      2.56    0.09    0.21
  4321                 CONDUIT     0.319     0  00:00      3.91    0.13    0.28
  4322                 CONDUIT     0.291     0  17:33      4.07    0.15    0.26
  4323                 CONDUIT     0.262     0  00:30      3.35    0.17    0.27
  4332                 CONDUIT     0.778     0  20:44      2.86    0.10    0.23
  4333                 CONDUIT     0.750     0  23:56      2.36    0.06    0.16
  437                  CONDUIT     0.228     0  00:00      2.65    0.11    0.23
  4386                 CONDUIT     0.975     0  00:09      9.41    0.06    0.26
  4406                 CONDUIT     0.085     0  19:04      1.31    0.02    0.09
  4407                 CONDUIT     0.122     0  00:31      0.84    0.02    0.16
  4408                 CONDUIT     0.049     0  00:00      0.89    0.01    0.08
  4415                 CONDUIT     0.606     0  20:40      1.21    0.14    0.21
  4419                 CONDUIT     0.212     0  00:00      1.25    0.09    0.49
  4420                 CONDUIT     0.193     0  21:14      2.36    0.24    0.28
  4422                 CONDUIT     0.174     0  00:00      1.63    0.22    0.34
  4423                 CONDUIT     0.154     0  00:00      1.67    0.19    0.31
  4424                 CONDUIT     0.135     0  00:11      1.58    0.18    0.29
  4425                 CONDUIT     0.116     0  00:00      1.49    0.15    0.27
  4429                 CONDUIT     0.097     0  00:00      1.41    0.12    0.25
  4430                 CONDUIT     0.077     0  00:00      1.70    0.04    0.19
  4433                 CONDUIT     0.058     0  08:00      1.39    0.08    0.18
  444                  CONDUIT     0.257     0  10:10      2.96    0.11    0.23
  4444                 CONDUIT     0.280     0  00:00      1.76    0.26    0.35
  4445                 CONDUIT     0.691     0  22:15      1.34    0.06    0.22
  4448                 CONDUIT     0.053     0  00:29      0.83    0.47    0.33
  4450                 CONDUIT     0.882     0  00:00      4.94    0.15    0.28
  4456                 CONDUIT     0.029     0  00:00      1.30    0.00    0.09
  4458                 CONDUIT     0.711     0  00:00      2.40    0.23    0.40
  4460                 CONDUIT     1.274     0  00:01      2.21    0.34    0.50
  4462                 CONDUIT     0.371     0  10:53      3.09    0.13    0.21
  4464                 CONDUIT     0.428     0  00:02      3.39    0.08    0.22
  4469                 CONDUIT     0.057     0  00:02      1.81    0.07    0.17
  4472                 CONDUIT     1.967     0  16:57      2.44    0.39    0.42
  4475                 CONDUIT     0.148     0  00:00      3.16    0.12    0.26
  4476                 CONDUIT     0.228     0  00:00      2.48    0.19    0.43
  4479                 CONDUIT     0.231     0  03:05      1.37    0.28    0.37
  451                  CONDUIT     0.285     0  00:00      3.10    0.11    0.24
  4520                 CONDUIT     0.485     0  00:30      4.43    0.41    0.49
  4521                 CONDUIT     0.456     0  03:21      4.80    0.38    0.44
  4522                 CONDUIT     0.428     0  00:00      4.66    0.38    0.43
  4563                 CONDUIT     0.490     0  00:00      3.55    0.30    0.41
  4564                 CONDUIT     0.462     0  00:00      3.90    0.28    0.37
  4565                 CONDUIT     0.433     0  07:34      3.82    0.27    0.36
  4566                 CONDUIT     0.405     0  03:23      3.87    0.33    0.39
  458                  CONDUIT     0.314     0  00:00      2.71    0.09    0.20
  4588                 CONDUIT     0.039     0  00:00      1.17    0.01    0.15
  4589                 CONDUIT     0.019     0  00:37      1.02    0.02    0.10
  4592                 CONDUIT     0.453     0  00:00      4.67    0.06    0.25
  4593                 CONDUIT     0.467     0  20:32      4.95    0.15    0.24
  4594                 CONDUIT     5.544     0  05:16      2.57    0.17    0.64
  4599                 CONDUIT     0.008     0  00:00      0.83    0.00    0.09
  46                   CONDUIT     0.735     0  18:27      3.00    0.04    0.13
  4628                 CONDUIT     0.200     0  00:00      1.25    0.03    0.20
  4629                 CONDUIT     0.171     0  05:30      1.49    0.10    0.20
  4630                 CONDUIT     0.143     0  00:00      1.08    0.08    0.22
  4631                 CONDUIT     0.114     0  00:00      1.18    0.06    0.18
  4632                 CONDUIT     0.086     0  00:00      1.04    0.05    0.16
  4633                 CONDUIT     0.057     0  00:00      0.87    0.03    0.14
  4634                 CONDUIT     0.029     0  00:00      0.64    0.02    0.10
  4636                 CONDUIT     1.811     0  05:37      4.99    2.07    0.23
  4643                 CONDUIT     0.143     0  00:00      3.04    0.03    0.15
  4644                 CONDUIT     0.123     0  17:13      3.39    0.04    0.12
  4645                 CONDUIT     0.102     0  00:00      3.06    0.02    0.12
  4646                 CONDUIT     0.082     0  00:00      3.32    0.02    0.10
  4647                 CONDUIT     0.061     0  21:30      2.48    0.02    0.10
  4648                 CONDUIT     0.041     0  21:30      1.23    0.03    0.12
  4649                 CONDUIT     0.020     0  00:00      0.65    0.02    0.11
  465                  CONDUIT     0.342     0  00:00      2.35    0.09    0.24
  4655                 CONDUIT     4.468     0  00:07      2.28    0.05    0.44
  4660                 CONDUIT     4.016     0  16:25      2.56    0.49    0.50
  4666                 CONDUIT     0.328     0  00:00      0.81    0.01    0.25
  4667                 CONDUIT     0.328     0  15:28      2.58    0.11    0.17
  4668                 CONDUIT     0.307     0  00:00      2.17    0.03    0.18
  4669                 CONDUIT     0.287     0  17:18      2.76    0.06    0.15
  4670                 CONDUIT     0.266     0  00:00      2.48    0.03    0.15
  4671                 CONDUIT     0.102     0  00:10      1.96    0.02    0.12
  4672                 CONDUIT     0.082     0  00:00      2.56    0.01    0.08
  4673                 CONDUIT     0.061     0  00:02      1.82    0.02    0.09
  4674                 CONDUIT     0.041     0  00:00      1.28    0.01    0.08
  4675                 CONDUIT     0.020     0  00:00      0.94    0.01    0.06
  4681                 CONDUIT     0.125     0  00:31      1.64    0.10    0.21
  4682                 CONDUIT     0.111     0  00:00      1.50    0.09    0.20
  4683                 CONDUIT     0.098     0  00:00      1.43    0.08    0.19
  4684                 CONDUIT     0.085     0  00:00      1.33    0.07    0.18
  4685                 CONDUIT     0.071     0  00:00      1.27    0.06    0.17
  4686                 CONDUIT     0.058     0  00:00      1.18    0.05    0.15
  4687                 CONDUIT     0.045     0  00:00      1.07    0.03    0.14
  4688                 CONDUIT     0.031     0  00:00      0.93    0.02    0.12
  4689                 CONDUIT     0.018     0  00:00      0.72    0.01    0.10
  47                   CONDUIT     0.713     0  00:00      2.20    0.01    0.08
  472                  CONDUIT     0.399     0  00:00      4.60    0.05    0.17
  473                  CONDUIT     1.360     0  12:52      3.85    0.27    0.35
  474                  CONDUIT     1.331     0  03:23      3.44    0.31    0.37
  475                  CONDUIT     1.303     0  03:23      2.30    0.64    0.50
  476                  CONDUIT     1.246     0  11:33      2.64    0.41    0.43
  477                  CONDUIT     0.086     0  00:00      2.18    0.03    0.13
  478                  CONDUIT     3.930     0  20:56      2.41    0.51    0.51
  479                  CONDUIT     3.959     0  04:36      2.42    0.53    0.51
  480                  CONDUIT     2.057     0  00:00      2.08    0.25    0.49
  481                  CONDUIT     2.029     0  15:29      2.99    0.31    0.37
  482                  CONDUIT     2.000     0  00:00      2.76    0.31    0.39
  483                  CONDUIT     1.972     0  00:00      2.81    0.30    0.38
  484                  CONDUIT     1.943     0  00:00      2.99    0.24    0.36
  485                  CONDUIT     1.388     0  09:24      5.52    0.19    0.27
  488                  CONDUIT     1.845     0  00:00      2.48    0.05    0.39
  499                  CONDUIT     0.086     0  00:00      0.95    0.06    0.35
  500                  CONDUIT     0.057     0  00:56      1.57    0.08    0.18
  501                  CONDUIT     0.029     0  00:00      0.86    0.04    0.17
  503                  CONDUIT     0.564     0  20:11      1.32    0.11    0.26
  513                  CONDUIT     0.444     0  08:01      0.96    0.07    0.28
  514                  CONDUIT     0.456     0  00:04      1.51    0.05    0.17
  523                  CONDUIT     0.428     0  12:22      1.53    0.05    0.16
  528                  CONDUIT     0.371     0  20:12      0.79    0.08    0.28
  529                  CONDUIT     0.342     0  00:00      0.82    0.04    0.26
  531                  CONDUIT     0.301     0  07:54      0.88    0.05    0.22
  532                  CONDUIT     0.399     0  13:20      1.45    0.05    0.16
  54                   CONDUIT     0.741     0  00:00      2.22    0.01    0.09
  540                  CONDUIT     0.342     0  16:24      1.85    0.05    0.15
  541                  CONDUIT     0.257     0  07:52      1.43    0.04    0.14
  549                  CONDUIT     0.228     0  07:50      1.45    0.03    0.13
  550                  CONDUIT     0.314     0  00:00      1.68    0.04    0.15
  558                  CONDUIT     0.228     0  07:50      1.49    0.04    0.13
  559                  CONDUIT     0.314     0  21:39      1.68    0.05    0.15
  568                  CONDUIT     0.314     0  00:00      1.57    0.05    0.15
  576                  CONDUIT     0.285     0  12:17      3.79    0.23    0.31
  577                  CONDUIT     0.228     0  00:00      1.53    0.03    0.13
  578                  CONDUIT     0.314     0  00:00      2.10    0.02    0.13
  587                  CONDUIT     0.029     0  02:43      2.01    0.02    0.10
  588                  CONDUIT     0.228     0  00:00      1.85    0.02    0.11
  589                  CONDUIT     0.000     0  00:00      0.00    0.00    0.06
  590                  CONDUIT     0.228     0  00:00      2.37    0.21    0.32
  60                   CONDUIT     0.770     0  00:00      2.23    0.02    0.09
  61                   CONDUIT     0.000     0  00:00      0.00    0.00    0.18
  648                  CONDUIT     0.330     0  07:57      1.00    0.07    0.22
  65                   CONDUIT     2.252     0  00:00      4.38    0.08    0.25
  66                   CONDUIT     2.224     0  10:28      6.04    0.10    0.20
  67                   CONDUIT     2.195     0  00:00      6.13    0.07    0.20
  68                   CONDUIT     0.200     0  00:00      1.04    0.17    0.64
  69                   CONDUIT     0.171     0  00:00      2.93    0.13    0.26
  693                  CONDUIT     0.228     0  07:48      1.45    0.03    0.13
  70                   CONDUIT     0.143     0  00:00      3.10    0.08    0.22
  705                  CONDUIT     0.029     0  00:00      0.62    0.00    0.11
  71                   CONDUIT     4.128     0  11:01      2.68    0.59    0.24
  712                  CONDUIT     0.000     0  00:00      0.00    0.00    0.03
  716                  CONDUIT     0.228     0  16:28      3.22    0.16    0.25
  717                  CONDUIT     0.228     0  16:28      2.55    0.21    0.30
  72                   CONDUIT     0.592     0  00:00      2.28    0.03    0.14
  73                   CONDUIT     0.570     0  00:00      1.65    0.07    0.18
  74                   CONDUIT     0.763     0  13:39      2.50    0.03    0.15
  75                   CONDUIT     0.792     0  00:00      1.73    0.08    0.20
  752                  CONDUIT     0.029     0  00:00      1.93    0.00    0.07
  76                   CONDUIT     0.820     0  05:35      1.62    0.10    0.22
  77                   CONDUIT     0.820     0  00:11      1.63    0.10    0.22
  78                   CONDUIT     0.820     0  00:00      1.37    0.10    0.24
  79                   CONDUIT     0.849     0  22:35      0.76    0.07    0.38
  80                   CONDUIT     0.770     0  02:10      1.18    0.02    0.13
  803                  CONDUIT     0.285     0  00:00      2.96    0.12    0.24
  804                  CONDUIT     0.257     0  04:19      3.35    0.21    0.31
  805                  CONDUIT     0.228     0  00:00      3.50    0.13    0.28
  806                  CONDUIT     0.200     0  00:04      3.97    0.11    0.23
  807                  CONDUIT     0.171     0  00:19      4.04    0.08    0.21
  81                   CONDUIT     6.085     0  05:06      8.20    0.34    0.39
  815                  CONDUIT     0.143     0  00:00      3.37    0.04    0.14
  816                  CONDUIT     0.114     0  00:00      2.95    0.03    0.13
  82                   CONDUIT     6.056     0  00:00      7.74    0.34    0.41
  826                  CONDUIT     1.568     0  00:00      2.92    0.46    0.48
  83                   CONDUIT     6.028     0  22:47      5.72    0.64    0.51
  834                  CONDUIT     1.540     0  10:58      2.86    0.46    0.48
  84                   CONDUIT     5.999     0  00:02      4.16    0.38    0.46
  842                  CONDUIT     1.511     0  05:15      2.77    0.47    0.48
  850                  CONDUIT     1.483     0  14:22      2.66    0.49    0.49
  856                  CONDUIT     1.454     0  17:10      2.54    0.50    0.50
  867                  CONDUIT     1.426     0  08:34      2.35    0.56    0.52
  875                  CONDUIT     1.369     0  00:00      4.97    0.11    0.29
  876                  CONDUIT     1.340     0  21:50      6.01    0.15    0.25
  877                  CONDUIT     1.312     0  02:21      6.90    0.59    0.53
  878                  CONDUIT     1.397     0  00:00      2.82    0.27    0.45
  886                  CONDUIT     1.283     0  11:01      4.22    0.73    0.58
  891                  CONDUIT     0.593     0  00:00      4.70    0.36    0.55
  892                  CONDUIT     0.565     0  10:13      5.97    0.42    0.44
  893                  CONDUIT     0.536     0  14:00      4.67    0.56    0.51
  895                  CONDUIT     1.255     0  00:00      4.25    0.42    0.56
  901                  CONDUIT     0.547     0  00:00      7.16    0.28    0.37
  902                  CONDUIT     0.519     0  18:51      4.67    0.42    0.41
  903                  CONDUIT     0.376     0  03:23      3.81    0.43    0.45
  905                  CONDUIT     0.633     0  23:02      2.42    0.56    0.51
  907                  CONDUIT     0.029     0  00:00      0.19    0.02    0.34
  909                  CONDUIT     0.576     0  00:00      3.92    0.31    0.62
  918                  CONDUIT     0.200     0  00:00      2.35    0.21    0.40
  929                  CONDUIT     0.171     0  11:54      2.58    0.27    0.34
  940                  CONDUIT     0.143     0  00:00      2.24    0.18    0.33
  944                  CONDUIT     0.086     0  00:00      1.89    0.08    0.25
  945                  CONDUIT     0.057     0  00:31      1.71    0.10    0.21
  946                  CONDUIT     0.029     0  00:00      0.83    0.04    0.15
  95                   CONDUIT     1.739     0  07:24      3.59    0.45    0.44
  951                  CONDUIT     0.114     0  10:33      1.96    0.21    0.30
  993                  CONDUIT     0.508     0  21:11      3.58    0.72    0.60
  994                  CONDUIT     0.479     0  00:00      3.73    0.44    0.55
  995                  CONDUIT     0.450     0  19:19      3.97    0.54    0.50
  996                  CONDUIT     0.422     0  00:00      3.87    0.39    0.49
  CDT-13               CONDUIT     5.544     0  04:14      1.21    0.34    1.00
  CDT-15               CONDUIT     1.811     0  16:29      2.21    0.18    0.67
  CDT-17               CONDUIT     0.648     0  23:25      4.13    6.90    0.35
  CDT-19               CONDUIT     2.244     0  06:55      2.58    0.21    0.32
  CDT-21               CONDUIT    11.184     0  08:06      3.96    0.67    0.38
  CDT-29               CONDUIT     0.000     0  00:00      0.00    0.00    0.04
  CDT-31               CONDUIT     0.415     0  00:01      2.04    0.04    0.16
  CDT-33               CONDUIT     0.721     0  01:46      2.14    0.06    0.16
  CDT-35               CONDUIT     0.220     0  23:21      1.25    0.14    0.27
  CDT-39               CONDUIT     0.170     0  05:06      3.43    0.05    0.15
  CDT-41               CONDUIT    15.878     0  02:00      8.54    0.17    0.28
  PUMP-1               PUMP        0.806     0  00:00              0.31
  PUMP-10              PUMP        0.648     0  23:25                          
  PUMP-15              PUMP        5.544     0  00:00              0.69
  PUMP-18              PUMP        0.208     0  11:22                          
  PUMP-2               PUMP        3.888     0  00:00              0.77
  PUMP-23              PUMP        2.342     0  05:28                          
  PUMP-30              PUMP        1.811     0  05:37                          
  PUMP-32              PUMP        0.049     0  00:48                          
  PUMP-7               PUMP        0.371     0  11:10                          
  
  
  ***************************
  Flow Classification Summary
  ***************************
  
  -------------------------------------------------------------------------------------
                      Adjusted    ---------- Fraction of Time in Flow Class ---------- 
                       /Actual         Up    Down  Sub   Sup   Up    Down  Norm  Inlet 
  Conduit               Length    Dry  Dry   Dry   Crit  Crit  Crit  Crit  Ltd   Ctrl  
  -------------------------------------------------------------------------------------
  10                      1.00   0.00  0.00  0.00  1.00  0.00  0.00  0.00  1.00  0.00
  1003                    1.00   0.00  0.00  0.00  0.00  1.00  0.00  0.00  1.00  0.00
  1004                    1.00   0.00  0.00  0.00  0.00  1.00  0.00  0.00  0.00  0.00
  1005                    1.00   0.00  0.00  0.00  1.00  0.00  0.00  0.00  0.00  0.00
  1006                    1.00   0.00  0.00  0.00  1.00  0.00  0.00  0.00  1.00  0.00
  1007                    1.00   0.00  0.00  0.00  0.00  1.00  0.00  0.00  1.00  0.00
  1008                    1.00   0.00  0.00  0.00  0.00  1.00  0.00  0.00  0.00  0.00
  1009                    1.00   0.00  0.00  0.00  1.00  0.00  0.00  0.00  0.00  0.00
  1010                    1.00   0.00  0.00  0.00  1.00  0.00  0.00  0.00  1.00  0.00
  1011                    1.00   0.00  0.00  0.00  0.00  1.00  0.00  0.00  1.00  0.00
  1012                    1.00   0.00  0.00  0.00  1.00  0.00  0.00  0.00  0.00  0.00
  1013                    1.00   0.00  0.00  0.00  1.00  0.00  0.00  0.00  1.00  0.00
  1016                    1.00   0.00  0.00  0.00  0.00  1.00  0.00  0.00  0.00  0.00
  102                     1.00   0.00  0.00  0.00  0.00  0.00  0.00  1.00  0.00  0.00
  1026                    1.00   0.00  0.00  0.00  1.00  0.00  0.00  0.00  0.00  0.00
  1033                    1.00   0.00  0.00  0.00  1.00  0.00  0.00  0.00  1.00  0.00
  105                     1.00   0.00  0.00  0.00  0.00  0.00  1.00  0.00  0.00  0.00
  1091                    1.00   0.00  0.00  0.00  1.00  0.00  0.00  0.00  1.00  0.00
  1092                    1.00   0.00  0.00  0.00  1.00  0.00  0.00  0.00  1.00  0.00
  1094                    1.00   0.00  0.00  0.00  1.00  0.00  0.00  0.00  0.00  0.00
  1095                    1.00   0.00  0.00  0.00  0.00  1.00  0.00  0.00  1.00  0.00
  11                      1.00   0.00  0.00  0.00  1.00  0.00  0.00  0.00  0.00  0.00
  1103                    1.00   0.00  0.00  0.00  1.00  0.00  0.00  0.00  1.00  0.00
  1104                    1.00   0.00  0.00  0.00  1.00  0.00  0.00  0.00  1.00  0.00
  1105                    1.00   0.00  0.00  0.00  1.00  0.00  0.00  0.00  1.00  0.00
  1106                    1.00   0.00  0.00  0.00  1.00  0.00  0.00  0.00  0.00  0.00
  1107                    1.00   0.00  0.00  0.00  1.00  0.00  0.00  0.00  1.00  0.00
  1108                    1.00   0.00  0.00  0.00  1.00  0.00  0.00  0.00  1.00  0.00
  1109                    1.00   0.00  0.00  0.00  1.00  0.00  0.00  0.00  0.00  0.00
  111                     1.00   0.00  0.00  0.00  1.00  0.00  0.00  0.00  1.00  0.00
  1110                    1.00   0.00  0.00  0.00  1.00  0.00  0.00  0.00  0.00  0.00
  1111                    1.00   0.00  0.00  0.00  0.00  1.00  0.00  0.00  1.00  0.00
  1113                    1.00   0.00  0.00  0.00  1.00  0.00  0.00  0.00  0.00  0.00
  1114                    1.00   0.00  0.00  0.00  1.00  0.00  0.00  0.00  1.00  0.00
  1115                    1.00   0.00  0.00  0.00  0.00  1.00  0.00  0.00  0.00  0.00
  1116                    1.00   0.00  0.00  0.00  1.00  0.00  0.00  0.00  1.00  0.00
  1117                    1.00   0.00  0.00  0.00  1.00  0.00  0.00  0.00  1.00  0.00
  1118                    1.00   0.00  0.00  0.00  1.00  0.00  0.00  0.00  0.00  0.00
  1119                    1.00   0.00  0.00  0.00  1.00  0.00  0.00  0.00  0.00  0.00
  1120                    1.00   0.00  0.00  0.00  1.00  0.00  0.00  0.00  1.00  0.00
  1121                    1.00   0.00  0.00  0.00  1.00  0.00  0.00  0.00  1.00  0.00
  1122                    1.00   0.00  0.00  0.00  0.00  1.00  0.00  0.00  1.00  0.00
  1123                    1.00   0.00  0.00  0.00  0.00  1.00  0.00  0.00  1.00  0.00
  1124                    1.00   0.00  0.00  0.00  0.00  1.00  0.00  0.00  0.00  0.00
  1125                    1.00   0.00  0.00  0.00  0.00  1.00  0.00  0.00  1.00  0.00
  1126                    1.00   0.00  0.00  0.00  0.00  1.00  0.00  0.00  1.00  0.00
  1127                    1.00   0.00  0.00  0.00  1.00  0.00  0.00  0.00  1.00  0.00
  1128                    1.00   0.00  0.00  0.00  1.00  0.00  0.00  0.00  1.00  0.00
  1129                    1.00   0.00  0.00  0.00  1.00  0.00  0.00  0.00  1.00  0.00
  1130                    1.00   0.00  0.00  0.00  1.00  0.00  0.00  0.00  0.00  0.00
  1131                    1.00   0.00  0.00  0.00  1.00  0.00  0.00  0.00  0.00  0.00
  1132                    1.00   0.00  0.00  0.00  1.00  0.00  0.00  0.00  0.00  0.00
  1133                    1.00   0.00  0.00  0.00  1.00  0.00  0.00  0.00  0.00  0.00
  1134                    1.00   0.00  0.00  0.00  0.00  1.00  0.00  0.00  0.00  0.00
  1135                    1.00   0.00  0.00  0.00  0.00  1.00  0.00  0.00  0.00  0.00
  1136                    1.00   0.00  0.00  0.00  0.00  1.00  0.00  0.00  1.00  0.00
  1137                    1.00   0.00  0.00  0.00  1.00  0.00  0.00  0.00  1.00  0.00
  1138                    1.00   0.00  0.00  0.00  1.00  0.00  0.00  0.00  1.00  0.00
  1139                    1.00   0.00  0.00  0.00  1.00  0.00  0.00  0.00  0.00  0.00
  1140                    1.00   0.00  0.00  0.00  1.00  0.00  0.00  0.00  1.00  0.00
  1141                    1.00   0.00  0.00  0.00  1.00  0.00  0.00  0.00  1.00  0.00
  1142                    1.00   0.00  0.00  0.00  1.00  0.00  0.00  0.00  1.00  0.00
  1143                    1.00   0.00  0.00  0.00  1.00  0.00  0.00  0.00  1.00  0.00
  1144                    1.00   0.00  0.00  0.00  1.00  0.00  0.00  0.00  1.00  0.00
  118                     1.00   0.00  0.00  0.00  1.00  0.00  0.00  0.00  1.00  0.00
  119                     1.00   0.00  0.00  0.00  1.00  0.00  0.00  0.00  0.00  0.00
  1193                    1.00   0.00  0.00  0.00  1.00  0.00  0.00  0.00  1.00  0.00
  1194                    1.00   0.00  0.00  0.00  1.00  0.00  0.00  0.00  1.00  0.00
  1196                    1.00   0.00  0.00  0.00  1.00  0.00  0.00  0.00  0.00  0.00
  120                     1.00   0.00  0.00  0.00  1.00  0.00  0.00  0.00  1.00  0.00
  121                     1.00   0.00  0.00  0.00  1.00  0.00  0.00  0.00  0.00  0.00
  1216                    1.00   0.00  0.00  0.00  1.00  0.00  0.00  0.00  1.00  0.00
  1217                    1.00   0.00  0.00  0.00  1.00  0.00  0.00  0.00  1.00  0.00
  1218                    1.00   0.00  0.00  0.00  1.00  0.00  0.00  0.00  1.00  0.00
  1219                    1.00   0.00  0.00  0.00  1.00  0.00  0.00  0.00  1.00  0.00
  1231                    1.00   0.00  0.00  0.00  1.00  0.00  0.00  0.00  1.00  0.00
  128                     1.00   0.00  0.00  0.00  1.00  0.00  0.00  0.00  0.00  0.00
  135                     1.00   0.00  0.00  0.00  1.00  0.00  0.00  0.00  0.00  0.00
  1363                    1.00   0.00  0.00  0.00  1.00  0.00  0.00  0.00  1.00  0.00
  1364                    1.00   0.00  0.00  0.00  1.00  0.00  0.00  0.00  1.00  0.00
  1365                    1.00   0.00  0.00  0.00  1.00  0.00  0.00  0.00  1.00  0.00
  1366                    1.00   0.00  0.00  0.00  1.00  0.00  0.00  0.00  0.00  0.00
  142                     1.00   0.00  0.00  0.00  1.00  0.00  0.00  0.00  1.00  0.00
  1434                    1.00   0.00  0.00  0.00  1.00  0.00  0.00  0.00  1.00  0.00
  1435                    1.00   0.00  0.00  0.00  0.00  1.00  0.00  0.00  0.00  0.00
  1437                    1.00   0.00  0.00  0.00  1.00  0.00  0.00  0.00  1.00  0.00
  1438                    1.00   0.00  0.00  0.00  1.00  0.00  0.00  0.00  0.00  0.00
  1439                    1.00   0.00  0.00  0.00  1.00  0.00  0.00  0.00  1.00  0.00
  1440                    1.00   0.00  0.00  0.00  1.00  0.00  0.00  0.00  1.00  0.00
  1441                    1.00   0.00  0.00  0.00  1.00  0.00  0.00  0.00  1.00  0.00
  1442                    1.00   0.00  0.00  0.00  1.00  0.00  0.00  0.00  1.00  0.00
  1457                    1.00   0.00  0.00  0.00  1.00  0.00  0.00  0.00  1.00  0.00
  1458                    1.00   0.00  0.00  0.00  1.00  0.00  0.00  0.00  1.00  0.00
  1459                    1.00   0.00  0.00  0.00  1.00  0.00  0.00  0.00  1.00  0.00
  1488                    1.00   0.00  0.00  0.00  1.00  0.00  0.00  0.00  1.00  0.00
  1489                    1.00   0.00  0.00  0.00  1.00  0.00  0.00  0.00  1.00  0.00
  149                     1.00   0.00  0.00  0.00  1.00  0.00  0.00  0.00  0.00  0.00
  1490                    1.00   0.00  0.00  0.00  1.00  0.00  0.00  0.00  0.00  0.00
  1491                    1.00   0.00  0.00  0.00  1.00  0.00  0.00  0.00  1.00  0.00
  1492                    1.00   0.00  0.00  0.00  1.00  0.00  0.00  0.00  0.00  0.00
  1493                    1.00   0.00  0.00  0.00  0.00  1.00  0.00  0.00  1.00  0.00
  1494                    1.00   0.00  0.00  0.00  0.00  1.00  0.00  0.00  0.00  0.00
  1495                    1.00   0.00  0.00  0.00  1.00  0.00  0.00  0.00  1.00  0.00
  1496                    1.00   0.00  0.00  0.00  1.00  0.00  0.00  0.00  1.00  0.00
  1497                    1.00   0.00  0.00  0.00  1.00  0.00  0.00  0.00  1.00  0.00
  1498                    1.00   0.00  0.00  0.00  1.00  0.00  0.00  0.00  1.00  0.00
  1501                    1.00   0.00  0.00  0.00  0.00  1.00  0.00  0.00  0.00  0.00
  1502                    1.00   0.00  0.00  0.00  1.00  0.00  0.00  0.00  1.00  0.00
  1503                    1.00   0.00  0.00  0.00  1.00  0.00  0.00  0.00  1.00  0.00
  1504                    1.00   0.00  0.00  0.00  1.00  0.00  0.00  0.00  1.00  0.00
  1524                    1.00   0.00  0.00  0.00  1.00  0.00  0.00  0.00  1.00  0.00
  1525                    1.00   0.00  0.00  0.00  1.00  0.00  0.00  0.00  1.00  0.00
  1526                    1.00   0.00  0.00  0.00  1.00  0.00  0.00  0.00  0.00  0.00
  1527                    1.00   0.00  0.00  0.00  1.00  0.00  0.00  0.00  1.00  0.00
  1528                    1.00   0.00  0.00  0.00  1.00  0.00  0.00  0.00  1.00  0.00
  1529                    1.00   0.00  0.00  0.00  1.00  0.00  0.00  0.00  1.00  0.00
  1530                    1.00   0.00  0.00  0.00  1.00  0.00  0.00  0.00  1.00  0.00
  1536                    1.00   0.00  0.00  0.00  1.00  0.00  0.00  0.00  0.00  0.00
  1545                    1.00   0.00  0.00  0.00  0.00  1.00  0.00  0.00  0.00  0.00
  1546                    1.00   0.00  0.00  0.00  0.00  1.00  0.00  0.00  1.00  0.00
  1547                    1.00   0.00  0.00  0.00  0.00  1.00  0.00  0.00  1.00  0.00
  1550                    1.00   0.00  0.00  0.00  1.00  0.00  0.00  0.00  1.00  0.00
  1551                    1.00   0.00  0.00  0.00  0.00  1.00  0.00  0.00  1.00  0.00
  1552                    1.00   0.00  0.00  0.00  1.00  0.00  0.00  0.00  1.00  0.00
  1558                    1.00   0.00  0.00  0.00  1.00  0.00  0.00  0.00  0.00  0.00
  156                     1.00   0.00  0.00  0.00  1.00  0.00  0.00  0.00  0.00  0.00
  1562                    1.00   0.00  0.00  0.00  1.00  0.00  0.00  0.00  1.00  0.00
  1563                    1.00   0.00  0.00  0.00  1.00  0.00  0.00  0.00  1.00  0.00
  1564                    1.00   0.00  0.00  0.00  1.00  0.00  0.00  0.00  1.00  0.00
  1565                    1.00   0.00  0.00  0.00  1.00  0.00  0.00  0.00  1.00  0.00
  1566                    1.00   0.00  0.00  0.00  1.00  0.00  0.00  0.00  1.00  0.00
  157                     1.00   0.00  0.00  0.00  0.00  1.00  0.00  0.00  1.00  0.00
  158                     1.00   0.00  0.00  0.00  0.00  1.00  0.00  0.00  0.00  0.00
  1585                    1.00   0.00  0.00  0.00  1.00  0.00  0.00  0.00  1.00  0.00
  1586                    1.00   0.00  1.00  0.00  0.00  0.00  0.00  0.00  0.00  0.00
  1587                    1.00   0.00  0.00  0.00  0.00  1.00  0.00  0.00  1.00  0.00
  1588                    1.00   0.00  0.00  0.00  0.00  1.00  0.00  0.00  0.00  0.00
  1589                    1.00   0.00  0.00  0.00  0.00  1.00  0.00  0.00  1.00  0.00
  159                     1.00   0.00  0.00  0.00  1.00  0.00  0.00  0.00  0.00  0.00
  1590                    1.00   0.00  0.00  0.00  0.00  1.00  0.00  0.00  0.00  0.00
  1596                    1.00   0.00  0.00  0.00  1.00  0.00  0.00  0.00  1.00  0.00
  1599                    1.00   0.00  0.00  0.00  1.00  0.00  0.00  0.00  1.00  0.00
  1600                    1.00   0.00  0.00  0.00  1.00  0.00  0.00  0.00  1.00  0.00
  1610                    1.00   0.00  0.00  0.00  1.00  0.00  0.00  0.00  1.00  0.00
  1611                    1.00   0.00  0.00  0.00  1.00  0.00  0.00  0.00  1.00  0.00
  1612                    1.00   0.00  0.00  0.00  1.00  0.00  0.00  0.00  1.00  0.00
  1657                    1.00   0.00  0.00  0.00  0.00  1.00  0.00  0.00  0.00  0.00
  166                     1.00   0.00  0.00  0.00  0.00  1.00  0.00  0.00  1.00  0.00
  1680                    1.00   0.00  0.00  0.00  1.00  0.00  0.00  0.00  1.00  0.00
  1681                    1.00   0.00  0.00  0.00  1.00  0.00  0.00  0.00  1.00  0.00
  1683                    1.00   0.00  0.00  0.00  1.00  0.00  0.00  0.00  1.00  0.00
  1684                    1.00   0.00  0.00  0.00  0.00  1.00  0.00  0.00  0.00  0.00
  1686                    1.00   0.00  0.00  0.00  1.00  0.00  0.00  0.00  1.00  0.00
  1687                    1.00   0.00  0.00  0.00  1.00  0.00  0.00  0.00  1.00  0.00
  1694                    1.00   0.00  0.00  0.00  1.00  0.00  0.00  0.00  1.00  0.00
  1695                    1.00   0.00  0.00  0.00  1.00  0.00  0.00  0.00  0.00  0.00
  1696                    1.00   0.00  0.00  0.00  1.00  0.00  0.00  0.00  1.00  0.00
  1697                    1.00   0.00  0.00  0.00  0.00  1.00  0.00  0.00  1.00  0.00
  1698                    1.00   0.00  0.00  0.00  0.00  1.00  0.00  0.00  0.00  0.00
  1699                    1.00   0.00  0.00  0.00  0.00  1.00  0.00  0.00  1.00  0.00
  170                     1.00   0.00  0.00  0.00  0.00  1.00  0.00  0.00  0.00  0.00
  1700                    1.00   0.00  0.00  0.00  0.00  1.00  0.00  0.00  1.00  0.00
  1701                    1.00   0.00  0.00  0.00  0.00  1.00  0.00  0.00  0.00  0.00
  1702                    1.00   0.00  0.00  0.00  0.00  1.00  0.00  0.00  1.00  0.00
  1703                    1.00   0.00  0.00  0.00  1.00  0.00  0.00  0.00  0.00  0.00
  1704                    1.00   0.00  0.00  0.00  1.00  0.00  0.00  0.00  1.00  0.00
  1705                    1.00   0.00  0.00  0.00  1.00  0.00  0.00  0.00  1.00  0.00
  1706                    1.00   0.00  0.00  0.00  1.00  0.00  0.00  0.00  0.00  0.00
  1707                    1.00   0.00  0.00  0.00  1.00  0.00  0.00  0.00  0.00  0.00
  1708                    1.00   0.00  0.00  0.00  1.00  0.00  0.00  0.00  0.00  0.00
  1709                    1.00   0.00  0.00  0.00  1.00  0.00  0.00  0.00  1.00  0.00
  1710                    1.00   0.00  0.00  0.00  1.00  0.00  0.00  0.00  1.00  0.00
  1711                    1.00   0.00  0.00  0.00  1.00  0.00  0.00  0.00  1.00  0.00
  1712                    1.00   0.00  0.00  0.00  1.00  0.00  0.00  0.00  1.00  0.00
  1713                    1.00   0.00  0.00  0.00  1.00  0.00  0.00  0.00  1.00  0.00
  1714                    1.00   0.00  0.00  0.00  0.00  1.00  0.00  0.00  1.00  0.00
  1715                    1.00   0.00  0.00  0.00  0.00  1.00  0.00  0.00  0.00  0.00
  1716                    1.00   0.00  0.00  0.00  0.00  1.00  0.00  0.00  0.00  0.00
  1717                    1.00   0.00  0.00  0.00  0.00  1.00  0.00  0.00  1.00  0.00
  1718                    1.00   0.00  0.00  0.00  0.00  1.00  0.00  0.00  1.00  0.00
  1719                    1.00   0.00  0.00  0.00  0.00  1.00  0.00  0.00  1.00  0.00
  1720                    1.00   0.00  0.00  0.00  0.00  1.00  0.00  0.00  0.00  0.00
  1721                    1.00   0.00  0.00  0.00  0.00  1.00  0.00  0.00  1.00  0.00
  1722                    1.00   0.00  0.00  0.00  0.00  1.00  0.00  0.00  1.00  0.00
  1723                    1.00   0.00  0.00  0.00  0.00  1.00  0.00  0.00  0.00  0.00
  1724                    1.00   0.00  0.00  0.00  0.00  1.00  0.00  0.00  1.00  0.00
  1726                    1.00   0.00  0.00  0.00  1.00  0.00  0.00  0.00  1.00  0.00
  1727                    1.00   0.00  0.00  0.00  0.00  1.00  0.00  0.00  1.00  0.00
  1728                    1.00   0.00  0.00  0.00  1.00  0.00  0.00  0.00  0.00  0.00
  1729                    1.00   0.00  0.00  0.00  1.00  0.00  0.00  0.00  1.00  0.00
  173                     1.00   0.00  0.00  0.00  1.00  0.00  0.00  0.00  1.00  0.00
  1730                    1.00   0.00  0.00  0.00  1.00  0.00  0.00  0.00  1.00  0.00
  1731                    1.00   0.00  0.00  0.00  1.00  0.00  0.00  0.00  1.00  0.00
  1732                    1.00   0.00  0.00  0.00  1.00  0.00  0.00  0.00  1.00  0.00
  1733                    1.00   0.00  0.00  0.00  1.00  0.00  0.00  0.00  0.00  0.00
  1734                    1.00   0.00  0.00  0.00  1.00  0.00  0.00  0.00  1.00  0.00
  174                     1.00   0.00  0.00  0.00  1.00  0.00  0.00  0.00  1.00  0.00
  175                     1.00   0.00  0.00  0.00  1.00  0.00  0.00  0.00  0.00  0.00
  176                     1.00   0.00  0.00  0.00  0.00  1.00  0.00  0.00  0.00  0.00
  178                     1.00   0.00  0.00  0.00  1.00  0.00  0.00  0.00  1.00  0.00
  179                     1.00   0.00  0.00  0.00  0.00  1.00  0.00  0.00  1.00  0.00
  180                     1.00   0.00  0.00  0.00  1.00  0.00  0.00  0.00  1.00  0.00
  181                     1.00   0.00  0.00  0.00  0.00  1.00  0.00  0.00  0.00  0.00
  1815                    1.00   0.00  0.00  0.00  1.00  0.00  0.00  0.00  1.00  0.00
  1816                    1.00   0.00  0.00  0.00  1.00  0.00  0.00  0.00  1.00  0.00
  1817                    1.00   0.00  0.00  0.00  0.00  1.00  0.00  0.00  0.00  0.00
  182                     1.00   0.00  0.00  0.00  0.00  1.00  0.00  0.00  1.00  0.00
  183                     1.00   0.00  0.00  0.00  1.00  0.00  0.00  0.00  0.00  0.00
  184                     1.00   0.00  0.00  0.00  1.00  0.00  0.00  0.00  0.00  0.00
  185                     1.00   0.00  0.00  0.00  1.00  0.00  0.00  0.00  0.00  0.00
  186                     1.00   0.00  0.00  0.00  1.00  0.00  0.00  0.00  1.00  0.00
  187                     1.00   0.00  0.00  0.00  1.00  0.00  0.00  0.00  0.00  0.00
  19                      1.00   0.00  0.00  0.00  1.00  0.00  0.00  0.00  1.00  0.00
  1916                    1.00   0.00  0.00  0.00  0.00  1.00  0.00  0.00  0.00  0.00
  1917                    1.00   0.00  0.00  0.00  1.00  0.00  0.00  0.00  1.00  0.00
  1920                    1.00   0.00  0.00  0.00  1.00  0.00  0.00  0.00  1.00  0.00
  1929                    1.00   0.00  0.00  0.00  1.00  0.00  0.00  0.00  1.00  0.00
  1930                    1.00   0.00  0.00  0.00  1.00  0.00  0.00  0.00  1.00  0.00
  1931                    1.00   0.00  0.00  0.00  1.00  0.00  0.00  0.00  1.00  0.00
  1932                    1.00   0.00  0.00  0.00  1.00  0.00  0.00  0.00  1.00  0.00
  1933                    1.00   0.00  0.00  0.00  1.00  0.00  0.00  0.00  0.00  0.00
  1934                    1.00   0.00  0.00  0.00  1.00  0.00  0.00  0.00  1.00  0.00
  1935                    1.00   0.00  0.00  0.00  1.00  0.00  0.00  0.00  0.00  0.00
  1936                    1.00   0.00  0.00  0.00  1.00  0.00  0.00  0.00  1.00  0.00
  1937                    1.00   0.00  0.00  0.00  1.00  0.00  0.00  0.00  1.00  0.00
  1938                    1.00   0.00  0.00  0.00  1.00  0.00  0.00  0.00  0.00  0.00
  1939                    1.00   0.00  0.00  0.00  1.00  0.00  0.00  0.00  1.00  0.00
  1940                    1.00   0.00  0.00  0.00  1.00  0.00  0.00  0.00  0.00  0.00
  1941                    1.00   0.00  0.00  0.00  1.00  0.00  0.00  0.00  1.00  0.00
  1942                    1.00   0.00  0.00  0.00  1.00  0.00  0.00  0.00  0.00  0.00
  1943                    1.00   0.00  0.00  0.00  1.00  0.00  0.00  0.00  1.00  0.00
  1945                    1.00   0.00  0.00  0.00  1.00  0.00  0.00  0.00  0.00  0.00
  1946                    1.00   0.00  0.00  0.00  1.00  0.00  0.00  0.00  1.00  0.00
  1947                    1.00   0.00  0.00  0.00  0.00  1.00  0.00  0.00  1.00  0.00
  1948                    1.00   0.00  0.00  0.00  0.00  1.00  0.00  0.00  1.00  0.00
  1949                    1.00   0.00  0.00  0.00  0.00  1.00  0.00  0.00  1.00  0.00
  1950                    1.00   0.00  0.00  0.00  0.00  1.00  0.00  0.00  1.00  0.00
  1951                    1.00   0.00  0.00  0.00  0.00  1.00  0.00  0.00  1.00  0.00
  1952                    1.00   0.00  0.00  0.00  0.00  1.00  0.00  0.00  1.00  0.00
  1953                    1.00   0.00  0.00  0.00  0.00  1.00  0.00  0.00  1.00  0.00
  1954                    1.00   0.00  0.00  0.00  0.00  1.00  0.00  0.00  1.00  0.00
  1955                    1.00   0.00  0.00  0.00  0.00  1.00  0.00  0.00  0.00  0.00
  1956                    1.00   0.00  0.00  0.00  0.00  1.00  0.00  0.00  0.00  0.00
  1957                    1.00   0.00  0.00  0.00  1.00  0.00  0.00  0.00  1.00  0.00
  1958                    1.00   0.00  0.00  0.00  1.00  0.00  0.00  0.00  1.00  0.00
  1959                    1.00   0.00  0.00  0.00  1.00  0.00  0.00  0.00  0.00  0.00
  196                     1.00   0.00  0.00  0.00  1.00  0.00  0.00  0.00  1.00  0.00
  1960                    1.00   0.00  0.00  0.00  1.00  0.00  0.00  0.00  1.00  0.00
  1961                    1.00   0.00  0.00  0.00  1.00  0.00  0.00  0.00  1.00  0.00
  1962                    1.00   0.00  0.00  0.00  0.00  1.00  0.00  0.00  1.00  0.00
  1963                    1.00   0.00  0.00  0.00  1.00  0.00  0.00  0.00  1.00  0.00
  1964                    1.00   0.00  0.00  0.00  0.00  1.00  0.00  0.00  0.00  0.00
  1965                    1.00   0.00  0.00  0.00  0.00  1.00  0.00  0.00  0.00  0.00
  1966                    1.00   0.00  0.00  0.00  0.00  1.00  0.00  0.00  1.00  0.00
  197                     1.00   0.00  0.00  0.00  0.00  1.00  0.00  0.00  1.00  0.00
  198                     1.00   0.00  0.00  0.00  0.00  1.00  0.00  0.00  1.00  0.00
  199                     1.00   0.00  0.00  0.00  1.00  0.00  0.00  0.00  0.00  0.00
  20                      1.00   0.00  0.00  0.00  1.00  0.00  0.00  0.00  0.00  0.00
  202                     1.00   0.00  0.00  0.00  1.00  0.00  0.00  0.00  0.00  0.00
  206                     1.00   0.00  0.00  0.00  1.00  0.00  0.00  0.00  0.00  0.00
  207                     1.00   0.00  0.00  0.00  0.00  1.00  0.00  0.00  0.00  0.00
  2120                    1.00   0.00  0.00  0.00  1.00  0.00  0.00  0.00  0.00  0.00
  2121                    1.00   0.00  0.00  0.00  0.00  1.00  0.00  0.00  1.00  0.00
  2122                    1.00   0.00  0.00  0.00  0.00  1.00  0.00  0.00  1.00  0.00
  2123                    1.00   0.00  0.00  0.00  0.00  1.00  0.00  0.00  1.00  0.00
  2124                    1.00   0.00  0.00  0.00  0.00  1.00  0.00  0.00  0.00  0.00
  2125                    1.00   0.00  0.00  0.00  0.00  1.00  0.00  0.00  1.00  0.00
  2126                    1.00   0.00  0.00  0.00  0.00  1.00  0.00  0.00  0.00  0.00
  2127                    1.00   0.00  0.00  0.00  0.00  1.00  0.00  0.00  1.00  0.00
  2128                    1.00   0.00  0.00  0.00  0.00  1.00  0.00  0.00  1.00  0.00
  2168                    1.00   0.00  0.00  0.00  1.00  0.00  0.00  0.00  1.00  0.00
  2197                    1.00   0.00  0.00  0.00  1.00  0.00  0.00  0.00  0.00  0.00
  2198                    1.00   0.00  0.00  0.00  1.00  0.00  0.00  0.00  1.00  0.00
  2199                    1.00   0.00  0.00  0.00  1.00  0.00  0.00  0.00  0.00  0.00
  2200                    1.00   0.00  0.00  0.00  1.00  0.00  0.00  0.00  1.00  0.00
  2201                    1.00   0.00  0.00  0.00  1.00  0.00  0.00  0.00  1.00  0.00
  2215                    1.00   0.00  0.00  0.00  0.00  1.00  0.00  0.00  1.00  0.00
  2216                    1.00   0.00  0.00  0.00  0.00  1.00  0.00  0.00  1.00  0.00
  2217                    1.00   0.00  0.00  0.00  1.00  0.00  0.00  0.00  0.00  0.00
  2219                    1.00   0.00  0.00  0.00  0.00  0.00  0.00  1.00  0.00  0.00
  2223                    1.00   0.00  0.00  0.00  1.00  0.00  0.00  0.00  1.00  0.00
  2224                    1.00   0.00  0.00  0.00  1.00  0.00  0.00  0.00  0.00  0.00
  2225                    1.00   0.00  0.00  0.00  1.00  0.00  0.00  0.00  1.00  0.00
  2227                    1.00   0.00  0.00  0.00  1.00  0.00  0.00  0.00  1.00  0.00
  2233                    1.00   0.00  0.00  0.00  1.00  0.00  0.00  0.00  1.00  0.00
  2235                    1.00   0.00  0.00  0.00  0.00  1.00  0.00  0.00  0.00  0.00
  2236                    1.00   0.00  0.00  0.00  0.00  1.00  0.00  0.00  1.00  0.00
  2237                    1.00   0.00  0.00  0.00  0.00  1.00  0.00  0.00  0.00  0.00
  2238                    1.00   0.00  0.00  0.00  0.00  1.00  0.00  0.00  1.00  0.00
  2242                    1.00   0.00  0.00  0.00  1.00  0.00  0.00  0.00  1.00  0.00
  2243                    1.00   0.00  0.00  0.00  1.00  0.00  0.00  0.00  1.00  0.00
  2244                    1.00   0.00  0.00  0.00  1.00  0.00  0.00  0.00  1.00  0.00
  2245                    1.00   0.00  0.00  0.00  1.00  0.00  0.00  0.00  1.00  0.00
  2246                    1.00   0.00  0.00  0.00  1.00  0.00  0.00  0.00  1.00  0.00
  2248                    1.00   0.00  0.00  0.00  1.00  0.00  0.00  0.00  1.00  0.00
  2251                    1.00   0.00  0.00  0.00  1.00  0.00  0.00  0.00  1.00  0.00
  2253                    1.00   0.00  0.00  0.00  1.00  0.00  0.00  0.00  0.00  0.00
  2254                    1.00   0.00  0.00  0.00  1.00  0.00  0.00  0.00  1.00  0.00
  2255                    1.00   0.00  0.00  0.00  1.00  0.00  0.00  0.00  0.00  0.00
  2256                    1.00   0.00  0.00  0.00  1.00  0.00  0.00  0.00  1.00  0.00
  2257                    1.00   0.00  0.00  0.00  1.00  0.00  0.00  0.00  1.00  0.00
  2258                    1.00   0.00  0.00  0.00  1.00  0.00  0.00  0.00  1.00  0.00
  2259                    1.00   0.00  0.00  0.00  1.00  0.00  0.00  0.00  1.00  0.00
  2260                    1.00   0.00  0.00  0.00  1.00  0.00  0.00  0.00  1.00  0.00
  2261                    1.00   0.00  0.00  0.00  1.00  0.00  0.00  0.00  1.00  0.00
  2262                    1.00   0.00  0.00  0.00  1.00  0.00  0.00  0.00  1.00  0.00
  2263                    1.00   0.00  0.00  0.00  1.00  0.00  0.00  0.00  1.00  0.00
  2264                    1.00   0.00  0.00  0.00  1.00  0.00  0.00  0.00  1.00  0.00
  2265                    1.00   0.00  0.00  0.00  1.00  0.00  0.00  0.00  1.00  0.00
  2266                    1.00   0.00  0.00  0.00  1.00  0.00  0.00  0.00  1.00  0.00
  2267                    1.00   0.00  0.00  0.00  1.00  0.00  0.00  0.00  1.00  0.00
  2268                    1.00   0.00  0.00  0.00  1.00  0.00  0.00  0.00  1.00  0.00
  2269                    1.00   0.00  0.00  0.00  1.00  0.00  0.00  0.00  1.00  0.00
  2270                    1.00   0.00  0.00  0.00  1.00  0.00  0.00  0.00  1.00  0.00
  2271                    1.00   0.00  0.00  0.00  1.00  0.00  0.00  0.00  1.00  0.00
  2272                    1.00   0.00  0.00  0.00  1.00  0.00  0.00  0.00  1.00  0.00
  2285                    1.00   0.00  0.00  0.00  1.00  0.00  0.00  0.00  1.00  0.00
  2295                    1.00   0.00  0.00  0.00  1.00  0.00  0.00  0.00  1.00  0.00
  2296                    1.00   0.00  0.00  0.00  1.00  0.00  0.00  0.00  1.00  0.00
  2297                    1.00   0.00  0.00  0.00  1.00  0.00  0.00  0.00  1.00  0.00
  2298                    1.00   0.00  0.00  0.00  1.00  0.00  0.00  0.00  1.00  0.00
  2299                    1.00   0.00  0.00  0.00  1.00  0.00  0.00  0.00  1.00  0.00
  2300                    1.00   0.00  0.00  0.00  1.00  0.00  0.00  0.00  1.00  0.00
  2301                    1.00   0.00  0.00  0.00  1.00  0.00  0.00  0.00  0.00  0.00
  2302                    1.00   0.00  0.00  0.00  1.00  0.00  0.00  0.00  1.00  0.00
  2303                    1.00   0.00  0.00  0.00  1.00  0.00  0.00  0.00  1.00  0.00
  2304                    1.00   0.00  0.00  0.00  1.00  0.00  0.00  0.00  0.00  0.00
  2308                    1.00   0.00  0.00  0.00  1.00  0.00  0.00  0.00  0.00  0.00
  2309                    1.00   0.00  0.00  0.00  1.00  0.00  0.00  0.00  1.00  0.00
  2310                    1.00   0.00  0.00  0.00  1.00  0.00  0.00  0.00  0.00  0.00
  2311                    1.00   0.00  0.00  0.00  1.00  0.00  0.00  0.00  1.00  0.00
  2316                    1.00   0.00  0.00  0.00  1.00  0.00  0.00  0.00  0.00  0.00
  2317                    1.00   0.00  0.00  0.00  1.00  0.00  0.00  0.00  0.00  0.00
  2318                    1.00   0.00  0.00  0.00  1.00  0.00  0.00  0.00  0.00  0.00
  2321                    1.00   0.00  0.00  0.00  1.00  0.00  0.00  0.00  0.00  0.00
  2323                    1.00   0.00  0.00  0.00  1.00  0.00  0.00  0.00  0.00  0.00
  2324                    1.00   0.00  0.00  0.00  1.00  0.00  0.00  0.00  1.00  0.00
  2325                    1.00   0.00  0.00  0.00  1.00  0.00  0.00  0.00  0.00  0.00
  2326                    1.00   0.00  0.00  0.00  1.00  0.00  0.00  0.00  1.00  0.00
  2327                    1.00   0.00  0.00  0.00  1.00  0.00  0.00  0.00  0.00  0.00
  2328                    1.00   0.00  0.00  0.00  1.00  0.00  0.00  0.00  0.00  0.00
  2329                    1.00   0.00  0.00  0.00  1.00  0.00  0.00  0.00  0.00  0.00
  2330                    1.00   0.00  0.00  0.00  1.00  0.00  0.00  0.00  0.00  0.00
  2331                    1.00   0.00  0.00  0.00  1.00  0.00  0.00  0.00  0.00  0.00
  2332                    1.00   0.00  0.00  0.00  1.00  0.00  0.00  0.00  0.00  0.00
  2333                    1.00   0.00  0.00  0.00  1.00  0.00  0.00  0.00  0.00  0.00
  2334                    1.00   0.00  0.00  0.00  1.00  0.00  0.00  0.00  0.00  0.00
  2335                    1.00   0.00  0.00  0.00  1.00  0.00  0.00  0.00  1.00  0.00
  2336                    1.00   0.00  0.00  0.00  1.00  0.00  0.00  0.00  0.00  0.00
  2337                    1.00   0.00  0.00  0.00  1.00  0.00  0.00  0.00  0.00  0.00
  2340                    1.00   0.00  0.00  0.00  1.00  0.00  0.00  0.00  1.00  0.00
  2341                    1.00   0.00  0.00  0.00  1.00  0.00  0.00  0.00  0.00  0.00
  2342                    1.00   0.00  0.00  0.00  1.00  0.00  0.00  0.00  1.00  0.00
  2343                    1.00   0.00  0.00  0.00  1.00  0.00  0.00  0.00  0.00  0.00
  2344                    1.00   0.00  0.00  0.00  1.00  0.00  0.00  0.00  1.00  0.00
  2350                    1.00   0.00  0.00  0.00  1.00  0.00  0.00  0.00  1.00  0.00
  2351                    1.00   0.00  0.00  0.00  1.00  0.00  0.00  0.00  1.00  0.00
  2352                    1.00   0.00  0.00  0.00  1.00  0.00  0.00  0.00  1.00  0.00
  2353                    1.00   0.00  0.00  0.00  1.00  0.00  0.00  0.00  0.00  0.00
  2377                    1.00   0.00  0.00  0.00  1.00  0.00  0.00  0.00  1.00  0.00
  2378                    1.00   0.00  0.00  0.00  1.00  0.00  0.00  0.00  1.00  0.00
  2379                    1.00   0.00  0.00  0.00  1.00  0.00  0.00  0.00  0.00  0.00
  2380                    1.00   0.00  0.00  0.00  1.00  0.00  0.00  0.00  0.00  0.00
  2434                    1.00   0.00  0.00  0.00  1.00  0.00  0.00  0.00  0.00  0.00
  2438                    1.00   0.00  0.00  0.00  0.00  1.00  0.00  0.00  0.00  0.00
  2439                    1.00   0.00  0.00  0.00  0.00  1.00  0.00  0.00  0.00  0.00
  2440                    1.00   0.00  0.00  0.00  0.00  1.00  0.00  0.00  1.00  0.00
  2441                    1.00   0.00  0.00  0.00  1.00  0.00  0.00  0.00  1.00  0.00
  2444                    1.00   0.00  0.00  0.00  0.00  1.00  0.00  0.00  1.00  0.00
  2445                    1.00   0.00  0.00  0.00  0.00  1.00  0.00  0.00  0.00  0.00
  2446                    1.00   0.00  0.00  0.00  0.00  1.00  0.00  0.00  1.00  0.00
  2447                    1.00   0.00  0.00  0.00  1.00  0.00  0.00  0.00  1.00  0.00
  2448                    1.00   0.00  0.00  0.00  1.00  0.00  0.00  0.00  0.00  0.00
  2449                    1.00   0.00  0.00  0.00  1.00  0.00  0.00  0.00  1.00  0.00
  2450                    1.00   0.00  0.00  0.00  1.00  0.00  0.00  0.00  0.00  0.00
  2451                    1.00   0.00  0.00  0.00  1.00  0.00  0.00  0.00  1.00  0.00
  2455                    1.00   0.00  0.00  0.00  1.00  0.00  0.00  0.00  0.00  0.00
  2456                    1.00   0.00  0.00  0.00  0.00  1.00  0.00  0.00  1.00  0.00
  2530                    1.00   0.00  0.00  0.00  1.00  0.00  0.00  0.00  1.00  0.00
  2531                    1.00   0.00  0.00  0.00  1.00  0.00  0.00  0.00  1.00  0.00
  2547                    1.00   0.00  0.00  0.00  1.00  0.00  0.00  0.00  1.00  0.00
  2548                    1.00   0.00  0.00  0.00  1.00  0.00  0.00  0.00  1.00  0.00
  2549                    1.00   0.00  0.00  0.00  1.00  0.00  0.00  0.00  1.00  0.00
  2550                    1.00   0.00  0.00  0.00  1.00  0.00  0.00  0.00  1.00  0.00
  2551                    1.00   0.00  0.00  0.00  1.00  0.00  0.00  0.00  1.00  0.00
  2552                    1.00   0.00  0.00  0.00  0.00  1.00  0.00  0.00  0.00  0.00
  2558                    1.00   0.00  0.00  0.00  0.00  1.00  0.00  0.00  1.00  0.00
  2559                    1.00   0.00  0.00  0.00  1.00  0.00  0.00  0.00  0.00  0.00
  2560                    1.00   0.00  0.00  0.00  1.00  0.00  0.00  0.00  1.00  0.00
  2561                    1.00   0.00  0.00  0.00  0.00  0.00  0.00  1.00  0.00  0.00
  2562                    1.00   0.00  0.00  0.00  1.00  0.00  0.00  0.00  1.00  0.00
  2563                    1.00   0.00  0.00  0.00  0.00  1.00  0.00  0.00  0.00  0.00
  2564                    1.00   0.00  0.00  0.00  1.00  0.00  0.00  0.00  1.00  0.00
  2565                    1.00   0.00  0.00  0.00  1.00  0.00  0.00  0.00  1.00  0.00
  2566                    1.00   0.00  0.00  0.00  1.00  0.00  0.00  0.00  0.00  0.00
  2567                    1.00   0.00  0.00  0.00  1.00  0.00  0.00  0.00  1.00  0.00
  2568                    1.00   0.00  0.00  0.00  1.00  0.00  0.00  0.00  1.00  0.00
  2569                    1.00   0.00  0.00  0.00  1.00  0.00  0.00  0.00  0.00  0.00
  2613                    1.00   0.00  0.00  0.00  1.00  0.00  0.00  0.00  1.00  0.00
  2614                    1.00   0.00  0.00  0.00  1.00  0.00  0.00  0.00  0.00  0.00
  2615                    1.00   0.00  0.00  0.00  1.00  0.00  0.00  0.00  0.00  0.00
  2616                    1.00   0.00  0.00  0.00  1.00  0.00  0.00  0.00  0.00  0.00
  2617                    1.00   0.00  0.00  0.00  1.00  0.00  0.00  0.00  1.00  0.00
  2618                    1.00   0.00  0.00  0.00  1.00  0.00  0.00  0.00  1.00  0.00
  2625                    1.00   0.00  0.00  0.00  1.00  0.00  0.00  0.00  0.00  0.00
  2626                    1.00   0.00  0.00  0.00  1.00  0.00  0.00  0.00  1.00  0.00
  2627                    1.00   0.00  0.00  0.00  1.00  0.00  0.00  0.00  0.00  0.00
  2630                    1.00   0.00  0.00  0.00  1.00  0.00  0.00  0.00  1.00  0.00
  2642                    1.00   0.00  0.00  0.00  1.00  0.00  0.00  0.00  1.00  0.00
  2673                    1.00   0.00  0.00  0.00  1.00  0.00  0.00  0.00  1.00  0.00
  2674                    1.00   0.00  0.00  0.00  1.00  0.00  0.00  0.00  1.00  0.00
  2675                    1.00   0.00  0.00  0.00  1.00  0.00  0.00  0.00  1.00  0.00
  2676                    1.00   0.00  0.00  0.00  1.00  0.00  0.00  0.00  0.00  0.00
  2677                    1.00   0.00  0.00  0.00  1.00  0.00  0.00  0.00  1.00  0.00
  2678                    1.00   0.00  0.00  0.00  1.00  0.00  0.00  0.00  1.00  0.00
  2679                    1.00   0.00  0.00  0.00  1.00  0.00  0.00  0.00  0.00  0.00
  2680                    1.00   0.00  0.00  0.00  1.00  0.00  0.00  0.00  1.00  0.00
  2681                    1.00   0.00  0.00  0.00  1.00  0.00  0.00  0.00  1.00  0.00
  2692                    1.00   0.00  0.00  0.00  1.00  0.00  0.00  0.00  1.00  0.00
  2703                    1.00   0.00  0.00  0.00  1.00  0.00  0.00  0.00  1.00  0.00
  2704                    1.00   0.00  0.00  0.00  1.00  0.00  0.00  0.00  1.00  0.00
  2709                    1.00   0.00  0.00  0.00  1.00  0.00  0.00  0.00  1.00  0.00
  271                     1.00   0.00  0.00  0.00  1.00  0.00  0.00  0.00  1.00  0.00
  2710                    1.00   0.00  0.00  0.00  1.00  0.00  0.00  0.00  1.00  0.00
  2712                    1.00   0.00  0.00  0.00  1.00  0.00  0.00  0.00  1.00  0.00
  2715                    1.00   0.00  0.00  0.00  1.00  0.00  0.00  0.00  1.00  0.00
  2716                    1.00   0.00  0.00  0.00  1.00  0.00  0.00  0.00  0.00  0.00
  272                     1.00   0.00  0.00  0.00  1.00  0.00  0.00  0.00  1.00  0.00
  2723                    1.00   0.00  0.00  0.00  1.00  0.00  0.00  0.00  1.00  0.00
  2724                    1.00   0.00  0.00  0.00  1.00  0.00  0.00  0.00  1.00  0.00
  2725                    1.00   0.00  0.00  0.00  1.00  0.00  0.00  0.00  1.00  0.00
  2726                    1.00   0.00  0.00  0.00  1.00  0.00  0.00  0.00  1.00  0.00
  2727                    1.00   0.00  0.00  0.00  1.00  0.00  0.00  0.00  1.00  0.00
  2728                    1.00   0.00  0.00  0.00  1.00  0.00  0.00  0.00  1.00  0.00
  2729                    1.00   0.00  0.00  0.00  1.00  0.00  0.00  0.00  1.00  0.00
  273                     1.00   0.00  0.00  0.00  1.00  0.00  0.00  0.00  1.00  0.00
  2730                    1.00   0.00  0.00  0.00  1.00  0.00  0.00  0.00  1.00  0.00
  2731                    1.00   0.00  0.00  0.00  1.00  0.00  0.00  0.00  0.00  0.00
  2737                    1.00   0.00  0.00  0.00  1.00  0.00  0.00  0.00  0.00  0.00
  2738                    1.00   0.00  0.00  0.00  0.00  1.00  0.00  0.00  1.00  0.00
  2739                    1.00   0.00  0.00  0.00  0.00  1.00  0.00  0.00  1.00  0.00
  274                     1.00   0.00  0.00  0.00  1.00  0.00  0.00  0.00  1.00  0.00
  2740                    1.00   0.00  0.00  0.00  1.00  0.00  0.00  0.00  1.00  0.00
  2741                    1.00   0.00  0.00  0.00  1.00  0.00  0.00  0.00  1.00  0.00
  2746                    1.00   0.00  0.00  0.00  1.00  0.00  0.00  0.00  1.00  0.00
  2747                    1.00   0.00  0.00  0.00  0.00  1.00  0.00  0.00  0.00  0.00
  2748                    1.00   0.00  0.00  0.00  0.00  1.00  0.00  0.00  1.00  0.00
  2749                    1.00   0.00  0.00  0.00  1.00  0.00  0.00  0.00  1.00  0.00
  275                     1.00   0.00  0.00  0.00  0.00  1.00  0.00  0.00  0.00  0.00
  2750                    1.00   0.00  0.00  0.00  1.00  0.00  0.00  0.00  0.00  0.00
  276                     1.00   0.00  0.00  0.00  1.00  0.00  0.00  0.00  1.00  0.00
  277                     1.00   0.00  0.00  0.00  1.00  0.00  0.00  0.00  1.00  0.00
  2771                    1.00   0.00  0.00  0.00  1.00  0.00  0.00  0.00  1.00  0.00
  2772                    1.00   0.00  0.00  0.00  1.00  0.00  0.00  0.00  0.00  0.00
  2773                    1.00   0.00  0.00  0.00  1.00  0.00  0.00  0.00  1.00  0.00
  2774                    1.00   0.00  0.00  0.00  1.00  0.00  0.00  0.00  1.00  0.00
  2775                    1.00   0.00  0.00  0.00  1.00  0.00  0.00  0.00  1.00  0.00
  2776                    1.00   0.00  0.00  0.00  1.00  0.00  0.00  0.00  0.00  0.00
  2777                    1.00   0.00  0.00  0.00  1.00  0.00  0.00  0.00  1.00  0.00
  2778                    1.00   0.00  0.00  0.00  1.00  0.00  0.00  0.00  0.00  0.00
  278                     1.00   0.00  0.00  0.00  0.00  1.00  0.00  0.00  0.00  0.00
  28                      1.00   0.00  0.00  0.00  1.00  0.00  0.00  0.00  1.00  0.00
  280                     1.00   0.00  0.00  0.00  1.00  0.00  0.00  0.00  1.00  0.00
  2801                    1.00   0.00  0.00  0.00  1.00  0.00  0.00  0.00  0.00  0.00
  2802                    1.00   0.00  0.00  0.00  1.00  0.00  0.00  0.00  0.00  0.00
  281                     1.00   0.00  0.00  0.00  1.00  0.00  0.00  0.00  1.00  0.00
  282                     1.00   0.00  0.00  0.00  1.00  0.00  0.00  0.00  1.00  0.00
  283                     1.00   0.00  0.00  0.00  0.00  1.00  0.00  0.00  1.00  0.00
  2833                    1.00   0.00  0.00  0.00  0.00  1.00  0.00  0.00  1.00  0.00
  2834                    1.00   0.00  0.00  0.00  0.00  1.00  0.00  0.00  0.00  0.00
  2835                    1.00   0.00  0.00  0.00  0.00  1.00  0.00  0.00  0.00  0.00
  2836                    1.00   0.00  0.00  0.00  0.00  1.00  0.00  0.00  1.00  0.00
  284                     1.00   0.00  0.00  0.00  1.00  0.00  0.00  0.00  0.00  0.00
  285                     1.00   0.00  0.00  0.00  0.00  1.00  0.00  0.00  0.00  0.00
  2858                    1.00   0.00  0.00  0.00  1.00  0.00  0.00  0.00  1.00  0.00
  2859                    1.00   0.00  0.00  0.00  1.00  0.00  0.00  0.00  1.00  0.00
  286                     1.00   0.00  0.00  0.00  0.00  1.00  0.00  0.00  0.00  0.00
  2860                    1.00   0.00  0.00  0.00  1.00  0.00  0.00  0.00  1.00  0.00
  287                     1.00   0.00  0.00  0.00  0.00  1.00  0.00  0.00  1.00  0.00
  288                     1.00   0.00  0.00  0.00  1.00  0.00  0.00  0.00  1.00  0.00
  2886                    1.00   0.00  0.00  0.00  0.00  1.00  0.00  0.00  0.00  0.00
  2887                    1.00   0.00  0.00  0.00  0.00  1.00  0.00  0.00  1.00  0.00
  2888                    1.00   0.00  0.00  0.00  0.00  1.00  0.00  0.00  1.00  0.00
  2889                    1.00   0.00  0.00  0.00  0.00  1.00  0.00  0.00  1.00  0.00
  289                     1.00   0.00  0.00  0.00  1.00  0.00  0.00  0.00  0.00  0.00
  2890                    1.00   0.00  0.00  0.00  0.00  1.00  0.00  0.00  1.00  0.00
  2891                    1.00   0.00  0.00  0.00  1.00  0.00  0.00  0.00  0.00  0.00
  2892                    1.00   0.00  0.00  0.00  0.00  1.00  0.00  0.00  0.00  0.00
  2893                    1.00   0.00  0.00  0.00  1.00  0.00  0.00  0.00  1.00  0.00
  2894                    1.00   0.00  0.00  0.00  1.00  0.00  0.00  0.00  1.00  0.00
  2895                    1.00   0.00  0.00  0.00  1.00  0.00  0.00  0.00  0.00  0.00
  2896                    1.00   0.00  0.00  0.00  1.00  0.00  0.00  0.00  1.00  0.00
  2897                    1.00   0.00  0.00  0.00  1.00  0.00  0.00  0.00  0.00  0.00
  29                      1.00   0.00  0.00  0.00  1.00  0.00  0.00  0.00  1.00  0.00
  290                     1.00   0.00  0.00  0.00  1.00  0.00  0.00  0.00  1.00  0.00
  2934                    1.00   0.00  0.00  0.00  0.00  1.00  0.00  0.00  1.00  0.00
  2935                    1.00   0.00  0.00  0.00  0.00  1.00  0.00  0.00  0.00  0.00
  2936                    1.00   0.00  0.00  0.00  0.00  1.00  0.00  0.00  1.00  0.00
  2937                    1.00   0.00  0.00  0.00  0.00  1.00  0.00  0.00  1.00  0.00
  2938                    1.00   0.00  0.00  0.00  0.00  1.00  0.00  0.00  1.00  0.00
  2939                    1.00   0.00  0.00  0.00  0.00  1.00  0.00  0.00  0.00  0.00
  2983                    1.00   0.00  0.00  0.00  0.00  1.00  0.00  0.00  1.00  0.00
  2984                    1.00   0.00  0.00  0.00  0.00  1.00  0.00  0.00  1.00  0.00
  2985                    1.00   0.00  0.00  0.00  0.00  1.00  0.00  0.00  1.00  0.00
  2986                    1.00   0.00  0.00  0.00  0.00  1.00  0.00  0.00  1.00  0.00
  2987                    1.00   0.00  0.00  0.00  1.00  0.00  0.00  0.00  1.00  0.00
  3017                    1.00   0.00  0.00  0.00  1.00  0.00  0.00  0.00  1.00  0.00
  3018                    1.00   0.00  0.00  0.00  1.00  0.00  0.00  0.00  1.00  0.00
  3019                    1.00   0.00  0.00  0.00  1.00  0.00  0.00  0.00  1.00  0.00
  302                     1.00   0.00  0.00  0.00  1.00  0.00  0.00  0.00  0.00  0.00
  3020                    1.00   0.00  0.00  0.00  1.00  0.00  0.00  0.00  1.00  0.00
  3021                    1.00   0.00  0.00  0.00  1.00  0.00  0.00  0.00  1.00  0.00
  3022                    1.00   0.00  0.00  0.00  1.00  0.00  0.00  0.00  1.00  0.00
  3023                    1.00   0.00  0.00  0.00  0.00  1.00  0.00  0.00  0.00  0.00
  3024                    1.00   0.00  0.00  0.00  1.00  0.00  0.00  0.00  1.00  0.00
  3027                    1.00   0.00  0.00  0.00  0.00  1.00  0.00  0.00  1.00  0.00
  3029                    1.00   0.00  0.00  0.00  0.00  1.00  0.00  0.00  1.00  0.00
  3030                    1.00   0.00  0.00  0.00  0.00  1.00  0.00  0.00  0.00  0.00
  3031                    1.00   0.00  0.00  0.00  0.00  1.00  0.00  0.00  1.00  0.00
  3032                    1.00   0.00  0.00  0.00  0.00  1.00  0.00  0.00  0.00  0.00
  3033                    1.00   0.00  0.00  0.00  1.00  0.00  0.00  0.00  0.00  0.00
  3034                    1.00   0.00  0.00  0.00  1.00  0.00  0.00  0.00  1.00  0.00
  3035                    1.00   0.00  0.00  0.00  1.00  0.00  0.00  0.00  1.00  0.00
  3036                    1.00   0.00  0.00  0.00  1.00  0.00  0.00  0.00  1.00  0.00
  3037                    1.00   0.00  0.00  0.00  1.00  0.00  0.00  0.00  1.00  0.00
  3046                    1.00   0.00  0.00  0.00  0.00  1.00  0.00  0.00  0.00  0.00
  3055                    1.00   0.00  0.00  0.00  1.00  0.00  0.00  0.00  1.00  0.00
  3056                    1.00   0.00  0.00  0.00  1.00  0.00  0.00  0.00  1.00  0.00
  3057                    1.00   0.00  0.00  0.00  1.00  0.00  0.00  0.00  1.00  0.00
  3058                    1.00   0.00  0.00  0.00  1.00  0.00  0.00  0.00  0.00  0.00
  3075                    1.00   0.00  0.00  0.00  1.00  0.00  0.00  0.00  1.00  0.00
  3076                    1.00   0.00  0.00  0.00  1.00  0.00  0.00  0.00  0.00  0.00
  3079                    1.00   0.00  0.00  0.00  1.00  0.00  0.00  0.00  1.00  0.00
  3096                    1.00   0.00  0.00  0.00  1.00  0.00  0.00  0.00  1.00  0.00
  3097                    1.00   0.00  0.00  0.00  1.00  0.00  0.00  0.00  1.00  0.00
  3102                    1.00   0.00  0.00  0.00  1.00  0.00  0.00  0.00  1.00  0.00
  3103                    1.00   0.00  0.00  0.00  1.00  0.00  0.00  0.00  0.00  0.00
  3104                    1.00   0.00  0.00  0.00  0.00  1.00  0.00  0.00  1.00  0.00
  3105                    1.00   0.00  0.00  0.00  1.00  0.00  0.00  0.00  1.00  0.00
  3106                    1.00   0.00  0.00  0.00  1.00  0.00  0.00  0.00  1.00  0.00
  3107                    1.00   0.00  0.00  0.00  1.00  0.00  0.00  0.00  0.00  0.00
  3108                    1.00   0.00  0.00  0.00  1.00  0.00  0.00  0.00  0.00  0.00
  3110                    1.00   0.00  0.00  0.00  1.00  0.00  0.00  0.00  1.00  0.00
  3111                    1.00   0.00  0.00  0.00  1.00  0.00  0.00  0.00  1.00  0.00
  3112                    1.00   0.00  0.00  0.00  1.00  0.00  0.00  0.00  1.00  0.00
  3113                    1.00   0.00  0.00  0.00  1.00  0.00  0.00  0.00  0.00  0.00
  3114                    1.00   0.00  0.00  0.00  1.00  0.00  0.00  0.00  1.00  0.00
  3115                    1.00   0.00  0.00  0.00  1.00  0.00  0.00  0.00  0.00  0.00
  3116                    1.00   0.00  0.00  0.00  1.00  0.00  0.00  0.00  1.00  0.00
  3117                    1.00   0.00  0.00  0.00  1.00  0.00  0.00  0.00  0.00  0.00
  3120                    1.00   0.00  0.00  0.00  1.00  0.00  0.00  0.00  1.00  0.00
  3121                    1.00   0.00  0.00  0.00  1.00  0.00  0.00  0.00  1.00  0.00
  3122                    1.00   0.00  0.00  0.00  1.00  0.00  0.00  0.00  1.00  0.00
  313                     1.00   0.00  0.00  0.00  0.00  1.00  0.00  0.00  0.00  0.00
  3134                    1.00   0.00  0.00  0.00  1.00  0.00  0.00  0.00  1.00  0.00
  3143                    1.00   0.00  0.00  0.00  1.00  0.00  0.00  0.00  0.00  0.00
  3190                    1.00   0.00  0.00  0.00  1.00  0.00  0.00  0.00  1.00  0.00
  3191                    1.00   0.00  0.00  0.00  1.00  0.00  0.00  0.00  1.00  0.00
  3192                    1.00   0.00  0.00  0.00  1.00  0.00  0.00  0.00  1.00  0.00
  3195                    1.00   0.00  0.00  0.00  1.00  0.00  0.00  0.00  1.00  0.00
  3196                    1.00   0.00  0.00  0.00  1.00  0.00  0.00  0.00  1.00  0.00
  3197                    1.00   0.00  0.00  0.00  1.00  0.00  0.00  0.00  1.00  0.00
  3198                    1.00   0.00  0.00  0.00  1.00  0.00  0.00  0.00  1.00  0.00
  3199                    1.00   0.00  0.00  0.00  1.00  0.00  0.00  0.00  1.00  0.00
  3200                    1.00   0.00  0.00  0.00  1.00  0.00  0.00  0.00  1.00  0.00
  3201                    1.00   0.00  0.00  0.00  1.00  0.00  0.00  0.00  1.00  0.00
  3202                    1.00   0.00  0.00  0.00  1.00  0.00  0.00  0.00  1.00  0.00
  3203                    1.00   0.00  0.00  0.00  1.00  0.00  0.00  0.00  1.00  0.00
  3204                    1.00   0.00  0.00  0.00  1.00  0.00  0.00  0.00  1.00  0.00
  3212                    1.00   0.00  0.00  0.00  1.00  0.00  0.00  0.00  1.00  0.00
  3214                    1.00   0.00  0.00  0.00  0.00  1.00  0.00  0.00  0.00  0.00
  3215                    1.00   0.00  0.00  0.00  1.00  0.00  0.00  0.00  0.00  0.00
  3216                    1.00   0.00  0.00  0.00  1.00  0.00  0.00  0.00  1.00  0.00
  3223                    1.00   0.00  0.00  0.00  1.00  0.00  0.00  0.00  1.00  0.00
  3225                    1.00   0.00  0.00  0.00  1.00  0.00  0.00  0.00  0.00  0.00
  3226                    1.00   0.00  0.00  0.00  1.00  0.00  0.00  0.00  0.00  0.00
  3227                    1.00   0.00  0.00  0.00  1.00  0.00  0.00  0.00  0.00  0.00
  3228                    1.00   0.00  0.00  0.00  1.00  0.00  0.00  0.00  1.00  0.00
  3229                    1.00   0.00  0.00  0.00  1.00  0.00  0.00  0.00  1.00  0.00
  3231                    1.00   0.00  0.00  0.00  1.00  0.00  0.00  0.00  0.00  0.00
  3232                    1.00   0.00  0.00  0.00  1.00  0.00  0.00  0.00  1.00  0.00
  3235                    1.00   0.00  0.00  0.00  1.00  0.00  0.00  0.00  0.00  0.00
  3236                    1.00   0.00  0.00  0.00  1.00  0.00  0.00  0.00  0.00  0.00
  3237                    1.00   0.00  0.00  0.00  1.00  0.00  0.00  0.00  0.00  0.00
  3238                    1.00   0.00  0.00  0.00  1.00  0.00  0.00  0.00  0.00  0.00
  3239                    1.00   0.00  0.00  0.00  1.00  0.00  0.00  0.00  0.00  0.00
  324                     1.00   0.00  0.00  0.00  0.00  1.00  0.00  0.00  1.00  0.00
  3240                    1.00   0.00  0.00  0.00  0.00  1.00  0.00  0.00  0.00  0.00
  3241                    1.00   0.00  0.00  0.00  1.00  0.00  0.00  0.00  0.00  0.00
  3242                    1.00   0.00  0.00  0.00  1.00  0.00  0.00  0.00  1.00  0.00
  3243                    1.00   0.00  0.00  0.00  1.00  0.00  0.00  0.00  0.00  0.00
  3244                    1.00   0.00  0.00  0.00  0.00  1.00  0.00  0.00  0.00  0.00
  3245                    1.00   0.00  0.00  0.00  1.00  0.00  0.00  0.00  1.00  0.00
  3246                    1.00   0.00  0.00  0.00  1.00  0.00  0.00  0.00  1.00  0.00
  3247                    1.00   0.00  0.00  0.00  1.00  0.00  0.00  0.00  1.00  0.00
  3248                    1.00   0.00  0.00  0.00  0.00  1.00  0.00  0.00  0.00  0.00
  3249                    1.00   0.00  0.00  0.00  1.00  0.00  0.00  0.00  1.00  0.00
  3250                    1.00   0.00  0.00  0.00  1.00  0.00  0.00  0.00  0.00  0.00
  3251                    1.00   0.00  0.00  0.00  1.00  0.00  0.00  0.00  1.00  0.00
  3252                    1.00   0.00  0.00  0.00  0.00  1.00  0.00  0.00  0.00  0.00
  3253                    1.00   0.00  0.00  0.00  1.00  0.00  0.00  0.00  0.00  0.00
  3254                    1.00   0.00  0.00  0.00  1.00  0.00  0.00  0.00  1.00  0.00
  3255                    1.00   0.00  0.00  0.00  1.00  0.00  0.00  0.00  1.00  0.00
  3256                    1.00   0.00  0.00  0.00  1.00  0.00  0.00  0.00  1.00  0.00
  3257                    1.00   0.00  0.00  0.00  1.00  0.00  0.00  0.00  1.00  0.00
  3258                    1.00   0.00  0.00  0.00  1.00  0.00  0.00  0.00  1.00  0.00
  3259                    1.00   0.00  0.00  0.00  1.00  0.00  0.00  0.00  1.00  0.00
  3260                    1.00   0.00  0.00  0.00  1.00  0.00  0.00  0.00  1.00  0.00
  3261                    1.00   0.00  0.00  0.00  1.00  0.00  0.00  0.00  1.00  0.00
  3262                    1.00   0.00  0.00  0.00  1.00  0.00  0.00  0.00  0.00  0.00
  3263                    1.00   0.00  0.00  0.00  1.00  0.00  0.00  0.00  1.00  0.00
  3264                    1.00   0.00  0.00  0.00  1.00  0.00  0.00  0.00  0.00  0.00
  3269                    1.00   0.00  0.00  0.00  1.00  0.00  0.00  0.00  1.00  0.00
  3270                    1.00   0.00  0.00  0.00  1.00  0.00  0.00  0.00  1.00  0.00
  3275                    1.00   0.00  0.00  0.00  1.00  0.00  0.00  0.00  0.00  0.00
  3288                    1.00   0.00  0.00  0.00  0.00  1.00  0.00  0.00  1.00  0.00
  3291                    1.00   0.00  0.00  0.00  0.00  1.00  0.00  0.00  1.00  0.00
  3292                    1.00   0.00  0.00  0.00  0.00  1.00  0.00  0.00  0.00  0.00
  3293                    1.00   0.00  0.00  0.00  0.00  1.00  0.00  0.00  1.00  0.00
  3294                    1.00   0.00  0.00  0.00  0.00  1.00  0.00  0.00  1.00  0.00
  3295                    1.00   0.00  0.00  0.00  0.00  1.00  0.00  0.00  1.00  0.00
  3296                    1.00   0.00  0.00  0.00  0.00  1.00  0.00  0.00  1.00  0.00
  3297                    1.00   0.00  0.00  0.00  1.00  0.00  0.00  0.00  0.00  0.00
  3298                    1.00   0.00  0.00  0.00  1.00  0.00  0.00  0.00  1.00  0.00
  3299                    1.00   0.00  0.00  0.00  1.00  0.00  0.00  0.00  1.00  0.00
  3300                    1.00   0.00  0.00  0.00  1.00  0.00  0.00  0.00  1.00  0.00
  3301                    1.00   0.00  0.00  0.00  1.00  0.00  0.00  0.00  1.00  0.00
  3310                    1.00   0.00  0.00  0.00  1.00  0.00  0.00  0.00  1.00  0.00
  3311                    1.00   0.00  0.00  0.00  0.00  1.00  0.00  0.00  0.00  0.00
  3312                    1.00   0.00  0.00  0.00  0.00  1.00  0.00  0.00  1.00  0.00
  3318                    1.00   0.00  0.00  0.00  0.00  1.00  0.00  0.00  0.00  0.00
  3319                    1.00   0.00  0.00  0.00  0.00  1.00  0.00  0.00  1.00  0.00
  3320                    1.00   0.00  0.00  0.00  0.00  1.00  0.00  0.00  1.00  0.00
  334                     1.00   0.00  0.00  0.00  1.00  0.00  0.00  0.00  0.00  0.00
  3355                    1.00   0.00  0.00  0.00  1.00  0.00  0.00  0.00  1.00  0.00
  3356                    1.00   0.00  0.00  0.00  0.00  1.00  0.00  0.00  1.00  0.00
  3431                    1.00   0.00  0.00  0.00  1.00  0.00  0.00  0.00  1.00  0.00
  3432                    1.00   0.00  0.00  0.00  1.00  0.00  0.00  0.00  1.00  0.00
  3433                    1.00   0.00  0.00  0.00  1.00  0.00  0.00  0.00  1.00  0.00
  3434                    1.00   0.00  0.00  0.00  0.00  1.00  0.00  0.00  0.00  0.00
  3437                    1.00   0.00  0.00  0.00  0.00  1.00  0.00  0.00  1.00  0.00
  3438                    1.00   0.00  0.00  0.00  0.00  1.00  0.00  0.00  1.00  0.00
  3439                    1.00   0.00  0.00  0.00  0.00  1.00  0.00  0.00  0.00  0.00
  3440                    1.00   0.00  0.00  0.00  0.00  1.00  0.00  0.00  1.00  0.00
  3441                    1.00   0.00  0.00  0.00  1.00  0.00  0.00  0.00  1.00  0.00
  3442                    1.00   0.00  0.00  0.00  0.00  1.00  0.00  0.00  0.00  0.00
  3443                    1.00   0.00  0.00  0.00  1.00  0.00  0.00  0.00  1.00  0.00
  3449                    1.00   0.00  0.00  0.00  1.00  0.00  0.00  0.00  0.00  0.00
  3450                    1.00   0.00  0.00  0.00  1.00  0.00  0.00  0.00  1.00  0.00
  3451                    1.00   0.00  0.00  0.00  1.00  0.00  0.00  0.00  1.00  0.00
  3452                    1.00   0.00  0.00  0.00  1.00  0.00  0.00  0.00  1.00  0.00
  3453                    1.00   0.00  0.00  0.00  1.00  0.00  0.00  0.00  0.00  0.00
  3454                    1.00   0.00  0.00  0.00  1.00  0.00  0.00  0.00  0.00  0.00
  3455                    1.00   0.00  0.00  0.00  1.00  0.00  0.00  0.00  1.00  0.00
  3456                    1.00   0.00  0.00  0.00  1.00  0.00  0.00  0.00  0.00  0.00
  3457                    1.00   0.00  0.00  0.00  1.00  0.00  0.00  0.00  1.00  0.00
  3458                    1.00   0.00  0.00  0.00  1.00  0.00  0.00  0.00  1.00  0.00
  3459                    1.00   0.00  0.00  0.00  1.00  0.00  0.00  0.00  1.00  0.00
  346                     1.00   0.00  0.00  0.00  1.00  0.00  0.00  0.00  1.00  0.00
  3460                    1.00   0.00  0.00  0.00  1.00  0.00  0.00  0.00  0.00  0.00
  3461                    1.00   0.00  0.00  0.00  1.00  0.00  0.00  0.00  1.00  0.00
  3462                    1.00   0.00  0.00  0.00  1.00  0.00  0.00  0.00  1.00  0.00
  347                     1.00   0.00  0.00  0.00  1.00  0.00  0.00  0.00  0.00  0.00
  3472                    1.00   0.00  0.00  0.00  1.00  0.00  0.00  0.00  0.00  0.00
  3473                    1.00   0.00  0.00  0.00  0.00  1.00  0.00  0.00  0.00  0.00
  3474                    1.00   0.00  0.00  0.00  0.00  1.00  0.00  0.00  1.00  0.00
  3475                    1.00   0.00  0.00  0.00  0.00  1.00  0.00  0.00  0.00  0.00
  3476                    1.00   0.00  0.00  0.00  1.00  0.00  0.00  0.00  1.00  0.00
  3477                    1.00   0.00  0.00  0.00  1.00  0.00  0.00  0.00  1.00  0.00
  348                     1.00   0.00  0.00  0.00  1.00  0.00  0.00  0.00  1.00  0.00
  3483                    1.00   0.00  0.00  0.00  0.00  1.00  0.00  0.00  0.00  0.00
  3484                    1.00   0.00  0.00  0.00  0.00  1.00  0.00  0.00  1.00  0.00
  3485                    1.00   0.00  0.00  0.00  0.00  1.00  0.00  0.00  1.00  0.00
  3486                    1.00   0.00  0.00  0.00  0.00  1.00  0.00  0.00  0.00  0.00
  3487                    1.00   0.00  0.00  0.00  0.00  1.00  0.00  0.00  1.00  0.00
  3488                    1.00   0.00  0.00  0.00  1.00  0.00  0.00  0.00  1.00  0.00
  349                     1.00   0.00  0.00  0.00  1.00  0.00  0.00  0.00  0.00  0.00
  3509                    1.00   0.00  0.00  0.00  0.00  1.00  0.00  0.00  1.00  0.00
  3515                    1.00   0.00  0.00  0.00  0.00  1.00  0.00  0.00  0.00  0.00
  3516                    1.00   0.00  0.00  0.00  0.00  1.00  0.00  0.00  1.00  0.00
  3524                    1.00   0.00  0.00  0.00  0.00  1.00  0.00  0.00  1.00  0.00
  3533                    1.00   0.00  0.00  0.00  1.00  0.00  0.00  0.00  1.00  0.00
  3534                    1.00   0.00  0.00  0.00  1.00  0.00  0.00  0.00  1.00  0.00
  3535                    1.00   0.00  0.00  0.00  1.00  0.00  0.00  0.00  0.00  0.00
  3536                    1.00   0.00  0.00  0.00  1.00  0.00  0.00  0.00  1.00  0.00
  3537                    1.00   0.00  0.00  0.00  1.00  0.00  0.00  0.00  0.00  0.00
  3538                    1.00   0.00  0.00  0.00  1.00  0.00  0.00  0.00  1.00  0.00
  3539                    1.00   0.00  0.00  0.00  1.00  0.00  0.00  0.00  1.00  0.00
  3541                    1.00   0.00  0.00  0.00  0.00  1.00  0.00  0.00  0.00  0.00
  3542                    1.00   0.00  0.00  0.00  0.00  1.00  0.00  0.00  1.00  0.00
  3543                    1.00   0.00  0.00  0.00  0.00  1.00  0.00  0.00  1.00  0.00
  3544                    1.00   0.00  0.00  0.00  0.00  1.00  0.00  0.00  0.00  0.00
  358                     1.00   0.00  0.00  0.00  1.00  0.00  0.00  0.00  0.00  0.00
  3635                    1.00   0.00  0.00  0.00  0.00  1.00  0.00  0.00  0.00  0.00
  3637                    1.00   0.00  0.00  0.00  1.00  0.00  0.00  0.00  1.00  0.00
  3638                    1.00   0.00  0.00  0.00  1.00  0.00  0.00  0.00  1.00  0.00
  3664                    1.00   0.00  0.00  0.00  1.00  0.00  0.00  0.00  1.00  0.00
  3665                    1.00   0.00  0.00  0.00  1.00  0.00  0.00  0.00  1.00  0.00
  3667                    1.00   0.00  0.00  0.00  1.00  0.00  0.00  0.00  1.00  0.00
  3668                    1.00   0.00  0.00  0.00  1.00  0.00  0.00  0.00  1.00  0.00
  3689                    1.00   0.00  0.00  0.00  1.00  0.00  0.00  0.00  1.00  0.00
  369                     1.00   0.00  0.00  0.00  1.00  0.00  0.00  0.00  1.00  0.00
  3696                    1.00   0.00  0.00  0.00  1.00  0.00  0.00  0.00  1.00  0.00
  3697                    1.00   0.00  0.00  0.00  1.00  0.00  0.00  0.00  1.00  0.00
  3698                    1.00   0.00  0.00  0.00  1.00  0.00  0.00  0.00  1.00  0.00
  370                     1.00   0.00  0.00  0.00  1.00  0.00  0.00  0.00  1.00  0.00
  371                     1.00   0.00  0.00  0.00  1.00  0.00  0.00  0.00  1.00  0.00
  3715                    1.00   0.00  0.00  0.00  1.00  0.00  0.00  0.00  1.00  0.00
  3716                    1.00   0.00  0.00  0.00  1.00  0.00  0.00  0.00  1.00  0.00
  3717                    1.00   0.00  0.00  0.00  1.00  0.00  0.00  0.00  1.00  0.00
  3718                    1.00   0.00  0.00  0.00  1.00  0.00  0.00  0.00  1.00  0.00
  3719                    1.00   0.00  0.00  0.00  1.00  0.00  0.00  0.00  1.00  0.00
  3720                    1.00   0.00  0.00  0.00  1.00  0.00  0.00  0.00  1.00  0.00
  3721                    1.00   0.00  0.00  0.00  1.00  0.00  0.00  0.00  1.00  0.00
  3722                    1.00   0.00  0.00  0.00  1.00  0.00  0.00  0.00  1.00  0.00
  3724                    1.00   0.00  0.00  0.00  1.00  0.00  0.00  0.00  1.00  0.00
  3726                    1.00   0.00  0.00  0.00  1.00  0.00  0.00  0.00  1.00  0.00
  3727                    1.00   0.00  0.00  0.00  1.00  0.00  0.00  0.00  1.00  0.00
  3728                    1.00   0.00  0.00  0.00  1.00  0.00  0.00  0.00  1.00  0.00
  3729                    1.00   0.00  0.00  0.00  1.00  0.00  0.00  0.00  1.00  0.00
  3733                    1.00   0.00  0.00  0.00  1.00  0.00  0.00  0.00  1.00  0.00
  3734                    1.00   0.00  0.00  0.00  1.00  0.00  0.00  0.00  1.00  0.00
  3736                    1.00   0.00  0.00  0.00  1.00  0.00  0.00  0.00  1.00  0.00
  3738                    1.00   0.00  0.00  0.00  1.00  0.00  0.00  0.00  1.00  0.00
  3740                    1.00   0.00  0.00  0.00  1.00  0.00  0.00  0.00  1.00  0.00
  3744                    1.00   0.00  0.00  0.00  1.00  0.00  0.00  0.00  1.00  0.00
  3746                    1.00   0.00  0.00  0.00  1.00  0.00  0.00  0.00  0.00  0.00
  3747                    1.00   0.00  0.00  0.00  1.00  0.00  0.00  0.00  1.00  0.00
  3748                    1.00   0.00  0.00  0.00  1.00  0.00  0.00  0.00  1.00  0.00
  3751                    1.00   0.00  0.00  0.00  1.00  0.00  0.00  0.00  1.00  0.00
  3755                    1.00   0.00  0.00  0.00  1.00  0.00  0.00  0.00  0.00  0.00
  38                      1.00   0.00  0.00  0.00  1.00  0.00  0.00  0.00  0.00  0.00
  382                     1.00   0.00  0.00  0.00  1.00  0.00  0.00  0.00  1.00  0.00
  3825                    1.00   0.00  0.00  0.00  0.00  1.00  0.00  0.00  1.00  0.00
  3827                    1.00   0.00  0.00  0.00  1.00  0.00  0.00  0.00  1.00  0.00
  3828                    1.00   0.00  0.00  0.00  1.00  0.00  0.00  0.00  0.00  0.00
  3829                    1.00   0.00  0.00  0.00  1.00  0.00  0.00  0.00  0.00  0.00
  3831                    1.00   0.00  0.00  0.00  1.00  0.00  0.00  0.00  0.00  0.00
  3846                    1.00   0.00  0.00  0.00  0.00  1.00  0.00  0.00  0.00  0.00
  3847                    1.00   0.00  0.00  0.00  1.00  0.00  0.00  0.00  1.00  0.00
  3855                    1.00   0.00  0.00  0.00  1.00  0.00  0.00  0.00  0.00  0.00
  3856                    1.00   0.00  0.00  0.00  1.00  0.00  0.00  0.00  1.00  0.00
  3857                    1.00   0.00  0.00  0.00  1.00  0.00  0.00  0.00  1.00  0.00
  3858                    1.00   0.00  0.00  0.00  0.00  1.00  0.00  0.00  1.00  0.00
  3861                    1.00   0.00  0.00  0.00  0.00  1.00  0.00  0.00  1.00  0.00
  3862                    1.00   0.00  0.00  0.00  0.00  1.00  0.00  0.00  1.00  0.00
  3863                    1.00   0.00  0.00  0.00  0.00  1.00  0.00  0.00  1.00  0.00
  3876                    1.00   0.00  0.00  0.00  0.00  1.00  0.00  0.00  0.00  0.00
  3887                    1.00   0.00  0.00  0.00  0.00  1.00  0.00  0.00  1.00  0.00
  3891                    1.00   0.00  0.00  0.00  1.00  0.00  0.00  0.00  1.00  0.00
  3892                    1.00   0.00  0.00  0.00  1.00  0.00  0.00  0.00  1.00  0.00
  3893                    1.00   0.00  0.00  0.00  0.00  1.00  0.00  0.00  0.00  0.00
  3894                    1.00   0.00  0.00  0.00  0.00  1.00  0.00  0.00  0.00  0.00
  3895                    1.00   0.00  0.00  0.00  0.00  1.00  0.00  0.00  1.00  0.00
  3897                    1.00   0.00  0.00  0.00  1.00  0.00  0.00  0.00  1.00  0.00
  3898                    1.00   0.00  0.00  0.00  1.00  0.00  0.00  0.00  1.00  0.00
  39                      1.00   0.00  0.00  0.00  1.00  0.00  0.00  0.00  1.00  0.00
  393                     1.00   0.00  0.00  0.00  1.00  0.00  0.00  0.00  0.00  0.00
  394                     1.00   0.00  0.00  0.00  0.00  1.00  0.00  0.00  1.00  0.00
  3947                    1.00   0.00  0.00  0.00  0.00  1.00  0.00  0.00  0.00  0.00
  396                     1.00   0.00  0.00  0.00  0.00  1.00  0.00  0.00  1.00  0.00
  397                     1.00   0.00  0.00  0.00  0.00  1.00  0.00  0.00  0.00  0.00
  3970                    1.00   0.00  0.00  0.00  1.00  0.00  0.00  0.00  1.00  0.00
  3971                    1.00   0.00  0.00  0.00  1.00  0.00  0.00  0.00  1.00  0.00
  3972                    1.00   0.00  0.00  0.00  1.00  0.00  0.00  0.00  1.00  0.00
  3974                    1.00   0.00  0.00  0.00  1.00  0.00  0.00  0.00  1.00  0.00
  3976                    1.00   0.00  0.00  0.00  1.00  0.00  0.00  0.00  0.00  0.00
  398                     1.00   0.00  0.00  0.00  0.00  1.00  0.00  0.00  1.00  0.00
  3980                    1.00   0.00  0.00  0.00  1.00  0.00  0.00  0.00  0.00  0.00
  3984                    1.00   0.00  0.00  0.00  1.00  0.00  0.00  0.00  1.00  0.00
  3985                    1.00   0.00  0.00  0.00  1.00  0.00  0.00  0.00  1.00  0.00
  3986                    1.00   0.00  0.00  0.00  1.00  0.00  0.00  0.00  1.00  0.00
  3987                    1.00   0.00  0.00  0.00  1.00  0.00  0.00  0.00  1.00  0.00
  3988                    1.00   0.00  0.00  0.00  1.00  0.00  0.00  0.00  1.00  0.00
  399                     1.00   0.00  0.00  0.00  0.00  1.00  0.00  0.00  1.00  0.00
  3992                    1.00   0.00  0.00  0.00  0.00  1.00  0.00  0.00  1.00  0.00
  3993                    1.00   0.00  0.00  0.00  1.00  0.00  0.00  0.00  1.00  0.00
  3998                    1.00   0.00  0.00  0.00  1.00  0.00  0.00  0.00  1.00  0.00
  3999                    1.00   0.00  0.00  0.00  1.00  0.00  0.00  0.00  1.00  0.00
  400                     1.00   0.00  0.00  0.00  0.00  1.00  0.00  0.00  1.00  0.00
  4000                    1.00   0.00  0.00  0.00  1.00  0.00  0.00  0.00  0.00  0.00
  4001                    1.00   0.00  0.00  0.00  1.00  0.00  0.00  0.00  0.00  0.00
  4007                    1.00   0.00  0.00  0.00  1.00  0.00  0.00  0.00  0.00  0.00
  401                     1.00   0.00  0.00  0.00  1.00  0.00  0.00  0.00  0.00  0.00
  4011                    1.00   0.00  0.00  0.00  0.00  1.00  0.00  0.00  0.00  0.00
  4015                    1.00   0.00  0.00  0.00  1.00  0.00  0.00  0.00  0.00  0.00
  4016                    1.00   0.00  0.00  0.00  1.00  0.00  0.00  0.00  0.00  0.00
  4017                    1.00   0.00  0.00  0.00  1.00  0.00  0.00  0.00  1.00  0.00
  4019                    1.00   0.00  0.00  0.00  1.00  0.00  0.00  0.00  1.00  0.00
  402                     1.00   0.00  0.00  0.00  1.00  0.00  0.00  0.00  0.00  0.00
  4024                    1.00   0.00  0.00  0.00  1.00  0.00  0.00  0.00  1.00  0.00
  4025                    1.00   0.00  0.00  0.00  1.00  0.00  0.00  0.00  1.00  0.00
  403                     1.00   0.00  0.00  0.00  1.00  0.00  0.00  0.00  0.00  0.00
  4032                    1.00   0.00  0.00  0.00  1.00  0.00  0.00  0.00  1.00  0.00
  404                     1.00   0.00  0.00  0.00  1.00  0.00  0.00  0.00  0.00  0.00
  4042                    1.00   0.00  0.00  0.00  1.00  0.00  0.00  0.00  1.00  0.00
  4043                    1.00   0.00  0.00  0.00  1.00  0.00  0.00  0.00  1.00  0.00
  4049                    1.00   0.00  0.00  0.00  1.00  0.00  0.00  0.00  1.00  0.00
  405                     1.00   0.00  0.00  0.00  1.00  0.00  0.00  0.00  0.00  0.00
  4050                    1.00   0.00  0.00  0.00  1.00  0.00  0.00  0.00  1.00  0.00
  4051                    1.00   0.00  0.00  0.00  1.00  0.00  0.00  0.00  1.00  0.00
  4052                    1.00   0.00  0.00  0.00  1.00  0.00  0.00  0.00  1.00  0.00
  4058                    1.00   0.00  0.00  0.00  1.00  0.00  0.00  0.00  0.00  0.00
  4059                    1.00   0.00  0.00  0.00  1.00  0.00  0.00  0.00  1.00  0.00
  406                     1.00   0.00  0.00  0.00  1.00  0.00  0.00  0.00  0.00  0.00
  4060                    1.00   0.00  0.00  0.00  1.00  0.00  0.00  0.00  0.00  0.00
  4061                    1.00   0.00  0.00  0.00  1.00  0.00  0.00  0.00  1.00  0.00
  4062                    1.00   0.00  0.00  0.00  1.00  0.00  0.00  0.00  1.00  0.00
  4063                    1.00   0.00  0.00  0.00  1.00  0.00  0.00  0.00  1.00  0.00
  4064                    1.00   0.00  0.00  0.00  1.00  0.00  0.00  0.00  1.00  0.00
  4065                    1.00   0.00  0.00  0.00  0.00  1.00  0.00  0.00  1.00  0.00
  4066                    1.00   0.00  0.00  0.00  1.00  0.00  0.00  0.00  1.00  0.00
  407                     1.00   0.00  0.00  0.00  1.00  0.00  0.00  0.00  0.00  0.00
  4073                    1.00   0.00  0.00  0.00  1.00  0.00  0.00  0.00  1.00  0.00
  4075                    1.00   0.00  0.00  0.00  1.00  0.00  0.00  0.00  1.00  0.00
  4076                    1.00   0.00  0.00  0.00  1.00  0.00  0.00  0.00  1.00  0.00
  4078                    1.00   0.00  0.00  0.00  1.00  0.00  0.00  0.00  0.00  0.00
  4124                    1.00   0.00  0.00  0.00  0.00  1.00  0.00  0.00  1.00  0.00
  4125                    1.00   0.00  0.00  0.00  0.00  1.00  0.00  0.00  1.00  0.00
  4126                    1.00   0.00  0.00  0.00  0.00  1.00  0.00  0.00  0.00  0.00
  4127                    1.00   0.00  0.00  0.00  0.00  1.00  0.00  0.00  1.00  0.00
  4128                    1.00   0.00  0.00  0.00  0.00  1.00  0.00  0.00  0.00  0.00
  4129                    1.00   0.00  0.00  0.00  0.00  1.00  0.00  0.00  0.00  0.00
  4130                    1.00   0.00  0.00  0.00  0.00  1.00  0.00  0.00  1.00  0.00
  4131                    1.00   0.00  0.00  0.00  0.00  1.00  0.00  0.00  1.00  0.00
  4132                    1.00   0.00  0.00  0.00  0.00  1.00  0.00  0.00  1.00  0.00
  4133                    1.00   0.00  0.00  0.00  0.00  1.00  0.00  0.00  0.00  0.00
  4134                    1.00   0.00  0.00  0.00  0.00  1.00  0.00  0.00  1.00  0.00
  4135                    1.00   0.00  0.00  0.00  0.00  1.00  0.00  0.00  1.00  0.00
  4136                    1.00   0.00  0.00  0.00  0.00  1.00  0.00  0.00  0.00  0.00
  4137                    1.00   0.00  0.00  0.00  0.00  1.00  0.00  0.00  0.00  0.00
  4138                    1.00   0.00  0.00  0.00  0.00  1.00  0.00  0.00  1.00  0.00
  4139                    1.00   0.00  0.00  0.00  0.00  1.00  0.00  0.00  1.00  0.00
  4140                    1.00   0.00  0.00  0.00  0.00  1.00  0.00  0.00  1.00  0.00
  4141                    1.00   0.00  0.00  0.00  0.00  1.00  0.00  0.00  1.00  0.00
  4142                    1.00   0.00  0.00  0.00  0.00  1.00  0.00  0.00  0.00  0.00
  4143                    1.00   0.00  0.00  0.00  0.00  1.00  0.00  0.00  0.00  0.00
  4144                    1.00   0.00  0.00  0.00  0.00  1.00  0.00  0.00  1.00  0.00
  4145                    1.00   0.00  0.00  0.00  0.00  1.00  0.00  0.00  0.00  0.00
  4146                    1.00   0.00  0.00  0.00  0.00  1.00  0.00  0.00  1.00  0.00
  4147                    1.00   0.00  0.00  0.00  0.00  1.00  0.00  0.00  0.00  0.00
  4148                    1.00   0.00  0.00  0.00  0.00  1.00  0.00  0.00  0.00  0.00
  4149                    1.00   0.00  0.00  0.00  0.00  1.00  0.00  0.00  1.00  0.00
  416                     1.00   0.00  0.00  0.00  0.00  1.00  0.00  0.00  1.00  0.00
  4163                    1.00   0.00  0.00  0.00  1.00  0.00  0.00  0.00  1.00  0.00
  4164                    1.00   0.00  0.00  0.00  0.00  1.00  0.00  0.00  0.00  0.00
  4165                    1.00   0.00  0.00  0.00  1.00  0.00  0.00  0.00  1.00  0.00
  4166                    1.00   0.00  0.00  0.00  0.00  1.00  0.00  0.00  1.00  0.00
  4167                    1.00   0.00  0.00  0.00  0.00  1.00  0.00  0.00  1.00  0.00
  4168                    1.00   0.00  0.00  0.00  0.00  1.00  0.00  0.00  0.00  0.00
  4169                    1.00   0.00  0.00  0.00  0.00  1.00  0.00  0.00  1.00  0.00
  4170                    1.00   0.00  0.00  0.00  0.00  1.00  0.00  0.00  1.00  0.00
  4171                    1.00   0.00  0.00  0.00  1.00  0.00  0.00  0.00  1.00  0.00
  4172                    1.00   0.00  0.00  0.00  0.00  1.00  0.00  0.00  1.00  0.00
  4173                    1.00   0.00  0.00  0.00  0.00  1.00  0.00  0.00  0.00  0.00
  4174                    1.00   0.00  0.00  0.00  1.00  0.00  0.00  0.00  1.00  0.00
  4181                    1.00   0.00  0.00  0.00  1.00  0.00  0.00  0.00  1.00  0.00
  4185                    1.00   0.00  0.00  0.00  1.00  0.00  0.00  0.00  1.00  0.00
  4186                    1.00   0.00  0.00  0.00  1.00  0.00  0.00  0.00  1.00  0.00
  4187                    1.00   0.00  0.00  0.00  1.00  0.00  0.00  0.00  1.00  0.00
  4188                    1.00   0.00  0.00  0.00  1.00  0.00  0.00  0.00  1.00  0.00
  4210                    1.00   0.00  0.00  0.00  1.00  0.00  0.00  0.00  1.00  0.00
  4211                    1.00   0.00  0.00  0.00  1.00  0.00  0.00  0.00  0.00  0.00
  4212                    1.00   0.00  0.00  0.00  0.00  1.00  0.00  0.00  0.00  0.00
  4213                    1.00   0.00  0.00  0.00  1.00  0.00  0.00  0.00  0.00  0.00
  4214                    1.00   0.00  0.00  0.00  1.00  0.00  0.00  0.00  1.00  0.00
  423                     1.00   0.00  0.00  0.00  0.00  1.00  0.00  0.00  1.00  0.00
  426                     1.00   0.00  0.00  0.00  0.00  1.00  0.00  0.00  1.00  0.00
  4284                    1.00   0.00  0.00  0.00  0.00  1.00  0.00  0.00  1.00  0.00
  4285                    1.00   0.00  0.00  0.00  0.00  1.00  0.00  0.00  0.00  0.00
  4286                    1.00   0.00  0.00  0.00  0.00  1.00  0.00  0.00  1.00  0.00
  4287                    1.00   0.00  0.00  0.00  1.00  0.00  0.00  0.00  0.00  0.00
  4288                    1.00   0.00  0.00  0.00  0.00  1.00  0.00  0.00  1.00  0.00
  4292                    1.00   0.00  0.00  0.00  0.00  1.00  0.00  0.00  1.00  0.00
  430                     1.00   0.00  0.00  0.00  0.00  1.00  0.00  0.00  1.00  0.00
  4321                    1.00   0.00  0.00  0.00  0.00  1.00  0.00  0.00  1.00  0.00
  4322                    1.00   0.00  0.00  0.00  0.00  1.00  0.00  0.00  0.00  0.00
  4323                    1.00   0.00  0.00  0.00  0.00  1.00  0.00  0.00  0.00  0.00
  4332                    1.00   0.00  0.00  0.00  1.00  0.00  0.00  0.00  1.00  0.00
  4333                    1.00   0.00  0.00  0.00  1.00  0.00  0.00  0.00  0.00  0.00
  437                     1.00   0.00  0.00  0.00  0.00  1.00  0.00  0.00  1.00  0.00
  4386                    1.00   0.00  0.00  0.00  0.00  1.00  0.00  0.00  1.00  0.00
  4406                    1.00   0.00  0.00  0.00  1.00  0.00  0.00  0.00  0.00  0.00
  4407                    1.00   0.00  0.00  0.00  1.00  0.00  0.00  0.00  1.00  0.00
  4408                    1.00   0.00  0.00  0.00  1.00  0.00  0.00  0.00  1.00  0.00
  4415                    1.00   0.00  0.00  0.00  1.00  0.00  0.00  0.00  0.00  0.00
  4419                    1.00   0.00  0.00  0.00  1.00  0.00  0.00  0.00  1.00  0.00
  4420                    1.00   0.00  0.00  0.00  0.00  1.00  0.00  0.00  0.00  0.00
  4422                    1.00   0.00  0.00  0.00  1.00  0.00  0.00  0.00  1.00  0.00
  4423                    1.00   0.00  0.00  0.00  1.00  0.00  0.00  0.00  1.00  0.00
  4424                    1.00   0.00  0.00  0.00  1.00  0.00  0.00  0.00  1.00  0.00
  4425                    1.00   0.00  0.00  0.00  1.00  0.00  0.00  0.00  1.00  0.00
  4429                    1.00   0.00  0.00  0.00  1.00  0.00  0.00  0.00  1.00  0.00
  4430                    1.00   0.00  0.00  0.00  1.00  0.00  0.00  0.00  1.00  0.00
  4433                    1.00   0.00  0.00  0.00  1.00  0.00  0.00  0.00  0.00  0.00
  444                     1.00   0.00  0.00  0.00  0.00  1.00  0.00  0.00  0.00  0.00
  4444                    1.00   0.00  0.00  0.00  1.00  0.00  0.00  0.00  1.00  0.00
  4445                    1.00   0.00  0.00  0.00  1.00  0.00  0.00  0.00  0.00  0.00
  4448                    1.00   0.00  0.00  0.00  1.00  0.00  0.00  0.00  0.00  0.00
  4450                    1.00   0.00  0.00  0.00  0.00  1.00  0.00  0.00  1.00  0.00
  4456                    1.00   0.00  0.00  0.00  1.00  0.00  0.00  0.00  1.00  0.00
  4458                    1.00   0.00  0.00  0.00  1.00  0.00  0.00  0.00  1.00  0.00
  4460                    1.00   0.00  0.00  0.00  1.00  0.00  0.00  0.00  1.00  0.00
  4462                    1.00   0.00  0.00  0.00  0.00  1.00  0.00  0.00  0.00  0.00
  4464                    1.00   0.00  0.00  0.00  0.00  1.00  0.00  0.00  1.00  0.00
  4469                    1.00   0.00  0.00  0.00  0.00  1.00  0.00  0.00  0.00  0.00
  4472                    1.00   0.00  0.00  0.00  1.00  0.00  0.00  0.00  0.00  0.00
  4475                    1.00   0.00  0.00  0.00  0.00  1.00  0.00  0.00  1.00  0.00
  4476                    1.00   0.00  0.00  0.00  1.00  0.00  0.00  0.00  1.00  0.00
  4479                    1.00   0.00  0.00  0.00  1.00  0.00  0.00  0.00  0.00  0.00
  451                     1.00   0.00  0.00  0.00  0.00  1.00  0.00  0.00  1.00  0.00
  4520                    1.00   0.00  0.00  0.00  0.00  1.00  0.00  0.00  1.00  0.00
  4521                    1.00   0.00  0.00  0.00  0.00  1.00  0.00  0.00  1.00  0.00
  4522                    1.00   0.00  0.00  0.00  0.00  1.00  0.00  0.00  1.00  0.00
  4563                    1.00   0.00  0.00  0.00  0.00  1.00  0.00  0.00  1.00  0.00
  4564                    1.00   0.00  0.00  0.00  0.00  1.00  0.00  0.00  1.00  0.00
  4565                    1.00   0.00  0.00  0.00  0.00  1.00  0.00  0.00  1.00  0.00
  4566                    1.00   0.00  0.00  0.00  0.00  0.00  0.00  1.00  0.00  0.00
  458                     1.00   0.00  0.00  0.00  0.00  1.00  0.00  0.00  1.00  0.00
  4588                    1.00   0.00  0.00  0.00  1.00  0.00  0.00  0.00  1.00  0.00
  4589                    1.00   0.00  0.00  0.00  1.00  0.00  0.00  0.00  0.00  0.00
  4592                    1.00   0.00  0.00  0.00  0.00  1.00  0.00  0.00  1.00  0.00
  4593                    1.00   0.00  0.00  0.00  0.00  1.00  0.00  0.00  0.00  0.00
  4594                    1.00   0.00  0.00  0.00  1.00  0.00  0.00  0.00  0.00  0.00
  4599                    1.00   0.00  0.00  0.00  1.00  0.00  0.00  0.00  1.00  0.00
  46                      1.00   0.00  0.00  0.00  0.00  1.00  0.00  0.00  0.00  0.00
  4628                    1.00   0.00  0.00  0.00  1.00  0.00  0.00  0.00  1.00  0.00
  4629                    1.00   0.00  0.00  0.00  1.00  0.00  0.00  0.00  0.00  0.00
  4630                    1.00   0.00  0.00  0.00  1.00  0.00  0.00  0.00  1.00  0.00
  4631                    1.00   0.00  0.00  0.00  1.00  0.00  0.00  0.00  1.00  0.00
  4632                    1.00   0.00  0.00  0.00  1.00  0.00  0.00  0.00  1.00  0.00
  4633                    1.00   0.00  0.00  0.00  1.00  0.00  0.00  0.00  1.00  0.00
  4634                    1.00   0.00  0.00  0.00  1.00  0.00  0.00  0.00  1.00  0.00
  4636                    1.00   0.00  0.00  0.00  0.00  1.00  0.00  0.00  0.00  0.00
  4643                    1.00   0.00  0.00  0.00  0.00  1.00  0.00  0.00  1.00  0.00
  4644                    1.00   0.00  0.00  0.00  0.00  1.00  0.00  0.00  0.00  0.00
  4645                    1.00   0.00  0.00  0.00  0.00  1.00  0.00  0.00  1.00  0.00
  4646                    1.00   0.00  0.00  0.00  0.00  1.00  0.00  0.00  1.00  0.00
  4647                    1.00   0.00  0.00  0.00  0.00  1.00  0.00  0.00  0.00  0.00
  4648                    1.00   0.00  0.00  0.00  1.00  0.00  0.00  0.00  0.00  0.00
  4649                    1.00   0.00  0.00  0.00  1.00  0.00  0.00  0.00  1.00  0.00
  465                     1.00   0.00  0.00  0.00  1.00  0.00  0.00  0.00  1.00  0.00
  4655                    1.00   0.00  0.00  0.00  1.00  0.00  0.00  0.00  1.00  0.00
  4660                    1.00   0.00  0.00  0.00  1.00  0.00  0.00  0.00  0.00  0.00
  4666                    1.00   0.00  0.00  0.00  1.00  0.00  0.00  0.00  1.00  0.00
  4667                    1.00   0.00  0.00  0.00  0.00  1.00  0.00  0.00  0.00  0.00
  4668                    1.00   0.00  0.00  0.00  1.00  0.00  0.00  0.00  1.00  0.00
  4669                    1.00   0.00  0.00  0.00  0.00  1.00  0.00  0.00  0.00  0.00
  4670                    1.00   0.00  0.00  0.00  0.00  1.00  0.00  0.00  1.00  0.00
  4671                    1.00   0.00  0.00  0.00  0.00  1.00  0.00  0.00  1.00  0.00
  4672                    1.00   0.00  0.00  0.00  0.00  1.00  0.00  0.00  1.00  0.00
  4673                    1.00   0.00  0.00  0.00  0.00  1.00  0.00  0.00  0.00  0.00
  4674                    1.00   0.00  0.00  0.00  1.00  0.00  0.00  0.00  1.00  0.00
  4675                    1.00   0.00  0.00  0.00  1.00  0.00  0.00  0.00  1.00  0.00
  4681                    1.00   0.00  0.00  0.00  1.00  0.00  0.00  0.00  0.00  0.00
  4682                    1.00   0.00  0.00  0.00  1.00  0.00  0.00  0.00  1.00  0.00
  4683                    1.00   0.00  0.00  0.00  1.00  0.00  0.00  0.00  1.00  0.00
  4684                    1.00   0.00  0.00  0.00  1.00  0.00  0.00  0.00  1.00  0.00
  4685                    1.00   0.00  0.00  0.00  1.00  0.00  0.00  0.00  1.00  0.00
  4686                    1.00   0.00  0.00  0.00  1.00  0.00  0.00  0.00  1.00  0.00
  4687                    1.00   0.00  0.00  0.00  1.00  0.00  0.00  0.00  1.00  0.00
  4688                    1.00   0.00  0.00  0.00  1.00  0.00  0.00  0.00  1.00  0.00
  4689                    1.00   0.00  0.00  0.00  1.00  0.00  0.00  0.00  1.00  0.00
  47                      1.00   0.00  0.00  0.00  1.00  0.00  0.00  0.00  1.00  0.00
  472                     1.00   0.00  0.00  0.00  0.00  1.00  0.00  0.00  1.00  0.00
  473                     1.00   0.00  0.00  0.00  0.00  1.00  0.00  0.00  0.00  0.00
  474                     1.00   0.00  0.00  0.00  1.00  0.00  0.00  0.00  0.00  0.00
  475                     1.00   0.00  0.00  0.00  1.00  0.00  0.00  0.00  0.00  0.00
  476                     1.00   0.00  0.00  0.00  1.00  0.00  0.00  0.00  0.00  0.00
  477                     1.00   0.00  0.00  0.00  0.00  1.00  0.00  0.00  1.00  0.00
  478                     1.00   0.00  0.00  0.00  1.00  0.00  0.00  0.00  0.00  0.00
  479                     1.00   0.00  0.00  0.00  1.00  0.00  0.00  0.00  0.00  0.00
  480                     1.00   0.00  0.00  0.00  1.00  0.00  0.00  0.00  1.00  0.00
  481                     1.00   0.00  0.00  0.00  1.00  0.00  0.00  0.00  0.00  0.00
  482                     1.00   0.00  0.00  0.00  1.00  0.00  0.00  0.00  1.00  0.00
  483                     1.00   0.00  0.00  0.00  1.00  0.00  0.00  0.00  1.00  0.00
  484                     1.00   0.00  0.00  0.00  1.00  0.00  0.00  0.00  1.00  0.00
  485                     1.00   0.00  0.00  0.00  0.00  1.00  0.00  0.00  0.00  0.00
  488                     1.00   0.00  0.00  0.00  1.00  0.00  0.00  0.00  1.00  0.00
  499                     1.00   0.00  0.00  0.00  1.00  0.00  0.00  0.00  1.00  0.00
  500                     1.00   0.00  0.00  0.00  1.00  0.00  0.00  0.00  0.00  0.00
  501                     1.00   0.00  0.00  0.00  1.00  0.00  0.00  0.00  1.00  0.00
  503                     1.00   0.00  0.00  0.00  1.00  0.00  0.00  0.00  0.00  0.00
  513                     1.00   0.00  0.00  0.00  1.00  0.00  0.00  0.00  1.00  0.00
  514                     1.00   0.00  0.00  0.00  1.00  0.00  0.00  0.00  1.00  0.00
  523                     1.00   0.00  0.00  0.00  1.00  0.00  0.00  0.00  0.00  0.00
  528                     1.00   0.00  0.00  0.00  1.00  0.00  0.00  0.00  0.00  0.00
  529                     1.00   0.00  0.00  0.00  1.00  0.00  0.00  0.00  1.00  0.00
  531                     1.00   0.00  0.00  0.00  1.00  0.00  0.00  0.00  1.00  0.00
  532                     1.00   0.00  0.00  0.00  1.00  0.00  0.00  0.00  1.00  0.00
  54                      1.00   0.00  0.00  0.00  1.00  0.00  0.00  0.00  1.00  0.00
  540                     1.00   0.00  0.00  0.00  1.00  0.00  0.00  0.00  0.00  0.00
  541                     1.00   0.00  0.00  0.00  1.00  0.00  0.00  0.00  1.00  0.00
  549                     1.00   0.00  0.00  0.00  1.00  0.00  0.00  0.00  1.00  0.00
  550                     1.00   0.00  0.00  0.00  1.00  0.00  0.00  0.00  1.00  0.00
  558                     1.00   0.00  0.00  0.00  1.00  0.00  0.00  0.00  0.00  0.00
  559                     1.00   0.00  0.00  0.00  1.00  0.00  0.00  0.00  0.00  0.00
  568                     1.00   0.00  0.00  0.00  1.00  0.00  0.00  0.00  1.00  0.00
  576                     1.00   0.00  0.00  0.00  0.00  1.00  0.00  0.00  0.00  0.00
  577                     1.00   0.00  0.00  0.00  1.00  0.00  0.00  0.00  1.00  0.00
  578                     1.00   0.00  0.00  0.00  1.00  0.00  0.00  0.00  1.00  0.00
  587                     1.00   0.00  0.00  0.00  0.00  1.00  0.00  0.00  0.00  0.00
  588                     1.00   0.00  0.00  0.00  1.00  0.00  0.00  0.00  1.00  0.00
  589                     1.00   0.00  1.00  0.00  0.00  0.00  0.00  0.00  0.00  0.00
  590                     1.00   0.00  0.00  0.00  1.00  0.00  0.00  0.00  1.00  0.00
  60                      1.00   0.00  0.00  0.00  1.00  0.00  0.00  0.00  1.00  0.00
  61                      1.00   0.00  1.00  0.00  0.00  0.00  0.00  0.00  0.00  0.00
  648                     1.00   0.00  0.00  0.00  1.00  0.00  0.00  0.00  0.00  0.00
  65                      1.00   0.00  0.00  0.00  0.00  1.00  0.00  0.00  1.00  0.00
  66                      1.00   0.00  0.00  0.00  0.00  1.00  0.00  0.00  0.00  0.00
  67                      1.00   0.00  0.00  0.00  0.00  1.00  0.00  0.00  1.00  0.00
  68                      1.00   0.00  0.00  0.00  1.00  0.00  0.00  0.00  1.00  0.00
  69                      1.00   0.00  0.00  0.00  0.00  1.00  0.00  0.00  1.00  0.00
  693                     1.00   0.00  0.00  0.00  1.00  0.00  0.00  0.00  1.00  0.00
  70                      1.00   0.00  0.00  0.00  0.00  1.00  0.00  0.00  1.00  0.00
  705                     1.00   0.00  0.00  0.00  1.00  0.00  0.00  0.00  1.00  0.00
  71                      1.00   0.00  0.00  0.00  0.00  0.00  0.00  1.00  0.00  0.00
  712                     1.00   0.00  1.00  0.00  0.00  0.00  0.00  0.00  0.00  0.00
  716                     1.00   0.00  0.00  0.00  0.00  1.00  0.00  0.00  0.00  0.00
  717                     1.00   0.00  0.00  0.00  0.00  1.00  0.00  0.00  0.00  0.00
  72                      1.00   0.00  0.00  0.00  1.00  0.00  0.00  0.00  1.00  0.00
  73                      1.00   0.00  0.00  0.00  1.00  0.00  0.00  0.00  1.00  0.00
  74                      1.00   0.00  0.00  0.00  1.00  0.00  0.00  0.00  1.00  0.00
  75                      1.00   0.00  0.00  0.00  1.00  0.00  0.00  0.00  1.00  0.00
  752                     1.00   0.00  0.00  0.00  0.00  1.00  0.00  0.00  1.00  0.00
  76                      1.00   0.00  0.00  0.00  1.00  0.00  0.00  0.00  0.00  0.00
  77                      1.00   0.00  0.00  0.00  1.00  0.00  0.00  0.00  1.00  0.00
  78                      1.00   0.00  0.00  0.00  1.00  0.00  0.00  0.00  1.00  0.00
  79                      1.00   0.00  0.00  0.00  1.00  0.00  0.00  0.00  0.00  0.00
  80                      1.00   0.00  0.00  0.00  1.00  0.00  0.00  0.00  1.00  0.00
  803                     1.00   0.00  0.00  0.00  0.00  1.00  0.00  0.00  1.00  0.00
  804                     1.00   0.00  0.00  0.00  0.00  1.00  0.00  0.00  0.00  0.00
  805                     1.00   0.00  0.00  0.00  0.00  1.00  0.00  0.00  1.00  0.00
  806                     1.00   0.00  0.00  0.00  0.00  1.00  0.00  0.00  1.00  0.00
  807                     1.00   0.00  0.00  0.00  0.00  1.00  0.00  0.00  1.00  0.00
  81                      1.00   0.00  0.00  0.00  0.00  1.00  0.00  0.00  0.00  0.00
  815                     1.00   0.00  0.00  0.00  0.00  1.00  0.00  0.00  1.00  0.00
  816                     1.00   0.00  0.00  0.00  0.00  1.00  0.00  0.00  1.00  0.00
  82                      1.00   0.00  0.00  0.00  0.00  1.00  0.00  0.00  1.00  0.00
  826                     1.00   0.00  0.00  0.00  1.00  0.00  0.00  0.00  1.00  0.00
  83                      1.00   0.00  0.00  0.00  0.00  1.00  0.00  0.00  0.00  0.00
  834                     1.00   0.00  0.00  0.00  1.00  0.00  0.00  0.00  0.00  0.00
  84                      1.00   0.00  0.00  0.00  1.00  0.00  0.00  0.00  1.00  0.00
  842                     1.00   0.00  0.00  0.00  1.00  0.00  0.00  0.00  0.00  0.00
  850                     1.00   0.00  0.00  0.00  1.00  0.00  0.00  0.00  0.00  0.00
  856                     1.00   0.00  0.00  0.00  1.00  0.00  0.00  0.00  0.00  0.00
  867                     1.00   0.00  0.00  0.00  1.00  0.00  0.00  0.00  0.00  0.00
  875                     1.00   0.00  0.00  0.00  0.00  1.00  0.00  0.00  1.00  0.00
  876                     1.00   0.00  0.00  0.00  0.00  1.00  0.00  0.00  0.00  0.00
  877                     1.00   0.00  0.00  0.00  0.00  1.00  0.00  0.00  0.00  0.00
  878                     1.00   0.00  0.00  0.00  1.00  0.00  0.00  0.00  1.00  0.00
  886                     1.00   0.00  0.00  0.00  0.00  1.00  0.00  0.00  0.00  0.00
  891                     1.00   0.00  0.00  0.00  0.00  1.00  0.00  0.00  1.00  0.00
  892                     1.00   0.00  0.00  0.00  0.00  1.00  0.00  0.00  0.00  0.00
  893                     1.00   0.00  0.00  0.00  0.00  1.00  0.00  0.00  0.00  0.00
  895                     1.00   0.00  0.00  0.00  0.00  1.00  0.00  0.00  1.00  0.00
  901                     1.00   0.00  0.00  0.00  0.00  1.00  0.00  0.00  1.00  0.00
  902                     1.00   0.00  0.00  0.00  0.00  1.00  0.00  0.00  0.00  0.00
  903                     1.00   0.00  0.00  0.00  0.00  1.00  0.00  0.00  0.00  0.00
  905                     1.00   0.00  0.00  0.00  1.00  0.00  0.00  0.00  0.00  0.00
  907                     1.00   0.00  0.00  0.00  1.00  0.00  0.00  0.00  1.00  0.00
  909                     1.00   0.00  0.00  0.00  0.00  1.00  0.00  0.00  1.00  0.00
  918                     1.00   0.00  0.00  0.00  1.00  0.00  0.00  0.00  1.00  0.00
  929                     1.00   0.00  0.00  0.00  0.00  1.00  0.00  0.00  0.00  0.00
  940                     1.00   0.00  0.00  0.00  1.00  0.00  0.00  0.00  1.00  0.00
  944                     1.00   0.00  0.00  0.00  1.00  0.00  0.00  0.00  1.00  0.00
  945                     1.00   0.00  0.00  0.00  1.00  0.00  0.00  0.00  0.00  0.00
  946                     1.00   0.00  0.00  0.00  1.00  0.00  0.00  0.00  1.00  0.00
  95                      1.00   0.00  0.00  0.00  1.00  0.00  0.00  0.00  0.00  0.00
  951                     1.00   0.00  0.00  0.00  1.00  0.00  0.00  0.00  0.00  0.00
  993                     1.00   0.00  0.00  0.00  0.00  1.00  0.00  0.00  0.00  0.00
  994                     1.00   0.00  0.00  0.00  0.00  1.00  0.00  0.00  1.00  0.00
  995                     1.00   0.00  0.00  0.00  0.00  1.00  0.00  0.00  0.00  0.00
  996                     1.00   0.00  0.00  0.00  0.00  1.00  0.00  0.00  1.00  0.00
  CDT-13                  1.00   0.00  0.00  0.00  1.00  0.00  0.00  0.00  0.00  0.00
  CDT-15                  1.00   0.00  0.00  0.00  1.00  0.00  0.00  0.00  0.00  0.00
  CDT-17                  1.00   0.00  0.00  0.00  0.00  1.00  0.00  0.00  0.00  0.00
  CDT-19                  1.00   0.00  0.00  0.00  1.00  0.00  0.00  0.00  0.00  0.00
  CDT-21                  1.00   0.00  0.00  0.00  1.00  0.00  0.00  0.00  0.00  0.00
  CDT-29                  1.00   0.00  1.00  0.00  0.00  0.00  0.00  0.00  0.00  0.00
  CDT-31                  1.00   0.00  0.00  0.00  1.00  0.00  0.00  0.00  1.00  0.00
  CDT-33                  1.00   0.00  0.00  0.00  1.00  0.00  0.00  0.00  0.00  0.00
  CDT-35                  1.00   0.00  0.00  0.00  1.00  0.00  0.00  0.00  0.00  0.00
  CDT-39                  1.00   0.00  0.00  0.00  0.00  1.00  0.00  0.00  0.00  0.00
  CDT-41                  1.00   0.00  0.00  0.00  0.00  1.00  0.00  0.00  0.00  0.00
  
  
  *************************
  Conduit Surcharge Summary
  *************************
  
  ----------------------------------------------------------------------------
                                                           Hours        Hours 
                         --------- Hours Full --------   Above Full   Capacity
  Conduit                Both Ends  Upstream  Dnstream   Normal Flow   Limited
  ----------------------------------------------------------------------------
  105                         0.01      0.01     24.00     24.00         0.01
  1113                        0.01      0.01     24.00      0.01         0.01
  1139                        0.01      0.01      0.01     24.00         0.01
  1193                        0.01      0.01     24.00      0.01         0.01
  1216                        0.01      0.01     24.00      0.01         0.01
  1231                        0.01      0.01     24.00      0.01         0.01
  1536                        0.01      0.01     24.00      0.01         0.01
  1684                        0.01      0.01      0.01     24.00         0.01
  2337                        0.01      0.01     24.00      0.01         0.01
  2778                        0.01      0.01      0.01     24.00         0.01
  2801                       24.00     24.00     24.00      0.01         0.01
  2802                       24.00     24.00     24.00      0.01         0.01
  3143                        0.01      0.01      0.01     24.00         0.01
  3476                        0.01      0.01     24.00      0.01         0.01
  3980                        0.01      0.01      0.01     24.00         0.01
  4000                        0.01      0.01      0.01     24.00         0.01
  4211                        0.01      0.01     24.00      0.01         0.01
  4594                        0.01      0.01     24.00      0.01         0.01
  4636                        0.01      0.01      0.01     24.00         0.01
  68                          0.01      0.01     24.00      0.01         0.01
  CDT-13                     24.00     24.00     24.00      0.01         0.01
  CDT-15                      0.01      0.01     24.00      0.01         0.01
  CDT-17                      0.01      0.01      0.01     24.00         0.01
  
  
  ***************
  Pumping Summary
  ***************
  
  ---------------------------------------------------------------------------------------------------------
                                                  Min       Avg       Max     Total     Power    % Time Off
                        Percent   Number of      Flow      Flow      Flow    Volume     Usage    Pump Curve
  Pump                 Utilized   Start-Ups       MGD       MGD       MGD  10^6 gal     Kw-hr    Low   High
  ---------------------------------------------------------------------------------------------------------
  PUMP-1                 100.00           0      0.00      0.81      0.81     0.806     69.41    0.0    0.0
  PUMP-10                100.00           0      0.00      0.65      0.65     0.648     27.34    0.0    0.0
  PUMP-15                100.00           0      0.00      5.54      5.54     5.544    462.65    0.0    0.0
  PUMP-18                100.00           0      0.00      0.21      0.21     0.208     10.76    0.0    0.0
  PUMP-2                 100.00           0      0.00      3.89      3.89     3.888    334.68    0.0    0.0
  PUMP-23                100.00           0      0.00      2.34      2.34     2.342    104.66    0.0    0.0
  PUMP-30                100.00           0      0.00      1.81      1.81     1.811    658.80    0.0    0.0
  PUMP-32                100.00           0      0.00      0.05      0.05     0.049      1.73    0.0    0.0
  PUMP-7                 100.00           0      0.00      0.37      0.37     0.371     61.14    0.0    0.0
  

  Analysis begun on:  Tue Aug  5 15:24:34 2025
  Analysis ended on:  Tue Aug  5 15:34:43 2025
  Total elapsed time: 00:10:09