
  EPA STORM WATER MANAGEMENT MODEL - VERSION 5.2 (Build 5.2.4)
  ------------------------------------------------------------

   SW 1 0 20 
  HRSD Test model 
  WARNING 04: minimum elevation drop used for Conduit 2
  WARNING 04: minimum elevation drop used for Conduit 3
  WARNING 04: minimum elevation drop used for Conduit 4
  WARNING 04: minimum elevation drop used for Conduit 5
  WARNING 04: minimum elevation drop used for Conduit 6
  WARNING 04: minimum elevation drop used for Conduit 7
  WARNING 04: minimum elevation drop used for Conduit 8
  WARNING 04: minimum elevation drop used for Conduit 9
  WARNING 04: minimum elevation drop used for Conduit 10
  WARNING 04: minimum elevation drop used for Conduit 11
  WARNING 04: minimum elevation drop used for Conduit 12
  WARNING 04: minimum elevation drop used for Conduit 13
  WARNING 04: minimum elevation drop used for Conduit 14
  WARNING 04: minimum elevation drop used for Conduit 15
  WARNING 04: minimum elevation drop used for Conduit 16
  WARNING 04: minimum elevation drop used for Conduit 17
  WARNING 04: minimum elevation drop used for Conduit 18
  WARNING 04: minimum elevation drop used for Conduit 19
  WARNING 04: minimum elevation drop used for Conduit 20
  WARNING 04: minimum elevation drop used for Conduit 21
  WARNING 04: minimum elevation drop used for Conduit 22
  WARNING 04: minimum elevation drop used for Conduit 23
  WARNING 04: minimum elevation drop used for Conduit 24
  WARNING 04: minimum elevation drop used for Conduit 25
  WARNING 04: minimum elevation drop used for Conduit 26
  WARNING 04: minimum elevation drop used for Conduit 27
  WARNING 04: minimum elevation drop used for Conduit 28
  WARNING 04: minimum elevation drop used for Conduit 29
  WARNING 04: minimum elevation drop used for Conduit 30
  WARNING 04: minimum elevation drop used for Conduit 31
  WARNING 04: minimum elevation drop used for Conduit 32
  WARNING 04: minimum elevation drop used for Conduit 33
  WARNING 04: minimum elevation drop used for Conduit 34
  WARNING 04: minimum elevation drop used for Conduit 35
  WARNING 04: minimum elevation drop used for Conduit 36
  WARNING 04: minimum elevation drop used for Conduit 37
  WARNING 04: minimum elevation drop used for Conduit 38
  WARNING 04: minimum elevation drop used for Conduit 39
  WARNING 04: minimum elevation drop used for Conduit 40
  WARNING 04: minimum elevation drop used for Conduit 41
  WARNING 04: minimum elevation drop used for Conduit 42
  WARNING 04: minimum elevation drop used for Conduit 43
  WARNING 04: minimum elevation drop used for Conduit 44
  WARNING 04: minimum elevation drop used for Conduit 45
  WARNING 04: minimum elevation drop used for Conduit 46
  WARNING 04: minimum elevation drop used for Conduit 47
  WARNING 04: minimum elevation drop used for Conduit 48
  WARNING 04: minimum elevation drop used for Conduit 49
  WARNING 04: minimum elevation drop used for Conduit 50
  WARNING 04: minimum elevation drop used for Conduit 51
  WARNING 04: minimum elevation drop used for Conduit 52
  WARNING 04: minimum elevation drop used for Conduit 53
  WARNING 04: minimum elevation drop used for Conduit 54
  WARNING 04: minimum elevation drop used for Conduit 55
  WARNING 04: minimum elevation drop used for Conduit 56
  WARNING 04: minimum elevation drop used for Conduit 57
  WARNING 04: minimum elevation drop used for Conduit 58
  WARNING 04: minimum elevation drop used for Conduit 59
  WARNING 04: minimum elevation drop used for Conduit 60
  WARNING 04: minimum elevation drop used for Conduit 61
  WARNING 04: minimum elevation drop used for Conduit 62
  WARNING 04: minimum elevation drop used for Conduit 63
  WARNING 04: minimum elevation drop used for Conduit 64
  WARNING 04: minimum elevation drop used for Conduit 65
  WARNING 04: minimum elevation drop used for Conduit 66
  WARNING 04: minimum elevation drop used for Conduit 67
  WARNING 04: minimum elevation drop used for Conduit 68
  WARNING 04: minimum elevation drop used for Conduit 69
  WARNING 04: minimum elevation drop used for Conduit 70
  WARNING 04: minimum elevation drop used for Conduit 71
  WARNING 04: minimum elevation drop used for Conduit 72
  WARNING 04: minimum elevation drop used for Conduit 73
  WARNING 04: minimum elevation drop used for Conduit 74
  WARNING 04: minimum elevation drop used for Conduit 75
  WARNING 04: minimum elevation drop used for Conduit 76
  WARNING 04: minimum elevation drop used for Conduit 77
  WARNING 04: minimum elevation drop used for Conduit 78
  WARNING 04: minimum elevation drop used for Conduit 80
  WARNING 04: minimum elevation drop used for Conduit 81
  WARNING 04: minimum elevation drop used for Conduit 82
  WARNING 04: minimum elevation drop used for Conduit 83
  WARNING 04: minimum elevation drop used for Conduit 84
  WARNING 04: minimum elevation drop used for Conduit 85
  WARNING 04: minimum elevation drop used for Conduit 86
  WARNING 04: minimum elevation drop used for Conduit 87
  WARNING 04: minimum elevation drop used for Conduit 88
  WARNING 04: minimum elevation drop used for Conduit 89
  WARNING 04: minimum elevation drop used for Conduit 90
  WARNING 04: minimum elevation drop used for Conduit 91
  WARNING 04: minimum elevation drop used for Conduit 92
  WARNING 04: minimum elevation drop used for Conduit 93
  WARNING 04: minimum elevation drop used for Conduit 94
  WARNING 04: minimum elevation drop used for Conduit 95
  WARNING 04: minimum elevation drop used for Conduit 96
  WARNING 04: minimum elevation drop used for Conduit 97
  WARNING 04: minimum elevation drop used for Conduit 98
  WARNING 04: minimum elevation drop used for Conduit 99
  WARNING 04: minimum elevation drop used for Conduit 100
  WARNING 04: minimum elevation drop used for Conduit 101
  WARNING 04: minimum elevation drop used for Conduit 102
  WARNING 04: minimum elevation drop used for Conduit 103
  WARNING 04: minimum elevation drop used for Conduit 104
  WARNING 04: minimum elevation drop used for Conduit 105
  WARNING 04: minimum elevation drop used for Conduit 106
  WARNING 04: minimum elevation drop used for Conduit 107
  WARNING 04: minimum elevation drop used for Conduit 108
  WARNING 04: minimum elevation drop used for Conduit 109
  WARNING 04: minimum elevation drop used for Conduit 110
  WARNING 04: minimum elevation drop used for Conduit 111
  WARNING 04: minimum elevation drop used for Conduit 112
  WARNING 04: minimum elevation drop used for Conduit 113
  WARNING 04: minimum elevation drop used for Conduit 114
  WARNING 04: minimum elevation drop used for Conduit 115
  WARNING 04: minimum elevation drop used for Conduit 116
  WARNING 04: minimum elevation drop used for Conduit 117
  WARNING 04: minimum elevation drop used for Conduit 118
  WARNING 04: minimum elevation drop used for Conduit 119
  WARNING 04: minimum elevation drop used for Conduit 120
  WARNING 04: minimum elevation drop used for Conduit 121
  WARNING 04: minimum elevation drop used for Conduit 122
  WARNING 04: minimum elevation drop used for Conduit 123
  WARNING 04: minimum elevation drop used for Conduit 124
  WARNING 04: minimum elevation drop used for Conduit 125
  WARNING 04: minimum elevation drop used for Conduit 126
  WARNING 04: minimum elevation drop used for Conduit 127
  WARNING 04: minimum elevation drop used for Conduit 128
  WARNING 04: minimum elevation drop used for Conduit 129
  WARNING 04: minimum elevation drop used for Conduit 130
  WARNING 04: minimum elevation drop used for Conduit 131
  WARNING 04: minimum elevation drop used for Conduit 132
  WARNING 04: minimum elevation drop used for Conduit 133
  WARNING 04: minimum elevation drop used for Conduit 134
  WARNING 04: minimum elevation drop used for Conduit 135
  WARNING 04: minimum elevation drop used for Conduit 136
  WARNING 04: minimum elevation drop used for Conduit 137
  WARNING 04: minimum elevation drop used for Conduit 138
  WARNING 04: minimum elevation drop used for Conduit 139
  WARNING 04: minimum elevation drop used for Conduit 140
  WARNING 04: minimum elevation drop used for Conduit 141
  WARNING 04: minimum elevation drop used for Conduit 142
  WARNING 04: minimum elevation drop used for Conduit 143
  WARNING 04: minimum elevation drop used for Conduit 144
  WARNING 04: minimum elevation drop used for Conduit 145
  WARNING 04: minimum elevation drop used for Conduit 146
  WARNING 04: minimum elevation drop used for Conduit 147
  WARNING 04: minimum elevation drop used for Conduit 148
  WARNING 04: minimum elevation drop used for Conduit 152
  WARNING 04: minimum elevation drop used for Conduit 153
  WARNING 04: minimum elevation drop used for Conduit 154
  WARNING 04: minimum elevation drop used for Conduit 155
  WARNING 04: minimum elevation drop used for Conduit 156
  WARNING 04: minimum elevation drop used for Conduit 157
  WARNING 04: minimum elevation drop used for Conduit 158
  WARNING 04: minimum elevation drop used for Conduit 159
  WARNING 04: minimum elevation drop used for Conduit 160
  WARNING 04: minimum elevation drop used for Conduit 161
  WARNING 04: minimum elevation drop used for Conduit 162
  WARNING 04: minimum elevation drop used for Conduit 163
  WARNING 04: minimum elevation drop used for Conduit 164
  WARNING 04: minimum elevation drop used for Conduit 165
  WARNING 04: minimum elevation drop used for Conduit 166
  WARNING 04: minimum elevation drop used for Conduit 167
  WARNING 04: minimum elevation drop used for Conduit 168
  WARNING 04: minimum elevation drop used for Conduit 169
  WARNING 04: minimum elevation drop used for Conduit 170
  WARNING 04: minimum elevation drop used for Conduit 171
  WARNING 04: minimum elevation drop used for Conduit 172
  WARNING 04: minimum elevation drop used for Conduit 173
  WARNING 04: minimum elevation drop used for Conduit 174
  WARNING 04: minimum elevation drop used for Conduit 175
  WARNING 04: minimum elevation drop used for Conduit 176
  WARNING 04: minimum elevation drop used for Conduit 177
  WARNING 04: minimum elevation drop used for Conduit 178
  WARNING 04: minimum elevation drop used for Conduit 179
  WARNING 04: minimum elevation drop used for Conduit 180
  WARNING 04: minimum elevation drop used for Conduit 181
  WARNING 04: minimum elevation drop used for Conduit 182
  WARNING 04: minimum elevation drop used for Conduit 183
  WARNING 04: minimum elevation drop used for Conduit 184
  WARNING 04: minimum elevation drop used for Conduit 185
  WARNING 04: minimum elevation drop used for Conduit 186
  WARNING 04: minimum elevation drop used for Conduit 187
  WARNING 04: minimum elevation drop used for Conduit 188
  WARNING 04: minimum elevation drop used for Conduit 189
  WARNING 04: minimum elevation drop used for Conduit 190
  WARNING 04: minimum elevation drop used for Conduit 191
  WARNING 04: minimum elevation drop used for Conduit 192
  WARNING 04: minimum elevation drop used for Conduit 193
  WARNING 04: minimum elevation drop used for Conduit 194
  WARNING 04: minimum elevation drop used for Conduit 195
  WARNING 04: minimum elevation drop used for Conduit 196
  WARNING 04: minimum elevation drop used for Conduit 197
  WARNING 04: minimum elevation drop used for Conduit 198
  WARNING 04: minimum elevation drop used for Conduit 199
  WARNING 04: minimum elevation drop used for Conduit 200
  WARNING 04: minimum elevation drop used for Conduit 201
  WARNING 04: minimum elevation drop used for Conduit 202
  WARNING 04: minimum elevation drop used for Conduit 203
  WARNING 04: minimum elevation drop used for Conduit 204
  WARNING 04: minimum elevation drop used for Conduit 205
  WARNING 04: minimum elevation drop used for Conduit 206
  WARNING 04: minimum elevation drop used for Conduit 207
  WARNING 04: minimum elevation drop used for Conduit 208
  WARNING 04: minimum elevation drop used for Conduit 209
  WARNING 04: minimum elevation drop used for Conduit 210
  WARNING 04: minimum elevation drop used for Conduit 211
  WARNING 04: minimum elevation drop used for Conduit 212
  WARNING 04: minimum elevation drop used for Conduit 213
  WARNING 04: minimum elevation drop used for Conduit 214
  WARNING 04: minimum elevation drop used for Conduit 215
  WARNING 04: minimum elevation drop used for Conduit 216
  WARNING 04: minimum elevation drop used for Conduit 217
  WARNING 04: minimum elevation drop used for Conduit 218
  WARNING 04: minimum elevation drop used for Conduit 219
  WARNING 04: minimum elevation drop used for Conduit 220
  WARNING 04: minimum elevation drop used for Conduit 221
  WARNING 04: minimum elevation drop used for Conduit 222
  WARNING 04: minimum elevation drop used for Conduit 223
  WARNING 04: minimum elevation drop used for Conduit 224
  WARNING 04: minimum elevation drop used for Conduit 225
  WARNING 04: minimum elevation drop used for Conduit 226
  WARNING 04: minimum elevation drop used for Conduit 227
  WARNING 04: minimum elevation drop used for Conduit 228
  WARNING 04: minimum elevation drop used for Conduit 230
  WARNING 04: minimum elevation drop used for Conduit 231
  WARNING 04: minimum elevation drop used for Conduit 232
  WARNING 04: minimum elevation drop used for Conduit 233
  WARNING 04: minimum elevation drop used for Conduit 234
  WARNING 04: minimum elevation drop used for Conduit 235
  WARNING 04: minimum elevation drop used for Conduit 236
  WARNING 04: minimum elevation drop used for Conduit 237
  WARNING 04: minimum elevation drop used for Conduit 238
  WARNING 04: minimum elevation drop used for Conduit 239
  WARNING 04: minimum elevation drop used for Conduit 240
  WARNING 04: minimum elevation drop used for Conduit 241
  WARNING 04: minimum elevation drop used for Conduit 242
  WARNING 04: minimum elevation drop used for Conduit 243
  WARNING 04: minimum elevation drop used for Conduit 244
  WARNING 04: minimum elevation drop used for Conduit 245
  WARNING 04: minimum elevation drop used for Conduit 246
  WARNING 04: minimum elevation drop used for Conduit 247
  WARNING 04: minimum elevation drop used for Conduit 248
  WARNING 04: minimum elevation drop used for Conduit 249
  WARNING 04: minimum elevation drop used for Conduit 250
  WARNING 04: minimum elevation drop used for Conduit 251
  WARNING 04: minimum elevation drop used for Conduit 252
  WARNING 04: minimum elevation drop used for Conduit 253
  WARNING 04: minimum elevation drop used for Conduit 254
  WARNING 04: minimum elevation drop used for Conduit 255
  WARNING 04: minimum elevation drop used for Conduit 256
  WARNING 04: minimum elevation drop used for Conduit 257
  WARNING 04: minimum elevation drop used for Conduit 258
  WARNING 04: minimum elevation drop used for Conduit 259
  WARNING 04: minimum elevation drop used for Conduit 260
  WARNING 04: minimum elevation drop used for Conduit 261
  WARNING 04: minimum elevation drop used for Conduit 262
  WARNING 04: minimum elevation drop used for Conduit 263
  WARNING 04: minimum elevation drop used for Conduit 264
  WARNING 04: minimum elevation drop used for Conduit 265
  WARNING 04: minimum elevation drop used for Conduit 266
  WARNING 04: minimum elevation drop used for Conduit 267
  WARNING 04: minimum elevation drop used for Conduit 268
  WARNING 04: minimum elevation drop used for Conduit 269
  WARNING 04: minimum elevation drop used for Conduit 270
  WARNING 04: minimum elevation drop used for Conduit 271
  WARNING 04: minimum elevation drop used for Conduit 272
  WARNING 04: minimum elevation drop used for Conduit 273
  WARNING 04: minimum elevation drop used for Conduit 274
  WARNING 04: minimum elevation drop used for Conduit 275
  WARNING 04: minimum elevation drop used for Conduit 276
  WARNING 04: minimum elevation drop used for Conduit 277
  WARNING 04: minimum elevation drop used for Conduit 278
  WARNING 04: minimum elevation drop used for Conduit 279
  WARNING 04: minimum elevation drop used for Conduit 280
  WARNING 04: minimum elevation drop used for Conduit 281
  WARNING 04: minimum elevation drop used for Conduit 282
  WARNING 04: minimum elevation drop used for Conduit 283
  WARNING 04: minimum elevation drop used for Conduit 284
  WARNING 04: minimum elevation drop used for Conduit 285
  WARNING 04: minimum elevation drop used for Conduit 286
  WARNING 04: minimum elevation drop used for Conduit 287
  WARNING 04: minimum elevation drop used for Conduit 288
  WARNING 04: minimum elevation drop used for Conduit 289
  WARNING 04: minimum elevation drop used for Conduit 290
  WARNING 04: minimum elevation drop used for Conduit 291
  WARNING 04: minimum elevation drop used for Conduit 292
  WARNING 04: minimum elevation drop used for Conduit 293
  WARNING 04: minimum elevation drop used for Conduit 294
  WARNING 04: minimum elevation drop used for Conduit 295
  WARNING 04: minimum elevation drop used for Conduit 296
  WARNING 04: minimum elevation drop used for Conduit 297
  WARNING 04: minimum elevation drop used for Conduit 298
  
  *************
  Element Count
  *************
  Number of rain gages ...... 0
  Number of subcatchments ... 0
  Number of nodes ........... 299
  Number of links ........... 298
  Number of pollutants ...... 0
  Number of land uses ....... 0
  
  
  ************
  Node Summary
  ************
                                           Invert      Max.    Ponded    External
  Name                 Type                 Elev.     Depth      Area    Inflow  
  -------------------------------------------------------------------------------
  2                    JUNCTION              0.00      3.00       0.0
  3                    JUNCTION              0.00      3.00       0.0
  4                    JUNCTION              0.00      3.00       0.0
  5                    JUNCTION              0.00      3.00       0.0
  6                    JUNCTION              0.00      3.00       0.0
  7                    JUNCTION              0.00      3.00       0.0
  8                    JUNCTION              0.00      3.00       0.0
  9                    JUNCTION              0.00      3.00       0.0
  10                   JUNCTION              0.00      3.00       0.0
  11                   JUNCTION              0.00      3.00       0.0
  12                   JUNCTION              0.00      3.00       0.0
  13                   JUNCTION              0.00      3.00       0.0
  14                   JUNCTION              0.00      3.00       0.0
  15                   JUNCTION              0.00      3.00       0.0
  16                   JUNCTION              0.00      3.00       0.0
  17                   JUNCTION              0.00      3.00       0.0
  18                   JUNCTION              0.00      3.00       0.0
  19                   JUNCTION              0.00      3.00       0.0
  20                   JUNCTION              0.00      3.00       0.0
  21                   JUNCTION              0.00      3.00       0.0
  22                   JUNCTION              0.00      3.00       0.0
  23                   JUNCTION              0.00      3.00       0.0
  24                   JUNCTION              0.00      3.00       0.0
  25                   JUNCTION              0.00      3.00       0.0
  26                   JUNCTION              0.00      3.00       0.0
  27                   JUNCTION              0.00      3.00       0.0
  28                   JUNCTION              0.00      3.00       0.0
  29                   JUNCTION              0.00      3.00       0.0
  30                   JUNCTION              0.00      3.00       0.0
  31                   JUNCTION              0.00      3.00       0.0
  32                   JUNCTION              0.00      3.00       0.0
  33                   JUNCTION              0.00      3.00       0.0
  34                   JUNCTION              0.00      3.00       0.0
  35                   JUNCTION              0.00      3.00       0.0
  36                   JUNCTION              0.00      3.00       0.0
  37                   JUNCTION              0.00      3.00       0.0
  38                   JUNCTION              0.00      3.00       0.0
  39                   JUNCTION              0.00      3.00       0.0
  40                   JUNCTION              0.00      3.00       0.0
  41                   JUNCTION              0.00      3.00       0.0
  42                   JUNCTION              0.00      3.00       0.0
  43                   JUNCTION              0.00      3.00       0.0
  44                   JUNCTION              0.00      3.00       0.0
  45                   JUNCTION              0.00      3.00       0.0
  46                   JUNCTION              0.00      3.00       0.0
  47                   JUNCTION              0.00      3.00       0.0
  48                   JUNCTION              0.00      3.00       0.0
  49                   JUNCTION              0.00      3.00       0.0
  50                   JUNCTION              0.00      3.00       0.0
  51                   JUNCTION              0.00      3.00       0.0
  52                   JUNCTION              0.00      3.00       0.0
  53                   JUNCTION              0.00      3.00       0.0
  54                   JUNCTION              0.00      3.00       0.0
  55                   JUNCTION              0.00      3.00       0.0
  56                   JUNCTION              0.00      3.00       0.0
  57                   JUNCTION              0.00      3.00       0.0
  58                   JUNCTION              0.00      3.00       0.0
  59                   JUNCTION              0.00      3.00       0.0
  60                   JUNCTION              0.00      3.00       0.0
  61                   JUNCTION              0.00      3.00       0.0
  62                   JUNCTION              0.00      3.00       0.0
  63                   JUNCTION              0.00      3.00       0.0
  64                   JUNCTION              0.00      3.00       0.0
  65                   JUNCTION              0.00      3.00       0.0
  66                   JUNCTION              0.00      3.00       0.0
  67                   JUNCTION              0.00      3.00       0.0
  68                   JUNCTION              0.00      3.00       0.0
  69                   JUNCTION              0.00      3.00       0.0
  70                   JUNCTION              0.00      3.00       0.0
  71                   JUNCTION              0.00      3.00       0.0
  72                   JUNCTION              0.00      3.00       0.0
  73                   JUNCTION              0.00      3.00       0.0
  74                   JUNCTION              0.00      3.00       0.0
  75                   JUNCTION              0.00      3.00       0.0
  76                   JUNCTION              0.00      3.00       0.0
  77                   JUNCTION              0.00      3.00       0.0
  78                   JUNCTION              0.00      3.00       0.0
  80                   JUNCTION              0.00      3.00       0.0
  82                   JUNCTION              0.00      3.00       0.0
  83                   JUNCTION              0.00      3.00       0.0
  84                   JUNCTION              0.00      3.00       0.0
  85                   JUNCTION              0.00      3.00       0.0
  86                   JUNCTION              0.00      3.00       0.0
  87                   JUNCTION              0.00      3.00       0.0
  88                   JUNCTION              0.00      3.00       0.0
  89                   JUNCTION              0.00      3.00       0.0
  90                   JUNCTION              0.00      3.00       0.0
  91                   JUNCTION              0.00      3.00       0.0
  92                   JUNCTION              0.00      3.00       0.0
  93                   JUNCTION              0.00      3.00       0.0
  94                   JUNCTION              0.00      3.00       0.0
  95                   JUNCTION              0.00      3.00       0.0
  96                   JUNCTION              0.00      3.00       0.0
  97                   JUNCTION              0.00      3.00       0.0
  98                   JUNCTION              0.00      3.00       0.0
  99                   JUNCTION              0.00      3.00       0.0
  100                  JUNCTION              0.00      3.00       0.0
  101                  JUNCTION              0.00      3.00       0.0
  102                  JUNCTION              0.00      3.00       0.0
  103                  JUNCTION              0.00      3.00       0.0
  104                  JUNCTION              0.00      3.00       0.0
  105                  JUNCTION              0.00      3.00       0.0
  106                  JUNCTION              0.00      3.00       0.0
  107                  JUNCTION              0.00      3.00       0.0
  108                  JUNCTION              0.00      3.00       0.0
  109                  JUNCTION              0.00      3.00       0.0
  110                  JUNCTION              0.00      3.00       0.0
  111                  JUNCTION              0.00      3.00       0.0
  112                  JUNCTION              0.00      3.00       0.0
  113                  JUNCTION              0.00      3.00       0.0
  114                  JUNCTION              0.00      3.00       0.0
  115                  JUNCTION              0.00      3.00       0.0
  116                  JUNCTION              0.00      3.00       0.0
  117                  JUNCTION              0.00      3.00       0.0
  118                  JUNCTION              0.00      3.00       0.0
  119                  JUNCTION              0.00      3.00       0.0
  120                  JUNCTION              0.00      3.00       0.0
  121                  JUNCTION              0.00      3.00       0.0
  122                  JUNCTION              0.00      3.00       0.0
  123                  JUNCTION              0.00      3.00       0.0
  124                  JUNCTION              0.00      3.00       0.0
  125                  JUNCTION              0.00      3.00       0.0
  126                  JUNCTION              0.00      3.00       0.0
  127                  JUNCTION              0.00      3.00       0.0
  128                  JUNCTION              0.00      3.00       0.0
  129                  JUNCTION              0.00      3.00       0.0
  130                  JUNCTION              0.00      3.00       0.0
  131                  JUNCTION              0.00      3.00       0.0
  132                  JUNCTION              0.00      3.00       0.0
  133                  JUNCTION              0.00      3.00       0.0
  134                  JUNCTION              0.00      3.00       0.0
  135                  JUNCTION              0.00      3.00       0.0
  136                  JUNCTION              0.00      3.00       0.0
  137                  JUNCTION              0.00      3.00       0.0
  138                  JUNCTION              0.00      3.00       0.0
  139                  JUNCTION              0.00      3.00       0.0
  140                  JUNCTION              0.00      3.00       0.0
  141                  JUNCTION              0.00      3.00       0.0
  142                  JUNCTION              0.00      3.00       0.0
  143                  JUNCTION              0.00      3.00       0.0
  144                  JUNCTION              0.00      3.00       0.0
  145                  JUNCTION              0.00      3.00       0.0
  146                  JUNCTION              0.00      3.00       0.0
  147                  JUNCTION              0.00      3.00       0.0
  148                  JUNCTION              0.00      3.00       0.0
  149                  JUNCTION              0.00      3.00       0.0
  152                  JUNCTION              0.00      3.00       0.0
  153                  JUNCTION              0.00      3.00       0.0
  154                  JUNCTION              0.00      3.00       0.0
  155                  JUNCTION              0.00      3.00       0.0
  156                  JUNCTION              0.00      3.00       0.0
  157                  JUNCTION              0.00      3.00       0.0
  158                  JUNCTION              0.00      3.00       0.0
  159                  JUNCTION              0.00      3.00       0.0
  160                  JUNCTION              0.00      3.00       0.0
  161                  JUNCTION              0.00      3.00       0.0
  162                  JUNCTION              0.00      3.00       0.0
  163                  JUNCTION              0.00      3.00       0.0
  164                  JUNCTION              0.00      3.00       0.0
  165                  JUNCTION              0.00      3.00       0.0
  166                  JUNCTION              0.00      3.00       0.0
  167                  JUNCTION              0.00      3.00       0.0
  168                  JUNCTION              0.00      3.00       0.0
  169                  JUNCTION              0.00      3.00       0.0
  170                  JUNCTION              0.00      3.00       0.0
  171                  JUNCTION              0.00      3.00       0.0
  172                  JUNCTION              0.00      3.00       0.0
  173                  JUNCTION              0.00      3.00       0.0
  174                  JUNCTION              0.00      3.00       0.0
  175                  JUNCTION              0.00      3.00       0.0
  176                  JUNCTION              0.00      3.00       0.0
  177                  JUNCTION              0.00      3.00       0.0
  178                  JUNCTION              0.00      3.00       0.0
  179                  JUNCTION              0.00      3.00       0.0
  180                  JUNCTION              0.00      3.00       0.0
  181                  JUNCTION              0.00      3.00       0.0
  182                  JUNCTION              0.00      3.00       0.0
  183                  JUNCTION              0.00      3.00       0.0
  184                  JUNCTION              0.00      3.00       0.0
  185                  JUNCTION              0.00      3.00       0.0
  186                  JUNCTION              0.00      3.00       0.0
  187                  JUNCTION              0.00      3.00       0.0
  188                  JUNCTION              0.00      3.00       0.0
  189                  JUNCTION              0.00      3.00       0.0
  190                  JUNCTION              0.00      3.00       0.0
  191                  JUNCTION              0.00      3.00       0.0
  192                  JUNCTION              0.00      3.00       0.0
  193                  JUNCTION              0.00      3.00       0.0
  194                  JUNCTION              0.00      3.00       0.0
  195                  JUNCTION              0.00      3.00       0.0
  196                  JUNCTION              0.00      3.00       0.0
  197                  JUNCTION              0.00      3.00       0.0
  198                  JUNCTION              0.00      3.00       0.0
  199                  JUNCTION              0.00      3.00       0.0
  200                  JUNCTION              0.00      3.00       0.0
  201                  JUNCTION              0.00      3.00       0.0
  202                  JUNCTION              0.00      3.00       0.0
  203                  JUNCTION              0.00      3.00       0.0
  204                  JUNCTION              0.00      3.00       0.0
  205                  JUNCTION              0.00      3.00       0.0
  206                  JUNCTION              0.00      3.00       0.0
  207                  JUNCTION              0.00      3.00       0.0
  208                  JUNCTION              0.00      3.00       0.0
  209                  JUNCTION              0.00      3.00       0.0
  210                  JUNCTION              0.00      3.00       0.0
  211                  JUNCTION              0.00      3.00       0.0
  212                  JUNCTION              0.00      3.00       0.0
  213                  JUNCTION              0.00      3.00       0.0
  214                  JUNCTION              0.00      3.00       0.0
  215                  JUNCTION              0.00      3.00       0.0
  216                  JUNCTION              0.00      3.00       0.0
  217                  JUNCTION              0.00      3.00       0.0
  218                  JUNCTION              0.00      3.00       0.0
  219                  JUNCTION              0.00      3.00       0.0
  220                  JUNCTION              0.00      3.00       0.0
  221                  JUNCTION              0.00      3.00       0.0
  222                  JUNCTION              0.00      3.00       0.0
  223                  JUNCTION              0.00      3.00       0.0
  224                  JUNCTION              0.00      3.00       0.0
  225                  JUNCTION              0.00      3.00       0.0
  226                  JUNCTION              0.00      3.00       0.0
  227                  JUNCTION              0.00      3.00       0.0
  228                  JUNCTION              0.00      3.00       0.0
  230                  JUNCTION              0.00      3.00       0.0
  231                  JUNCTION              0.00      3.00       0.0
  232                  JUNCTION              0.00      3.00       0.0
  233                  JUNCTION              0.00      3.00       0.0
  234                  JUNCTION              0.00      3.00       0.0
  235                  JUNCTION              0.00      3.00       0.0
  236                  JUNCTION              0.00      3.00       0.0
  237                  JUNCTION              0.00      3.00       0.0
  238                  JUNCTION              0.00      3.00       0.0
  239                  JUNCTION              0.00      3.00       0.0
  240                  JUNCTION              0.00      3.00       0.0
  241                  JUNCTION              0.00      3.00       0.0
  242                  JUNCTION              0.00      3.00       0.0
  243                  JUNCTION              0.00      3.00       0.0
  244                  JUNCTION              0.00      3.00       0.0
  245                  JUNCTION              0.00      3.00       0.0
  246                  JUNCTION              0.00      3.00       0.0
  247                  JUNCTION              0.00      3.00       0.0
  248                  JUNCTION              0.00      3.00       0.0
  249                  JUNCTION              0.00      3.00       0.0
  250                  JUNCTION              0.00      3.00       0.0
  251                  JUNCTION              0.00      3.00       0.0
  252                  JUNCTION              0.00      3.00       0.0
  253                  JUNCTION              0.00      3.00       0.0
  254                  JUNCTION              0.00      3.00       0.0
  255                  JUNCTION              0.00      3.00       0.0
  256                  JUNCTION              0.00      3.00       0.0
  257                  JUNCTION              0.00      3.00       0.0
  258                  JUNCTION              0.00      3.00       0.0
  259                  JUNCTION              0.00      3.00       0.0
  260                  JUNCTION              0.00      3.00       0.0
  261                  JUNCTION              0.00      3.00       0.0
  262                  JUNCTION              0.00      3.00       0.0
  263                  JUNCTION              0.00      3.00       0.0
  264                  JUNCTION              0.00      3.00       0.0
  265                  JUNCTION              0.00      3.00       0.0
  266                  JUNCTION              0.00      3.00       0.0
  267                  JUNCTION              0.00      3.00       0.0
  268                  JUNCTION              0.00      3.00       0.0
  269                  JUNCTION              0.00      3.00       0.0
  270                  JUNCTION              0.00      3.00       0.0
  271                  JUNCTION              0.00      3.00       0.0
  272                  JUNCTION              0.00      3.00       0.0
  273                  JUNCTION              0.00      3.00       0.0
  274                  JUNCTION              0.00      3.00       0.0
  275                  JUNCTION              0.00      3.00       0.0
  276                  JUNCTION              0.00      3.00       0.0
  277                  JUNCTION              0.00      3.00       0.0
  278                  JUNCTION              0.00      3.00       0.0
  279                  JUNCTION              0.00      3.00       0.0
  280                  JUNCTION              0.00      3.00       0.0
  281                  JUNCTION              0.00      3.00       0.0
  282                  JUNCTION              0.00      3.00       0.0
  283                  JUNCTION              0.00      3.00       0.0
  284                  JUNCTION              0.00      3.00       0.0
  285                  JUNCTION              0.00      3.00       0.0
  286                  JUNCTION              0.00      3.00       0.0
  287                  JUNCTION              0.00      3.00       0.0
  288                  JUNCTION              0.00      3.00       0.0
  289                  JUNCTION              0.00      3.00       0.0
  290                  JUNCTION              0.00      3.00       0.0
  291                  JUNCTION              0.00      3.00       0.0
  292                  JUNCTION              0.00      3.00       0.0
  293                  JUNCTION              0.00      3.00       0.0
  294                  JUNCTION              0.00      3.00       0.0
  295                  JUNCTION              0.00      3.00       0.0
  296                  JUNCTION              0.00      3.00       0.0
  297                  JUNCTION              0.00      3.00       0.0
  298                  JUNCTION              0.00      3.00       0.0
  299                  JUNCTION              0.00      3.00       0.0
  150                  OUTFALL               0.00      0.00       0.0
  300                  OUTFALL               0.00      0.00       0.0
  1                    STORAGE             -10.00     60.00       0.0    Yes
  151                  STORAGE             -10.00     60.00       0.0    Yes
  229                  STORAGE             -10.00     60.00       0.0
  79                   STORAGE             -10.00     60.00       0.0
  
  
  ************
  Link Summary
  ************
  Name             From Node        To Node          Type            Length    %Slope Roughness
  ---------------------------------------------------------------------------------------------
  2                2                3                CONDUIT          500.0    0.0002    0.0130
  3                3                4                CONDUIT          500.0    0.0002    0.0130
  4                4                5                CONDUIT          500.0    0.0002    0.0130
  5                5                6                CONDUIT          500.0    0.0002    0.0130
  6                6                7                CONDUIT          500.0    0.0002    0.0130
  7                7                8                CONDUIT          500.0    0.0002    0.0130
  8                8                9                CONDUIT          500.0    0.0002    0.0130
  9                9                10               CONDUIT          500.0    0.0002    0.0130
  10               10               11               CONDUIT          500.0    0.0002    0.0130
  11               11               12               CONDUIT          500.0    0.0002    0.0130
  12               12               13               CONDUIT          500.0    0.0002    0.0130
  13               13               14               CONDUIT          500.0    0.0002    0.0130
  14               14               15               CONDUIT          500.0    0.0002    0.0130
  15               15               16               CONDUIT          500.0    0.0002    0.0130
  16               16               17               CONDUIT          500.0    0.0002    0.0130
  17               17               18               CONDUIT          500.0    0.0002    0.0130
  18               18               19               CONDUIT          500.0    0.0002    0.0130
  19               19               20               CONDUIT          500.0    0.0002    0.0130
  20               20               21               CONDUIT          500.0    0.0002    0.0130
  21               21               22               CONDUIT          500.0    0.0002    0.0130
  22               22               23               CONDUIT          500.0    0.0002    0.0130
  23               23               24               CONDUIT          500.0    0.0002    0.0130
  24               24               25               CONDUIT          500.0    0.0002    0.0130
  25               25               26               CONDUIT          500.0    0.0002    0.0130
  26               26               27               CONDUIT          500.0    0.0002    0.0130
  27               27               28               CONDUIT          500.0    0.0002    0.0130
  28               28               29               CONDUIT          500.0    0.0002    0.0130
  29               29               30               CONDUIT          500.0    0.0002    0.0130
  30               30               31               CONDUIT          500.0    0.0002    0.0130
  31               31               32               CONDUIT          500.0    0.0002    0.0130
  32               32               33               CONDUIT          500.0    0.0002    0.0130
  33               33               34               CONDUIT          500.0    0.0002    0.0130
  34               34               35               CONDUIT          500.0    0.0002    0.0130
  35               35               36               CONDUIT          500.0    0.0002    0.0130
  36               36               37               CONDUIT          500.0    0.0002    0.0130
  37               37               38               CONDUIT          500.0    0.0002    0.0130
  38               38               39               CONDUIT          500.0    0.0002    0.0130
  39               39               40               CONDUIT          500.0    0.0002    0.0130
  40               40               41               CONDUIT          500.0    0.0002    0.0130
  41               41               42               CONDUIT          500.0    0.0002    0.0130
  42               42               43               CONDUIT          500.0    0.0002    0.0130
  43               43               44               CONDUIT          500.0    0.0002    0.0130
  44               44               45               CONDUIT          500.0    0.0002    0.0130
  45               45               46               CONDUIT          500.0    0.0002    0.0130
  46               46               47               CONDUIT          500.0    0.0002    0.0130
  47               47               48               CONDUIT          500.0    0.0002    0.0130
  48               48               49               CONDUIT          500.0    0.0002    0.0130
  49               49               50               CONDUIT          500.0    0.0002    0.0130
  50               50               51               CONDUIT          500.0    0.0002    0.0130
  51               51               52               CONDUIT          500.0    0.0002    0.0130
  52               52               53               CONDUIT          500.0    0.0002    0.0130
  53               53               54               CONDUIT          500.0    0.0002    0.0130
  54               54               55               CONDUIT          500.0    0.0002    0.0130
  55               55               56               CONDUIT          500.0    0.0002    0.0130
  56               56               57               CONDUIT          500.0    0.0002    0.0130
  57               57               58               CONDUIT          500.0    0.0002    0.0130
  58               58               59               CONDUIT          500.0    0.0002    0.0130
  59               59               60               CONDUIT          500.0    0.0002    0.0130
  60               60               61               CONDUIT          500.0    0.0002    0.0130
  61               61               62               CONDUIT          500.0    0.0002    0.0130
  62               62               63               CONDUIT          500.0    0.0002    0.0130
  63               63               64               CONDUIT          500.0    0.0002    0.0130
  64               64               65               CONDUIT          500.0    0.0002    0.0130
  65               65               66               CONDUIT          500.0    0.0002    0.0130
  66               66               67               CONDUIT          500.0    0.0002    0.0130
  67               67               68               CONDUIT          500.0    0.0002    0.0130
  68               68               69               CONDUIT          500.0    0.0002    0.0130
  69               69               70               CONDUIT          500.0    0.0002    0.0130
  70               70               71               CONDUIT          500.0    0.0002    0.0130
  71               71               72               CONDUIT          500.0    0.0002    0.0130
  72               72               73               CONDUIT          500.0    0.0002    0.0130
  73               73               74               CONDUIT          500.0    0.0002    0.0130
  74               74               75               CONDUIT          500.0    0.0002    0.0130
  75               75               76               CONDUIT          500.0    0.0002    0.0130
  76               76               77               CONDUIT          500.0    0.0002    0.0130
  77               77               78               CONDUIT          500.0    0.0002    0.0130
  78               78               79               CONDUIT          500.0    0.0002    0.0130
  80               80               231              CONDUIT          500.0    0.0002    0.0130
  81               231              82               CONDUIT          500.0    0.0002    0.0130
  82               82               83               CONDUIT          500.0    0.0002    0.0130
  83               83               84               CONDUIT          500.0    0.0002    0.0130
  84               84               85               CONDUIT          500.0    0.0002    0.0130
  85               85               86               CONDUIT          500.0    0.0002    0.0130
  86               86               87               CONDUIT          500.0    0.0002    0.0130
  87               87               88               CONDUIT          500.0    0.0002    0.0130
  88               88               89               CONDUIT          500.0    0.0002    0.0130
  89               89               90               CONDUIT          500.0    0.0002    0.0130
  90               90               91               CONDUIT          500.0    0.0002    0.0130
  91               91               92               CONDUIT          500.0    0.0002    0.0130
  92               92               93               CONDUIT          500.0    0.0002    0.0130
  93               93               94               CONDUIT          500.0    0.0002    0.0130
  94               94               95               CONDUIT          500.0    0.0002    0.0130
  95               95               96               CONDUIT          500.0    0.0002    0.0130
  96               96               97               CONDUIT          500.0    0.0002    0.0130
  97               97               98               CONDUIT          500.0    0.0002    0.0130
  98               98               99               CONDUIT          500.0    0.0002    0.0130
  99               99               100              CONDUIT          500.0    0.0002    0.0130
  100              100              101              CONDUIT          500.0    0.0002    0.0130
  101              101              102              CONDUIT          500.0    0.0002    0.0130
  102              102              103              CONDUIT          500.0    0.0002    0.0130
  103              103              104              CONDUIT          500.0    0.0002    0.0130
  104              104              105              CONDUIT          500.0    0.0002    0.0130
  105              105              106              CONDUIT          500.0    0.0002    0.0130
  106              106              107              CONDUIT          500.0    0.0002    0.0130
  107              107              108              CONDUIT          500.0    0.0002    0.0130
  108              108              109              CONDUIT          500.0    0.0002    0.0130
  109              109              110              CONDUIT          500.0    0.0002    0.0130
  110              110              111              CONDUIT          500.0    0.0002    0.0130
  111              111              112              CONDUIT          500.0    0.0002    0.0130
  112              112              113              CONDUIT          500.0    0.0002    0.0130
  113              113              114              CONDUIT          500.0    0.0002    0.0130
  114              114              115              CONDUIT          500.0    0.0002    0.0130
  115              115              116              CONDUIT          500.0    0.0002    0.0130
  116              116              117              CONDUIT          500.0    0.0002    0.0130
  117              117              118              CONDUIT          500.0    0.0002    0.0130
  118              118              119              CONDUIT          500.0    0.0002    0.0130
  119              119              120              CONDUIT          500.0    0.0002    0.0130
  120              120              121              CONDUIT          500.0    0.0002    0.0130
  121              121              122              CONDUIT          500.0    0.0002    0.0130
  122              122              123              CONDUIT          500.0    0.0002    0.0130
  123              123              124              CONDUIT          500.0    0.0002    0.0130
  124              124              125              CONDUIT          500.0    0.0002    0.0130
  125              125              126              CONDUIT          500.0    0.0002    0.0130
  126              126              127              CONDUIT          500.0    0.0002    0.0130
  127              127              128              CONDUIT          500.0    0.0002    0.0130
  128              128              129              CONDUIT          500.0    0.0002    0.0130
  129              129              130              CONDUIT          500.0    0.0002    0.0130
  130              130              131              CONDUIT          500.0    0.0002    0.0130
  131              131              132              CONDUIT          500.0    0.0002    0.0130
  132              132              133              CONDUIT          500.0    0.0002    0.0130
  133              133              134              CONDUIT          500.0    0.0002    0.0130
  134              134              135              CONDUIT          500.0    0.0002    0.0130
  135              135              136              CONDUIT          500.0    0.0002    0.0130
  136              136              137              CONDUIT          500.0    0.0002    0.0130
  137              137              138              CONDUIT          500.0    0.0002    0.0130
  138              138              139              CONDUIT          500.0    0.0002    0.0130
  139              139              140              CONDUIT          500.0    0.0002    0.0130
  140              140              141              CONDUIT          500.0    0.0002    0.0130
  141              141              142              CONDUIT          500.0    0.0002    0.0130
  142              142              143              CONDUIT          500.0    0.0002    0.0130
  143              143              144              CONDUIT          500.0    0.0002    0.0130
  144              144              145              CONDUIT          500.0    0.0002    0.0130
  145              145              146              CONDUIT          500.0    0.0002    0.0130
  146              146              147              CONDUIT          500.0    0.0002    0.0130
  147              147              148              CONDUIT          500.0    0.0002    0.0130
  148              148              149              CONDUIT          500.0    0.0002    0.0130
  152              152              153              CONDUIT          500.0    0.0002    0.0130
  153              153              154              CONDUIT          500.0    0.0002    0.0130
  154              154              155              CONDUIT          500.0    0.0002    0.0130
  155              155              156              CONDUIT          500.0    0.0002    0.0130
  156              156              157              CONDUIT          500.0    0.0002    0.0130
  157              157              158              CONDUIT          500.0    0.0002    0.0130
  158              158              159              CONDUIT          500.0    0.0002    0.0130
  159              159              160              CONDUIT          500.0    0.0002    0.0130
  160              160              161              CONDUIT          500.0    0.0002    0.0130
  161              161              162              CONDUIT          500.0    0.0002    0.0130
  162              162              163              CONDUIT          500.0    0.0002    0.0130
  163              163              164              CONDUIT          500.0    0.0002    0.0130
  164              164              165              CONDUIT          500.0    0.0002    0.0130
  165              165              166              CONDUIT          500.0    0.0002    0.0130
  166              166              167              CONDUIT          500.0    0.0002    0.0130
  167              167              168              CONDUIT          500.0    0.0002    0.0130
  168              168              169              CONDUIT          500.0    0.0002    0.0130
  169              169              170              CONDUIT          500.0    0.0002    0.0130
  170              170              171              CONDUIT          500.0    0.0002    0.0130
  171              171              172              CONDUIT          500.0    0.0002    0.0130
  172              172              173              CONDUIT          500.0    0.0002    0.0130
  173              173              174              CONDUIT          500.0    0.0002    0.0130
  174              174              175              CONDUIT          500.0    0.0002    0.0130
  175              175              176              CONDUIT          500.0    0.0002    0.0130
  176              176              177              CONDUIT          500.0    0.0002    0.0130
  177              177              178              CONDUIT          500.0    0.0002    0.0130
  178              178              179              CONDUIT          500.0    0.0002    0.0130
  179              179              180              CONDUIT          500.0    0.0002    0.0130
  180              180              181              CONDUIT          500.0    0.0002    0.0130
  181              181              182              CONDUIT          500.0    0.0002    0.0130
  182              182              183              CONDUIT          500.0    0.0002    0.0130
  183              183              184              CONDUIT          500.0    0.0002    0.0130
  184              184              185              CONDUIT          500.0    0.0002    0.0130
  185              185              186              CONDUIT          500.0    0.0002    0.0130
  186              186              187              CONDUIT          500.0    0.0002    0.0130
  187              187              188              CONDUIT          500.0    0.0002    0.0130
  188              188              189              CONDUIT          500.0    0.0002    0.0130
  189              189              190              CONDUIT          500.0    0.0002    0.0130
  190              190              191              CONDUIT          500.0    0.0002    0.0130
  191              191              192              CONDUIT          500.0    0.0002    0.0130
  192              192              193              CONDUIT          500.0    0.0002    0.0130
  193              193              194              CONDUIT          500.0    0.0002    0.0130
  194              194              195              CONDUIT          500.0    0.0002    0.0130
  195              195              196              CONDUIT          500.0    0.0002    0.0130
  196              196              197              CONDUIT          500.0    0.0002    0.0130
  197              197              198              CONDUIT          500.0    0.0002    0.0130
  198              198              199              CONDUIT          500.0    0.0002    0.0130
  199              199              200              CONDUIT          500.0    0.0002    0.0130
  200              200              201              CONDUIT          500.0    0.0002    0.0130
  201              201              202              CONDUIT          500.0    0.0002    0.0130
  202              202              203              CONDUIT          500.0    0.0002    0.0130
  203              203              204              CONDUIT          500.0    0.0002    0.0130
  204              204              205              CONDUIT          500.0    0.0002    0.0130
  205              205              206              CONDUIT          500.0    0.0002    0.0130
  206              206              207              CONDUIT          500.0    0.0002    0.0130
  207              207              208              CONDUIT          500.0    0.0002    0.0130
  208              208              209              CONDUIT          500.0    0.0002    0.0130
  209              209              210              CONDUIT          500.0    0.0002    0.0130
  210              210              211              CONDUIT          500.0    0.0002    0.0130
  211              211              212              CONDUIT          500.0    0.0002    0.0130
  212              212              213              CONDUIT          500.0    0.0002    0.0130
  213              213              214              CONDUIT          500.0    0.0002    0.0130
  214              214              215              CONDUIT          500.0    0.0002    0.0130
  215              215              216              CONDUIT          500.0    0.0002    0.0130
  216              216              217              CONDUIT          500.0    0.0002    0.0130
  217              217              218              CONDUIT          500.0    0.0002    0.0130
  218              218              219              CONDUIT          500.0    0.0002    0.0130
  219              219              220              CONDUIT          500.0    0.0002    0.0130
  220              220              221              CONDUIT          500.0    0.0002    0.0130
  221              221              222              CONDUIT          500.0    0.0002    0.0130
  222              222              223              CONDUIT          500.0    0.0002    0.0130
  223              223              224              CONDUIT          500.0    0.0002    0.0130
  224              224              225              CONDUIT          500.0    0.0002    0.0130
  225              225              226              CONDUIT          500.0    0.0002    0.0130
  226              226              227              CONDUIT          500.0    0.0002    0.0130
  227              227              228              CONDUIT          500.0    0.0002    0.0130
  228              228              229              CONDUIT          500.0    0.0002    0.0130
  230              230              231              CONDUIT          500.0    0.0002    0.0130
  231              231              232              CONDUIT          500.0    0.0002    0.0130
  232              232              233              CONDUIT          500.0    0.0002    0.0130
  233              233              234              CONDUIT          500.0    0.0002    0.0130
  234              234              235              CONDUIT          500.0    0.0002    0.0130
  235              235              236              CONDUIT          500.0    0.0002    0.0130
  236              236              237              CONDUIT          500.0    0.0002    0.0130
  237              237              238              CONDUIT          500.0    0.0002    0.0130
  238              238              239              CONDUIT          500.0    0.0002    0.0130
  239              239              240              CONDUIT          500.0    0.0002    0.0130
  240              240              241              CONDUIT          500.0    0.0002    0.0130
  241              241              242              CONDUIT          500.0    0.0002    0.0130
  242              242              243              CONDUIT          500.0    0.0002    0.0130
  243              243              244              CONDUIT          500.0    0.0002    0.0130
  244              244              245              CONDUIT          500.0    0.0002    0.0130
  245              245              246              CONDUIT          500.0    0.0002    0.0130
  246              246              247              CONDUIT          500.0    0.0002    0.0130
  247              247              248              CONDUIT          500.0    0.0002    0.0130
  248              248              249              CONDUIT          500.0    0.0002    0.0130
  249              249              250              CONDUIT          500.0    0.0002    0.0130
  250              250              251              CONDUIT          500.0    0.0002    0.0130
  251              251              252              CONDUIT          500.0    0.0002    0.0130
  252              252              253              CONDUIT          500.0    0.0002    0.0130
  253              253              254              CONDUIT          500.0    0.0002    0.0130
  254              254              255              CONDUIT          500.0    0.0002    0.0130
  255              255              256              CONDUIT          500.0    0.0002    0.0130
  256              256              257              CONDUIT          500.0    0.0002    0.0130
  257              257              258              CONDUIT          500.0    0.0002    0.0130
  258              258              259              CONDUIT          500.0    0.0002    0.0130
  259              259              260              CONDUIT          500.0    0.0002    0.0130
  260              260              261              CONDUIT          500.0    0.0002    0.0130
  261              261              262              CONDUIT          500.0    0.0002    0.0130
  262              262              263              CONDUIT          500.0    0.0002    0.0130
  263              263              264              CONDUIT          500.0    0.0002    0.0130
  264              264              265              CONDUIT          500.0    0.0002    0.0130
  265              265              266              CONDUIT          500.0    0.0002    0.0130
  266              266              267              CONDUIT          500.0    0.0002    0.0130
  267              267              268              CONDUIT          500.0    0.0002    0.0130
  268              268              269              CONDUIT          500.0    0.0002    0.0130
  269              269              270              CONDUIT          500.0    0.0002    0.0130
  270              270              271              CONDUIT          500.0    0.0002    0.0130
  271              271              272              CONDUIT          500.0    0.0002    0.0130
  272              272              273              CONDUIT          500.0    0.0002    0.0130
  273              273              274              CONDUIT          500.0    0.0002    0.0130
  274              274              275              CONDUIT          500.0    0.0002    0.0130
  275              275              276              CONDUIT          500.0    0.0002    0.0130
  276              276              277              CONDUIT          500.0    0.0002    0.0130
  277              277              278              CONDUIT          500.0    0.0002    0.0130
  278              278              279              CONDUIT          500.0    0.0002    0.0130
  279              279              280              CONDUIT          500.0    0.0002    0.0130
  280              280              281              CONDUIT          500.0    0.0002    0.0130
  281              281              282              CONDUIT          500.0    0.0002    0.0130
  282              282              283              CONDUIT          500.0    0.0002    0.0130
  283              283              284              CONDUIT          500.0    0.0002    0.0130
  284              284              285              CONDUIT          500.0    0.0002    0.0130
  285              285              286              CONDUIT          500.0    0.0002    0.0130
  286              286              287              CONDUIT          500.0    0.0002    0.0130
  287              287              288              CONDUIT          500.0    0.0002    0.0130
  288              288              289              CONDUIT          500.0    0.0002    0.0130
  289              289              290              CONDUIT          500.0    0.0002    0.0130
  290              290              291              CONDUIT          500.0    0.0002    0.0130
  291              291              292              CONDUIT          500.0    0.0002    0.0130
  292              292              293              CONDUIT          500.0    0.0002    0.0130
  293              293              294              CONDUIT          500.0    0.0002    0.0130
  294              294              295              CONDUIT          500.0    0.0002    0.0130
  295              295              296              CONDUIT          500.0    0.0002    0.0130
  296              296              297              CONDUIT          500.0    0.0002    0.0130
  297              297              298              CONDUIT          500.0    0.0002    0.0130
  298              298              299              CONDUIT          500.0    0.0002    0.0130
  1                1                2                TYPE1 PUMP  
  151              151              152              TYPE1 PUMP  
  229              229              230              TYPE4 PUMP  
  79               79               80               TYPE4 PUMP  
  149              149              150              ORIFICE     
  299              299              300              ORIFICE     
  
  
  *********************
  Cross Section Summary
  *********************
                                        Full     Full     Hyd.     Max.   No. of     Full
  Conduit          Shape               Depth     Area     Rad.    Width  Barrels     Flow
  ---------------------------------------------------------------------------------------
  2                FORCE_MAIN           3.00     7.07     0.75     3.00        1     0.66
  3                FORCE_MAIN           3.00     7.07     0.75     3.00        1     0.66
  4                FORCE_MAIN           3.00     7.07     0.75     3.00        1     0.66
  5                FORCE_MAIN           3.00     7.07     0.75     3.00        1     0.66
  6                FORCE_MAIN           3.00     7.07     0.75     3.00        1     0.66
  7                FORCE_MAIN           3.00     7.07     0.75     3.00        1     0.66
  8                FORCE_MAIN           3.00     7.07     0.75     3.00        1     0.66
  9                FORCE_MAIN           3.00     7.07     0.75     3.00        1     0.66
  10               FORCE_MAIN           3.00     7.07     0.75     3.00        1     0.66
  11               FORCE_MAIN           3.00     7.07     0.75     3.00        1     0.66
  12               FORCE_MAIN           3.00     7.07     0.75     3.00        1     0.66
  13               FORCE_MAIN           3.00     7.07     0.75     3.00        1     0.66
  14               FORCE_MAIN           3.00     7.07     0.75     3.00        1     0.66
  15               FORCE_MAIN           3.00     7.07     0.75     3.00        1     0.66
  16               FORCE_MAIN           3.00     7.07     0.75     3.00        1     0.66
  17               FORCE_MAIN           3.00     7.07     0.75     3.00        1     0.66
  18               FORCE_MAIN           3.00     7.07     0.75     3.00        1     0.66
  19               FORCE_MAIN           3.00     7.07     0.75     3.00        1     0.66
  20               FORCE_MAIN           3.00     7.07     0.75     3.00        1     0.66
  21               FORCE_MAIN           3.00     7.07     0.75     3.00        1     0.66
  22               FORCE_MAIN           3.00     7.07     0.75     3.00        1     0.66
  23               FORCE_MAIN           3.00     7.07     0.75     3.00        1     0.66
  24               FORCE_MAIN           3.00     7.07     0.75     3.00        1     0.66
  25               FORCE_MAIN           3.00     7.07     0.75     3.00        1     0.66
  26               FORCE_MAIN           3.00     7.07     0.75     3.00        1     0.66
  27               FORCE_MAIN           3.00     7.07     0.75     3.00        1     0.66
  28               FORCE_MAIN           3.00     7.07     0.75     3.00        1     0.66
  29               FORCE_MAIN           3.00     7.07     0.75     3.00        1     0.66
  30               FORCE_MAIN           3.00     7.07     0.75     3.00        1     0.66
  31               FORCE_MAIN           3.00     7.07     0.75     3.00        1     0.66
  32               FORCE_MAIN           3.00     7.07     0.75     3.00        1     0.66
  33               FORCE_MAIN           3.00     7.07     0.75     3.00        1     0.66
  34               FORCE_MAIN           3.00     7.07     0.75     3.00        1     0.66
  35               FORCE_MAIN           3.00     7.07     0.75     3.00        1     0.66
  36               FORCE_MAIN           3.00     7.07     0.75     3.00        1     0.66
  37               FORCE_MAIN           3.00     7.07     0.75     3.00        1     0.66
  38               FORCE_MAIN           3.00     7.07     0.75     3.00        1     0.66
  39               FORCE_MAIN           3.00     7.07     0.75     3.00        1     0.66
  40               FORCE_MAIN           3.00     7.07     0.75     3.00        1     0.66
  41               FORCE_MAIN           3.00     7.07     0.75     3.00        1     0.66
  42               FORCE_MAIN           3.00     7.07     0.75     3.00        1     0.66
  43               FORCE_MAIN           3.00     7.07     0.75     3.00        1     0.66
  44               FORCE_MAIN           3.00     7.07     0.75     3.00        1     0.66
  45               FORCE_MAIN           3.00     7.07     0.75     3.00        1     0.66
  46               FORCE_MAIN           3.00     7.07     0.75     3.00        1     0.66
  47               FORCE_MAIN           3.00     7.07     0.75     3.00        1     0.66
  48               FORCE_MAIN           3.00     7.07     0.75     3.00        1     0.66
  49               FORCE_MAIN           3.00     7.07     0.75     3.00        1     0.66
  50               FORCE_MAIN           3.00     7.07     0.75     3.00        1     0.66
  51               FORCE_MAIN           3.00     7.07     0.75     3.00        1     0.66
  52               FORCE_MAIN           3.00     7.07     0.75     3.00        1     0.66
  53               FORCE_MAIN           3.00     7.07     0.75     3.00        1     0.66
  54               FORCE_MAIN           3.00     7.07     0.75     3.00        1     0.66
  55               FORCE_MAIN           3.00     7.07     0.75     3.00        1     0.66
  56               FORCE_MAIN           3.00     7.07     0.75     3.00        1     0.66
  57               FORCE_MAIN           3.00     7.07     0.75     3.00        1     0.66
  58               FORCE_MAIN           3.00     7.07     0.75     3.00        1     0.66
  59               FORCE_MAIN           3.00     7.07     0.75     3.00        1     0.66
  60               FORCE_MAIN           3.00     7.07     0.75     3.00        1     0.66
  61               FORCE_MAIN           3.00     7.07     0.75     3.00        1     0.66
  62               FORCE_MAIN           3.00     7.07     0.75     3.00        1     0.66
  63               FORCE_MAIN           3.00     7.07     0.75     3.00        1     0.66
  64               FORCE_MAIN           3.00     7.07     0.75     3.00        1     0.66
  65               FORCE_MAIN           3.00     7.07     0.75     3.00        1     0.66
  66               FORCE_MAIN           3.00     7.07     0.75     3.00        1     0.66
  67               FORCE_MAIN           3.00     7.07     0.75     3.00        1     0.66
  68               FORCE_MAIN           3.00     7.07     0.75     3.00        1     0.66
  69               FORCE_MAIN           3.00     7.07     0.75     3.00        1     0.66
  70               FORCE_MAIN           3.00     7.07     0.75     3.00        1     0.66
  71               FORCE_MAIN           3.00     7.07     0.75     3.00        1     0.66
  72               FORCE_MAIN           3.00     7.07     0.75     3.00        1     0.66
  73               FORCE_MAIN           3.00     7.07     0.75     3.00        1     0.66
  74               FORCE_MAIN           3.00     7.07     0.75     3.00        1     0.66
  75               FORCE_MAIN           3.00     7.07     0.75     3.00        1     0.66
  76               FORCE_MAIN           3.00     7.07     0.75     3.00        1     0.66
  77               FORCE_MAIN           3.00     7.07     0.75     3.00        1     0.66
  78               FORCE_MAIN           3.00     7.07     0.75     3.00        1     0.66
  80               FORCE_MAIN           3.00     7.07     0.75     3.00        1     0.66
  81               FORCE_MAIN           3.00     7.07     0.75     3.00        1     0.66
  82               FORCE_MAIN           3.00     7.07     0.75     3.00        1     0.66
  83               FORCE_MAIN           3.00     7.07     0.75     3.00        1     0.66
  84               FORCE_MAIN           3.00     7.07     0.75     3.00        1     0.66
  85               FORCE_MAIN           3.00     7.07     0.75     3.00        1     0.66
  86               FORCE_MAIN           3.00     7.07     0.75     3.00        1     0.66
  87               FORCE_MAIN           3.00     7.07     0.75     3.00        1     0.66
  88               FORCE_MAIN           3.00     7.07     0.75     3.00        1     0.66
  89               FORCE_MAIN           3.00     7.07     0.75     3.00        1     0.66
  90               FORCE_MAIN           3.00     7.07     0.75     3.00        1     0.66
  91               FORCE_MAIN           3.00     7.07     0.75     3.00        1     0.66
  92               FORCE_MAIN           3.00     7.07     0.75     3.00        1     0.66
  93               FORCE_MAIN           3.00     7.07     0.75     3.00        1     0.66
  94               FORCE_MAIN           3.00     7.07     0.75     3.00        1     0.66
  95               FORCE_MAIN           3.00     7.07     0.75     3.00        1     0.66
  96               FORCE_MAIN           3.00     7.07     0.75     3.00        1     0.66
  97               FORCE_MAIN           3.00     7.07     0.75     3.00        1     0.66
  98               FORCE_MAIN           3.00     7.07     0.75     3.00        1     0.66
  99               FORCE_MAIN           3.00     7.07     0.75     3.00        1     0.66
  100              FORCE_MAIN           3.00     7.07     0.75     3.00        1     0.66
  101              FORCE_MAIN           3.00     7.07     0.75     3.00        1     0.66
  102              FORCE_MAIN           3.00     7.07     0.75     3.00        1     0.66
  103              FORCE_MAIN           3.00     7.07     0.75     3.00        1     0.66
  104              FORCE_MAIN           3.00     7.07     0.75     3.00        1     0.66
  105              FORCE_MAIN           3.00     7.07     0.75     3.00        1     0.66
  106              FORCE_MAIN           3.00     7.07     0.75     3.00        1     0.66
  107              FORCE_MAIN           3.00     7.07     0.75     3.00        1     0.66
  108              FORCE_MAIN           3.00     7.07     0.75     3.00        1     0.66
  109              FORCE_MAIN           3.00     7.07     0.75     3.00        1     0.66
  110              FORCE_MAIN           3.00     7.07     0.75     3.00        1     0.66
  111              FORCE_MAIN           3.00     7.07     0.75     3.00        1     0.66
  112              FORCE_MAIN           3.00     7.07     0.75     3.00        1     0.66
  113              FORCE_MAIN           3.00     7.07     0.75     3.00        1     0.66
  114              FORCE_MAIN           3.00     7.07     0.75     3.00        1     0.66
  115              FORCE_MAIN           3.00     7.07     0.75     3.00        1     0.66
  116              FORCE_MAIN           3.00     7.07     0.75     3.00        1     0.66
  117              FORCE_MAIN           3.00     7.07     0.75     3.00        1     0.66
  118              FORCE_MAIN           3.00     7.07     0.75     3.00        1     0.66
  119              FORCE_MAIN           3.00     7.07     0.75     3.00        1     0.66
  120              FORCE_MAIN           3.00     7.07     0.75     3.00        1     0.66
  121              FORCE_MAIN           3.00     7.07     0.75     3.00        1     0.66
  122              FORCE_MAIN           3.00     7.07     0.75     3.00        1     0.66
  123              FORCE_MAIN           3.00     7.07     0.75     3.00        1     0.66
  124              FORCE_MAIN           3.00     7.07     0.75     3.00        1     0.66
  125              FORCE_MAIN           3.00     7.07     0.75     3.00        1     0.66
  126              FORCE_MAIN           3.00     7.07     0.75     3.00        1     0.66
  127              FORCE_MAIN           3.00     7.07     0.75     3.00        1     0.66
  128              FORCE_MAIN           3.00     7.07     0.75     3.00        1     0.66
  129              FORCE_MAIN           3.00     7.07     0.75     3.00        1     0.66
  130              FORCE_MAIN           3.00     7.07     0.75     3.00        1     0.66
  131              FORCE_MAIN           3.00     7.07     0.75     3.00        1     0.66
  132              FORCE_MAIN           3.00     7.07     0.75     3.00        1     0.66
  133              FORCE_MAIN           3.00     7.07     0.75     3.00        1     0.66
  134              FORCE_MAIN           3.00     7.07     0.75     3.00        1     0.66
  135              FORCE_MAIN           3.00     7.07     0.75     3.00        1     0.66
  136              FORCE_MAIN           3.00     7.07     0.75     3.00        1     0.66
  137              FORCE_MAIN           3.00     7.07     0.75     3.00        1     0.66
  138              FORCE_MAIN           3.00     7.07     0.75     3.00        1     0.66
  139              FORCE_MAIN           3.00     7.07     0.75     3.00        1     0.66
  140              FORCE_MAIN           3.00     7.07     0.75     3.00        1     0.66
  141              FORCE_MAIN           3.00     7.07     0.75     3.00        1     0.66
  142              FORCE_MAIN           3.00     7.07     0.75     3.00        1     0.66
  143              FORCE_MAIN           3.00     7.07     0.75     3.00        1     0.66
  144              FORCE_MAIN           3.00     7.07     0.75     3.00        1     0.66
  145              FORCE_MAIN           3.00     7.07     0.75     3.00        1     0.66
  146              FORCE_MAIN           3.00     7.07     0.75     3.00        1     0.66
  147              FORCE_MAIN           3.00     7.07     0.75     3.00        1     0.66
  148              FORCE_MAIN           3.00     7.07     0.75     3.00        1     0.66
  152              CIRCULAR             3.00     7.07     0.75     3.00        1     0.94
  153              CIRCULAR             3.00     7.07     0.75     3.00        1     0.94
  154              CIRCULAR             3.00     7.07     0.75     3.00        1     0.94
  155              CIRCULAR             3.00     7.07     0.75     3.00        1     0.94
  156              CIRCULAR             3.00     7.07     0.75     3.00        1     0.94
  157              CIRCULAR             3.00     7.07     0.75     3.00        1     0.94
  158              CIRCULAR             3.00     7.07     0.75     3.00        1     0.94
  159              CIRCULAR             3.00     7.07     0.75     3.00        1     0.94
  160              CIRCULAR             3.00     7.07     0.75     3.00        1     0.94
  161              CIRCULAR             3.00     7.07     0.75     3.00        1     0.94
  162              CIRCULAR             3.00     7.07     0.75     3.00        1     0.94
  163              CIRCULAR             3.00     7.07     0.75     3.00        1     0.94
  164              CIRCULAR             3.00     7.07     0.75     3.00        1     0.94
  165              CIRCULAR             3.00     7.07     0.75     3.00        1     0.94
  166              CIRCULAR             3.00     7.07     0.75     3.00        1     0.94
  167              CIRCULAR             3.00     7.07     0.75     3.00        1     0.94
  168              CIRCULAR             3.00     7.07     0.75     3.00        1     0.94
  169              CIRCULAR             3.00     7.07     0.75     3.00        1     0.94
  170              CIRCULAR             3.00     7.07     0.75     3.00        1     0.94
  171              CIRCULAR             3.00     7.07     0.75     3.00        1     0.94
  172              CIRCULAR             3.00     7.07     0.75     3.00        1     0.94
  173              CIRCULAR             3.00     7.07     0.75     3.00        1     0.94
  174              CIRCULAR             3.00     7.07     0.75     3.00        1     0.94
  175              CIRCULAR             3.00     7.07     0.75     3.00        1     0.94
  176              CIRCULAR             3.00     7.07     0.75     3.00        1     0.94
  177              CIRCULAR             3.00     7.07     0.75     3.00        1     0.94
  178              CIRCULAR             3.00     7.07     0.75     3.00        1     0.94
  179              CIRCULAR             3.00     7.07     0.75     3.00        1     0.94
  180              CIRCULAR             3.00     7.07     0.75     3.00        1     0.94
  181              CIRCULAR             3.00     7.07     0.75     3.00        1     0.94
  182              CIRCULAR             3.00     7.07     0.75     3.00        1     0.94
  183              CIRCULAR             3.00     7.07     0.75     3.00        1     0.94
  184              CIRCULAR             3.00     7.07     0.75     3.00        1     0.94
  185              CIRCULAR             3.00     7.07     0.75     3.00        1     0.94
  186              CIRCULAR             3.00     7.07     0.75     3.00        1     0.94
  187              CIRCULAR             3.00     7.07     0.75     3.00        1     0.94
  188              CIRCULAR             3.00     7.07     0.75     3.00        1     0.94
  189              CIRCULAR             3.00     7.07     0.75     3.00        1     0.94
  190              CIRCULAR             3.00     7.07     0.75     3.00        1     0.94
  191              CIRCULAR             3.00     7.07     0.75     3.00        1     0.94
  192              CIRCULAR             3.00     7.07     0.75     3.00        1     0.94
  193              CIRCULAR             3.00     7.07     0.75     3.00        1     0.94
  194              CIRCULAR             3.00     7.07     0.75     3.00        1     0.94
  195              CIRCULAR             3.00     7.07     0.75     3.00        1     0.94
  196              CIRCULAR             3.00     7.07     0.75     3.00        1     0.94
  197              CIRCULAR             3.00     7.07     0.75     3.00        1     0.94
  198              CIRCULAR             3.00     7.07     0.75     3.00        1     0.94
  199              CIRCULAR             3.00     7.07     0.75     3.00        1     0.94
  200              CIRCULAR             3.00     7.07     0.75     3.00        1     0.94
  201              CIRCULAR             3.00     7.07     0.75     3.00        1     0.94
  202              CIRCULAR             3.00     7.07     0.75     3.00        1     0.94
  203              CIRCULAR             3.00     7.07     0.75     3.00        1     0.94
  204              CIRCULAR             3.00     7.07     0.75     3.00        1     0.94
  205              CIRCULAR             3.00     7.07     0.75     3.00        1     0.94
  206              CIRCULAR             3.00     7.07     0.75     3.00        1     0.94
  207              CIRCULAR             3.00     7.07     0.75     3.00        1     0.94
  208              CIRCULAR             3.00     7.07     0.75     3.00        1     0.94
  209              CIRCULAR             3.00     7.07     0.75     3.00        1     0.94
  210              CIRCULAR             3.00     7.07     0.75     3.00        1     0.94
  211              CIRCULAR             3.00     7.07     0.75     3.00        1     0.94
  212              CIRCULAR             3.00     7.07     0.75     3.00        1     0.94
  213              CIRCULAR             3.00     7.07     0.75     3.00        1     0.94
  214              CIRCULAR             3.00     7.07     0.75     3.00        1     0.94
  215              CIRCULAR             3.00     7.07     0.75     3.00        1     0.94
  216              CIRCULAR             3.00     7.07     0.75     3.00        1     0.94
  217              CIRCULAR             3.00     7.07     0.75     3.00        1     0.94
  218              CIRCULAR             3.00     7.07     0.75     3.00        1     0.94
  219              CIRCULAR             3.00     7.07     0.75     3.00        1     0.94
  220              CIRCULAR             3.00     7.07     0.75     3.00        1     0.94
  221              CIRCULAR             3.00     7.07     0.75     3.00        1     0.94
  222              CIRCULAR             3.00     7.07     0.75     3.00        1     0.94
  223              CIRCULAR             3.00     7.07     0.75     3.00        1     0.94
  224              CIRCULAR             3.00     7.07     0.75     3.00        1     0.94
  225              CIRCULAR             3.00     7.07     0.75     3.00        1     0.94
  226              CIRCULAR             3.00     7.07     0.75     3.00        1     0.94
  227              CIRCULAR             3.00     7.07     0.75     3.00        1     0.94
  228              CIRCULAR             3.00     7.07     0.75     3.00        1     0.94
  230              CIRCULAR             3.00     7.07     0.75     3.00        1     0.94
  231              CIRCULAR             3.00     7.07     0.75     3.00        1     0.94
  232              CIRCULAR             3.00     7.07     0.75     3.00        1     0.94
  233              CIRCULAR             3.00     7.07     0.75     3.00        1     0.94
  234              CIRCULAR             3.00     7.07     0.75     3.00        1     0.94
  235              CIRCULAR             3.00     7.07     0.75     3.00        1     0.94
  236              CIRCULAR             3.00     7.07     0.75     3.00        1     0.94
  237              CIRCULAR             3.00     7.07     0.75     3.00        1     0.94
  238              CIRCULAR             3.00     7.07     0.75     3.00        1     0.94
  239              CIRCULAR             3.00     7.07     0.75     3.00        1     0.94
  240              CIRCULAR             3.00     7.07     0.75     3.00        1     0.94
  241              CIRCULAR             3.00     7.07     0.75     3.00        1     0.94
  242              CIRCULAR             3.00     7.07     0.75     3.00        1     0.94
  243              CIRCULAR             3.00     7.07     0.75     3.00        1     0.94
  244              CIRCULAR             3.00     7.07     0.75     3.00        1     0.94
  245              CIRCULAR             3.00     7.07     0.75     3.00        1     0.94
  246              CIRCULAR             3.00     7.07     0.75     3.00        1     0.94
  247              CIRCULAR             3.00     7.07     0.75     3.00        1     0.94
  248              CIRCULAR             3.00     7.07     0.75     3.00        1     0.94
  249              CIRCULAR             3.00     7.07     0.75     3.00        1     0.94
  250              CIRCULAR             3.00     7.07     0.75     3.00        1     0.94
  251              CIRCULAR             3.00     7.07     0.75     3.00        1     0.94
  252              CIRCULAR             3.00     7.07     0.75     3.00        1     0.94
  253              CIRCULAR             3.00     7.07     0.75     3.00        1     0.94
  254              CIRCULAR             3.00     7.07     0.75     3.00        1     0.94
  255              CIRCULAR             3.00     7.07     0.75     3.00        1     0.94
  256              CIRCULAR             3.00     7.07     0.75     3.00        1     0.94
  257              CIRCULAR             3.00     7.07     0.75     3.00        1     0.94
  258              CIRCULAR             3.00     7.07     0.75     3.00        1     0.94
  259              CIRCULAR             3.00     7.07     0.75     3.00        1     0.94
  260              CIRCULAR             3.00     7.07     0.75     3.00        1     0.94
  261              CIRCULAR             3.00     7.07     0.75     3.00        1     0.94
  262              CIRCULAR             3.00     7.07     0.75     3.00        1     0.94
  263              CIRCULAR             3.00     7.07     0.75     3.00        1     0.94
  264              CIRCULAR             3.00     7.07     0.75     3.00        1     0.94
  265              CIRCULAR             3.00     7.07     0.75     3.00        1     0.94
  266              CIRCULAR             3.00     7.07     0.75     3.00        1     0.94
  267              CIRCULAR             3.00     7.07     0.75     3.00        1     0.94
  268              CIRCULAR             3.00     7.07     0.75     3.00        1     0.94
  269              CIRCULAR             3.00     7.07     0.75     3.00        1     0.94
  270              CIRCULAR             3.00     7.07     0.75     3.00        1     0.94
  271              CIRCULAR             3.00     7.07     0.75     3.00        1     0.94
  272              CIRCULAR             3.00     7.07     0.75     3.00        1     0.94
  273              CIRCULAR             3.00     7.07     0.75     3.00        1     0.94
  274              CIRCULAR             3.00     7.07     0.75     3.00        1     0.94
  275              CIRCULAR             3.00     7.07     0.75     3.00        1     0.94
  276              CIRCULAR             3.00     7.07     0.75     3.00        1     0.94
  277              CIRCULAR             3.00     7.07     0.75     3.00        1     0.94
  278              CIRCULAR             3.00     7.07     0.75     3.00        1     0.94
  279              CIRCULAR             3.00     7.07     0.75     3.00        1     0.94
  280              CIRCULAR             3.00     7.07     0.75     3.00        1     0.94
  281              CIRCULAR             3.00     7.07     0.75     3.00        1     0.94
  282              CIRCULAR             3.00     7.07     0.75     3.00        1     0.94
  283              CIRCULAR             3.00     7.07     0.75     3.00        1     0.94
  284              CIRCULAR             3.00     7.07     0.75     3.00        1     0.94
  285              CIRCULAR             3.00     7.07     0.75     3.00        1     0.94
  286              CIRCULAR             3.00     7.07     0.75     3.00        1     0.94
  287              CIRCULAR             3.00     7.07     0.75     3.00        1     0.94
  288              CIRCULAR             3.00     7.07     0.75     3.00        1     0.94
  289              CIRCULAR             3.00     7.07     0.75     3.00        1     0.94
  290              CIRCULAR             3.00     7.07     0.75     3.00        1     0.94
  291              CIRCULAR             3.00     7.07     0.75     3.00        1     0.94
  292              CIRCULAR             3.00     7.07     0.75     3.00        1     0.94
  293              CIRCULAR             3.00     7.07     0.75     3.00        1     0.94
  294              CIRCULAR             3.00     7.07     0.75     3.00        1     0.94
  295              CIRCULAR             3.00     7.07     0.75     3.00        1     0.94
  296              CIRCULAR             3.00     7.07     0.75     3.00        1     0.94
  297              CIRCULAR             3.00     7.07     0.75     3.00        1     0.94
  298              CIRCULAR             3.00     7.07     0.75     3.00        1     0.94
  
  
  ****************
  Analysis Options
  ****************
  Flow Units ............... CFS
  Process Models:
    Rainfall/Runoff ........ NO
    RDII ................... NO
    Snowmelt ............... NO
    Groundwater ............ NO
    Flow Routing ........... YES
    Ponding Allowed ........ NO
    Water Quality .......... NO
  Flow Routing Method ...... DYNWAVE
  Surcharge Method ......... EXTRAN
  Starting Date ............ 07/01/1999 00:00:00
  Ending Date .............. 07/05/1999 00:00:00
  Antecedent Dry Days ...... 0.0
  Report Time Step ......... 00:01:00
  Routing Time Step ........ 4.00 sec
  Variable Time Step ....... YES
  Maximum Trials ........... 8
  Number of Threads ........ 1
  Head Tolerance ........... 0.005000 ft
  
  
  *********************
  Control Actions Taken
  *********************

  
  **************************        Volume        Volume
  Flow Routing Continuity        acre-feet      10^6 gal
  **************************     ---------     ---------
  Dry Weather Inflow .......       148.755        48.474
  Wet Weather Inflow .......         0.000         0.000
  Groundwater Inflow .......         0.000         0.000
  RDII Inflow ..............         0.000         0.000
  External Inflow ..........         0.168         0.055
  External Outflow .........       124.966        40.722
  Flooding Loss ............         5.149         1.678
  Evaporation Loss .........         0.000         0.000
  Exfiltration Loss ........         0.000         0.000
  Initial Stored Volume ....         0.000         0.000
  Final Stored Volume ......        22.976         7.487
  Continuity Error (%) .....        -2.799
  
  
  *************************
  Highest Continuity Errors
  *************************
  Node 299 (-10.86%)
  Node 298 (3.71%)
  
  
  ***************************
  Time-Step Critical Elements
  ***************************
  Link 76 (3.71%)
  
  
  ********************************
  Highest Flow Instability Indexes
  ********************************
  Link 3 (57)
  Link 2 (56)
  Link 8 (53)
  Link 12 (53)
  Link 11 (53)
  
  
  *********************************
  Most Frequent Nonconverging Nodes
  *********************************
  Node 150 (83.64%)
  Node 300 (83.64%)
  Node 289 (74.24%)
  Node 287 (74.05%)
  Node 291 (74.01%)
  
  
  *************************
  Routing Time Step Summary
  *************************
  Minimum Time Step           :     1.45 sec
  Average Time Step           :     3.93 sec
  Maximum Time Step           :     4.00 sec
  % of Time in Steady State   :     0.00
  Average Iterations per Step :     7.27
  % of Steps Not Converging   :    83.64
  Time Step Frequencies       :
      4.000 -  2.639 sec      :    96.64 %
      2.639 -  1.741 sec      :     3.35 %
      1.741 -  1.149 sec      :     0.01 %
      1.149 -  0.758 sec      :     0.00 %
      0.758 -  0.500 sec      :     0.00 %
  
  
  ******************
  Node Depth Summary
  ******************
  
  ---------------------------------------------------------------------------------
                                 Average  Maximum  Maximum  Time of Max    Reported
                                   Depth    Depth      HGL   Occurrence   Max Depth
  Node                 Type         Feet     Feet     Feet  days hr:min        Feet
  ---------------------------------------------------------------------------------
  2                    JUNCTION    45.01   116.31   116.31     3  13:03      116.29
  3                    JUNCTION    44.64   115.43   115.43     3  13:08      115.41
  4                    JUNCTION    44.28   114.57   114.57     0  20:04      114.56
  5                    JUNCTION    43.92   113.71   113.71     2  19:46      113.70
  6                    JUNCTION    43.56   112.86   112.86     3  13:08      112.84
  7                    JUNCTION    43.19   112.00   112.00     1  19:46      111.98
  8                    JUNCTION    42.83   111.13   111.13     1  19:54      111.12
  9                    JUNCTION    42.47   110.27   110.27     1  19:44      110.26
  10                   JUNCTION    42.11   109.41   109.41     3  19:43      109.40
  11                   JUNCTION    41.75   108.55   108.55     2  13:11      108.54
  12                   JUNCTION    41.39   107.69   107.69     0  19:45      107.68
  13                   JUNCTION    41.03   106.83   106.83     0  20:01      106.82
  14                   JUNCTION    40.67   105.97   105.97     2  13:04      105.96
  15                   JUNCTION    40.30   105.11   105.11     3  13:03      105.10
  16                   JUNCTION    39.94   104.25   104.25     1  19:40      104.23
  17                   JUNCTION    39.58   103.39   103.39     2  13:04      103.38
  18                   JUNCTION    39.22   102.54   102.54     0  20:01      102.52
  19                   JUNCTION    38.86   101.67   101.67     3  13:09      101.66
  20                   JUNCTION    38.50   100.82   100.82     0  20:00      100.79
  21                   JUNCTION    38.14    99.95    99.95     0  19:57       99.93
  22                   JUNCTION    37.78    99.08    99.08     0  19:40       99.07
  23                   JUNCTION    37.42    98.23    98.23     3  13:09       98.21
  24                   JUNCTION    37.07    97.37    97.37     2  19:45       97.34
  25                   JUNCTION    36.71    96.51    96.51     2  13:01       96.49
  26                   JUNCTION    36.35    95.65    95.65     3  19:48       95.63
  27                   JUNCTION    35.99    94.79    94.79     2  13:11       94.78
  28                   JUNCTION    35.63    93.92    93.92     2  19:50       93.91
  29                   JUNCTION    35.27    93.06    93.06     0  19:42       93.05
  30                   JUNCTION    34.91    92.22    92.22     3  13:06       92.19
  31                   JUNCTION    34.56    91.35    91.35     2  13:07       91.33
  32                   JUNCTION    34.20    90.48    90.48     0  19:51       90.47
  33                   JUNCTION    33.84    89.63    89.63     2  13:12       89.61
  34                   JUNCTION    33.48    88.77    88.77     2  13:05       88.75
  35                   JUNCTION    33.13    87.90    87.90     2  13:07       87.89
  36                   JUNCTION    32.77    87.04    87.04     1  13:11       87.04
  37                   JUNCTION    32.41    86.19    86.19     2  13:09       86.18
  38                   JUNCTION    32.06    85.33    85.33     0  20:01       85.31
  39                   JUNCTION    31.70    84.46    84.46     0  19:57       84.44
  40                   JUNCTION    31.34    83.61    83.61     1  19:43       83.59
  41                   JUNCTION    30.99    82.75    82.75     1  19:59       82.73
  42                   JUNCTION    30.63    81.88    81.88     0  20:02       81.87
  43                   JUNCTION    30.28    81.02    81.02     2  13:08       81.00
  44                   JUNCTION    29.92    80.17    80.17     3  13:07       80.14
  45                   JUNCTION    29.57    79.30    79.30     3  13:04       79.29
  46                   JUNCTION    29.21    78.44    78.44     3  13:10       78.43
  47                   JUNCTION    28.86    77.58    77.58     0  19:53       77.56
  48                   JUNCTION    28.50    76.72    76.72     1  19:49       76.71
  49                   JUNCTION    28.15    75.86    75.86     3  19:49       75.84
  50                   JUNCTION    27.80    75.00    75.00     2  20:01       74.98
  51                   JUNCTION    27.44    74.14    74.14     0  19:38       74.12
  52                   JUNCTION    27.09    73.29    73.29     1  13:13       73.27
  53                   JUNCTION    26.74    72.43    72.43     2  19:42       72.40
  54                   JUNCTION    26.39    71.56    71.56     3  13:06       71.54
  55                   JUNCTION    26.03    70.70    70.70     2  19:40       70.68
  56                   JUNCTION    25.68    69.83    69.83     3  13:07       69.82
  57                   JUNCTION    25.33    68.98    68.98     0  19:42       68.96
  58                   JUNCTION    24.98    68.12    68.12     0  19:44       68.11
  59                   JUNCTION    24.63    67.26    67.26     0  20:03       67.23
  60                   JUNCTION    24.28    66.40    66.40     0  19:58       66.38
  61                   JUNCTION    23.93    65.54    65.54     3  13:07       65.52
  62                   JUNCTION    23.58    64.68    64.68     2  19:40       64.67
  63                   JUNCTION    23.23    63.81    63.81     3  19:57       63.80
  64                   JUNCTION    22.88    62.96    62.96     2  19:42       62.93
  65                   JUNCTION    22.53    62.10    62.10     2  19:58       62.08
  66                   JUNCTION    22.18    61.23    61.23     0  19:36       61.22
  67                   JUNCTION    21.84    60.38    60.38     3  20:00       60.37
  68                   JUNCTION    21.49    59.52    59.52     3  19:44       59.50
  69                   JUNCTION    21.14    58.66    58.66     1  20:03       58.64
  70                   JUNCTION    20.79    57.79    57.79     2  19:46       57.78
  71                   JUNCTION    20.44    56.93    56.93     1  13:12       56.92
  72                   JUNCTION    20.09    56.07    56.07     2  20:05       56.05
  73                   JUNCTION    19.74    55.22    55.22     1  20:00       55.21
  74                   JUNCTION    19.39    54.36    54.36     3  12:54       54.35
  75                   JUNCTION    19.03    53.50    53.50     0  19:51       53.48
  76                   JUNCTION    18.67    52.63    52.63     1  19:35       52.61
  77                   JUNCTION    18.29    51.78    51.78     2  13:03       51.75
  78                   JUNCTION    17.88    50.91    50.91     3  20:02       50.90
  80                   JUNCTION    13.94    24.06    24.06     3  20:18       24.04
  82                   JUNCTION    13.54    23.44    23.44     1  20:17       23.43
  83                   JUNCTION    13.46    23.29    23.29     1  20:18       23.26
  84                   JUNCTION    13.37    23.15    23.15     1  20:18       23.13
  85                   JUNCTION    13.28    23.01    23.01     1  20:17       22.99
  86                   JUNCTION    13.19    22.85    22.85     1  20:16       22.83
  87                   JUNCTION    13.10    22.71    22.71     1  20:18       22.68
  88                   JUNCTION    13.02    22.56    22.56     1  20:19       22.53
  89                   JUNCTION    12.93    22.42    22.42     1  20:17       22.41
  90                   JUNCTION    12.84    22.26    22.26     1  20:19       22.24
  91                   JUNCTION    12.75    22.12    22.12     1  20:18       22.11
  92                   JUNCTION    12.67    21.98    21.98     3  20:18       21.95
  93                   JUNCTION    12.58    21.82    21.82     1  20:19       21.82
  94                   JUNCTION    12.49    21.68    21.68     1  20:17       21.66
  95                   JUNCTION    12.41    21.53    21.53     3  20:18       21.51
  96                   JUNCTION    12.32    21.40    21.40     1  20:19       21.37
  97                   JUNCTION    12.23    21.24    21.24     1  20:20       21.21
  98                   JUNCTION    12.15    21.10    21.10     1  20:18       21.09
  99                   JUNCTION    12.06    20.95    20.95     3  20:18       20.94
  100                  JUNCTION    11.97    20.80    20.80     3  20:17       20.78
  101                  JUNCTION    11.89    20.66    20.66     1  20:18       20.63
  102                  JUNCTION    11.80    20.50    20.50     3  20:18       20.49
  103                  JUNCTION    11.72    20.37    20.37     1  20:19       20.35
  104                  JUNCTION    11.63    20.22    20.22     1  20:20       20.22
  105                  JUNCTION    11.54    20.08    20.08     3  20:18       20.06
  106                  JUNCTION    11.46    19.93    19.93     3  20:18       19.91
  107                  JUNCTION    11.37    19.78    19.78     1  20:18       19.76
  108                  JUNCTION    11.29    19.64    19.64     1  20:18       19.61
  109                  JUNCTION    11.20    19.50    19.50     1  20:19       19.50
  110                  JUNCTION    11.12    19.35    19.35     1  20:20       19.32
  111                  JUNCTION    11.03    19.21    19.21     1  20:19       19.18
  112                  JUNCTION    10.95    19.05    19.05     1  20:19       19.05
  113                  JUNCTION    10.87    18.90    18.90     1  20:20       18.88
  114                  JUNCTION    10.78    18.76    18.76     1  20:17       18.75
  115                  JUNCTION    10.70    18.62    18.62     3  20:18       18.60
  116                  JUNCTION    10.61    18.46    18.46     1  20:20       18.45
  117                  JUNCTION    10.53    18.32    18.32     1  20:17       18.30
  118                  JUNCTION    10.45    18.19    18.19     1  20:19       18.17
  119                  JUNCTION    10.36    18.03    18.03     1  20:17       18.01
  120                  JUNCTION    10.28    17.89    17.89     3  20:18       17.86
  121                  JUNCTION    10.20    17.74    17.74     1  20:16       17.73
  122                  JUNCTION    10.11    17.60    17.60     1  20:20       17.57
  123                  JUNCTION    10.03    17.47    17.47     1  20:19       17.43
  124                  JUNCTION     9.95    17.31    17.31     1  20:18       17.28
  125                  JUNCTION     9.87    17.15    17.15     1  20:20       17.13
  126                  JUNCTION     9.78    17.01    17.01     3  20:19       16.99
  127                  JUNCTION     9.70    16.87    16.87     1  20:19       16.83
  128                  JUNCTION     9.62    16.72    16.72     3  20:19       16.70
  129                  JUNCTION     9.55    16.58    16.58     3  20:20       16.54
  130                  JUNCTION     9.47    16.44    16.44     1  20:20       16.40
  131                  JUNCTION     9.39    16.28    16.28     3  20:19       16.26
  132                  JUNCTION     9.31    16.14    16.14     3  20:19       16.11
  133                  JUNCTION     9.23    15.99    15.99     1  20:19       15.96
  134                  JUNCTION     9.15    15.84    15.84     1  20:20       15.82
  135                  JUNCTION     9.08    15.69    15.69     1  20:19       15.67
  136                  JUNCTION     9.00    15.54    15.54     1  20:19       15.53
  137                  JUNCTION     8.92    15.42    15.42     1  20:20       15.38
  138                  JUNCTION     8.85    15.25    15.25     1  20:19       15.23
  139                  JUNCTION     8.77    15.11    15.11     1  20:19       15.10
  140                  JUNCTION     8.69    14.97    14.97     3  20:19       14.93
  141                  JUNCTION     8.62    14.81    14.81     3  20:19       14.80
  142                  JUNCTION     8.54    14.67    14.67     3  20:18       14.65
  143                  JUNCTION     8.47    14.53    14.53     1  20:19       14.50
  144                  JUNCTION     8.39    14.38    14.38     1  20:19       14.36
  145                  JUNCTION     8.32    14.23    14.23     1  20:18       14.21
  146                  JUNCTION     8.24    14.09    14.09     1  20:21       14.09
  147                  JUNCTION     8.17    13.94    13.94     1  20:20       13.91
  148                  JUNCTION     8.10    13.79    13.79     3  20:18       13.77
  149                  JUNCTION     8.03    13.64    13.64     1  20:20       13.64
  152                  JUNCTION     3.94     8.00     8.00     3  19:57        7.98
  153                  JUNCTION     3.90     7.90     7.90     3  19:57        7.88
  154                  JUNCTION     3.87     7.82     7.82     3  19:59        7.79
  155                  JUNCTION     3.83     7.74     7.74     1  19:59        7.72
  156                  JUNCTION     3.80     7.65     7.65     3  19:57        7.63
  157                  JUNCTION     3.76     7.58     7.58     1  19:59        7.55
  158                  JUNCTION     3.73     7.49     7.49     1  19:58        7.47
  159                  JUNCTION     3.69     7.42     7.42     3  19:59        7.40
  160                  JUNCTION     3.66     7.34     7.34     1  19:59        7.31
  161                  JUNCTION     3.63     7.25     7.25     1  19:57        7.23
  162                  JUNCTION     3.59     7.17     7.17     3  19:59        7.16
  163                  JUNCTION     3.56     7.08     7.08     2  19:58        7.06
  164                  JUNCTION     3.52     7.01     7.01     1  19:59        6.99
  165                  JUNCTION     3.49     6.93     6.93     1  19:59        6.91
  166                  JUNCTION     3.45     6.85     6.85     3  20:00        6.82
  167                  JUNCTION     3.42     6.76     6.76     2  19:59        6.74
  168                  JUNCTION     3.39     6.68     6.68     3  19:57        6.66
  169                  JUNCTION     3.35     6.60     6.60     3  19:59        6.59
  170                  JUNCTION     3.32     6.52     6.52     3  19:59        6.50
  171                  JUNCTION     3.28     6.43     6.43     1  19:58        6.42
  172                  JUNCTION     3.25     6.36     6.36     1  19:58        6.35
  173                  JUNCTION     3.22     6.29     6.29     1  20:00        6.25
  174                  JUNCTION     3.18     6.20     6.20     3  20:00        6.17
  175                  JUNCTION     3.15     6.12     6.12     2  19:59        6.10
  176                  JUNCTION     3.12     6.04     6.04     1  19:59        6.04
  177                  JUNCTION     3.08     5.95     5.95     1  19:59        5.93
  178                  JUNCTION     3.05     5.87     5.87     3  20:00        5.84
  179                  JUNCTION     3.02     5.79     5.79     1  19:59        5.78
  180                  JUNCTION     2.98     5.71     5.71     3  19:59        5.69
  181                  JUNCTION     2.95     5.64     5.64     1  20:00        5.60
  182                  JUNCTION     2.92     5.55     5.55     3  19:57        5.53
  183                  JUNCTION     2.88     5.46     5.46     1  20:00        5.45
  184                  JUNCTION     2.85     5.38     5.38     2  19:58        5.36
  185                  JUNCTION     2.82     5.30     5.30     3  20:00        5.30
  186                  JUNCTION     2.79     5.22     5.22     1  19:56        5.20
  187                  JUNCTION     2.75     5.14     5.14     1  20:00        5.12
  188                  JUNCTION     2.72     5.06     5.06     3  20:00        5.04
  189                  JUNCTION     2.69     4.98     4.98     3  20:00        4.96
  190                  JUNCTION     2.65     4.90     4.90     1  19:58        4.88
  191                  JUNCTION     2.62     4.82     4.82     1  20:00        4.80
  192                  JUNCTION     2.59     4.74     4.74     2  20:00        4.72
  193                  JUNCTION     2.56     4.65     4.65     2  19:58        4.64
  194                  JUNCTION     2.52     4.58     4.58     1  19:59        4.55
  195                  JUNCTION     2.49     4.49     4.49     1  20:00        4.47
  196                  JUNCTION     2.46     4.42     4.42     2  20:00        4.39
  197                  JUNCTION     2.43     4.34     4.34     3  20:00        4.32
  198                  JUNCTION     2.39     4.26     4.26     1  20:00        4.24
  199                  JUNCTION     2.36     4.17     4.17     3  20:00        4.15
  200                  JUNCTION     2.33     4.10     4.10     3  20:00        4.08
  201                  JUNCTION     2.30     4.00     4.00     3  19:58        3.99
  202                  JUNCTION     2.26     3.93     3.93     3  20:00        3.91
  203                  JUNCTION     2.23     3.86     3.86     3  20:00        3.82
  204                  JUNCTION     2.20     3.75     3.75     1  20:00        3.74
  205                  JUNCTION     2.17     3.67     3.67     3  20:00        3.65
  206                  JUNCTION     2.14     3.59     3.59     3  20:00        3.58
  207                  JUNCTION     2.10     3.50     3.50     3  20:00        3.49
  208                  JUNCTION     2.07     3.42     3.42     3  20:00        3.41
  209                  JUNCTION     2.04     3.33     3.33     3  20:01        3.33
  210                  JUNCTION     2.01     3.25     3.25     3  20:01        3.25
  211                  JUNCTION     1.97     3.17     3.17     3  20:01        3.17
  212                  JUNCTION     1.94     3.09     3.09     3  20:01        3.09
  213                  JUNCTION     1.90     3.01     3.01     1  20:01        3.01
  214                  JUNCTION     1.87     2.93     2.93     1  20:02        2.93
  215                  JUNCTION     1.83     2.86     2.86     1  20:02        2.86
  216                  JUNCTION     1.80     2.80     2.80     1  20:03        2.80
  217                  JUNCTION     1.76     2.73     2.73     1  20:04        2.73
  218                  JUNCTION     1.72     2.66     2.66     1  20:04        2.66
  219                  JUNCTION     1.68     2.59     2.59     1  20:05        2.59
  220                  JUNCTION     1.64     2.52     2.52     1  20:06        2.52
  221                  JUNCTION     1.59     2.44     2.44     1  20:07        2.44
  222                  JUNCTION     1.54     2.36     2.36     1  20:08        2.36
  223                  JUNCTION     1.49     2.28     2.28     1  20:09        2.28
  224                  JUNCTION     1.43     2.19     2.19     1  20:10        2.19
  225                  JUNCTION     1.37     2.08     2.08     1  20:11        2.08
  226                  JUNCTION     1.30     1.96     1.96     1  20:12        1.96
  227                  JUNCTION     1.20     1.81     1.81     1  20:13        1.81
  228                  JUNCTION     1.08     1.61     1.61     1  20:15        1.61
  230                  JUNCTION    13.65    23.66    23.66     1  20:17       23.65
  231                  JUNCTION    13.63    23.58    23.58     1  20:17       23.56
  232                  JUNCTION    13.49    23.28    23.28     1  20:18       23.26
  233                  JUNCTION    13.34    22.98    22.98     3  20:18       22.95
  234                  JUNCTION    13.20    22.69    22.69     3  20:18       22.68
  235                  JUNCTION    13.05    22.38    22.38     1  20:17       22.35
  236                  JUNCTION    12.91    22.08    22.08     3  20:18       22.06
  237                  JUNCTION    12.76    21.78    21.78     1  20:17       21.75
  238                  JUNCTION    12.62    21.48    21.48     1  20:18       21.46
  239                  JUNCTION    12.47    21.19    21.19     1  20:18       21.16
  240                  JUNCTION    12.33    20.88    20.88     1  20:17       20.85
  241                  JUNCTION    12.19    20.58    20.58     1  20:17       20.55
  242                  JUNCTION    12.04    20.27    20.27     1  20:17       20.25
  243                  JUNCTION    11.90    19.97    19.97     1  20:18       19.95
  244                  JUNCTION    11.75    19.67    19.67     1  20:17       19.65
  245                  JUNCTION    11.61    19.38    19.38     1  20:18       19.35
  246                  JUNCTION    11.47    19.08    19.08     3  20:18       19.04
  247                  JUNCTION    11.32    18.77    18.77     3  20:18       18.76
  248                  JUNCTION    11.18    18.48    18.48     1  20:16       18.44
  249                  JUNCTION    11.04    18.17    18.17     3  20:18       18.15
  250                  JUNCTION    10.89    17.88    17.88     2  16:01       17.84
  251                  JUNCTION    10.75    17.67    17.67     2  16:01       17.54
  252                  JUNCTION    10.61    17.45    17.45     2  16:01       17.33
  253                  JUNCTION    10.46    17.25    17.25     2  16:01       17.16
  254                  JUNCTION    10.32    17.03    17.03     2  16:01       16.96
  255                  JUNCTION    10.18    16.83    16.83     2  16:01       16.73
  256                  JUNCTION    10.03    16.62    16.62     2  16:01       16.46
  257                  JUNCTION     9.89    16.42    16.42     2  16:01       16.18
  258                  JUNCTION     9.75    16.23    16.23     2  18:47       15.96
  259                  JUNCTION     9.61    16.05    16.05     2  18:47       15.71
  260                  JUNCTION     9.46    15.87    15.87     2  18:47       15.44
  261                  JUNCTION     9.32    15.71    15.71     2  18:47       15.21
  262                  JUNCTION     9.18    15.53    15.53     2  18:47       15.05
  263                  JUNCTION     9.04    15.37    15.37     2  18:47       14.86
  264                  JUNCTION     8.90    15.19    15.19     2  18:47       14.76
  265                  JUNCTION     8.75    15.04    15.04     2  18:47       14.63
  266                  JUNCTION     8.61    14.86    14.86     2  18:47       14.47
  267                  JUNCTION     8.47    14.72    14.72     2  18:47       14.31
  268                  JUNCTION     8.33    14.55    14.55     2  18:47       14.35
  269                  JUNCTION     8.19    14.44    14.44     2  10:49       14.28
  270                  JUNCTION     8.05    14.48    14.48     2  10:49       14.08
  271                  JUNCTION     7.91    14.48    14.48     2  10:49       13.82
  272                  JUNCTION     7.77    14.52    14.52     2  10:49       13.70
  273                  JUNCTION     7.63    14.54    14.54     2  10:49       13.50
  274                  JUNCTION     7.48    14.56    14.56     2  10:49       13.33
  275                  JUNCTION     7.34    14.60    14.60     2  10:49       13.22
  276                  JUNCTION     7.20    14.64    14.64     2  10:49       13.51
  277                  JUNCTION     7.06    14.71    14.71     2  10:49       13.91
  278                  JUNCTION     6.92    14.76    14.76     2  10:49       14.33
  279                  JUNCTION     6.78    14.87    14.87     2  10:49       14.55
  280                  JUNCTION     6.64    14.95    14.95     2  10:49       14.52
  281                  JUNCTION     6.50    15.11    15.11     2  10:49       14.40
  282                  JUNCTION     6.36    15.22    15.22     2  10:49       14.52
  283                  JUNCTION     6.22    15.46    15.46     2  10:49       14.33
  284                  JUNCTION     6.08    15.59    15.59     2  10:49       14.77
  285                  JUNCTION     5.94    15.93    15.93     2  10:49       15.18
  286                  JUNCTION     5.79    16.06    16.06     2  10:49       15.30
  287                  JUNCTION     5.65    16.55    16.55     2  10:49       15.84
  288                  JUNCTION     5.51    16.60    16.60     2  10:49       16.05
  289                  JUNCTION     5.37    17.34    17.34     2  10:49       15.74
  290                  JUNCTION     5.23    17.43    17.43     2  10:49       16.50
  291                  JUNCTION     5.09    18.26    18.26     2  10:49       17.63
  292                  JUNCTION     4.95    18.68    18.68     1  10:48       18.04
  293                  JUNCTION     4.81    19.21    19.21     1  10:48       17.66
  294                  JUNCTION     4.67    20.38    20.38     1  10:48       17.53
  295                  JUNCTION     4.52    20.26    20.26     1  10:48       17.93
  296                  JUNCTION     4.38    21.24    21.24     1  10:48       19.48
  297                  JUNCTION     4.27    22.20    22.20     1  10:48       21.12
  298                  JUNCTION     4.18    22.72    22.72     1  10:48       21.68
  299                  JUNCTION     4.16    25.45    25.45     2  17:11       21.71
  150                  OUTFALL      1.00     1.00     1.00     0  00:00        1.00
  300                  OUTFALL      0.00     0.00     0.00     0  00:00        0.00
  1                    STORAGE      0.21     4.50    -5.50     2  20:00        4.50
  151                  STORAGE      0.00     0.00   -10.00     0  00:00        0.00
  229                  STORAGE      0.36     2.30    -7.70     1  20:16        2.30
  79                   STORAGE     23.13    60.00    50.00     0  12:41       60.00
  
  
  *******************
  Node Inflow Summary
  *******************
  
  -------------------------------------------------------------------------------------------------
                                  Maximum  Maximum                  Lateral       Total        Flow
                                  Lateral    Total  Time of Max      Inflow      Inflow     Balance
                                   Inflow   Inflow   Occurrence      Volume      Volume       Error
  Node                 Type           CFS      CFS  days hr:min    10^6 gal    10^6 gal     Percent
  -------------------------------------------------------------------------------------------------
  2                    JUNCTION      0.00    25.00     0  12:00           0        36.4       0.036
  3                    JUNCTION      0.00    25.01     0  19:52           0        36.3       0.073
  4                    JUNCTION      0.00    25.02     3  13:07           0        36.3       0.073
  5                    JUNCTION      0.00    25.02     2  13:05           0        36.3       0.074
  6                    JUNCTION      0.00    25.02     0  19:33           0        36.3       0.073
  7                    JUNCTION      0.00    25.02     2  19:54           0        36.2       0.073
  8                    JUNCTION      0.00    25.02     2  13:12           0        36.2       0.073
  9                    JUNCTION      0.00    25.03     0  19:30           0        36.2       0.074
  10                   JUNCTION      0.00    25.02     3  19:37           0        36.2       0.073
  11                   JUNCTION      0.00    25.02     0  19:36           0        36.1       0.073
  12                   JUNCTION      0.00    25.03     2  13:02           0        36.1       0.073
  13                   JUNCTION      0.00    25.02     2  19:37           0        36.1       0.073
  14                   JUNCTION      0.00    25.02     1  13:09           0          36       0.073
  15                   JUNCTION      0.00    25.06     0  19:40           0          36       0.073
  16                   JUNCTION      0.00    25.02     3  20:01           0          36       0.073
  17                   JUNCTION      0.00    25.03     2  19:37           0          36       0.073
  18                   JUNCTION      0.00    25.02     3  13:10           0        35.9       0.074
  19                   JUNCTION      0.00    25.03     1  13:03           0        35.9       0.073
  20                   JUNCTION      0.00    25.02     1  19:52           0        35.9       0.073
  21                   JUNCTION      0.00    25.03     3  19:47           0        35.9       0.073
  22                   JUNCTION      0.00    25.02     0  20:01           0        35.8       0.073
  23                   JUNCTION      0.00    25.03     2  19:54           0        35.8       0.074
  24                   JUNCTION      0.00    25.02     2  19:50           0        35.8       0.074
  25                   JUNCTION      0.00    25.02     1  19:39           0        35.8       0.074
  26                   JUNCTION      0.00    25.02     0  20:04           0        35.7       0.074
  27                   JUNCTION      0.00    25.02     0  19:43           0        35.7       0.074
  28                   JUNCTION      0.00    25.04     1  20:02           0        35.7       0.074
  29                   JUNCTION      0.00    25.02     0  19:53           0        35.7       0.074
  30                   JUNCTION      0.00    25.02     2  13:07           0        35.6       0.074
  31                   JUNCTION      0.00    25.02     0  20:05           0        35.6       0.074
  32                   JUNCTION      0.00    25.02     3  20:00           0        35.6       0.074
  33                   JUNCTION      0.00    25.03     2  19:45           0        35.5       0.074
  34                   JUNCTION      0.00    25.02     2  20:02           0        35.5       0.074
  35                   JUNCTION      0.00    25.02     1  19:45           0        35.5       0.074
  36                   JUNCTION      0.00    25.02     1  19:43           0        35.5       0.074
  37                   JUNCTION      0.00    25.02     1  19:45           0        35.4       0.074
  38                   JUNCTION      0.00    25.02     1  19:43           0        35.4       0.075
  39                   JUNCTION      0.00    25.02     2  19:45           0        35.4       0.075
  40                   JUNCTION      0.00    25.02     2  19:40           0        35.4       0.074
  41                   JUNCTION      0.00    25.02     2  19:45           0        35.3       0.075
  42                   JUNCTION      0.00    25.02     1  13:12           0        35.3       0.075
  43                   JUNCTION      0.00    25.02     0  19:58           0        35.3       0.075
  44                   JUNCTION      0.00    25.03     1  19:29           0        35.3       0.075
  45                   JUNCTION      0.00    25.04     0  19:52           0        35.2       0.075
  46                   JUNCTION      0.00    25.03     3  13:08           0        35.2       0.075
  47                   JUNCTION      0.00    25.05     3  13:04           0        35.2       0.075
  48                   JUNCTION      0.00    25.02     1  13:08           0        35.2       0.075
  49                   JUNCTION      0.00    25.03     1  20:00           0        35.1       0.075
  50                   JUNCTION      0.00    25.02     0  19:54           0        35.1       0.075
  51                   JUNCTION      0.00    25.02     1  13:12           0        35.1       0.075
  52                   JUNCTION      0.00    25.02     0  19:40           0          35       0.075
  53                   JUNCTION      0.00    25.02     2  19:35           0          35       0.075
  54                   JUNCTION      0.00    25.02     0  19:54           0          35       0.076
  55                   JUNCTION      0.00    25.02     0  20:00           0          35       0.076
  56                   JUNCTION      0.00    25.02     3  13:03           0        34.9       0.076
  57                   JUNCTION      0.00    25.05     3  19:38           0        34.9       0.076
  58                   JUNCTION      0.00    25.02     3  20:04           0        34.9       0.076
  59                   JUNCTION      0.00    25.02     0  19:44           0        34.9       0.076
  60                   JUNCTION      0.00    25.02     2  20:04           0        34.8       0.076
  61                   JUNCTION      0.00    25.02     3  13:12           0        34.8       0.076
  62                   JUNCTION      0.00    25.05     3  20:00           0        34.8       0.077
  63                   JUNCTION      0.00    25.02     3  19:46           0        34.8       0.077
  64                   JUNCTION      0.00    25.02     0  20:03           0        34.7       0.077
  65                   JUNCTION      0.00    25.02     3  20:06           0        34.7       0.077
  66                   JUNCTION      0.00    25.02     3  19:53           0        34.7       0.077
  67                   JUNCTION      0.00    25.04     2  19:44           0        34.6       0.077
  68                   JUNCTION      0.00    25.02     0  20:03           0        34.6       0.077
  69                   JUNCTION      0.00    25.02     0  20:01           0        34.6       0.077
  70                   JUNCTION      0.00    25.02     1  19:46           0        34.6       0.077
  71                   JUNCTION      0.00    25.02     2  20:00           0        34.5       0.077
  72                   JUNCTION      0.00    25.02     0  20:03           0        34.5       0.077
  73                   JUNCTION      0.00    25.02     3  20:01           0        34.5       0.077
  74                   JUNCTION      0.00    25.02     2  13:08           0        34.5       0.077
  75                   JUNCTION      0.00    25.02     3  19:43           0        34.4       0.076
  76                   JUNCTION      0.00    25.02     0  19:43           0        34.4       0.073
  77                   JUNCTION      0.00    25.02     0  20:03           0        34.4       0.065
  78                   JUNCTION      0.00    25.03     0  20:03           0        34.4       0.138
  80                   JUNCTION      0.00    18.00     0  11:06           0        32.6       0.041
  82                   JUNCTION      0.00    11.71     0  16:59           0        16.9       0.161
  83                   JUNCTION      0.00    11.70     0  16:59           0        16.9       0.160
  84                   JUNCTION      0.00    11.69     0  16:59           0        16.8       0.161
  85                   JUNCTION      0.00    11.67     0  16:59           0        16.8       0.161
  86                   JUNCTION      0.00    11.67     0  16:59           0        16.8       0.161
  87                   JUNCTION      0.00    11.65     0  16:59           0        16.7       0.161
  88                   JUNCTION      0.00    11.65     0  16:59           0        16.7       0.162
  89                   JUNCTION      0.00    11.63     0  16:59           0        16.7       0.161
  90                   JUNCTION      0.00    11.62     0  16:59           0        16.7       0.162
  91                   JUNCTION      0.00    11.62     0  16:59           0        16.6       0.162
  92                   JUNCTION      0.00    11.60     0  16:59           0        16.6       0.162
  93                   JUNCTION      0.00    11.60     0  16:59           0        16.6       0.163
  94                   JUNCTION      0.00    11.58     0  16:59           0        16.6       0.163
  95                   JUNCTION      0.00    11.57     0  16:59           0        16.5       0.163
  96                   JUNCTION      0.00    11.55     0  16:59           0        16.5       0.163
  97                   JUNCTION      0.00    11.55     0  17:00           0        16.5       0.164
  98                   JUNCTION      0.00    11.53     0  17:00           0        16.4       0.165
  99                   JUNCTION      0.00    11.53     0  17:00           0        16.4       0.165
  100                  JUNCTION      0.00    11.54     0  17:00           0        16.4       0.165
  101                  JUNCTION      0.00    11.53     0  17:00           0        16.4       0.165
  102                  JUNCTION      0.00    11.51     0  17:00           0        16.3       0.165
  103                  JUNCTION      0.00    11.51     0  17:00           0        16.3       0.165
  104                  JUNCTION      0.00    11.51     0  17:00           0        16.3       0.166
  105                  JUNCTION      0.00    11.49     0  17:00           0        16.3       0.167
  106                  JUNCTION      0.00    11.50     0  16:53           0        16.2       0.167
  107                  JUNCTION      0.00    11.50     0  16:53           0        16.2       0.168
  108                  JUNCTION      0.00    11.51     0  16:53           0        16.2       0.168
  109                  JUNCTION      0.00    11.51     0  16:53           0        16.2       0.168
  110                  JUNCTION      0.00    11.50     0  16:53           0        16.1       0.168
  111                  JUNCTION      0.00    11.50     0  16:53           0        16.1       0.168
  112                  JUNCTION      0.00    11.50     0  16:53           0        16.1       0.167
  113                  JUNCTION      0.00    11.50     0  16:53           0          16       0.168
  114                  JUNCTION      0.00    11.50     0  16:53           0          16       0.168
  115                  JUNCTION      0.00    11.50     0  16:53           0          16       0.168
  116                  JUNCTION      0.00    11.49     0  16:53           0          16       0.168
  117                  JUNCTION      0.00    11.50     0  16:53           0        15.9       0.169
  118                  JUNCTION      0.00    11.50     0  16:53           0        15.9       0.169
  119                  JUNCTION      0.00    11.50     0  16:53           0        15.9       0.168
  120                  JUNCTION      0.00    11.49     0  16:53           0        15.9       0.169
  121                  JUNCTION      0.00    11.48     0  16:53           0        15.8       0.169
  122                  JUNCTION      0.00    11.46     0  16:53           0        15.8       0.169
  123                  JUNCTION      0.00    11.46     0  16:53           0        15.8       0.169
  124                  JUNCTION      0.00    11.48     0  16:54           0        15.7       0.171
  125                  JUNCTION      0.00    11.49     0  16:54           0        15.7       0.171
  126                  JUNCTION      0.00    11.51     0  16:54           0        15.7       0.171
  127                  JUNCTION      0.00    11.53     0  16:54           0        15.7       0.170
  128                  JUNCTION      0.00    11.54     0  16:54           0        15.6       0.171
  129                  JUNCTION      0.00    11.55     0  16:54           0        15.6       0.171
  130                  JUNCTION      0.00    11.55     0  16:54           0        15.6       0.172
  131                  JUNCTION      0.00    11.57     0  16:54           0        15.6       0.172
  132                  JUNCTION      0.00    11.55     0  16:54           0        15.6       0.172
  133                  JUNCTION      0.00    11.51     0  16:54           0        15.5       0.173
  134                  JUNCTION      0.00    11.49     0  16:53           0        15.5       0.173
  135                  JUNCTION      0.00    11.65     0  16:53           0        15.5       0.173
  136                  JUNCTION      0.00    11.55     0  17:01           0        15.5       0.174
  137                  JUNCTION      0.00    11.47     0  17:01           0        15.4       0.173
  138                  JUNCTION      0.00    10.79     0  17:13           0        15.4       0.174
  139                  JUNCTION      0.00    10.82     0  17:13           0        15.4       0.175
  140                  JUNCTION      0.00    10.78     0  17:18           0        15.4       0.174
  141                  JUNCTION      0.00    10.60     0  17:27           0        15.4       0.170
  142                  JUNCTION      0.00    10.59     0  17:26           0        15.3       0.173
  143                  JUNCTION      0.00    10.60     0  17:29           0        15.3       0.195
  144                  JUNCTION      0.00    10.34     0  17:32           0        15.3       0.206
  145                  JUNCTION      0.00    10.42     0  17:32           0        15.3       0.107
  146                  JUNCTION      0.00    10.14     0  17:32           0        15.3       0.095
  147                  JUNCTION      0.00     9.70     0  17:33           0        15.2       0.435
  148                  JUNCTION      0.00     9.61     3  20:17           0        15.2       0.368
  149                  JUNCTION      0.00     9.61     1  20:20           0        15.1       0.091
  152                  JUNCTION      0.00     8.50     0  12:00           0        12.1       0.106
  153                  JUNCTION      0.00     8.61     0  12:00           0        12.1       0.220
  154                  JUNCTION      0.00     8.65     0  12:01           0        12.1       0.221
  155                  JUNCTION      0.00     8.79     0  12:01           0        12.1       0.220
  156                  JUNCTION      0.00     8.86     0  12:01           0          12       0.221
  157                  JUNCTION      0.00     9.04     0  12:01           0          12       0.222
  158                  JUNCTION      0.00     9.33     0  12:01           0          12       0.222
  159                  JUNCTION      0.00     9.07     0  12:01           0        11.9       0.222
  160                  JUNCTION      0.00     8.70     2  12:03           0        11.9       0.223
  161                  JUNCTION      0.00     8.73     2  12:02           0        11.9       0.224
  162                  JUNCTION      0.00     8.75     2  12:02           0        11.9       0.224
  163                  JUNCTION      0.00     8.77     2  12:02           0        11.8       0.224
  164                  JUNCTION      0.00     8.80     2  12:02           0        11.8       0.225
  165                  JUNCTION      0.00     8.82     2  12:02           0        11.8       0.226
  166                  JUNCTION      0.00     8.84     2  12:02           0        11.8       0.226
  167                  JUNCTION      0.00     8.86     2  12:02           0        11.7       0.226
  168                  JUNCTION      0.00     8.87     2  12:02           0        11.7       0.226
  169                  JUNCTION      0.00     8.89     1  12:02           0        11.7       0.227
  170                  JUNCTION      0.00     8.92     1  12:02           0        11.7       0.228
  171                  JUNCTION      0.00     8.93     1  12:02           0        11.6       0.231
  172                  JUNCTION      0.00     8.95     1  12:02           0        11.6       0.232
  173                  JUNCTION      0.00     8.97     1  12:02           0        11.6       0.232
  174                  JUNCTION      0.00     8.99     1  12:02           0        11.5       0.233
  175                  JUNCTION      0.00     9.01     1  12:02           0        11.5       0.232
  176                  JUNCTION      0.00     9.02     1  12:02           0        11.5       0.233
  177                  JUNCTION      0.00     9.04     1  12:02           0        11.5       0.232
  178                  JUNCTION      0.00     9.06     1  12:02           0        11.4       0.231
  179                  JUNCTION      0.00     9.07     1  12:02           0        11.4       0.230
  180                  JUNCTION      0.00     9.08     1  12:02           0        11.4       0.229
  181                  JUNCTION      0.00     9.12     0  18:01           0        11.4       0.230
  182                  JUNCTION      0.00     9.21     0  18:01           0        11.3       0.229
  183                  JUNCTION      0.00     9.39     0  18:01           0        11.3       0.229
  184                  JUNCTION      0.00     9.11     1  12:02           0        11.3       0.229
  185                  JUNCTION      0.00     9.25     0  18:02           0        11.3       0.229
  186                  JUNCTION      0.00     9.18     0  18:02           0        11.2       0.230
  187                  JUNCTION      0.00     9.16     1  12:02           0        11.2       0.229
  188                  JUNCTION      0.00     9.19     2  12:02           0        11.2       0.229
  189                  JUNCTION      0.00     9.22     1  12:02           0        11.2       0.231
  190                  JUNCTION      0.00     9.29     1  12:02           0        11.1       0.228
  191                  JUNCTION      0.00     9.36     1  12:02           0        11.1       0.229
  192                  JUNCTION      0.00     9.58     1  12:02           0        11.1       0.228
  193                  JUNCTION      0.00     9.65     2  12:02           0        11.1       0.228
  194                  JUNCTION      0.00     9.67     3  12:02           0          11       0.228
  195                  JUNCTION      0.00     9.50     3  12:02           0          11       0.227
  196                  JUNCTION      0.00     9.35     3  18:03           0          11       0.225
  197                  JUNCTION      0.00     9.13     3  18:03           0          11       0.224
  198                  JUNCTION      0.00     8.78     3  18:04           0        10.9       0.223
  199                  JUNCTION      0.00     8.78     0  19:03           0        10.9       0.223
  200                  JUNCTION      0.00     8.81     0  19:03           0        10.9       0.221
  201                  JUNCTION      0.00     8.84     0  19:03           0        10.9       0.220
  202                  JUNCTION      0.00     8.88     0  19:03           0        10.8       0.220
  203                  JUNCTION      0.00     8.96     0  19:02           0        10.8       0.218
  204                  JUNCTION      0.00     8.77     2  19:03           0        10.8       0.217
  205                  JUNCTION      0.00     8.80     2  19:03           0        10.8       0.216
  206                  JUNCTION      0.00     8.84     1  19:03           0        10.7       0.214
  207                  JUNCTION      0.00     8.88     1  19:02           0        10.7       0.213
  208                  JUNCTION      0.00     8.96     2  19:02           0        10.7       0.211
  209                  JUNCTION      0.00     8.86     1  19:03           0        10.7       0.210
  210                  JUNCTION      0.00     8.58     1  19:04           0        10.6       0.208
  211                  JUNCTION      0.00     8.50     3  19:38           0        10.6       0.206
  212                  JUNCTION      0.00     8.51     3  19:38           0        10.6       0.204
  213                  JUNCTION      0.00     8.50     2  19:59           0        10.6       0.202
  214                  JUNCTION      0.00     8.49     3  20:00           0        10.6       0.199
  215                  JUNCTION      0.00     8.45     1  20:01           0        10.5       0.196
  216                  JUNCTION      0.00     8.43     1  20:02           0        10.5       0.194
  217                  JUNCTION      0.00     8.39     1  20:03           0        10.5       0.190
  218                  JUNCTION      0.00     8.36     1  20:03           0        10.5       0.187
  219                  JUNCTION      0.00     8.32     1  20:04           0        10.5       0.183
  220                  JUNCTION      0.00     8.28     1  20:05           0        10.4       0.179
  221                  JUNCTION      0.00     8.25     1  20:06           0        10.4       0.174
  222                  JUNCTION      0.00     8.21     1  20:06           0        10.4       0.169
  223                  JUNCTION      0.00     8.17     1  20:07           0        10.4       0.163
  224                  JUNCTION      0.00     8.14     1  20:08           0        10.4       0.157
  225                  JUNCTION      0.00     8.10     1  20:09           0        10.4       0.149
  226                  JUNCTION      0.00     8.07     1  20:10           0        10.3       0.139
  227                  JUNCTION      0.00     8.05     1  20:12           0        10.3       0.127
  228                  JUNCTION      0.00     8.03     1  20:13           0        10.3       0.162
  230                  JUNCTION      0.00     8.00     1  20:16           0        10.3       0.135
  231                  JUNCTION      0.00    26.01     1  20:16           0        42.9       0.124
  232                  JUNCTION      0.00    16.38     1  20:16           0          26       0.104
  233                  JUNCTION      0.00    16.38     1  20:17           0          26       0.104
  234                  JUNCTION      0.00    16.38     1  20:17           0        25.9       0.104
  235                  JUNCTION      0.00    16.38     1  20:16           0        25.9       0.104
  236                  JUNCTION      0.00    16.38     1  20:15           0        25.9       0.103
  237                  JUNCTION      0.00    16.38     1  20:16           0        25.8       0.104
  238                  JUNCTION      0.00    16.38     1  20:17           0        25.8       0.103
  239                  JUNCTION      0.00    16.38     1  20:18           0        25.8       0.104
  240                  JUNCTION      0.00    16.38     1  20:17           0        25.8       0.104
  241                  JUNCTION      0.00    16.38     1  20:16           0        25.7       0.104
  242                  JUNCTION      0.00    16.38     1  20:17           0        25.7       0.105
  243                  JUNCTION      0.00    16.38     1  20:16           0        25.7       0.104
  244                  JUNCTION      0.00    16.38     1  20:17           0        25.7       0.105
  245                  JUNCTION      0.00    16.38     1  20:16           0        25.6       0.104
  246                  JUNCTION      0.00    16.38     3  20:17           0        25.6       0.105
  247                  JUNCTION      0.00    16.38     1  20:18           0        25.6       0.105
  248                  JUNCTION      0.00    16.38     1  20:16           0        25.5       0.106
  249                  JUNCTION      0.00    16.38     3  20:17           0        25.5       0.107
  250                  JUNCTION      0.00    16.38     1  20:16           0        25.5       0.107
  251                  JUNCTION      0.00    16.37     1  20:18           0        25.5       0.107
  252                  JUNCTION      0.00    16.37     3  20:19           0        25.4       0.108
  253                  JUNCTION      0.00    16.37     3  20:18           0        25.4       0.108
  254                  JUNCTION      0.00    16.37     3  20:17           0        25.4       0.108
  255                  JUNCTION      0.00    16.38     3  20:18           0        25.4       0.108
  256                  JUNCTION      0.00    16.38     3  20:18           0        25.3       0.108
  257                  JUNCTION      0.00    16.37     3  20:18           0        25.3       0.109
  258                  JUNCTION      0.00    16.37     1  20:18           0        25.3       0.109
  259                  JUNCTION      0.00    16.37     1  20:17           0        25.2       0.109
  260                  JUNCTION      0.00    16.37     1  20:18           0        25.2       0.108
  261                  JUNCTION      0.00    16.38     1  20:18           0        25.2       0.108
  262                  JUNCTION      0.00    16.38     1  20:19           0        25.2       0.108
  263                  JUNCTION      0.00    16.38     3  20:18           0        25.1       0.107
  264                  JUNCTION      0.00    16.38     3  20:18           0        25.1       0.106
  265                  JUNCTION      0.00    16.37     1  20:18           0        25.1       0.105
  266                  JUNCTION      0.00    16.37     1  20:19           0        25.1       0.105
  267                  JUNCTION      0.00    16.38     1  20:19           0          25       0.105
  268                  JUNCTION      0.00    16.38     1  20:19           0          25       0.104
  269                  JUNCTION      0.00    16.38     1  20:19           0          25       0.103
  270                  JUNCTION      0.00    16.37     3  20:18           0          25       0.104
  271                  JUNCTION      0.00    16.38     3  20:18           0        24.9       0.104
  272                  JUNCTION      0.00    16.38     1  20:20           0        24.9       0.104
  273                  JUNCTION      0.00    16.38     3  20:18           0        24.9       0.105
  274                  JUNCTION      0.00    16.38     1  20:19           0        24.9       0.105
  275                  JUNCTION      0.00    16.37     1  20:20           0        24.8       0.106
  276                  JUNCTION      0.00    16.37     1  20:18           0        24.8       0.107
  277                  JUNCTION      0.00    16.38     1  20:19           0        24.8       0.108
  278                  JUNCTION      0.00    16.37     1  20:20           0        24.7       0.110
  279                  JUNCTION      0.00    16.37     1  20:19           0        24.7       0.111
  280                  JUNCTION      0.00    16.37     1  20:19           0        24.7       0.112
  281                  JUNCTION      0.00    16.37     1  20:17           0        24.7       0.113
  282                  JUNCTION      0.00    16.38     3  20:18           0        24.6       0.114
  283                  JUNCTION      0.00    16.37     1  20:19           0        24.6       0.115
  284                  JUNCTION      0.00    16.38     1  20:19           0        24.6       0.115
  285                  JUNCTION      0.00    16.38     1  20:20           0        24.6       0.116
  286                  JUNCTION      0.00    16.38     1  20:19           0        24.5       0.115
  287                  JUNCTION      0.00    16.38     1  20:19           0        24.5       0.116
  288                  JUNCTION      0.00    16.38     1  20:19           0        24.5       0.120
  289                  JUNCTION      0.00    16.38     1  20:20           0        24.4       0.122
  290                  JUNCTION      0.00    16.38     1  20:19           0        24.4       0.109
  291                  JUNCTION      0.00    16.38     1  20:20           0        24.4       0.095
  292                  JUNCTION      0.00    16.38     1  20:20           0        24.4       0.167
  293                  JUNCTION      0.00    16.38     1  20:20           0        24.3       0.206
  294                  JUNCTION      0.00    16.38     1  20:19           0        24.3       0.096
  295                  JUNCTION      0.00    16.38     1  20:19           0        24.2      -0.053
  296                  JUNCTION      0.00    16.37     1  20:18           0        24.3       0.203
  297                  JUNCTION      0.00    16.40     2  17:06           0        24.2       0.737
  298                  JUNCTION      0.00    16.80     2  17:06           0          24       3.853
  299                  JUNCTION      0.00    18.60     2  11:01           0        23.1      -9.795
  150                  OUTFALL       0.00     9.61     1  20:20           0        15.1       0.000
  300                  OUTFALL       0.00    28.94     3  10:49           0        25.7       0.000
  1                    STORAGE      25.50    25.50     0  12:00        36.4        36.4      -0.001
  151                  STORAGE       8.50     8.50     0  12:00        12.1        12.1       0.000
  229                  STORAGE       0.00     8.00     1  20:15           0        10.3      -0.000
  79                   STORAGE       0.00    25.02     0  20:03           0        34.3      -0.027
  
  
  **********************
  Node Surcharge Summary
  **********************
  
  Surcharging occurs when water rises above the top of the highest conduit.
  ---------------------------------------------------------------------
                                               Max. Height   Min. Depth
                                   Hours       Above Crown    Below Rim
  Node                 Type      Surcharged           Feet         Feet
  ---------------------------------------------------------------------
  2                    JUNCTION       88.40        113.309        0.000
  3                    JUNCTION       88.22        112.430        0.000
  4                    JUNCTION       88.03        111.572        0.000
  5                    JUNCTION       87.86        110.710        0.000
  6                    JUNCTION       87.69        109.858        0.000
  7                    JUNCTION       87.52        108.996        0.000
  8                    JUNCTION       87.35        108.134        0.000
  9                    JUNCTION       87.18        107.275        0.000
  10                   JUNCTION       87.00        106.413        0.000
  11                   JUNCTION       86.87        105.550        0.000
  12                   JUNCTION       86.77        104.689        0.000
  13                   JUNCTION       86.68        103.833        0.000
  14                   JUNCTION       86.59        102.971        0.000
  15                   JUNCTION       86.47        102.107        0.000
  16                   JUNCTION       86.19        101.252        0.000
  17                   JUNCTION       85.93        100.394        0.000
  18                   JUNCTION       85.76         99.536        0.000
  19                   JUNCTION       85.65         98.673        0.000
  20                   JUNCTION       85.48         97.818        0.000
  21                   JUNCTION       85.35         96.951        0.000
  22                   JUNCTION       85.18         96.085        0.000
  23                   JUNCTION       85.04         95.226        0.000
  24                   JUNCTION       84.78         94.370        0.000
  25                   JUNCTION       84.42         93.513        0.000
  26                   JUNCTION       83.98         92.649        0.000
  27                   JUNCTION       83.63         91.792        0.000
  28                   JUNCTION       83.34         90.922        0.000
  29                   JUNCTION       83.19         90.063        0.000
  30                   JUNCTION       83.05         89.223        0.000
  31                   JUNCTION       82.91         88.351        0.000
  32                   JUNCTION       82.78         87.482        0.000
  33                   JUNCTION       82.62         86.626        0.000
  34                   JUNCTION       82.40         85.767        0.000
  35                   JUNCTION       82.15         84.897        0.000
  36                   JUNCTION       81.91         84.044        0.000
  37                   JUNCTION       81.78         83.193        0.000
  38                   JUNCTION       81.69         82.328        0.000
  39                   JUNCTION       81.58         81.462        0.000
  40                   JUNCTION       81.46         80.611        0.000
  41                   JUNCTION       81.33         79.747        0.000
  42                   JUNCTION       81.01         78.883        0.000
  43                   JUNCTION       80.51         78.024        0.000
  44                   JUNCTION       80.07         77.167        0.000
  45                   JUNCTION       79.67         76.299        0.000
  46                   JUNCTION       79.27         75.441        0.000
  47                   JUNCTION       78.90         74.578        0.000
  48                   JUNCTION       78.55         73.723        0.000
  49                   JUNCTION       78.18         72.862        0.000
  50                   JUNCTION       77.84         72.004        0.000
  51                   JUNCTION       77.53         71.137        0.000
  52                   JUNCTION       77.23         70.287        0.000
  53                   JUNCTION       76.80         69.426        0.000
  54                   JUNCTION       76.29         68.560        0.000
  55                   JUNCTION       76.01         67.700        0.000
  56                   JUNCTION       75.74         66.834        0.000
  57                   JUNCTION       75.55         65.978        0.000
  58                   JUNCTION       74.61         65.119        0.000
  59                   JUNCTION       73.86         64.260        0.000
  60                   JUNCTION       73.26         63.397        0.000
  61                   JUNCTION       72.75         62.538        0.000
  62                   JUNCTION       72.25         61.679        0.000
  63                   JUNCTION       72.03         60.813        0.000
  64                   JUNCTION       71.88         59.955        0.000
  65                   JUNCTION       71.71         59.101        0.000
  66                   JUNCTION       70.45         58.231        0.000
  67                   JUNCTION       69.26         57.382        0.000
  68                   JUNCTION       68.54         56.519        0.000
  69                   JUNCTION       68.13         55.659        0.000
  70                   JUNCTION       67.92         54.791        0.000
  71                   JUNCTION       65.73         53.930        0.000
  72                   JUNCTION       64.92         53.074        0.000
  73                   JUNCTION       64.48         52.217        0.000
  74                   JUNCTION       64.19         51.358        0.000
  75                   JUNCTION       61.33         50.495        0.000
  76                   JUNCTION       60.50         49.633        0.000
  77                   JUNCTION       56.05         48.777        0.000
  78                   JUNCTION       43.52         47.907        0.000
  80                   JUNCTION       84.98         21.058        0.000
  82                   JUNCTION       84.42         20.438        0.000
  83                   JUNCTION       84.31         20.288        0.000
  84                   JUNCTION       84.20         20.149        0.000
  85                   JUNCTION       84.09         20.009        0.000
  86                   JUNCTION       83.97         19.846        0.000
  87                   JUNCTION       83.86         19.709        0.000
  88                   JUNCTION       83.75         19.560        0.000
  89                   JUNCTION       83.63         19.418        0.000
  90                   JUNCTION       83.51         19.265        0.000
  91                   JUNCTION       83.40         19.121        0.000
  92                   JUNCTION       83.28         18.982        0.000
  93                   JUNCTION       83.16         18.824        0.000
  94                   JUNCTION       83.03         18.682        0.000
  95                   JUNCTION       82.92         18.533        0.000
  96                   JUNCTION       82.80         18.396        0.000
  97                   JUNCTION       82.69         18.239        0.000
  98                   JUNCTION       82.56         18.098        0.000
  99                   JUNCTION       82.44         17.950        0.000
  100                  JUNCTION       82.32         17.799        0.000
  101                  JUNCTION       82.20         17.657        0.000
  102                  JUNCTION       82.08         17.499        0.000
  103                  JUNCTION       81.97         17.370        0.000
  104                  JUNCTION       81.85         17.219        0.000
  105                  JUNCTION       81.74         17.082        0.000
  106                  JUNCTION       81.61         16.929        0.000
  107                  JUNCTION       81.49         16.784        0.000
  108                  JUNCTION       81.36         16.641        0.000
  109                  JUNCTION       81.25         16.503        0.000
  110                  JUNCTION       81.15         16.348        0.000
  111                  JUNCTION       81.06         16.209        0.000
  112                  JUNCTION       80.97         16.051        0.000
  113                  JUNCTION       80.89         15.901        0.000
  114                  JUNCTION       80.80         15.759        0.000
  115                  JUNCTION       80.71         15.620        0.000
  116                  JUNCTION       80.63         15.461        0.000
  117                  JUNCTION       80.54         15.318        0.000
  118                  JUNCTION       80.45         15.186        0.000
  119                  JUNCTION       80.37         15.025        0.000
  120                  JUNCTION       80.28         14.892        0.000
  121                  JUNCTION       80.20         14.739        0.000
  122                  JUNCTION       80.11         14.597        0.000
  123                  JUNCTION       80.02         14.465        0.000
  124                  JUNCTION       79.94         14.312        0.000
  125                  JUNCTION       79.85         14.149        0.000
  126                  JUNCTION       79.77         14.008        0.000
  127                  JUNCTION       79.68         13.868        0.000
  128                  JUNCTION       79.60         13.722        0.000
  129                  JUNCTION       79.51         13.576        0.000
  130                  JUNCTION       79.42         13.438        0.000
  131                  JUNCTION       79.33         13.279        0.000
  132                  JUNCTION       79.24         13.138        0.000
  133                  JUNCTION       79.16         12.987        0.000
  134                  JUNCTION       79.12         12.837        0.000
  135                  JUNCTION       79.06         12.686        0.000
  136                  JUNCTION       78.99         12.544        0.000
  137                  JUNCTION       78.85         12.416        0.000
  138                  JUNCTION       78.79         12.247        0.000
  139                  JUNCTION       78.71         12.109        0.000
  140                  JUNCTION       78.63         11.967        0.000
  141                  JUNCTION       78.56         11.814        0.000
  142                  JUNCTION       78.51         11.668        0.000
  143                  JUNCTION       78.49         11.526        0.000
  144                  JUNCTION       78.47         11.382        0.000
  145                  JUNCTION       78.46         11.230        0.000
  146                  JUNCTION       78.45         11.091        0.000
  147                  JUNCTION       78.45         10.938        0.000
  148                  JUNCTION       78.44         10.794        0.000
  149                  JUNCTION       78.44         10.640        0.000
  152                  JUNCTION       70.05          4.998        0.000
  153                  JUNCTION       69.52          4.897        0.000
  154                  JUNCTION       68.77          4.823        0.000
  155                  JUNCTION       68.18          4.736        0.000
  156                  JUNCTION       67.59          4.652        0.000
  157                  JUNCTION       67.02          4.578        0.000
  158                  JUNCTION       66.49          4.490        0.000
  159                  JUNCTION       66.02          4.417        0.000
  160                  JUNCTION       65.48          4.340        0.000
  161                  JUNCTION       64.99          4.247        0.000
  162                  JUNCTION       64.55          4.174        0.000
  163                  JUNCTION       64.12          4.083        0.000
  164                  JUNCTION       63.67          4.008        0.000
  165                  JUNCTION       63.14          3.929        0.000
  166                  JUNCTION       62.34          3.848        0.000
  167                  JUNCTION       61.48          3.764        0.000
  168                  JUNCTION       60.32          3.684        0.000
  169                  JUNCTION       58.57          3.596        0.000
  170                  JUNCTION       56.40          3.517        0.000
  171                  JUNCTION       54.29          3.432        0.000
  172                  JUNCTION       52.54          3.362        0.000
  173                  JUNCTION       51.14          3.285        0.000
  174                  JUNCTION       50.03          3.198        0.000
  175                  JUNCTION       48.79          3.119        0.000
  176                  JUNCTION       47.47          3.040        0.000
  177                  JUNCTION       45.27          2.946        0.000
  178                  JUNCTION       43.90          2.873        0.000
  179                  JUNCTION       43.19          2.795        0.000
  180                  JUNCTION       42.62          2.711        0.000
  181                  JUNCTION       42.05          2.643        0.000
  182                  JUNCTION       41.53          2.547        0.000
  183                  JUNCTION       40.87          2.465        0.000
  184                  JUNCTION       40.19          2.379        0.000
  185                  JUNCTION       39.51          2.300        0.000
  186                  JUNCTION       38.81          2.218        0.000
  187                  JUNCTION       37.63          2.140        0.000
  188                  JUNCTION       36.08          2.060        0.000
  189                  JUNCTION       34.42          1.984        0.000
  190                  JUNCTION       32.55          1.896        0.000
  191                  JUNCTION       30.37          1.821        0.000
  192                  JUNCTION       29.58          1.742        0.000
  193                  JUNCTION       29.01          1.651        0.000
  194                  JUNCTION       28.31          1.577        0.000
  195                  JUNCTION       27.83          1.490        0.000
  196                  JUNCTION       27.39          1.418        0.000
  197                  JUNCTION       26.31          1.338        0.000
  198                  JUNCTION       24.44          1.259        0.000
  199                  JUNCTION       22.26          1.170        0.000
  200                  JUNCTION       20.30          1.102        0.000
  201                  JUNCTION       19.00          1.003        0.000
  202                  JUNCTION       17.10          0.929        0.000
  203                  JUNCTION       15.17          0.856        0.000
  204                  JUNCTION       13.76          0.752        0.000
  205                  JUNCTION       12.39          0.674        0.000
  206                  JUNCTION        9.88          0.587        0.000
  207                  JUNCTION        6.91          0.501        0.000
  208                  JUNCTION        4.71          0.420        0.000
  209                  JUNCTION        3.27          0.335        0.000
  210                  JUNCTION        2.45          0.251        0.000
  211                  JUNCTION        1.74          0.170        0.000
  212                  JUNCTION        1.08          0.090        0.000
  213                  JUNCTION        0.11          0.009        0.000
  230                  JUNCTION       84.55         20.659        0.000
  231                  JUNCTION       84.55         20.581        0.000
  232                  JUNCTION       84.45         20.280        0.000
  233                  JUNCTION       84.34         19.980        0.000
  234                  JUNCTION       84.22         19.686        0.000
  235                  JUNCTION       84.11         19.380        0.000
  236                  JUNCTION       84.00         19.078        0.000
  237                  JUNCTION       83.89         18.781        0.000
  238                  JUNCTION       83.78         18.475        0.000
  239                  JUNCTION       83.67         18.188        0.000
  240                  JUNCTION       83.57         17.884        0.000
  241                  JUNCTION       83.46         17.579        0.000
  242                  JUNCTION       83.35         17.265        0.000
  243                  JUNCTION       83.25         16.972        0.000
  244                  JUNCTION       83.13         16.673        0.000
  245                  JUNCTION       83.02         16.376        0.000
  246                  JUNCTION       82.92         16.084        0.000
  247                  JUNCTION       82.80         15.774        0.000
  248                  JUNCTION       82.71         15.475        0.000
  249                  JUNCTION       82.59         15.173        0.000
  250                  JUNCTION       82.47         14.879        0.000
  251                  JUNCTION       82.37         14.670        0.000
  252                  JUNCTION       82.26         14.452        0.000
  253                  JUNCTION       82.15         14.250        0.000
  254                  JUNCTION       82.04         14.030        0.000
  255                  JUNCTION       81.95         13.832        0.000
  256                  JUNCTION       81.84         13.617        0.000
  257                  JUNCTION       81.74         13.420        0.000
  258                  JUNCTION       81.63         13.228        0.000
  259                  JUNCTION       81.51         13.053        0.000
  260                  JUNCTION       81.41         12.873        0.000
  261                  JUNCTION       81.30         12.706        0.000
  262                  JUNCTION       81.21         12.528        0.000
  263                  JUNCTION       81.12         12.369        0.000
  264                  JUNCTION       81.04         12.190        0.000
  265                  JUNCTION       80.97         12.040        0.000
  266                  JUNCTION       80.89         11.860        0.000
  267                  JUNCTION       80.82         11.722        0.000
  268                  JUNCTION       80.75         11.547        0.000
  269                  JUNCTION       80.67         11.443        0.000
  270                  JUNCTION       80.60         11.480        0.000
  271                  JUNCTION       80.52         11.485        0.000
  272                  JUNCTION       80.45         11.517        0.000
  273                  JUNCTION       80.37         11.536        0.000
  274                  JUNCTION       80.29         11.565        0.000
  275                  JUNCTION       80.22         11.604        0.000
  276                  JUNCTION       80.14         11.637        0.000
  277                  JUNCTION       80.07         11.706        0.000
  278                  JUNCTION       79.99         11.757        0.000
  279                  JUNCTION       79.92         11.868        0.000
  280                  JUNCTION       79.84         11.947        0.000
  281                  JUNCTION       79.76         12.113        0.000
  282                  JUNCTION       79.68         12.223        0.000
  283                  JUNCTION       79.61         12.461        0.000
  284                  JUNCTION       79.53         12.595        0.000
  285                  JUNCTION       79.45         12.933        0.000
  286                  JUNCTION       79.38         13.064        0.000
  287                  JUNCTION       79.33         13.551        0.000
  288                  JUNCTION       79.29         13.605        0.000
  289                  JUNCTION       79.27         14.344        0.000
  290                  JUNCTION       79.25         14.431        0.000
  291                  JUNCTION       79.24         15.264        0.000
  292                  JUNCTION       79.23         15.679        0.000
  293                  JUNCTION       79.22         16.206        0.000
  294                  JUNCTION       79.21         17.380        0.000
  295                  JUNCTION       79.21         17.264        0.000
  296                  JUNCTION       79.20         18.242        0.000
  297                  JUNCTION       79.20         19.198        0.000
  298                  JUNCTION       78.92         19.718        0.000
  299                  JUNCTION       54.81         22.450        0.000
  
  
  *********************
  Node Flooding Summary
  *********************
  
  Flooding refers to all water that overflows a node, whether it ponds or not.
  --------------------------------------------------------------------------
                                                             Total   Maximum
                                 Maximum   Time of Max       Flood    Ponded
                        Hours       Rate    Occurrence      Volume     Depth
  Node                 Flooded       CFS   days hr:min    10^6 gal      Feet
  --------------------------------------------------------------------------
  79                     14.70      7.02      0  20:03       1.678     0.000
  
  
  **********************
  Storage Volume Summary
  **********************
  
  ------------------------------------------------------------------------------------------------
                         Average    Avg   Evap  Exfil     Maximum    Max    Time of Max    Maximum
                          Volume   Pcnt   Pcnt   Pcnt      Volume   Pcnt     Occurrence    Outflow
  Storage Unit          1000 ft³   Full   Loss   Loss    1000 ft³   Full    days hr:min        CFS
  ------------------------------------------------------------------------------------------------
  1                        0.085    0.4    0.0    0.0       1.800    7.5       2  20:00      25.00
  151                      0.000    0.0    0.0    0.0       0.000    0.0       0  00:00       8.50
  229                      0.036    0.6    0.0    0.0       0.230    3.8       1  20:16       8.00
  79                       2.313   38.5    0.0    0.0       6.000  100.0       0  12:41      18.00
  
  
  ***********************
  Outfall Loading Summary
  ***********************
  
  -----------------------------------------------------------
                         Flow       Avg       Max       Total
                         Freq      Flow      Flow      Volume
  Outfall Node           Pcnt       CFS       CFS    10^6 gal
  -----------------------------------------------------------
  150                   99.99      5.88      9.61      15.123
  300                   83.56     11.90     28.94      25.651
  -----------------------------------------------------------
  System                91.78     17.79     36.66      40.774
  
  
  ********************
  Link Flow Summary
  ********************
  
  -----------------------------------------------------------------------------
                                 Maximum  Time of Max   Maximum    Max/    Max/
                                  |Flow|   Occurrence   |Veloc|    Full    Full
  Link                 Type          CFS  days hr:min    ft/sec    Flow   Depth
  -----------------------------------------------------------------------------
  2                    CONDUIT     25.01     0  19:52      3.60   38.04    1.00
  3                    CONDUIT     25.02     3  13:07      3.54   38.05    1.00
  4                    CONDUIT     25.02     2  13:05      3.54   38.05    1.00
  5                    CONDUIT     25.02     0  19:33      3.54   38.05    1.00
  6                    CONDUIT     25.02     2  19:54      3.54   38.05    1.00
  7                    CONDUIT     25.02     2  13:12      3.54   38.05    1.00
  8                    CONDUIT     25.03     0  19:30      3.54   38.07    1.00
  9                    CONDUIT     25.02     3  19:37      3.54   38.05    1.00
  10                   CONDUIT     25.02     0  19:36      3.54   38.05    1.00
  11                   CONDUIT     25.03     2  13:02      3.54   38.06    1.00
  12                   CONDUIT     25.02     2  19:37      3.54   38.05    1.00
  13                   CONDUIT     25.02     1  13:09      3.54   38.05    1.00
  14                   CONDUIT     25.06     0  19:40      3.54   38.10    1.00
  15                   CONDUIT     25.02     3  20:01      3.54   38.05    1.00
  16                   CONDUIT     25.03     2  19:37      3.54   38.06    1.00
  17                   CONDUIT     25.02     3  13:10      3.54   38.05    1.00
  18                   CONDUIT     25.03     1  13:03      3.54   38.06    1.00
  19                   CONDUIT     25.02     1  19:52      3.54   38.05    1.00
  20                   CONDUIT     25.03     3  19:47      3.54   38.06    1.00
  21                   CONDUIT     25.02     0  20:01      3.54   38.05    1.00
  22                   CONDUIT     25.03     2  19:54      3.54   38.06    1.00
  23                   CONDUIT     25.02     2  19:50      3.54   38.05    1.00
  24                   CONDUIT     25.02     1  19:39      3.54   38.05    1.00
  25                   CONDUIT     25.02     0  20:04      3.54   38.05    1.00
  26                   CONDUIT     25.02     0  19:43      3.54   38.05    1.00
  27                   CONDUIT     25.04     1  20:02      3.54   38.08    1.00
  28                   CONDUIT     25.02     0  19:53      3.54   38.05    1.00
  29                   CONDUIT     25.02     2  13:07      3.54   38.05    1.00
  30                   CONDUIT     25.02     0  20:05      3.54   38.05    1.00
  31                   CONDUIT     25.02     3  20:00      3.54   38.05    1.00
  32                   CONDUIT     25.03     2  19:45      3.54   38.06    1.00
  33                   CONDUIT     25.02     2  20:02      3.54   38.05    1.00
  34                   CONDUIT     25.02     1  19:45      3.54   38.05    1.00
  35                   CONDUIT     25.02     1  19:43      3.54   38.05    1.00
  36                   CONDUIT     25.02     1  19:45      3.54   38.05    1.00
  37                   CONDUIT     25.02     1  19:43      3.54   38.04    1.00
  38                   CONDUIT     25.02     2  19:45      3.54   38.05    1.00
  39                   CONDUIT     25.02     2  19:40      3.54   38.05    1.00
  40                   CONDUIT     25.02     2  19:45      3.54   38.05    1.00
  41                   CONDUIT     25.02     1  13:12      3.54   38.05    1.00
  42                   CONDUIT     25.02     0  19:58      3.54   38.05    1.00
  43                   CONDUIT     25.03     1  19:29      3.54   38.07    1.00
  44                   CONDUIT     25.04     0  19:52      3.54   38.08    1.00
  45                   CONDUIT     25.03     3  13:08      3.54   38.07    1.00
  46                   CONDUIT     25.05     3  13:04      3.54   38.09    1.00
  47                   CONDUIT     25.02     1  13:08      3.54   38.05    1.00
  48                   CONDUIT     25.03     1  20:00      3.54   38.06    1.00
  49                   CONDUIT     25.02     0  19:54      3.54   38.05    1.00
  50                   CONDUIT     25.02     1  13:12      3.54   38.05    1.00
  51                   CONDUIT     25.02     0  19:40      3.54   38.05    1.00
  52                   CONDUIT     25.02     2  19:35      3.54   38.05    1.00
  53                   CONDUIT     25.02     0  19:54      3.54   38.05    1.00
  54                   CONDUIT     25.02     0  20:00      3.54   38.05    1.00
  55                   CONDUIT     25.02     3  13:03      3.54   38.06    1.00
  56                   CONDUIT     25.05     3  19:38      3.54   38.09    1.00
  57                   CONDUIT     25.02     3  20:04      3.54   38.06    1.00
  58                   CONDUIT     25.02     0  19:44      3.54   38.05    1.00
  59                   CONDUIT     25.02     2  20:04      3.54   38.05    1.00
  60                   CONDUIT     25.02     3  13:12      3.54   38.05    1.00
  61                   CONDUIT     25.05     3  20:00      3.54   38.10    1.00
  62                   CONDUIT     25.02     3  19:46      3.54   38.05    1.00
  63                   CONDUIT     25.02     0  20:03      3.54   38.05    1.00
  64                   CONDUIT     25.02     3  20:06      3.54   38.05    1.00
  65                   CONDUIT     25.02     3  19:53      3.54   38.05    1.00
  66                   CONDUIT     25.04     2  19:44      3.54   38.08    1.00
  67                   CONDUIT     25.02     0  20:03      3.54   38.05    1.00
  68                   CONDUIT     25.02     0  20:01      3.54   38.06    1.00
  69                   CONDUIT     25.02     1  19:46      3.54   38.05    1.00
  70                   CONDUIT     25.02     2  20:00      3.54   38.05    1.00
  71                   CONDUIT     25.02     0  20:03      3.54   38.05    1.00
  72                   CONDUIT     25.02     3  20:01      3.54   38.05    1.00
  73                   CONDUIT     25.02     2  13:08      3.54   38.05    1.00
  74                   CONDUIT     25.02     3  19:43      3.54   38.05    1.00
  75                   CONDUIT     25.02     0  19:43      3.54   38.05    1.00
  76                   CONDUIT     25.02     0  20:03      3.54   38.05    1.00
  77                   CONDUIT     25.03     0  20:03      3.54   38.06    1.00
  78                   CONDUIT     25.02     0  20:03      3.92   38.05    1.00
  80                   CONDUIT     18.06     0  11:27      3.09   27.46    1.00
  81                   CONDUIT     11.71     0  16:59      1.79   17.82    1.00
  82                   CONDUIT     11.70     0  16:59      1.83   17.80    1.00
  83                   CONDUIT     11.69     0  16:59      1.79   17.77    1.00
  84                   CONDUIT     11.67     0  16:59      1.74   17.75    1.00
  85                   CONDUIT     11.67     0  16:59      1.68   17.74    1.00
  86                   CONDUIT     11.65     0  16:59      1.65   17.71    1.00
  87                   CONDUIT     11.65     0  16:59      1.65   17.71    1.00
  88                   CONDUIT     11.63     0  16:59      1.65   17.69    1.00
  89                   CONDUIT     11.62     0  16:59      1.64   17.67    1.00
  90                   CONDUIT     11.62     0  16:59      1.64   17.66    1.00
  91                   CONDUIT     11.60     0  16:59      1.64   17.64    1.00
  92                   CONDUIT     11.60     0  16:59      1.64   17.64    1.00
  93                   CONDUIT     11.58     0  16:59      1.64   17.61    1.00
  94                   CONDUIT     11.57     0  16:59      1.64   17.60    1.00
  95                   CONDUIT     11.55     0  16:59      1.63   17.57    1.00
  96                   CONDUIT     11.55     0  17:00      1.63   17.56    1.00
  97                   CONDUIT     11.53     0  17:00      1.63   17.54    1.00
  98                   CONDUIT     11.53     0  17:00      1.63   17.53    1.00
  99                   CONDUIT     11.54     0  17:00      1.63   17.54    1.00
  100                  CONDUIT     11.53     0  17:00      1.63   17.54    1.00
  101                  CONDUIT     11.51     0  17:00      1.63   17.51    1.00
  102                  CONDUIT     11.51     0  17:00      1.63   17.51    1.00
  103                  CONDUIT     11.51     0  17:00      1.63   17.50    1.00
  104                  CONDUIT     11.49     0  17:00      1.63   17.48    1.00
  105                  CONDUIT     11.50     0  16:53      1.63   17.48    1.00
  106                  CONDUIT     11.50     0  16:53      1.63   17.48    1.00
  107                  CONDUIT     11.51     0  16:53      1.63   17.50    1.00
  108                  CONDUIT     11.51     0  16:53      1.63   17.50    1.00
  109                  CONDUIT     11.50     0  16:53      1.63   17.50    1.00
  110                  CONDUIT     11.50     0  16:53      1.63   17.49    1.00
  111                  CONDUIT     11.50     0  16:53      1.63   17.48    1.00
  112                  CONDUIT     11.50     0  16:53      1.63   17.48    1.00
  113                  CONDUIT     11.50     0  16:53      1.63   17.49    1.00
  114                  CONDUIT     11.50     0  16:53      1.63   17.49    1.00
  115                  CONDUIT     11.49     0  16:53      1.63   17.47    1.00
  116                  CONDUIT     11.50     0  16:53      1.63   17.48    1.00
  117                  CONDUIT     11.50     0  16:53      1.63   17.49    1.00
  118                  CONDUIT     11.50     0  16:53      1.63   17.49    1.00
  119                  CONDUIT     11.49     0  16:53      1.63   17.48    1.00
  120                  CONDUIT     11.48     0  16:53      1.62   17.45    1.00
  121                  CONDUIT     11.46     0  16:53      1.62   17.43    1.00
  122                  CONDUIT     11.46     0  16:53      1.62   17.43    1.00
  123                  CONDUIT     11.48     0  16:54      1.62   17.45    1.00
  124                  CONDUIT     11.49     0  16:54      1.63   17.48    1.00
  125                  CONDUIT     11.51     0  16:54      1.63   17.50    1.00
  126                  CONDUIT     11.53     0  16:54      1.63   17.53    1.00
  127                  CONDUIT     11.54     0  16:54      1.63   17.55    1.00
  128                  CONDUIT     11.55     0  16:54      1.63   17.56    1.00
  129                  CONDUIT     11.55     0  16:54      1.63   17.57    1.00
  130                  CONDUIT     11.57     0  16:54      1.64   17.59    1.00
  131                  CONDUIT     11.55     0  16:54      1.63   17.57    1.00
  132                  CONDUIT     11.51     0  16:54      1.63   17.50    1.00
  133                  CONDUIT     11.49     0  16:53      1.63   17.47    1.00
  134                  CONDUIT     11.65     0  16:53      1.66   17.72    1.00
  135                  CONDUIT     11.55     0  17:01      1.63   17.56    1.00
  136                  CONDUIT     11.47     0  17:01      1.63   17.44    1.00
  137                  CONDUIT     10.79     0  17:13      1.58   16.41    1.00
  138                  CONDUIT     10.82     0  17:13      1.55   16.46    1.00
  139                  CONDUIT     10.78     0  17:18      1.54   16.39    1.00
  140                  CONDUIT     10.60     0  17:27      1.51   16.12    1.00
  141                  CONDUIT     10.59     0  17:26      1.51   16.11    1.00
  142                  CONDUIT     10.60     0  17:29      1.51   16.12    1.00
  143                  CONDUIT     10.34     0  17:32      1.46   15.72    1.00
  144                  CONDUIT     10.42     0  17:32      1.48   15.85    1.00
  145                  CONDUIT     10.14     0  17:32      1.43   15.41    1.00
  146                  CONDUIT      9.70     0  17:33      1.37   14.75    1.00
  147                  CONDUIT      9.61     3  20:17      1.36   14.62    1.00
  148                  CONDUIT      9.61     1  20:20      1.36   14.61    1.00
  152                  CONDUIT      8.61     0  12:00      1.89    9.13    1.00
  153                  CONDUIT      8.65     0  12:01      1.62    9.17    1.00
  154                  CONDUIT      8.79     0  12:01      1.50    9.32    1.00
  155                  CONDUIT      8.86     0  12:01      1.42    9.39    1.00
  156                  CONDUIT      9.04     0  12:01      1.36    9.59    1.00
  157                  CONDUIT      9.33     0  12:01      1.32    9.89    1.00
  158                  CONDUIT      9.07     0  12:01      1.29    9.61    1.00
  159                  CONDUIT      8.70     2  12:03      1.23    9.23    1.00
  160                  CONDUIT      8.73     2  12:02      1.23    9.25    1.00
  161                  CONDUIT      8.75     2  12:02      1.24    9.28    1.00
  162                  CONDUIT      8.77     2  12:02      1.24    9.30    1.00
  163                  CONDUIT      8.80     2  12:02      1.24    9.32    1.00
  164                  CONDUIT      8.82     2  12:02      1.25    9.35    1.00
  165                  CONDUIT      8.84     2  12:02      1.25    9.37    1.00
  166                  CONDUIT      8.86     2  12:02      1.25    9.39    1.00
  167                  CONDUIT      8.87     2  12:02      1.26    9.41    1.00
  168                  CONDUIT      8.89     1  12:02      1.26    9.43    1.00
  169                  CONDUIT      8.92     1  12:02      1.26    9.45    1.00
  170                  CONDUIT      8.93     1  12:02      1.26    9.47    1.00
  171                  CONDUIT      8.95     1  12:02      1.27    9.49    1.00
  172                  CONDUIT      8.97     1  12:02      1.27    9.51    1.00
  173                  CONDUIT      8.99     1  12:02      1.27    9.53    1.00
  174                  CONDUIT      9.01     1  12:02      1.27    9.55    1.00
  175                  CONDUIT      9.02     1  12:02      1.28    9.56    1.00
  176                  CONDUIT      9.04     1  12:02      1.28    9.58    1.00
  177                  CONDUIT      9.06     1  12:02      1.28    9.60    1.00
  178                  CONDUIT      9.07     1  12:02      1.28    9.62    1.00
  179                  CONDUIT      9.08     1  12:02      1.28    9.62    1.00
  180                  CONDUIT      9.12     0  18:01      1.29    9.66    1.00
  181                  CONDUIT      9.21     0  18:01      1.30    9.76    1.00
  182                  CONDUIT      9.39     0  18:01      1.33    9.96    1.00
  183                  CONDUIT      9.11     1  12:02      1.29    9.66    1.00
  184                  CONDUIT      9.25     0  18:02      1.31    9.81    1.00
  185                  CONDUIT      9.18     0  18:02      1.30    9.74    1.00
  186                  CONDUIT      9.16     1  12:02      1.30    9.71    1.00
  187                  CONDUIT      9.19     2  12:02      1.30    9.74    1.00
  188                  CONDUIT      9.22     1  12:02      1.30    9.77    1.00
  189                  CONDUIT      9.29     1  12:02      1.31    9.84    1.00
  190                  CONDUIT      9.36     1  12:02      1.32    9.93    1.00
  191                  CONDUIT      9.58     1  12:02      1.36   10.16    1.00
  192                  CONDUIT      9.65     2  12:02      1.37   10.23    1.00
  193                  CONDUIT      9.67     3  12:02      1.37   10.25    1.00
  194                  CONDUIT      9.50     3  12:02      1.35   10.07    1.00
  195                  CONDUIT      9.35     3  18:03      1.32    9.91    1.00
  196                  CONDUIT      9.13     3  18:03      1.29    9.68    1.00
  197                  CONDUIT      8.78     3  18:04      1.25    9.31    1.00
  198                  CONDUIT      8.78     0  19:03      1.24    9.31    1.00
  199                  CONDUIT      8.81     0  19:03      1.25    9.34    1.00
  200                  CONDUIT      8.84     0  19:03      1.25    9.37    1.00
  201                  CONDUIT      8.88     0  19:03      1.26    9.41    1.00
  202                  CONDUIT      8.96     0  19:02      1.27    9.50    1.00
  203                  CONDUIT      8.77     2  19:03      1.24    9.30    1.00
  204                  CONDUIT      8.80     2  19:03      1.24    9.32    1.00
  205                  CONDUIT      8.84     1  19:03      1.25    9.37    1.00
  206                  CONDUIT      8.88     1  19:02      1.26    9.41    1.00
  207                  CONDUIT      8.96     2  19:02      1.27    9.50    1.00
  208                  CONDUIT      8.86     1  19:03      1.26    9.39    1.00
  209                  CONDUIT      8.58     1  19:04      1.22    9.10    1.00
  210                  CONDUIT      8.50     3  19:38      1.22    9.02    1.00
  211                  CONDUIT      8.51     3  19:38      1.22    9.02    1.00
  212                  CONDUIT      8.50     2  19:59      1.21    9.02    1.00
  213                  CONDUIT      8.49     3  20:00      1.21    9.00    0.99
  214                  CONDUIT      8.45     1  20:01      1.22    8.96    0.97
  215                  CONDUIT      8.43     1  20:02      1.22    8.93    0.94
  216                  CONDUIT      8.39     1  20:03      1.24    8.90    0.92
  217                  CONDUIT      8.36     1  20:03      1.25    8.86    0.90
  218                  CONDUIT      8.32     1  20:04      1.27    8.82    0.87
  219                  CONDUIT      8.28     1  20:05      1.29    8.78    0.85
  220                  CONDUIT      8.25     1  20:06      1.32    8.74    0.83
  221                  CONDUIT      8.21     1  20:06      1.35    8.70    0.80
  222                  CONDUIT      8.17     1  20:07      1.39    8.66    0.77
  223                  CONDUIT      8.14     1  20:08      1.44    8.63    0.74
  224                  CONDUIT      8.10     1  20:09      1.51    8.59    0.71
  225                  CONDUIT      8.07     1  20:10      1.59    8.56    0.67
  226                  CONDUIT      8.05     1  20:12      1.72    8.53    0.63
  227                  CONDUIT      8.03     1  20:13      1.93    8.51    0.57
  228                  CONDUIT      8.00     1  20:15      2.87    8.48    0.42
  230                  CONDUIT      8.00     1  20:16      1.81    8.48    1.00
  231                  CONDUIT     16.38     1  20:16      2.32   17.37    1.00
  232                  CONDUIT     16.38     1  20:17      2.33   17.37    1.00
  233                  CONDUIT     16.38     1  20:17      2.33   17.36    1.00
  234                  CONDUIT     16.38     1  20:16      2.32   17.36    1.00
  235                  CONDUIT     16.38     1  20:15      2.32   17.37    1.00
  236                  CONDUIT     16.38     1  20:16      2.32   17.37    1.00
  237                  CONDUIT     16.38     1  20:17      2.32   17.37    1.00
  238                  CONDUIT     16.38     1  20:18      2.32   17.36    1.00
  239                  CONDUIT     16.38     1  20:17      2.32   17.36    1.00
  240                  CONDUIT     16.38     1  20:16      2.32   17.36    1.00
  241                  CONDUIT     16.38     1  20:17      2.32   17.37    1.00
  242                  CONDUIT     16.38     1  20:16      2.32   17.36    1.00
  243                  CONDUIT     16.38     1  20:17      2.32   17.36    1.00
  244                  CONDUIT     16.38     1  20:16      2.32   17.36    1.00
  245                  CONDUIT     16.38     3  20:17      2.32   17.36    1.00
  246                  CONDUIT     16.38     1  20:18      2.32   17.36    1.00
  247                  CONDUIT     16.38     1  20:16      2.32   17.36    1.00
  248                  CONDUIT     16.38     3  20:17      2.32   17.36    1.00
  249                  CONDUIT     16.38     1  20:16      2.32   17.36    1.00
  250                  CONDUIT     16.37     1  20:18      2.32   17.36    1.00
  251                  CONDUIT     16.37     3  20:19      2.32   17.36    1.00
  252                  CONDUIT     16.37     3  20:18      2.32   17.36    1.00
  253                  CONDUIT     16.37     3  20:17      2.32   17.36    1.00
  254                  CONDUIT     16.38     3  20:18      2.32   17.36    1.00
  255                  CONDUIT     16.38     3  20:18      2.32   17.36    1.00
  256                  CONDUIT     16.37     3  20:18      2.32   17.36    1.00
  257                  CONDUIT     16.37     1  20:18      2.32   17.36    1.00
  258                  CONDUIT     16.37     1  20:17      2.32   17.36    1.00
  259                  CONDUIT     16.37     1  20:18      2.32   17.36    1.00
  260                  CONDUIT     16.38     1  20:18      2.32   17.36    1.00
  261                  CONDUIT     16.38     1  20:19      2.32   17.36    1.00
  262                  CONDUIT     16.38     3  20:18      2.32   17.36    1.00
  263                  CONDUIT     16.38     3  20:18      2.32   17.37    1.00
  264                  CONDUIT     16.37     1  20:18      2.32   17.36    1.00
  265                  CONDUIT     16.37     1  20:19      2.32   17.36    1.00
  266                  CONDUIT     16.38     1  20:19      2.32   17.36    1.00
  267                  CONDUIT     16.38     1  20:19      2.32   17.36    1.00
  268                  CONDUIT     16.38     1  20:19      2.32   17.36    1.00
  269                  CONDUIT     16.37     3  20:18      2.32   17.36    1.00
  270                  CONDUIT     16.38     3  20:18      2.32   17.36    1.00
  271                  CONDUIT     16.38     1  20:20      2.32   17.36    1.00
  272                  CONDUIT     16.38     3  20:18      2.32   17.37    1.00
  273                  CONDUIT     16.38     1  20:19      2.32   17.36    1.00
  274                  CONDUIT     16.37     1  20:20      2.32   17.36    1.00
  275                  CONDUIT     16.37     1  20:18      2.32   17.36    1.00
  276                  CONDUIT     16.38     1  20:19      2.32   17.36    1.00
  277                  CONDUIT     16.37     1  20:20      2.32   17.36    1.00
  278                  CONDUIT     16.37     1  20:19      2.32   17.36    1.00
  279                  CONDUIT     16.37     1  20:19      2.32   17.36    1.00
  280                  CONDUIT     16.37     1  20:17      2.32   17.36    1.00
  281                  CONDUIT     16.38     3  20:18      2.32   17.36    1.00
  282                  CONDUIT     16.37     1  20:19      2.32   17.36    1.00
  283                  CONDUIT     16.38     1  20:19      2.32   17.37    1.00
  284                  CONDUIT     16.38     1  20:20      2.32   17.36    1.00
  285                  CONDUIT     16.38     1  20:19      2.32   17.36    1.00
  286                  CONDUIT     16.38     1  20:19      2.32   17.37    1.00
  287                  CONDUIT     16.38     1  20:19      2.32   17.36    1.00
  288                  CONDUIT     16.38     1  20:20      2.32   17.36    1.00
  289                  CONDUIT     16.38     1  20:19      2.32   17.37    1.00
  290                  CONDUIT     16.38     1  20:20      2.32   17.37    1.00
  291                  CONDUIT     16.38     1  20:20      2.32   17.36    1.00
  292                  CONDUIT     16.38     1  20:20      2.32   17.36    1.00
  293                  CONDUIT     16.38     1  20:19      2.32   17.36    1.00
  294                  CONDUIT     16.38     1  20:19      2.32   17.36    1.00
  295                  CONDUIT     16.37     1  20:18      2.32   17.36    1.00
  296                  CONDUIT     16.40     2  17:06      2.32   17.38    1.00
  297                  CONDUIT     16.80     2  17:06      2.38   17.81    1.00
  298                  CONDUIT     18.60     2  11:01      2.63   19.72    1.00
  1                    PUMP        25.00     0  12:00              1.00
  151                  PUMP         8.50     0  12:00              0.34
  229                  PUMP         8.00     1  20:16              0.44
  79                   PUMP        18.00     0  11:06              1.00
  149                  ORIFICE      9.61     1  20:20                          
  299                  ORIFICE     28.94     3  10:49                      0.80
  
  
  ***************************
  Flow Classification Summary
  ***************************
  
  -------------------------------------------------------------------------------------
                      Adjusted    ---------- Fraction of Time in Flow Class ---------- 
                       /Actual         Up    Down  Sub   Sup   Up    Down  Norm  Inlet 
  Conduit               Length    Dry  Dry   Dry   Crit  Crit  Crit  Crit  Ltd   Ctrl  
  -------------------------------------------------------------------------------------
  2                       1.00   0.00  0.00  0.00  1.00  0.00  0.00  0.00  0.00  0.00
  3                       1.00   0.00  0.00  0.00  1.00  0.00  0.00  0.00  0.00  0.00
  4                       1.00   0.00  0.00  0.00  1.00  0.00  0.00  0.00  0.00  0.00
  5                       1.00   0.00  0.00  0.00  1.00  0.00  0.00  0.00  0.00  0.00
  6                       1.00   0.00  0.00  0.00  1.00  0.00  0.00  0.00  0.00  0.00
  7                       1.00   0.00  0.00  0.00  1.00  0.00  0.00  0.00  0.00  0.00
  8                       1.00   0.00  0.00  0.00  1.00  0.00  0.00  0.00  0.00  0.00
  9                       1.00   0.00  0.00  0.00  1.00  0.00  0.00  0.00  0.00  0.00
  10                      1.00   0.00  0.00  0.00  1.00  0.00  0.00  0.00  0.00  0.00
  11                      1.00   0.01  0.00  0.00  0.99  0.00  0.00  0.00  0.00  0.00
  12                      1.00   0.01  0.00  0.00  0.99  0.00  0.00  0.00  0.00  0.00
  13                      1.00   0.01  0.00  0.00  0.99  0.00  0.00  0.00  0.00  0.00
  14                      1.00   0.01  0.00  0.00  0.99  0.00  0.00  0.00  0.00  0.00
  15                      1.00   0.01  0.00  0.00  0.99  0.00  0.00  0.00  0.00  0.00
  16                      1.00   0.01  0.00  0.00  0.99  0.00  0.00  0.00  0.00  0.00
  17                      1.00   0.01  0.00  0.00  0.99  0.00  0.00  0.00  0.00  0.00
  18                      1.00   0.01  0.00  0.00  0.99  0.00  0.00  0.00  0.00  0.00
  19                      1.00   0.01  0.00  0.00  0.99  0.00  0.00  0.00  0.00  0.00
  20                      1.00   0.01  0.00  0.00  0.99  0.00  0.00  0.00  0.00  0.00
  21                      1.00   0.02  0.00  0.00  0.98  0.00  0.00  0.00  0.00  0.00
  22                      1.00   0.02  0.00  0.00  0.98  0.00  0.00  0.00  0.00  0.00
  23                      1.00   0.02  0.00  0.00  0.98  0.00  0.00  0.00  0.00  0.00
  24                      1.00   0.02  0.00  0.00  0.98  0.00  0.00  0.00  0.00  0.00
  25                      1.00   0.02  0.00  0.00  0.98  0.00  0.00  0.00  0.00  0.00
  26                      1.00   0.02  0.00  0.00  0.98  0.00  0.00  0.00  0.00  0.00
  27                      1.00   0.02  0.00  0.00  0.98  0.00  0.00  0.00  0.00  0.00
  28                      1.00   0.02  0.00  0.00  0.98  0.00  0.00  0.00  0.00  0.00
  29                      1.00   0.03  0.00  0.00  0.97  0.00  0.00  0.00  0.00  0.00
  30                      1.00   0.03  0.00  0.00  0.97  0.00  0.00  0.00  0.00  0.00
  31                      1.00   0.03  0.00  0.00  0.97  0.00  0.00  0.00  0.00  0.00
  32                      1.00   0.03  0.00  0.00  0.97  0.00  0.00  0.00  0.00  0.00
  33                      1.00   0.03  0.00  0.00  0.97  0.00  0.00  0.00  0.00  0.00
  34                      1.00   0.03  0.00  0.00  0.97  0.00  0.00  0.00  0.00  0.00
  35                      1.00   0.04  0.00  0.00  0.96  0.00  0.00  0.00  0.00  0.00
  36                      1.00   0.04  0.00  0.00  0.96  0.00  0.00  0.00  0.00  0.00
  37                      1.00   0.04  0.00  0.00  0.96  0.00  0.00  0.00  0.00  0.00
  38                      1.00   0.04  0.00  0.00  0.96  0.00  0.00  0.00  0.00  0.00
  39                      1.00   0.04  0.00  0.00  0.96  0.00  0.00  0.00  0.00  0.00
  40                      1.00   0.04  0.00  0.00  0.96  0.00  0.00  0.00  0.00  0.00
  41                      1.00   0.04  0.00  0.00  0.96  0.00  0.00  0.00  0.00  0.00
  42                      1.00   0.05  0.00  0.00  0.95  0.00  0.00  0.00  0.00  0.00
  43                      1.00   0.05  0.00  0.00  0.95  0.00  0.00  0.00  0.00  0.00
  44                      1.00   0.05  0.00  0.00  0.95  0.00  0.00  0.00  0.00  0.00
  45                      1.00   0.05  0.00  0.00  0.95  0.00  0.00  0.00  0.00  0.00
  46                      1.00   0.05  0.00  0.00  0.95  0.00  0.00  0.00  0.00  0.00
  47                      1.00   0.06  0.00  0.00  0.94  0.00  0.00  0.00  0.00  0.00
  48                      1.00   0.06  0.00  0.00  0.94  0.00  0.00  0.00  0.00  0.00
  49                      1.00   0.06  0.00  0.00  0.94  0.00  0.00  0.00  0.00  0.00
  50                      1.00   0.06  0.00  0.00  0.94  0.00  0.00  0.00  0.00  0.00
  51                      1.00   0.06  0.00  0.00  0.94  0.00  0.00  0.00  0.00  0.00
  52                      1.00   0.07  0.00  0.00  0.93  0.00  0.00  0.00  0.00  0.00
  53                      1.00   0.07  0.00  0.00  0.93  0.00  0.00  0.00  0.00  0.00
  54                      1.00   0.07  0.00  0.00  0.93  0.00  0.00  0.00  0.00  0.00
  55                      1.00   0.07  0.00  0.00  0.93  0.00  0.00  0.00  0.00  0.00
  56                      1.00   0.07  0.00  0.00  0.93  0.00  0.00  0.00  0.00  0.00
  57                      1.00   0.08  0.00  0.00  0.92  0.00  0.00  0.00  0.00  0.00
  58                      1.00   0.08  0.00  0.00  0.92  0.00  0.00  0.00  0.00  0.00
  59                      1.00   0.08  0.00  0.00  0.92  0.00  0.00  0.00  0.00  0.00
  60                      1.00   0.08  0.00  0.00  0.92  0.00  0.00  0.00  0.00  0.00
  61                      1.00   0.09  0.00  0.00  0.91  0.00  0.00  0.00  0.00  0.00
  62                      1.00   0.09  0.00  0.00  0.91  0.00  0.00  0.00  0.00  0.00
  63                      1.00   0.09  0.00  0.00  0.91  0.00  0.00  0.00  0.00  0.00
  64                      1.00   0.09  0.00  0.00  0.91  0.00  0.00  0.00  0.00  0.00
  65                      1.00   0.09  0.00  0.00  0.91  0.00  0.00  0.00  0.00  0.00
  66                      1.00   0.09  0.00  0.00  0.91  0.00  0.00  0.00  0.00  0.00
  67                      1.00   0.09  0.00  0.00  0.91  0.00  0.00  0.00  0.00  0.00
  68                      1.00   0.09  0.00  0.00  0.91  0.00  0.00  0.00  0.00  0.00
  69                      1.00   0.09  0.00  0.00  0.91  0.00  0.00  0.00  0.00  0.00
  70                      1.00   0.09  0.00  0.00  0.91  0.00  0.00  0.00  0.00  0.00
  71                      1.00   0.09  0.00  0.00  0.91  0.00  0.00  0.00  0.00  0.00
  72                      1.00   0.10  0.00  0.00  0.90  0.00  0.00  0.00  0.00  0.00
  73                      1.00   0.10  0.00  0.00  0.90  0.00  0.00  0.00  0.00  0.00
  74                      1.00   0.10  0.00  0.00  0.90  0.00  0.00  0.00  0.00  0.00
  75                      1.00   0.10  0.00  0.00  0.90  0.00  0.00  0.00  0.00  0.00
  76                      1.00   0.10  0.00  0.00  0.90  0.00  0.00  0.00  0.00  0.00
  77                      1.00   0.10  0.00  0.00  0.90  0.00  0.00  0.00  0.00  0.00
  78                      1.00   0.10  0.00  0.00  0.46  0.00  0.00  0.44  0.00  0.00
  80                      1.00   0.10  0.00  0.00  0.90  0.00  0.00  0.00  0.00  0.00
  81                      1.00   0.10  0.00  0.00  0.90  0.00  0.00  0.00  0.00  0.00
  82                      1.00   0.10  0.00  0.00  0.90  0.00  0.00  0.00  0.00  0.00
  83                      1.00   0.10  0.00  0.00  0.90  0.00  0.00  0.00  0.00  0.00
  84                      1.00   0.10  0.00  0.00  0.90  0.00  0.00  0.00  0.00  0.00
  85                      1.00   0.10  0.00  0.00  0.90  0.00  0.00  0.00  0.00  0.00
  86                      1.00   0.10  0.00  0.00  0.90  0.00  0.00  0.00  0.00  0.00
  87                      1.00   0.11  0.00  0.00  0.89  0.00  0.00  0.00  0.00  0.00
  88                      1.00   0.11  0.00  0.00  0.89  0.00  0.00  0.00  0.00  0.00
  89                      1.00   0.11  0.00  0.00  0.89  0.00  0.00  0.00  0.00  0.00
  90                      1.00   0.11  0.00  0.00  0.89  0.00  0.00  0.00  0.00  0.00
  91                      1.00   0.11  0.00  0.00  0.89  0.00  0.00  0.00  0.00  0.00
  92                      1.00   0.11  0.00  0.00  0.89  0.00  0.00  0.00  0.00  0.00
  93                      1.00   0.11  0.00  0.00  0.89  0.00  0.00  0.00  0.00  0.00
  94                      1.00   0.11  0.00  0.00  0.89  0.00  0.00  0.00  0.00  0.00
  95                      1.00   0.11  0.00  0.00  0.89  0.00  0.00  0.00  0.00  0.00
  96                      1.00   0.11  0.00  0.00  0.89  0.00  0.00  0.00  0.00  0.00
  97                      1.00   0.12  0.00  0.00  0.88  0.00  0.00  0.00  0.00  0.00
  98                      1.00   0.12  0.00  0.00  0.88  0.00  0.00  0.00  0.00  0.00
  99                      1.00   0.12  0.00  0.00  0.88  0.00  0.00  0.00  0.00  0.00
  100                     1.00   0.12  0.00  0.00  0.88  0.00  0.00  0.00  0.00  0.00
  101                     1.00   0.12  0.00  0.00  0.88  0.00  0.00  0.00  0.00  0.00
  102                     1.00   0.12  0.00  0.00  0.88  0.00  0.00  0.00  0.00  0.00
  103                     1.00   0.12  0.00  0.00  0.88  0.00  0.00  0.00  0.00  0.00
  104                     1.00   0.12  0.00  0.00  0.88  0.00  0.00  0.00  0.00  0.00
  105                     1.00   0.13  0.00  0.00  0.87  0.00  0.00  0.00  0.00  0.00
  106                     1.00   0.13  0.00  0.00  0.87  0.00  0.00  0.00  0.00  0.00
  107                     1.00   0.13  0.00  0.00  0.87  0.00  0.00  0.00  0.00  0.00
  108                     1.00   0.13  0.00  0.00  0.87  0.00  0.00  0.00  0.00  0.00
  109                     1.00   0.13  0.00  0.00  0.87  0.00  0.00  0.00  0.00  0.00
  110                     1.00   0.13  0.00  0.00  0.87  0.00  0.00  0.00  0.00  0.00
  111                     1.00   0.13  0.00  0.00  0.87  0.00  0.00  0.00  0.00  0.00
  112                     1.00   0.13  0.00  0.00  0.87  0.00  0.00  0.00  0.00  0.00
  113                     1.00   0.14  0.00  0.00  0.86  0.00  0.00  0.00  0.00  0.00
  114                     1.00   0.14  0.00  0.00  0.86  0.00  0.00  0.00  0.00  0.00
  115                     1.00   0.14  0.00  0.00  0.86  0.00  0.00  0.00  0.00  0.00
  116                     1.00   0.14  0.00  0.00  0.86  0.00  0.00  0.00  0.00  0.00
  117                     1.00   0.14  0.00  0.00  0.86  0.00  0.00  0.00  0.00  0.00
  118                     1.00   0.14  0.00  0.00  0.86  0.00  0.00  0.00  0.00  0.00
  119                     1.00   0.14  0.00  0.00  0.86  0.00  0.00  0.00  0.00  0.00
  120                     1.00   0.14  0.00  0.00  0.86  0.00  0.00  0.00  0.00  0.00
  121                     1.00   0.14  0.00  0.00  0.86  0.00  0.00  0.00  0.00  0.00
  122                     1.00   0.13  0.00  0.00  0.87  0.00  0.00  0.00  0.00  0.00
  123                     1.00   0.12  0.00  0.00  0.88  0.00  0.00  0.00  0.00  0.00
  124                     1.00   0.11  0.00  0.00  0.89  0.00  0.00  0.00  0.00  0.00
  125                     1.00   0.11  0.00  0.00  0.89  0.00  0.00  0.00  0.00  0.00
  126                     1.00   0.10  0.00  0.00  0.90  0.00  0.00  0.00  0.00  0.00
  127                     1.00   0.09  0.00  0.00  0.91  0.00  0.00  0.00  0.00  0.00
  128                     1.00   0.09  0.00  0.00  0.91  0.00  0.00  0.00  0.00  0.00
  129                     1.00   0.08  0.00  0.00  0.92  0.00  0.00  0.00  0.00  0.00
  130                     1.00   0.07  0.00  0.00  0.93  0.00  0.00  0.00  0.00  0.00
  131                     1.00   0.07  0.00  0.00  0.93  0.00  0.00  0.00  0.00  0.00
  132                     1.00   0.06  0.00  0.00  0.94  0.00  0.00  0.00  0.00  0.00
  133                     1.00   0.05  0.00  0.00  0.95  0.00  0.00  0.00  0.00  0.00
  134                     1.00   0.05  0.00  0.00  0.95  0.00  0.00  0.00  0.00  0.00
  135                     1.00   0.04  0.00  0.00  0.96  0.00  0.00  0.00  0.00  0.00
  136                     1.00   0.04  0.00  0.00  0.96  0.00  0.00  0.00  0.00  0.00
  137                     1.00   0.03  0.00  0.00  0.97  0.00  0.00  0.00  0.00  0.00
  138                     1.00   0.03  0.00  0.00  0.97  0.00  0.00  0.00  0.00  0.00
  139                     1.00   0.02  0.00  0.00  0.98  0.00  0.00  0.00  0.00  0.00
  140                     1.00   0.02  0.00  0.00  0.98  0.00  0.00  0.00  0.00  0.00
  141                     1.00   0.01  0.00  0.00  0.99  0.00  0.00  0.00  0.00  0.00
  142                     1.00   0.01  0.00  0.00  0.99  0.00  0.00  0.00  0.00  0.00
  143                     1.00   0.01  0.00  0.00  0.99  0.00  0.00  0.00  0.00  0.00
  144                     1.00   0.00  0.00  0.00  1.00  0.00  0.00  0.00  0.00  0.00
  145                     1.00   0.00  0.00  0.00  1.00  0.00  0.00  0.00  0.00  0.00
  146                     1.00   0.00  0.00  0.00  1.00  0.00  0.00  0.00  0.00  0.00
  147                     1.00   0.00  0.00  0.00  1.00  0.00  0.00  0.00  0.00  0.00
  148                     1.00   0.00  0.00  0.00  1.00  0.00  0.00  0.00  0.00  0.00
  152                     1.00   0.00  0.00  0.00  1.00  0.00  0.00  0.00  0.00  0.00
  153                     1.00   0.00  0.00  0.00  1.00  0.00  0.00  0.00  0.00  0.00
  154                     1.00   0.00  0.00  0.00  1.00  0.00  0.00  0.00  0.00  0.00
  155                     1.00   0.00  0.00  0.00  1.00  0.00  0.00  0.00  0.00  0.00
  156                     1.00   0.00  0.00  0.00  1.00  0.00  0.00  0.00  0.00  0.00
  157                     1.00   0.00  0.00  0.00  1.00  0.00  0.00  0.00  0.00  0.00
  158                     1.00   0.00  0.00  0.00  1.00  0.00  0.00  0.00  0.00  0.00
  159                     1.00   0.00  0.00  0.00  1.00  0.00  0.00  0.00  0.00  0.00
  160                     1.00   0.01  0.00  0.00  0.99  0.00  0.00  0.00  0.00  0.00
  161                     1.00   0.01  0.00  0.00  0.99  0.00  0.00  0.00  0.00  0.00
  162                     1.00   0.01  0.00  0.00  0.99  0.00  0.00  0.00  0.00  0.00
  163                     1.00   0.01  0.00  0.00  0.99  0.00  0.00  0.00  0.00  0.00
  164                     1.00   0.01  0.00  0.00  0.99  0.00  0.00  0.00  0.00  0.00
  165                     1.00   0.01  0.00  0.00  0.99  0.00  0.00  0.00  0.00  0.00
  166                     1.00   0.01  0.00  0.00  0.99  0.00  0.00  0.00  0.00  0.00
  167                     1.00   0.01  0.00  0.00  0.99  0.00  0.00  0.00  0.00  0.00
  168                     1.00   0.02  0.00  0.00  0.98  0.00  0.00  0.00  0.00  0.00
  169                     1.00   0.02  0.00  0.00  0.98  0.00  0.00  0.00  0.00  0.00
  170                     1.00   0.02  0.00  0.00  0.98  0.00  0.00  0.00  0.00  0.00
  171                     1.00   0.02  0.00  0.00  0.98  0.00  0.00  0.00  0.00  0.00
  172                     1.00   0.02  0.00  0.00  0.98  0.00  0.00  0.00  0.00  0.00
  173                     1.00   0.02  0.00  0.00  0.98  0.00  0.00  0.00  0.00  0.00
  174                     1.00   0.03  0.00  0.00  0.97  0.00  0.00  0.00  0.00  0.00
  175                     1.00   0.03  0.00  0.00  0.97  0.00  0.00  0.00  0.00  0.00
  176                     1.00   0.03  0.00  0.00  0.97  0.00  0.00  0.00  0.00  0.00
  177                     1.00   0.03  0.00  0.00  0.97  0.00  0.00  0.00  0.00  0.00
  178                     1.00   0.03  0.00  0.00  0.97  0.00  0.00  0.00  0.00  0.00
  179                     1.00   0.03  0.00  0.00  0.97  0.00  0.00  0.00  0.00  0.00
  180                     1.00   0.04  0.00  0.00  0.96  0.00  0.00  0.00  0.00  0.00
  181                     1.00   0.04  0.00  0.00  0.96  0.00  0.00  0.00  0.00  0.00
  182                     1.00   0.04  0.00  0.00  0.96  0.00  0.00  0.00  0.00  0.00
  183                     1.00   0.04  0.00  0.00  0.96  0.00  0.00  0.00  0.00  0.00
  184                     1.00   0.04  0.00  0.00  0.96  0.00  0.00  0.00  0.00  0.00
  185                     1.00   0.05  0.00  0.00  0.95  0.00  0.00  0.00  0.00  0.00
  186                     1.00   0.05  0.00  0.00  0.95  0.00  0.00  0.00  0.00  0.00
  187                     1.00   0.05  0.00  0.00  0.95  0.00  0.00  0.00  0.00  0.00
  188                     1.00   0.05  0.00  0.00  0.95  0.00  0.00  0.00  0.00  0.00
  189                     1.00   0.06  0.00  0.00  0.94  0.00  0.00  0.00  0.00  0.00
  190                     1.00   0.06  0.00  0.00  0.94  0.00  0.00  0.00  0.00  0.00
  191                     1.00   0.06  0.00  0.00  0.94  0.00  0.00  0.00  0.00  0.00
  192                     1.00   0.06  0.00  0.00  0.94  0.00  0.00  0.00  0.00  0.00
  193                     1.00   0.07  0.00  0.00  0.93  0.00  0.00  0.00  0.00  0.00
  194                     1.00   0.07  0.00  0.00  0.93  0.00  0.00  0.00  0.00  0.00
  195                     1.00   0.07  0.00  0.00  0.93  0.00  0.00  0.00  0.00  0.00
  196                     1.00   0.07  0.00  0.00  0.93  0.00  0.00  0.00  0.00  0.00
  197                     1.00   0.08  0.00  0.00  0.92  0.00  0.00  0.00  0.00  0.00
  198                     1.00   0.08  0.00  0.00  0.92  0.00  0.00  0.00  0.00  0.00
  199                     1.00   0.08  0.00  0.00  0.92  0.00  0.00  0.00  0.00  0.00
  200                     1.00   0.09  0.00  0.00  0.91  0.00  0.00  0.00  0.00  0.00
  201                     1.00   0.09  0.00  0.00  0.91  0.00  0.00  0.00  0.00  0.00
  202                     1.00   0.09  0.00  0.00  0.91  0.00  0.00  0.00  0.00  0.00
  203                     1.00   0.09  0.00  0.00  0.91  0.00  0.00  0.00  0.00  0.00
  204                     1.00   0.10  0.00  0.00  0.90  0.00  0.00  0.00  0.00  0.00
  205                     1.00   0.10  0.00  0.00  0.90  0.00  0.00  0.00  0.00  0.00
  206                     1.00   0.10  0.00  0.00  0.90  0.00  0.00  0.00  0.00  0.00
  207                     1.00   0.11  0.00  0.00  0.89  0.00  0.00  0.00  0.00  0.00
  208                     1.00   0.11  0.00  0.00  0.89  0.00  0.00  0.00  0.00  0.00
  209                     1.00   0.11  0.00  0.00  0.89  0.00  0.00  0.00  0.00  0.00
  210                     1.00   0.11  0.00  0.00  0.89  0.00  0.00  0.00  0.00  0.00
  211                     1.00   0.12  0.00  0.00  0.88  0.00  0.00  0.00  0.00  0.00
  212                     1.00   0.12  0.00  0.00  0.88  0.00  0.00  0.00  0.00  0.00
  213                     1.00   0.12  0.00  0.00  0.88  0.00  0.00  0.00  0.00  0.00
  214                     1.00   0.12  0.00  0.00  0.88  0.00  0.00  0.00  0.00  0.00
  215                     1.00   0.12  0.00  0.00  0.88  0.00  0.00  0.00  0.00  0.00
  216                     1.00   0.13  0.00  0.00  0.87  0.00  0.00  0.00  0.00  0.00
  217                     1.00   0.13  0.00  0.00  0.87  0.00  0.00  0.00  0.00  0.00
  218                     1.00   0.13  0.00  0.00  0.87  0.00  0.00  0.00  0.00  0.00
  219                     1.00   0.13  0.00  0.00  0.87  0.00  0.00  0.00  0.00  0.00
  220                     1.00   0.13  0.00  0.00  0.87  0.00  0.00  0.00  0.00  0.00
  221                     1.00   0.13  0.00  0.00  0.87  0.00  0.00  0.00  0.00  0.00
  222                     1.00   0.14  0.00  0.00  0.86  0.00  0.00  0.00  0.00  0.00
  223                     1.00   0.14  0.00  0.00  0.86  0.00  0.00  0.00  0.00  0.00
  224                     1.00   0.14  0.00  0.00  0.86  0.00  0.00  0.00  0.00  0.00
  225                     1.00   0.14  0.00  0.00  0.86  0.00  0.00  0.00  0.00  0.00
  226                     1.00   0.14  0.00  0.00  0.86  0.00  0.00  0.00  0.00  0.00
  227                     1.00   0.15  0.00  0.00  0.85  0.00  0.00  0.00  0.00  0.00
  228                     1.00   0.15  0.00  0.00  0.00  0.00  0.00  0.85  0.00  0.00
  230                     1.00   0.10  0.00  0.00  0.90  0.00  0.00  0.00  0.00  0.00
  231                     1.00   0.10  0.00  0.00  0.90  0.00  0.00  0.00  0.00  0.00
  232                     1.00   0.10  0.00  0.00  0.90  0.00  0.00  0.00  0.00  0.00
  233                     1.00   0.10  0.00  0.00  0.90  0.00  0.00  0.00  0.00  0.00
  234                     1.00   0.10  0.00  0.00  0.90  0.00  0.00  0.00  0.00  0.00
  235                     1.00   0.10  0.00  0.00  0.90  0.00  0.00  0.00  0.00  0.00
  236                     1.00   0.10  0.00  0.00  0.90  0.00  0.00  0.00  0.00  0.00
  237                     1.00   0.10  0.00  0.00  0.90  0.00  0.00  0.00  0.00  0.00
  238                     1.00   0.11  0.00  0.00  0.89  0.00  0.00  0.00  0.00  0.00
  239                     1.00   0.11  0.00  0.00  0.89  0.00  0.00  0.00  0.00  0.00
  240                     1.00   0.11  0.00  0.00  0.89  0.00  0.00  0.00  0.00  0.00
  241                     1.00   0.11  0.00  0.00  0.89  0.00  0.00  0.00  0.00  0.00
  242                     1.00   0.11  0.00  0.00  0.89  0.00  0.00  0.00  0.00  0.00
  243                     1.00   0.11  0.00  0.00  0.89  0.00  0.00  0.00  0.00  0.00
  244                     1.00   0.11  0.00  0.00  0.89  0.00  0.00  0.00  0.00  0.00
  245                     1.00   0.11  0.00  0.00  0.89  0.00  0.00  0.00  0.00  0.00
  246                     1.00   0.11  0.00  0.00  0.89  0.00  0.00  0.00  0.00  0.00
  247                     1.00   0.11  0.00  0.00  0.89  0.00  0.00  0.00  0.00  0.00
  248                     1.00   0.11  0.00  0.00  0.89  0.00  0.00  0.00  0.00  0.00
  249                     1.00   0.11  0.00  0.00  0.89  0.00  0.00  0.00  0.00  0.00
  250                     1.00   0.12  0.00  0.00  0.88  0.00  0.00  0.00  0.00  0.00
  251                     1.00   0.12  0.00  0.00  0.88  0.00  0.00  0.00  0.00  0.00
  252                     1.00   0.12  0.00  0.00  0.88  0.00  0.00  0.00  0.00  0.00
  253                     1.00   0.12  0.00  0.00  0.88  0.00  0.00  0.00  0.00  0.00
  254                     1.00   0.12  0.00  0.00  0.88  0.00  0.00  0.00  0.00  0.00
  255                     1.00   0.12  0.00  0.00  0.88  0.00  0.00  0.00  0.00  0.00
  256                     1.00   0.12  0.00  0.00  0.88  0.00  0.00  0.00  0.00  0.00
  257                     1.00   0.12  0.00  0.00  0.88  0.00  0.00  0.00  0.00  0.00
  258                     1.00   0.12  0.00  0.00  0.88  0.00  0.00  0.00  0.00  0.00
  259                     1.00   0.12  0.00  0.00  0.88  0.00  0.00  0.00  0.00  0.00
  260                     1.00   0.12  0.00  0.00  0.88  0.00  0.00  0.00  0.00  0.00
  261                     1.00   0.13  0.00  0.00  0.87  0.00  0.00  0.00  0.00  0.00
  262                     1.00   0.13  0.00  0.00  0.87  0.00  0.00  0.00  0.00  0.00
  263                     1.00   0.13  0.00  0.00  0.87  0.00  0.00  0.00  0.00  0.00
  264                     1.00   0.13  0.00  0.00  0.87  0.00  0.00  0.00  0.00  0.00
  265                     1.00   0.13  0.00  0.00  0.87  0.00  0.00  0.00  0.00  0.00
  266                     1.00   0.13  0.00  0.00  0.87  0.00  0.00  0.00  0.00  0.00
  267                     1.00   0.13  0.00  0.00  0.87  0.00  0.00  0.00  0.00  0.00
  268                     1.00   0.13  0.00  0.00  0.87  0.00  0.00  0.00  0.00  0.00
  269                     1.00   0.13  0.00  0.00  0.87  0.00  0.00  0.00  0.00  0.00
  270                     1.00   0.14  0.00  0.00  0.86  0.00  0.00  0.00  0.00  0.00
  271                     1.00   0.14  0.00  0.00  0.86  0.00  0.00  0.00  0.00  0.00
  272                     1.00   0.14  0.00  0.00  0.86  0.00  0.00  0.00  0.00  0.00
  273                     1.00   0.14  0.00  0.00  0.86  0.00  0.00  0.00  0.00  0.00
  274                     1.00   0.14  0.00  0.00  0.86  0.00  0.00  0.00  0.00  0.00
  275                     1.00   0.14  0.00  0.00  0.86  0.00  0.00  0.00  0.00  0.00
  276                     1.00   0.14  0.00  0.00  0.86  0.00  0.00  0.00  0.00  0.00
  277                     1.00   0.14  0.00  0.00  0.86  0.00  0.00  0.00  0.00  0.00
  278                     1.00   0.14  0.00  0.00  0.86  0.00  0.00  0.00  0.00  0.00
  279                     1.00   0.14  0.00  0.00  0.86  0.00  0.00  0.00  0.00  0.00
  280                     1.00   0.15  0.00  0.00  0.85  0.00  0.00  0.00  0.00  0.00
  281                     1.00   0.15  0.00  0.00  0.85  0.00  0.00  0.00  0.00  0.00
  282                     1.00   0.15  0.00  0.00  0.85  0.00  0.00  0.00  0.00  0.00
  283                     1.00   0.15  0.00  0.00  0.85  0.00  0.00  0.00  0.00  0.00
  284                     1.00   0.15  0.00  0.00  0.85  0.00  0.00  0.00  0.00  0.00
  285                     1.00   0.15  0.00  0.00  0.85  0.00  0.00  0.00  0.00  0.00
  286                     1.00   0.15  0.00  0.00  0.85  0.00  0.00  0.00  0.00  0.00
  287                     1.00   0.15  0.00  0.00  0.85  0.00  0.00  0.00  0.00  0.00
  288                     1.00   0.15  0.00  0.00  0.85  0.00  0.00  0.00  0.00  0.00
  289                     1.00   0.16  0.00  0.00  0.84  0.00  0.00  0.00  0.00  0.00
  290                     1.00   0.16  0.00  0.00  0.84  0.00  0.00  0.00  0.00  0.00
  291                     1.00   0.16  0.00  0.00  0.84  0.00  0.00  0.00  0.00  0.00
  292                     1.00   0.16  0.00  0.00  0.84  0.00  0.00  0.00  0.00  0.00
  293                     1.00   0.16  0.00  0.00  0.84  0.00  0.00  0.00  0.00  0.00
  294                     1.00   0.16  0.00  0.00  0.84  0.00  0.00  0.00  0.00  0.00
  295                     1.00   0.16  0.00  0.00  0.84  0.00  0.00  0.00  0.00  0.00
  296                     1.00   0.16  0.00  0.00  0.84  0.00  0.00  0.00  0.00  0.00
  297                     1.00   0.16  0.00  0.00  0.84  0.00  0.00  0.00  0.00  0.00
  298                     1.00   0.16  0.00  0.00  0.84  0.00  0.00  0.00  0.00  0.00
  
  
  *************************
  Conduit Surcharge Summary
  *************************
  
  ----------------------------------------------------------------------------
                                                           Hours        Hours 
                         --------- Hours Full --------   Above Full   Capacity
  Conduit                Both Ends  Upstream  Dnstream   Normal Flow   Limited
  ----------------------------------------------------------------------------
  2                          88.22     88.39     88.22     95.99        86.10
  3                          88.03     88.22     88.03     95.93        85.91
  4                          87.86     88.03     87.86     95.85        85.46
  5                          87.69     87.86     87.69     95.78        85.28
  6                          87.52     87.69     87.52     95.70        85.03
  7                          87.34     87.52     87.34     95.61        84.81
  8                          87.17     87.34     87.17     95.52        84.59
  9                          87.00     87.17     87.00     95.43        84.35
  10                         86.87     87.00     86.87     95.33        84.33
  11                         86.77     86.87     86.77     95.23        84.37
  12                         86.68     86.77     86.68     95.13        84.44
  13                         86.59     86.68     86.59     95.02        84.47
  14                         86.46     86.59     86.47     94.92        84.44
  15                         86.18     86.47     86.19     94.81        84.35
  16                         85.92     86.19     85.92     94.70        84.26
  17                         85.75     85.92     85.75     94.58        84.18
  18                         85.64     85.75     85.64     94.46        84.12
  19                         85.47     85.64     85.47     94.34        84.03
  20                         85.34     85.47     85.34     94.21        83.85
  21                         85.18     85.34     85.18     94.08        83.77
  22                         85.03     85.18     85.03     93.95        83.64
  23                         84.76     85.03     84.76     93.80        83.36
  24                         84.40     84.76     84.41     93.66        83.17
  25                         83.97     84.41     83.98     93.54        82.87
  26                         83.62     83.98     83.62     93.38        82.63
  27                         83.33     83.62     83.34     93.23        82.45
  28                         83.19     83.34     83.19     93.08        82.35
  29                         83.04     83.19     83.05     92.92        82.24
  30                         82.90     83.05     82.91     92.75        82.09
  31                         82.77     82.91     82.77     92.60        82.01
  32                         82.60     82.77     82.61     92.44        81.91
  33                         82.39     82.61     82.40     92.27        81.70
  34                         82.13     82.40     82.15     92.11        81.57
  35                         81.91     82.15     81.91     91.97        81.41
  36                         81.78     81.91     81.78     91.82        81.40
  37                         81.68     81.78     81.69     91.67        81.35
  38                         81.58     81.69     81.58     91.53        81.25
  39                         81.46     81.58     81.46     91.36        81.08
  40                         81.33     81.46     81.33     91.18        80.92
  41                         81.00     81.33     81.00     90.99        80.65
  42                         80.51     81.00     80.51     90.80        80.22
  43                         80.07     80.51     80.07     90.60        79.87
  44                         79.67     80.07     79.67     90.39        79.51
  45                         79.27     79.67     79.27     90.18        79.10
  46                         78.90     79.27     78.90     89.96        78.77
  47                         78.55     78.90     78.55     89.72        78.41
  48                         78.18     78.55     78.18     89.47        78.05
  49                         77.84     78.18     77.84     89.21        77.71
  50                         77.52     77.84     77.52     88.95        77.40
  51                         77.22     77.52     77.22     88.70        77.10
  52                         76.79     77.23     76.80     88.44        76.69
  53                         76.28     76.80     76.29     88.19        76.21
  54                         76.00     76.29     76.00     87.97        75.97
  55                         75.74     76.01     75.74     87.81        75.73
  56                         75.55     75.74     75.55     87.71        75.54
  57                         74.61     75.55     74.61     87.62        74.60
  58                         73.86     74.61     73.86     87.54        73.85
  59                         73.26     73.86     73.26     87.47        73.25
  60                         72.75     73.26     72.75     87.41        72.73
  61                         72.25     72.75     72.25     87.35        72.23
  62                         72.03     72.25     72.03     87.29        72.01
  63                         71.88     72.03     71.88     87.23        71.87
  64                         71.71     71.88     71.71     87.18        71.71
  65                         70.45     71.71     70.45     87.12        70.45
  66                         69.26     70.45     69.26     87.06        69.26
  67                         68.53     69.26     68.53     87.01        68.53
  68                         68.13     68.53     68.13     86.95        68.13
  69                         67.92     68.13     67.92     86.90        67.92
  70                         65.73     67.92     65.73     86.84        65.73
  71                         64.92     65.73     64.92     86.78        64.92
  72                         64.48     64.92     64.48     86.72        64.48
  73                         64.19     64.48     64.19     86.66        64.19
  74                         61.33     64.19     61.33     86.59        61.33
  75                         60.50     61.33     60.50     86.53        60.50
  76                         56.05     60.50     56.05     86.47        56.05
  77                         43.52     56.05     43.52     86.41        43.52
  78                         43.21     43.52     43.21     86.34        43.21
  80                         84.55     84.98     84.55     86.30        84.17
  81                         84.42     84.55     84.42     86.20        78.28
  82                         84.31     84.42     84.31     86.11        78.41
  83                         84.20     84.31     84.20     86.02        78.51
  84                         84.09     84.20     84.09     85.93        78.59
  85                         83.97     84.09     83.97     85.84        78.76
  86                         83.86     83.97     83.86     85.75        78.87
  87                         83.75     83.86     83.75     85.65        78.96
  88                         83.63     83.75     83.63     85.55        78.88
  89                         83.51     83.63     83.51     85.45        78.76
  90                         83.40     83.51     83.40     85.34        78.67
  91                         83.28     83.40     83.28     85.23        78.34
  92                         83.16     83.28     83.16     85.12        77.98
  93                         83.03     83.16     83.03     85.00        77.79
  94                         82.92     83.03     82.92     84.89        77.49
  95                         82.80     82.92     82.80     84.77        77.30
  96                         82.69     82.80     82.69     84.65        77.20
  97                         82.56     82.69     82.56     84.52        76.85
  98                         82.44     82.56     82.44     84.40        76.67
  99                         82.32     82.44     82.32     84.28        76.36
  100                        82.20     82.32     82.20     84.15        75.92
  101                        82.08     82.20     82.08     84.03        75.74
  102                        81.97     82.08     81.97     83.90        75.36
  103                        81.85     81.97     81.85     83.78        75.24
  104                        81.74     81.85     81.74     83.65        74.80
  105                        81.61     81.74     81.61     83.53        74.71
  106                        81.49     81.61     81.49     83.41        74.29
  107                        81.36     81.49     81.36     83.28        74.05
  108                        81.25     81.36     81.25     83.16        73.85
  109                        81.15     81.25     81.15     83.04        73.46
  110                        81.06     81.15     81.06     82.92        73.42
  111                        80.97     81.06     80.97     82.79        72.98
  112                        80.89     80.97     80.89     82.67        73.01
  113                        80.80     80.89     80.80     82.55        72.69
  114                        80.71     80.80     80.71     82.43        72.54
  115                        80.63     80.71     80.63     82.31        72.46
  116                        80.54     80.63     80.54     82.19        72.22
  117                        80.45     80.54     80.45     82.07        72.26
  118                        80.37     80.45     80.37     81.94        71.84
  119                        80.28     80.37     80.28     81.82        72.01
  120                        80.20     80.28     80.20     81.70        71.56
  121                        80.11     80.20     80.11     81.58        71.75
  122                        80.02     80.11     80.02     81.46        71.31
  123                        79.94     80.02     79.94     81.34        71.48
  124                        79.85     79.94     79.85     81.22        71.15
  125                        79.77     79.85     79.77     81.11        71.10
  126                        79.68     79.77     79.68     81.00        70.98
  127                        79.60     79.68     79.60     80.90        70.83
  128                        79.51     79.60     79.51     80.79        70.83
  129                        79.42     79.51     79.42     80.69        70.58
  130                        79.33     79.42     79.33     80.59        70.65
  131                        79.24     79.33     79.24     80.49        70.27
  132                        79.16     79.24     79.16     80.39        70.52
  133                        79.12     79.16     79.12     80.29        70.12
  134                        79.06     79.12     79.06     80.19        70.53
  135                        78.99     79.06     78.99     80.10        70.20
  136                        78.85     78.99     78.85     80.01        70.21
  137                        78.79     78.85     78.79     79.91        70.16
  138                        78.71     78.79     78.71     79.82        69.89
  139                        78.63     78.71     78.63     79.73        70.20
  140                        78.56     78.63     78.56     79.64        69.88
  141                        78.51     78.56     78.51     79.55        70.22
  142                        78.49     78.51     78.49     79.46        70.05
  143                        78.47     78.49     78.47     79.33        69.94
  144                        78.46     78.47     78.46     79.23        70.45
  145                        78.45     78.46     78.45     79.06        70.21
  146                        78.45     78.45     78.45     78.47        69.94
  147                        78.44     78.45     78.44     77.23        69.97
  148                        78.44     78.44     78.44     74.74        70.35
  152                        69.50     70.03     69.52     87.51        62.06
  153                        68.75     69.52     68.75     87.70        62.28
  154                        68.14     68.76     68.16     87.61        61.17
  155                        67.56     68.17     67.58     87.49        61.14
  156                        66.98     67.58     67.01     87.44        60.89
  157                        66.46     67.01     66.48     87.46        60.46
  158                        66.00     66.49     66.01     87.77        60.08
  159                        65.45     66.02     65.47     89.14        59.56
  160                        64.96     65.47     64.98     90.49        59.12
  161                        64.52     64.98     64.54     91.16        58.78
  162                        64.10     64.54     64.11     91.69        58.39
  163                        63.64     64.12     63.67     91.83        58.31
  164                        63.11     63.67     63.13     91.79        58.01
  165                        62.31     63.13     62.32     91.66        57.39
  166                        61.44     62.33     61.45     91.45        56.79
  167                        60.27     61.45     60.30     91.10        56.18
  168                        58.52     60.30     58.55     90.72        54.76
  169                        56.36     58.55     56.38     90.24        52.88
  170                        54.26     56.39     54.27     89.58        50.83
  171                        52.53     54.27     52.54     88.95        49.39
  172                        51.12     52.54     51.13     88.84        48.28
  173                        50.00     51.13     50.00     88.72        47.41
  174                        48.77     50.00     48.78     88.60        46.56
  175                        47.44     48.78     47.44     88.48        45.54
  176                        45.25     47.45     45.25     88.37        43.47
  177                        43.89     45.26     43.89     88.27        42.16
  178                        43.18     43.89     43.18     88.17        41.48
  179                        42.61     43.18     42.61     88.07        40.98
  180                        42.05     42.61     42.05     87.97        40.60
  181                        41.52     42.05     41.52     87.86        40.32
  182                        40.86     41.52     40.86     87.74        39.85
  183                        40.18     40.86     40.19     87.63        39.32
  184                        39.50     40.19     39.50     87.51        38.78
  185                        38.80     39.51     38.80     87.40        38.12
  186                        37.62     38.81     37.62     87.28        36.98
  187                        36.07     37.62     36.07     87.15        35.54
  188                        34.40     36.07     34.41     87.03        33.97
  189                        32.53     34.41     32.54     86.90        32.15
  190                        30.36     32.54     30.36     86.78        30.00
  191                        29.57     30.36     29.57     86.64        29.21
  192                        29.00     29.57     29.00     86.52        28.71
  193                        28.30     29.00     28.30     86.39        28.06
  194                        27.83     28.30     27.83     86.26        27.66
  195                        27.39     27.83     27.39     86.12        27.26
  196                        26.31     27.39     26.31     85.99        26.22
  197                        24.42     26.31     24.42     85.85        24.37
  198                        22.24     24.42     22.24     85.71        22.22
  199                        20.28     22.24     20.28     85.56        20.28
  200                        19.00     20.28     19.00     85.42        18.99
  201                        17.10     19.00     17.10     85.28        17.09
  202                        15.16     17.10     15.16     85.11        15.16
  203                        13.75     15.16     13.75     84.98        13.75
  204                        12.37     13.75     12.37     84.83        12.37
  205                         9.87     12.37      9.87     84.66         9.86
  206                         6.91      9.87      6.91     84.51         6.91
  207                         4.70      6.91      4.70     84.36         4.70
  208                         3.27      4.70      3.27     84.20         3.27
  209                         2.45      3.27      2.45     84.03         2.45
  210                         1.74      2.45      1.74     83.87         1.74
  211                         1.07      1.74      1.07     83.71         1.07
  212                         0.10      1.07      0.10     83.55         0.10
  213                         0.01      0.10      0.01     83.38         0.01
  214                         0.01      0.01      0.01     83.22         0.01
  215                         0.01      0.01      0.01     83.06         0.01
  216                         0.01      0.01      0.01     82.90         0.01
  217                         0.01      0.01      0.01     82.74         0.01
  218                         0.01      0.01      0.01     82.58         0.01
  219                         0.01      0.01      0.01     82.42         0.01
  220                         0.01      0.01      0.01     82.27         0.01
  221                         0.01      0.01      0.01     82.12         0.01
  222                         0.01      0.01      0.01     81.97         0.01
  223                         0.01      0.01      0.01     81.82         0.01
  224                         0.01      0.01      0.01     81.67         0.01
  225                         0.01      0.01      0.01     81.52         0.01
  226                         0.01      0.01      0.01     81.38         0.01
  227                         0.01      0.01      0.01     81.28         0.01
  228                         0.01      0.01      0.01     81.06         0.01
  230                        84.55     84.55     84.55     81.21        78.89
  231                        84.45     84.55     84.45     86.20        78.64
  232                        84.34     84.45     84.34     86.13        78.27
  233                        84.22     84.34     84.22     86.06        77.88
  234                        84.11     84.22     84.11     85.99        77.72
  235                        84.00     84.11     84.00     85.92        77.77
  236                        83.89     84.00     83.89     85.85        77.78
  237                        83.78     83.89     83.78     85.77        78.01
  238                        83.67     83.78     83.67     85.70        77.78
  239                        83.57     83.67     83.57     85.62        77.60
  240                        83.46     83.57     83.46     85.54        76.87
  241                        83.35     83.46     83.35     85.46        76.43
  242                        83.25     83.35     83.25     85.38        75.66
  243                        83.13     83.25     83.13     85.29        74.95
  244                        83.02     83.13     83.02     85.21        74.18
  245                        82.92     83.02     82.92     85.12        73.93
  246                        82.80     82.92     82.80     85.03        73.71
  247                        82.71     82.80     82.71     84.94        73.11
  248                        82.59     82.71     82.59     84.85        73.14
  249                        82.47     82.59     82.47     84.75        72.65
  250                        82.37     82.47     82.37     84.66        72.61
  251                        82.26     82.37     82.26     84.56        72.13
  252                        82.15     82.26     82.15     84.47        72.14
  253                        82.04     82.15     82.04     84.37        71.46
  254                        81.95     82.04     81.95     84.27        71.57
  255                        81.84     81.95     81.84     84.17        70.40
  256                        81.74     81.84     81.74     84.08        70.52
  257                        81.63     81.74     81.63     83.98        69.65
  258                        81.51     81.63     81.51     83.88        68.83
  259                        81.41     81.51     81.41     83.78        68.39
  260                        81.30     81.41     81.30     83.69        67.32
  261                        81.21     81.30     81.21     83.59        66.88
  262                        81.12     81.21     81.12     83.49        66.38
  263                        81.04     81.12     81.04     83.39        66.06
  264                        80.97     81.04     80.97     83.29        65.48
  265                        80.89     80.97     80.89     83.19        65.22
  266                        80.82     80.89     80.82     83.09        64.81
  267                        80.75     80.82     80.75     82.99        64.44
  268                        80.67     80.75     80.67     82.90        64.39
  269                        80.60     80.67     80.60     82.80        63.36
  270                        80.52     80.60     80.52     82.70        63.89
  271                        80.45     80.52     80.45     82.60        62.65
  272                        80.37     80.45     80.37     82.50        63.44
  273                        80.29     80.37     80.29     82.39        62.27
  274                        80.22     80.29     80.22     82.29        62.92
  275                        80.14     80.22     80.14     82.19        62.07
  276                        80.07     80.14     80.07     82.09        62.02
  277                        79.99     80.07     79.99     81.99        61.81
  278                        79.92     79.99     79.92     81.89        60.96
  279                        79.84     79.92     79.84     81.79        61.54
  280                        79.76     79.84     79.76     81.69        60.34
  281                        79.68     79.76     79.68     81.58        61.25
  282                        79.61     79.68     79.61     81.48        60.35
  283                        79.53     79.61     79.53     81.38        61.02
  284                        79.45     79.53     79.45     81.28        60.98
  285                        79.38     79.45     79.38     81.17        61.08
  286                        79.33     79.38     79.33     81.07        60.73
  287                        79.29     79.33     79.29     80.97        61.78
  288                        79.27     79.29     79.27     80.87        60.70
  289                        79.25     79.27     79.25     80.76        62.24
  290                        79.24     79.25     79.24     80.66        62.31
  291                        79.23     79.24     79.23     80.56        61.82
  292                        79.22     79.23     79.22     80.45        63.13
  293                        79.21     79.22     79.21     80.35        62.23
  294                        79.21     79.21     79.21     80.25        62.79
  295                        79.20     79.21     79.20     80.15        62.64
  296                        79.20     79.20     79.20     80.05        61.48
  297                        78.86     79.20     78.86     79.95        59.40
  298                        46.15     78.91     46.18     78.80        30.43
  
  
  ***************
  Pumping Summary
  ***************
  
  ---------------------------------------------------------------------------------------------------------
                                                  Min       Avg       Max     Total     Power    % Time Off
                        Percent   Number of      Flow      Flow      Flow    Volume     Usage    Pump Curve
  Pump                 Utilized   Start-Ups       CFS       CFS       CFS  10^6 gal     Kw-hr    Low   High
  ---------------------------------------------------------------------------------------------------------
  1                      100.00           1      0.00     14.10     25.00    36.353   8165.74    0.0    0.0
  151                    100.00           1      0.00      4.70      8.50    12.118    556.78    0.0    0.0
  229                     84.92           1      0.00      4.67      8.00    10.294    867.74    0.0    0.0
  79                      90.01           1      0.00     14.06     18.00    32.644   2005.71    0.0   53.0
  

  Analysis begun on:  Tue Aug  5 09:32:06 2025
  Analysis ended on:  Tue Aug  5 09:33:37 2025
  Total elapsed time: 00:01:31