
  EPA STORM WATER MANAGEMENT MODEL - VERSION 5.2 (Build 5.2.4)
  ------------------------------------------------------------

  WARNING 04: minimum elevation drop used for Conduit CRC29_XS1
  WARNING 02: maximum depth increased for Node J-147
  WARNING 02: maximum depth increased for Node J-176
  WARNING 02: maximum depth increased for Node J-177
  WARNING 02: maximum depth increased for Node J-248
  WARNING 02: maximum depth increased for Node J-35
  WARNING 02: maximum depth increased for Node J-378
  WARNING 02: maximum depth increased for Node J-424
  WARNING 02: maximum depth increased for Node J-467
  WARNING 02: maximum depth increased for Node J-471
  WARNING 02: maximum depth increased for Node J-632
  WARNING 02: maximum depth increased for Node J-691
  WARNING 02: maximum depth increased for Node J-76
  WARNING 02: maximum depth increased for Node J-83
  WARNING 02: maximum depth increased for Node J-909
  WARNING 02: maximum depth increased for Node J-917
  WARNING 02: maximum depth increased for Node J-929
  WARNING 02: maximum depth increased for Node J-933
  WARNING 02: maximum depth increased for Node J-939
  
  *************
  Element Count
  *************
  Number of rain gages ...... 1
  Number of subcatchments ... 110
  Number of nodes ........... 134
  Number of links ........... 137
  Number of pollutants ...... 0
  Number of land uses ....... 0
  
  
  ****************
  Raingage Summary
  ****************
                                                      Data       Recording
  Name                 Data Source                    Type       Interval 
  ------------------------------------------------------------------------
  RG10                 Storm1                         INTENSITY    5 min.
  
  
  ********************
  Subcatchment Summary
  ********************
  Name                       Area     Width   %Imperv    %Slope Rain Gage            Outlet              
  -----------------------------------------------------------------------------------------------------------
  C-1                       10.08    250.00     25.00    0.5000 RG10                 J-234               
  C-10                       3.05    131.00     50.00    0.6000 RG10                 J-641               
  C-100                      0.38     76.00     75.00    0.6000 RG10                 J-424               
  C-101                      1.19     81.00     75.00    0.3000 RG10                 C-102               
  C-102                      1.37     82.00     75.00    0.7000 RG10                 C-103               
  C-103                      2.12     87.00     50.00    0.7000 RG10                 J-917               
  C-11                       4.71    178.00     50.00    0.5000 RG10                 J-651               
  C-12                       4.20    223.00     50.00    0.8000 RG10                 C-10                
  C-13                       6.38    186.00     25.00    0.9000 RG10                 J-2006              
  C-14                       4.46    169.00     25.00    0.8000 RG10                 C-13                
  C-15                       5.47    196.00     25.00    0.8000 RG10                 C-16                
  C-16                       2.88    180.00      0.00    0.3000 RG10                 J-691               
  C-17                       2.91    131.00     50.00    0.4000 RG10                 J-714               
  C-18                       4.31    236.00      0.00    0.9000 RG10                 C-17                
  C-19                       2.69    104.00     50.00    0.8000 RG10                 J-2007              
  C-2                        2.24    122.00     75.00    0.1000 RG10                 C-1                 
  C-20                       8.30    203.00     25.00    0.6000 RG10                 J-520               
  C-21                       7.34    276.00      0.00    0.8000 RG10                 J-520               
  C-22                       5.71    211.00     50.00    0.2000 RG10                 J-2007              
  C-23                      15.21    260.00     50.00    0.3000 RG10                 J-540               
  C-24                       9.24    336.00     25.00    0.2000 RG10                 J-743               
  C-25                       3.98    153.00     25.00    0.1000 RG10                 J-749               
  C-26                       4.66    120.00     25.00    0.4000 RG10                 J-749               
  C-27                       4.31    120.00     50.00    0.4000 RG10                 C-91                
  C-28                       6.02    223.00     75.00    0.2000 RG10                 C-23                
  C-29                       7.25    131.00     25.00    0.3000 RG10                 J-772               
  C-3                        5.84    245.00     75.00    0.6000 RG10                 J-2004              
  C-30                       3.72    146.00     50.00    0.3000 RG10                 J-778               
  C-31                       2.59    118.00     50.00    0.4000 RG10                 J-794               
  C-32                       2.50    115.00     50.00    0.5000 RG10                 J-794               
  C-33                       5.37    216.00     25.00    0.1000 RG10                 C-30                
  C-34                       2.16    137.00     50.00    0.1000 RG10                 C-35                
  C-35                       3.34    169.00     50.00    0.1000 RG10                 C-36                
  C-36                       2.85    138.00     50.00    0.2000 RG10                 J-485               
  C-37                       4.93    125.00     50.00    0.5000 RG10                 J-794               
  C-38                       4.31    161.00     25.00    0.3000 RG10                 J-520               
  C-39                      11.36    295.00     25.00    0.6000 RG10                 C-1                 
  C-4                        4.00    199.00     25.00    0.2000 RG10                 J-203               
  C-40                      14.58    380.00     50.00    0.6000 RG10                 J-580               
  C-41                       6.02     97.00     50.00    0.1000 RG10                 J-580               
  C-42                       1.64    125.00     75.00    0.1000 RG10                 C-43                
  C-43                       3.54    120.00     50.00    0.4000 RG10                 C-6                 
  C-44                       1.57    137.00     75.00    0.5000 RG10                 C-54                
  C-45                       5.57    186.00     75.00    0.5000 RG10                 J-632               
  C-46                       3.42    119.00     75.00    0.7000 RG10                 C-51                
  C-47                      10.97    228.00     75.00    0.2000 RG10                 J-565               
  C-48                       5.88    141.00     25.00    0.2000 RG10                 J-2012              
  C-49                       4.61    129.00     75.00    0.2000 RG10                 J-555               
  C-5                        7.14    271.00     50.00    0.2000 RG10                 C-4                 
  C-50                       4.69    138.00     75.00    0.3000 RG10                 C-49                
  C-51                       3.34    133.00     75.00    0.8000 RG10                 J-969               
  C-52                       3.30    139.00     50.00    0.5000 RG10                 J-969               
  C-53                       6.23    167.00     25.00    0.4000 RG10                 C-52                
  C-54                      13.99    145.00     25.00    0.7000 RG10                 J-964               
  C-55                       4.01    160.00      0.00    0.7000 RG10                 J-185               
  C-56                       2.67    156.00     25.00    0.7000 RG10                 J-144               
  C-57                       3.89    135.00     25.00    0.5000 RG10                 C-56                
  C-58                       3.48    122.00     50.00    0.7000 RG10                 C-56                
  C-59                       2.93    115.00     25.00    0.4000 RG10                 J-2002              
  C-6                        3.47    206.00     50.00    0.6000 RG10                 J-2003              
  C-60                       3.25    117.00     25.00    0.2000 RG10                 C-59                
  C-61                      16.36    370.00     50.00    0.4000 RG10                 C-59                
  C-62                       8.62    222.00     50.00    0.6000 RG10                 C-61                
  C-63                       5.30    162.00     50.00    0.3000 RG10                 J-418               
  C-64                       3.34    183.00     75.00    0.5000 RG10                 J-392               
  C-65                       0.76     67.00     50.00    0.9000 RG10                 J-392               
  C-66                       3.28    130.00     75.00    0.5000 RG10                 C-64                
  C-67                       5.36    240.00     50.00    0.8000 RG10                 C-83                
  C-68                       5.01    167.00     50.00    0.7000 RG10                 J-387               
  C-69                       1.32     78.00     75.00    0.2000 RG10                 C-82                
  C-7                       18.78    269.00     50.00    0.9000 RG10                 J-2005              
  C-70                       2.25    115.00     25.00    0.6000 RG10                 C-68                
  C-71                       5.95    223.00     25.00    0.2000 RG10                 J-2001              
  C-72                       3.19    107.00     50.00    0.5000 RG10                 C-71                
  C-73                       3.07    105.00     50.00    0.5000 RG10                 C-75                
  C-74                       0.19     37.00      0.00    0.3000 RG10                 C-70                
  C-75                       6.01    183.00     25.00    0.2000 RG10                 J-947               
  C-76                       2.90     89.00     75.00    0.6000 RG10                 C-81                
  C-77                       0.98     72.00     75.00    0.1000 RG10                 C-80                
  C-78                       9.76    303.00     50.00    0.2000 RG10                 C-79                
  C-79                       2.33    180.00     75.00    0.2000 RG10                 J-931               
  C-8                       11.16    352.00     50.00    0.5000 RG10                 C-7                 
  C-80                       0.58     73.00     75.00    0.1000 RG10                 J-924               
  C-81                      13.08    240.00     75.00    0.2000 RG10                 J-924               
  C-82                       2.13    151.00     50.00    0.6000 RG10                 J-378               
  C-83                       1.49    123.00     50.00    0.5000 RG10                 C-82                
  C-84                       1.19    104.00     75.00    0.5000 RG10                 J-378               
  C-85                       3.54     97.00     25.00    0.7000 RG10                 J-974               
  C-86                       2.36     95.00     25.00    0.2000 RG10                 J-974               
  C-87                       9.22    217.00     25.00    0.5000 RG10                 C-51                
  C-88                      15.90    300.00     75.00    0.6000 RG10                 J-424               
  C-89                       3.79    123.00     25.00    0.8000 RG10                 J-500               
  C-9                        4.69    191.00     25.00    0.2000 RG10                 C-13                
  C-90                       1.02     74.00     75.00    0.2000 RG10                 C-98                
  C-91                       6.05    187.00     75.00    0.6000 RG10                 J-509               
  C-92                       4.16    179.00     75.00    0.7000 RG10                 J-500               
  C-93                      10.92    179.00     75.00    0.1000 RG10                 J-441               
  C-94                       3.96    267.00     50.00    0.3000 RG10                 C-97                
  C-95                       8.53    104.00     50.00    0.5000 RG10                 J-820               
  C-96                       2.28    181.00     25.00    0.6000 RG10                 J-860               
  C-97                       4.33    183.00     50.00    0.6000 RG10                 J-840               
  C-98                       7.60    272.00     50.00    0.3000 RG10                 C-94                
  C-99                       6.00    233.00     25.00    0.7000 RG10                 J-906               
  SC10                       9.09    340.00     40.00    0.4000 RG10                 J-76                
  SC20                       8.21    300.00     40.00    0.5000 RG10                 SC30                
  SC30                       6.48    230.00     40.00    0.4000 RG10                 J-35                
  SC40                       7.49    240.00     40.00    0.8000 RG10                 J-22                
  SC50                       6.20    250.00      5.00    0.4000 RG10                 J-890               
  SC55                       6.21    250.00     25.00    0.5000 RG10                 J-896               
  SC60                      16.24    300.00     50.00    0.4000 RG10                 J-886               
  
  
  ************
  Node Summary
  ************
                                           Invert      Max.    Ponded    External
  Name                 Type                 Elev.     Depth      Area    Inflow  
  -------------------------------------------------------------------------------
  J-101                JUNCTION             84.88      1.50       0.0
  J-114                JUNCTION             85.29      0.95       0.0
  J-121                JUNCTION             85.52      0.90       0.0
  J-1418               JUNCTION             86.63      0.80       0.0
  J-144                JUNCTION             85.32      0.98       0.0
  J-147                JUNCTION             85.46      0.98       0.0
  J-158                JUNCTION             85.64      0.68       0.0
  J-167                JUNCTION             85.68      0.68       0.0
  J-176                JUNCTION             85.44      1.32       0.0
  J-177                JUNCTION             85.77      0.61       0.0
  J-185                JUNCTION             85.49      1.12       0.0
  J-195                JUNCTION             85.54      0.80       0.0
  J-1961               JUNCTION             86.72      0.80       0.0
  J-2001               JUNCTION             85.48      0.56       0.0
  J-2002               JUNCTION             85.38      0.56       0.0
  J-2003               JUNCTION             85.49      1.11       0.0
  J-2004               JUNCTION             85.25      1.08       0.0
  J-2005               JUNCTION             85.26      1.65       0.0
  J-2006               JUNCTION             84.83      1.05       0.0
  J-2007               JUNCTION             84.76      1.50       0.0
  J-2008               JUNCTION             85.41      0.33       0.0
  J-2009               JUNCTION             83.78      1.50       0.0
  J-2010               JUNCTION             83.27      1.50       0.0
  J-2011               JUNCTION             82.69      1.50       0.0
  J-2012               JUNCTION             84.82      1.13       0.0
  J-203                JUNCTION             85.48      1.11       0.0
  J-216                JUNCTION             85.43      1.72       0.0
  J-22                 JUNCTION             84.57      2.20       0.0
  J-230                JUNCTION             85.45      0.60       0.0
  J-234                JUNCTION             85.21      1.93       0.0
  J-243                JUNCTION             84.95      2.24       0.0
  J-248                JUNCTION             85.45      1.81       0.0
  J-35                 JUNCTION             84.40      1.45       0.0
  J-378                JUNCTION             85.53      0.72       0.0
  J-387                JUNCTION             84.96      1.17       0.0
  J-392                JUNCTION             85.04      0.85       0.0
  J-398                JUNCTION             84.80      1.04       0.0
  J-405                JUNCTION             86.61      0.80       0.0
  J-415                JUNCTION             86.65      0.80       0.0
  J-418                JUNCTION             85.61      0.85       0.0
  J-424                JUNCTION             85.21      2.09       0.0
  J-433                JUNCTION             85.16      0.87       0.0
  J-441                JUNCTION             85.13      0.91       0.0
  J-450                JUNCTION             84.98      1.20       0.0
  J-452                JUNCTION             85.10      1.35       0.0
  J-467                JUNCTION             85.05      0.92       0.0
  J-468                JUNCTION             85.02      1.20       0.0
  J-471                JUNCTION             86.87      1.20       0.0
  J-472                JUNCTION             86.26      0.80       0.0
  J-485                JUNCTION             85.05      0.86       0.0
  J-487                JUNCTION             85.20      3.70       0.0
  J-50                 JUNCTION             85.38      0.89       0.0
  J-500                JUNCTION             85.35      0.86       0.0
  J-509                JUNCTION             85.77      4.11       0.0
  J-512                JUNCTION             85.02      1.20       0.0
  J-520                JUNCTION             85.41      1.63       0.0
  J-528                JUNCTION             85.12      0.81       0.0
  J-540                JUNCTION             84.80      1.17       0.0
  J-549                JUNCTION             85.81      1.08       0.0
  J-555                JUNCTION             84.95      1.74       0.0
  J-559                JUNCTION             84.98      1.50       0.0
  J-565                JUNCTION             85.42      1.91       0.0
  J-572                JUNCTION             84.93      0.88       0.0
  J-580                JUNCTION             84.65      2.05       0.0
  J-600                JUNCTION             84.84      1.95       0.0
  J-613                JUNCTION             85.04      1.43       0.0
  J-616                JUNCTION             84.98      1.64       0.0
  J-62                 JUNCTION             84.72      0.97       0.0
  J-623                JUNCTION             86.88      0.80       0.0
  J-632                JUNCTION             85.07      1.18       0.0
  J-641                JUNCTION             85.38      1.05       0.0
  J-651                JUNCTION             85.22      1.50       0.0
  J-656                JUNCTION             85.17      2.02       0.0
  J-662                JUNCTION             85.07      2.30       0.0
  J-670                JUNCTION             84.92      1.88       0.0
  J-681                JUNCTION             84.68      1.05       0.0
  J-691                JUNCTION             84.89      1.77       0.0
  J-7                  JUNCTION             84.20      2.37       0.0
  J-702                JUNCTION             85.58      1.00       0.0
  J-714                JUNCTION             85.66      1.19       0.0
  J-726                JUNCTION             84.68      1.50       0.0
  J-729                JUNCTION             84.71      1.75       0.0
  J-73                 JUNCTION             84.64      2.41       0.0
  J-734                JUNCTION             84.36      2.01       0.0
  J-74                 JUNCTION             84.84      0.85       0.0
  J-743                JUNCTION             83.98      1.90       0.0
  J-749                JUNCTION             84.52      0.80       0.0
  J-756                JUNCTION             84.35      1.22       0.0
  J-76                 JUNCTION             84.94      0.85       0.0
  J-761                JUNCTION             85.13      0.94       0.0
  J-772                JUNCTION             85.34      0.80       0.0
  J-778                JUNCTION             85.45      0.33       0.0
  J-794                JUNCTION             85.31      0.70       0.0
  J-797                JUNCTION             85.23      0.85       0.0
  J-807                JUNCTION             85.05      0.88       0.0
  J-814                JUNCTION             85.18      0.00       0.0
  J-820                JUNCTION             85.12      1.00       0.0
  J-83                 JUNCTION             84.98      1.19       0.0
  J-840                JUNCTION             85.29      1.07       0.0
  J-852                JUNCTION             85.23      1.84       0.0
  J-860                JUNCTION             84.73      1.40       0.0
  J-868                JUNCTION             84.69      1.44       0.0
  J-873                JUNCTION             84.69      1.28       0.0
  J-876                JUNCTION             85.10      1.10       0.0
  J-879                JUNCTION             84.82      0.98       0.0
  J-886                JUNCTION             85.31      0.59       0.0
  J-89                 JUNCTION             84.89      1.19       0.0
  J-890                JUNCTION             85.57      0.35       0.0
  J-896                JUNCTION             85.87      0.59       0.0
  J-900                JUNCTION             85.22      1.88       0.0
  J-904                JUNCTION             85.13      1.80       0.0
  J-906                JUNCTION             85.02      0.96       0.0
  J-909                JUNCTION             85.21      0.83       0.0
  J-917                JUNCTION             85.05      1.14       0.0
  J-924                JUNCTION             85.43      1.00       0.0
  J-929                JUNCTION             85.02      1.08       0.0
  J-931                JUNCTION             84.81      1.80       0.0
  J-933                JUNCTION             84.87      1.80       0.0
  J-934                JUNCTION             84.71      1.20       0.0
  J-936                JUNCTION             86.32      1.20       0.0
  J-938                JUNCTION             86.63      1.20       0.0
  J-939                JUNCTION             84.96      1.88       0.0
  J-944                JUNCTION             85.22      2.14       0.0
  J-946                JUNCTION             86.88      0.80       0.0
  J-947                JUNCTION             84.99      1.03       0.0
  J-96                 JUNCTION             85.10      1.50       0.0
  J-961                JUNCTION             86.83      0.80       0.0
  J-964                JUNCTION             85.37      1.07       0.0
  J-969                JUNCTION             85.81      1.07       0.0
  J-972                JUNCTION             84.30      1.30       0.0
  J-973                JUNCTION             84.20      1.50       0.0
  J-974                JUNCTION             84.00      2.40       0.0
  J-975                JUNCTION             84.80      1.50       0.0
  OF10                 OUTFALL              82.20      1.50       0.0
  
  
  ************
  Link Summary
  ************
  Name             From Node        To Node          Type            Length    %Slope Roughness
  ---------------------------------------------------------------------------------------------
  CRC10_T1         J-405            J-387            CONDUIT           37.1    4.4506    0.0150
  CRC10_T2         J-405            J-392            CONDUIT           18.8    8.3624    0.0150
  CRC10_T3         J-405            J-398            CONDUIT           14.0   13.0475    0.0150
  CRC10_XS1        J-418            J-392            CONDUIT          533.6    0.1068    0.2000
  CRC11_T1         J-1418           J-415            CONDUIT          121.8   -0.0164    0.0150
  CRC11_T2         J-415            J-418            CONDUIT           12.0    8.6775    0.0150
  CRC12_XS1        J-424            J-433            CONDUIT          241.1    0.0448    0.2000
  CRC13_T1         J-471            J-441            CONDUIT           25.3    6.8883    0.0150
  CRC13_T2         J-471            J-450            CONDUIT           23.1    8.1915    0.0150
  CRC13_T3         J-471            J-468            CONDUIT           24.2    7.6607    0.0150
  CRC13_T4         J-471            J-472            CONDUIT           19.2    3.1820    0.0150
  CRC13_T5         J-472            J-485            CONDUIT          118.0    0.9925    0.0150
  CRC13_T6         J-471            J-433            CONDUIT           22.2    7.7327    0.0150
  CRC13_XS1        J-452            J-840            CONDUIT          340.0    0.0265    0.2000
  CRC13_XS2        J-467            J-852            CONDUIT          346.3   -0.0404    0.2000
  CRC13_XS5        J-450            J-452            CONDUIT           17.7   -0.6765    0.0150
  CRC13_XS6        J-468            J-467            CONDUIT           15.9   -0.1887    0.0150
  CRC15_T1         J-487            J-509            CONDUIT          388.0   -0.2526    0.0150
  CRC15_XS1        J-500            J-485            CONDUIT          317.8    0.0944    0.2000
  CRC17_T1         J-540            J-528            CONDUIT           45.8   -0.0218    0.0150
  CRC17_T2         J-540            J-972            CONDUIT           45.3    1.1043    0.0150
  CRC17_T3         J-972            J-549            CONDUIT           27.6   -3.6605    0.0150
  CRC17_T4         J-972            J-512            CONDUIT           42.9   -1.6801    0.0150
  CRC17_XS1        J-540            J-509            CONDUIT          426.7   -0.1523    0.2000
  CRC17_XS2        J-549            J-714            CONDUIT          764.4    0.0196    0.2000
  CRC18_T1         J-555            J-975            CONDUIT           22.7    0.6596    0.0150
  CRC18_T2         J-559            J-975            CONDUIT           17.2    1.0435    0.0150
  CRC18_T3         J-565            J-975            CONDUIT          142.7    0.6658    0.0150
  CRC18_XS1        J-555            J-520            CONDUIT          428.5    0.0583    0.2000
  CRC1_XS1a        J-7              J-2009           CONDUIT          417.1    0.1007    0.2000
  CRC1_XS1b        J-2009           J-2010           CONDUIT          516.7    0.0987    0.2000
  CRC1_XS1c        J-2010           J-2011           CONDUIT          573.9    0.1011    0.2000
  CRC1_XS1d        J-2011           OF10             CONDUIT          497.0    0.0986    0.2000
  CRC20_T10        J-2012           J-973            CONDUIT          551.8    0.1124    0.0150
  CRC20_T4         J-580            J-623            CONDUIT           16.1   -6.0869    0.0150
  CRC20_T5         J-580            J-572            CONDUIT           20.7   -1.7621    0.0150
  CRC20_T6         J-572            J-616            CONDUIT           14.6   -1.6954    0.0150
  CRC20_T7         J-623            J-600            CONDUIT           24.5    6.5175    0.0150
  CRC20_T8         J-623            J-613            CONDUIT           26.5    6.9523    0.0150
  CRC20_T9         J-623            J-616            CONDUIT           28.2    3.7482    0.0150
  CRC20_XS1        J-600            J-565            CONDUIT          320.8    0.0187    0.2000
  CRC20_XS2        J-613            J-2012           CONDUIT          154.3    0.3369    0.2000
  CRC21_T2         J-632            J-641            CONDUIT          134.4   -0.2307    0.0150
  CRC21_XS1        J-632            J-559            CONDUIT          192.0    0.0802    0.2000
  CRC23_T1         J-662            J-670            CONDUIT           24.8   -3.7365    0.0150
  CRC23_XS1        J-651            J-641            CONDUIT          293.6   -0.0749    0.2000
  CRC23_XS2a       J-670            J-2006           CONDUIT          356.1    0.0253    0.2000
  CRC23_XS2b       J-2006           J-681            CONDUIT          612.9    0.0245    0.2000
  CRC24_T1         J-702            J-714            CONDUIT           23.7   -0.5699    0.0150
  CRC24_T2         J-681            J-691            CONDUIT            9.7   -2.1632    0.0150
  CRC25_T1         J-743            J-734            CONDUIT           29.5   -1.2891    0.0150
  CRC25_T2         J-734            J-749            CONDUIT           31.9   -0.2195    0.0150
  CRC25_XS1        J-756            J-726            CONDUIT          301.9   -0.1093    0.2000
  CRC25_XS2        J-743            J-714            CONDUIT         1173.3   -0.0827    0.2000
  CRC25_XS3        J-734            J-729            CONDUIT           31.6   -0.5387    0.2000
  CRC26_T1         J-761            J-772            CONDUIT           12.9   -1.6319    0.0150
  CRC27_T1         J-794            J-797            CONDUIT            7.7    1.0431    0.0150
  CRC27_XS1a       J-794            J-2008           CONDUIT          407.2   -0.0123    0.2000
  CRC27_XS1b       J-2008           J-778            CONDUIT          281.6   -0.0142    0.2000
  CRC28_T1         J-820            J-807            CONDUIT            8.3    0.8475    0.0150
  CRC28_XS1        J-807            J-797            CONDUIT          171.1   -0.0865    0.2000
  CRC29_T1         J-868            J-860            CONDUIT           26.9   -0.0372    0.0150
  CRC29_XS1        J-868            J-873            CONDUIT          292.6    0.0001    0.2000
  CRC29_XS2        J-860            J-852            CONDUIT          145.7   -0.2608    0.2000
  CRC2_T1          J-22             J-7              CONDUIT           57.3    0.3506    0.0150
  CRC2_XS1         J-35             J-22             CONDUIT          374.8   -0.1019    0.2000
  CRC30_T1         J-873            J-876            CONDUIT           16.4   -0.8558    0.0150
  CRC30_T2         J-873            J-879            CONDUIT           33.8   -0.3850    0.0150
  CRC30_XS1        J-879            J-896            CONDUIT          597.2   -0.1105    0.2000
  CRC30_XS2        J-886            J-890            CONDUIT          600.7   -0.0433    0.2000
  CRC30_XS3        J-886            J-876            CONDUIT           17.1    1.2246    0.2000
  CRC31_T1         J-931            J-933            CONDUIT           30.3   -0.1983    0.0150
  CRC31_T2         J-936            J-934            CONDUIT           29.6    5.4417    0.0150
  CRC31_T4         J-936            J-22             CONDUIT          195.8    0.8936    0.0150
  CRC31_XS1        J-924            J-929            CONDUIT           63.9    0.6418    0.2000
  CRC31_XS2        J-929            J-931            CONDUIT           44.6    0.4712    0.2000
  CRC31_XS3        J-974            J-924            CONDUIT          946.9   -0.1744    0.2000
  CRC31_XS4        J-933            J-89             CONDUIT          776.3   -0.0026    0.2000
  CRC31_XS5        J-933            J-934            CONDUIT           41.5    0.3860    0.2000
  CRC32_T1         J-947            J-946            CONDUIT           15.5  -12.3094    0.0150
  CRC32_T2         J-946            J-944            CONDUIT           21.1    7.9106    0.0150
  CRC32_XS1        J-944            J-387            CONDUIT          366.2    0.0183    0.2000
  CRC32_XS2        J-947            J-101            CONDUIT          145.6    0.0707    0.2000
  CRC33_T1         J-961            J-964            CONDUIT           15.9    7.9978    0.0150
  CRC33_T2         J-961            J-1961           CONDUIT          119.7    0.0919    0.0150
  CRC33_T3         J-1961           J-1418           CONDUIT          185.3    0.0486    0.0150
  CRC33_XS1        J-964            J-616            CONDUIT          513.0    0.0760    0.2000
  CRC34_T1         J-969            J-973            CONDUIT          407.5    0.3951    0.0150
  CRC34_XS1        J-969            J-528            CONDUIT          330.0    0.2091    0.2000
  CRC35_XS1a       J-203            J-2003           CONDUIT          378.9   -0.0026    0.2000
  CRC35_XS1b       J-2003           J-185            CONDUIT          208.1   -0.0053    0.2000
  CRC38_T1         J-904            J-900            CONDUIT           30.1   -0.2990    0.0150
  CRC38_T2         J-938            J-939            CONDUIT           35.8    4.6725    0.0150
  CRC38_XS1        J-906            J-840            CONDUIT          624.5   -0.0757    0.2000
  CRC38_XS2        J-906            J-904            CONDUIT           16.4   -0.6716    0.2000
  CRC38_XS3        J-904            J-909            CONDUIT           22.4   -0.3575    0.2000
  CRC38_XS4        J-909            J-917            CONDUIT           45.3   -0.3292    0.2000
  CRC38_XS5        J-939            J-900            CONDUIT           42.2   -0.6160    0.2000
  CRC38_XS6        J-938            J-7              CONDUIT          201.9    1.2035    0.0150
  CRC39_T1         J-852            J-840            CONDUIT           25.1   -0.1512    0.0150
  CRC3_T1          J-62             J-73             CONDUIT           10.0    0.8000    0.0150
  CRC3_XS3         J-73             J-74             CONDUIT           10.8   -1.8539    0.2000
  CRC3_XS4         J-74             J-76             CONDUIT           30.6   -0.3266    0.2000
  CRC3_XS5         J-50             J-62             CONDUIT           19.9    3.3234    0.2000
  CRC3_XS6         J-76             J-35             CONDUIT          562.4    0.0960    0.2000
  CRC3_XS7         J-83             J-62             CONDUIT           22.5    1.1541    0.2000
  CRC40_XS1a       J-726            J-2007           CONDUIT          365.1   -0.0219    0.2000
  CRC40_XS1b       J-2007           J-691            CONDUIT          575.0   -0.0696    0.2000
  CRC4_T1          J-101            J-96             CONDUIT           18.4   -1.1964    0.0150
  CRC4_XS2         J-96             J-89             CONDUIT            5.2    4.0185    0.2000
  CRC4_XS3         J-89             J-83             CONDUIT          224.6   -0.0401    0.2000
  CRC5_T1          J-121            J-114            CONDUIT           12.8   -0.1253    0.0150
  CRC5_XS1         J-114            J-101            CONDUIT          151.1    0.0748    0.2000
  CRC6_T1          J-158            J-144            CONDUIT           26.3    0.9461    0.0150
  CRC6_XS1a        J-144            J-2002           CONDUIT          324.2   -0.0185    0.2000
  CRC6_XS1b        J-2002           J-2001           CONDUIT          511.7   -0.0195    0.2000
  CRC6_XS1c        J-2001           J-121            CONDUIT          190.1   -0.0552    0.2000
  CRC6_XS2         J-144            J-147            CONDUIT           24.4   -0.5726    0.2000
  CRC6_XS4         J-167            J-158            CONDUIT           11.6    0.3457    0.2000
  CRC7_T1          J-176            J-167            CONDUIT           41.0    1.1697    0.0150
  CRC7_T2          J-185            J-177            CONDUIT           13.6    0.1472    0.0150
  CRC7_T3          J-185            J-195            CONDUIT           10.9   -0.4570    0.0150
  CRC7_XS1         J-177            J-176            CONDUIT           19.7    1.6720    0.2000
  CRC8_T1          J-216            J-248            CONDUIT           24.7   -1.9332    0.2000
  CRC8_T2          J-243            J-234            CONDUIT           18.3   -1.4194    0.0150
  CRC8_T3          J-234            J-230            CONDUIT           29.6    0.2701    0.0150
  CRC8_XS1a        J-243            J-2004           CONDUIT          400.1    0.0500    0.2000
  CRC8_XS1b        J-2004           J-203            CONDUIT          291.4   -0.0789    0.2000
  CRC8_XS2         J-234            J-580            CONDUIT          793.4    0.0093    0.2000
  CRC8_XS3a        J-216            J-2005           CONDUIT          616.5    0.0276    0.2000
  CRC8_XS3b        J-2005           J-656            CONDUIT          361.9   -0.0776    0.2000
  CRC8_XS5         J-243            J-248            CONDUIT           14.5   -3.4456    0.2000
  CRC9_T1          J-378            J-974            CONDUIT          185.5    0.2858    0.0150
  CRC9_XS2         J-378            J-398            CONDUIT          521.4    0.0792    0.2000
  CRCP974_T1       J-974            J-973            CONDUIT          148.6   -0.1346    0.0150
  CRCP974_T2       J-974            J-424            CONDUIT          543.8   -0.1661    0.0150
  CRCP975_T1       J-975            J-973            CONDUIT          591.3    0.1015    0.0150
  
  
  *********************
  Cross Section Summary
  *********************
                                        Full     Full     Hyd.     Max.   No. of     Full
  Conduit          Shape               Depth     Area     Rad.    Width  Barrels     Flow
  ---------------------------------------------------------------------------------------
  CRC10_T1         CIRCULAR             0.80     0.50     0.20     0.80        1     2.42
  CRC10_T2         CIRCULAR             0.80     0.50     0.20     0.80        1     3.31
  CRC10_T3         CIRCULAR             0.80     0.50     0.20     0.80        1     4.14
  CRC10_XS1        TRAPEZOIDAL          0.85     2.29     0.51     3.39        1     0.24
  CRC11_T1         CIRCULAR             0.80     0.50     0.20     0.80        1     0.15
  CRC11_T2         CIRCULAR             0.80     0.50     0.20     0.80        1     3.38
  CRC12_XS1        TRAPEZOIDAL          0.86     2.75     0.57     4.17        1     0.20
  CRC13_T1         CIRCULAR             0.50     0.20     0.12     0.50        2     0.86
  CRC13_T2         RECT_CLOSED          1.20     1.08     0.26     0.90        1     8.33
  CRC13_T3         RECT_CLOSED          1.20     1.08     0.26     0.90        1     8.06
  CRC13_T4         CIRCULAR             0.80     0.50     0.20     0.80        1     2.04
  CRC13_T5         CIRCULAR             0.80     0.50     0.20     0.80        1     1.14
  CRC13_T6         CIRCULAR             0.60     0.28     0.15     0.60        2     1.48
  CRC13_XS1        TRAPEZOIDAL          1.07     2.71     0.59     3.06        1     0.16
  CRC13_XS2        TRAPEZOIDAL          0.88     2.69     0.52     4.70        1     0.18
  CRC13_XS5        RECT_OPEN            0.91     1.36     0.41     1.50        1     4.14
  CRC13_XS6        RECT_OPEN            0.81     1.22     0.39     1.50        1     1.88
  CRC15_T1         RECT_CLOSED          3.70     4.44     0.45     1.20        1     8.78
  CRC15_XS1        TRAPEZOIDAL          0.86     2.25     0.51     3.82        1     0.22
  CRC17_T1         CIRCULAR             0.80     0.50     0.20     0.80        1     0.17
  CRC17_T2         CIRCULAR             0.80     0.50     0.20     0.80        1     1.20
  CRC17_T3         CIRCULAR             0.80     0.50     0.20     0.80        1     2.19
  CRC17_T4         CIRCULAR             0.80     0.50     0.20     0.80        1     1.49
  CRC17_XS1        TRAPEZOIDAL          0.85     3.06     0.56     4.95        1     0.41
  CRC17_XS2        TRAPEZOIDAL          1.08     5.87     0.78     6.74        2     0.35
  CRC18_T1         RECT_CLOSED          1.50     1.80     0.33     1.20        1     4.69
  CRC18_T2         RECT_CLOSED          1.50     1.80     0.33     1.20        1     5.89
  CRC18_T3         CIRCULAR             1.50     1.77     0.38     1.50        1     5.00
  CRC18_XS1        TRAPEZOIDAL          1.03     2.69     0.59     3.81        1     0.23
  CRC1_XS1a        TRAPEZOIDAL          1.50    11.00     1.04     8.67        1     1.80
  CRC1_XS1b        TRAPEZOIDAL          1.50    11.00     1.04     8.67        1     1.78
  CRC1_XS1c        TRAPEZOIDAL          1.50    11.00     1.04     8.67        1     1.80
  CRC1_XS1d        TRAPEZOIDAL          1.50    11.00     1.04     8.67        1     1.78
  CRC20_T10        CIRCULAR             0.80     0.50     0.20     0.80        1     0.38
  CRC20_T4         CIRCULAR             0.80     0.50     0.20     0.80        1     2.83
  CRC20_T5         CIRCULAR             0.80     0.50     0.20     0.80        1     1.52
  CRC20_T6         CIRCULAR             0.80     0.50     0.20     0.80        1     1.49
  CRC20_T7         CIRCULAR             0.80     0.50     0.20     0.80        1     2.93
  CRC20_T8         CIRCULAR             0.80     0.50     0.20     0.80        1     3.02
  CRC20_T9         CIRCULAR             0.80     0.50     0.20     0.80        1     2.22
  CRC20_XS1        TRAPEZOIDAL          1.31     5.85     0.85     4.93        1     0.36
  CRC20_XS2        TRAPEZOIDAL          1.13     3.62     0.69     4.17        1     0.83
  CRC21_T2         CIRCULAR             0.80     0.50     0.20     0.80        1     0.55
  CRC21_XS1        TRAPEZOIDAL          0.84     2.22     0.50     3.88        1     0.20
  CRC23_T1         CIRCULAR             0.80     0.50     0.20     0.80        1     2.22
  CRC23_XS1        TRAPEZOIDAL          0.79     1.70     0.45     3.31        1     0.14
  CRC23_XS2a       TRAPEZOIDAL          1.05     5.58     0.77     6.39        1     0.37
  CRC23_XS2b       TRAPEZOIDAL          1.05     5.58     0.77     6.39        1     0.37
  CRC24_T1         CIRCULAR             1.00     0.79     0.25     1.00        1     1.57
  CRC24_T2         CIRCULAR             0.60     0.28     0.15     0.60        2     0.78
  CRC25_T1         CIRCULAR             1.20     1.13     0.30     1.20        1     3.84
  CRC25_T2         CIRCULAR             0.80     0.50     0.20     0.80        1     0.54
  CRC25_XS1        TRAPEZOIDAL          1.22     4.47     0.74     5.08        1     0.61
  CRC25_XS2        TRAPEZOIDAL          1.19     9.87     0.95     9.38        1     1.37
  CRC25_XS3        TRAPEZOIDAL          1.43     4.90     0.81     4.86        1     1.56
  CRC26_T1         CIRCULAR             0.80     0.50     0.20     0.80        1     1.46
  CRC27_T1         CIRCULAR             0.60     0.28     0.15     0.60        1     0.54
  CRC27_XS1a       TRAPEZOIDAL          0.33     2.62     0.27     9.49        1     0.06
  CRC27_XS1b       TRAPEZOIDAL          0.33     2.62     0.27     9.49        1     0.07
  CRC28_T1         CIRCULAR             0.80     0.50     0.20     0.80        1     1.06
  CRC28_XS1        TRAPEZOIDAL          0.75     1.99     0.48     3.07        1     0.18
  CRC29_T1         CIRCULAR             1.30     1.33     0.33     1.30        1     0.81
  CRC29_XS1        TRAPEZOIDAL          1.28     5.42     0.78     6.23        1     0.02
  CRC29_XS2        TRAPEZOIDAL          1.28     5.42     0.78     6.23        1     1.17
  CRC2_T1          RECT_CLOSED          2.20     7.48     0.67     3.40        1    22.56
  CRC2_XS1         TRAPEZOIDAL          1.45     9.61     0.97     9.01        1     1.50
  CRC30_T1         CIRCULAR             0.80     0.50     0.20     0.80        1     1.06
  CRC30_T2         CIRCULAR             0.80     0.50     0.20     0.80        1     0.71
  CRC30_XS1        TRAPEZOIDAL          0.59     1.70     0.34     4.78        1     0.14
  CRC30_XS2        TRAPEZOIDAL          0.35     0.82     0.22     3.70        1     0.03
  CRC30_XS3        TRAPEZOIDAL          0.59     1.70     0.34     4.78        1     0.46
  CRC31_T1         CIRCULAR             1.80     2.54     0.45     1.80        1     4.44
  CRC31_T2         CIRCULAR             1.20     1.13     0.30     1.20        1     7.88
  CRC31_T4         CIRCULAR             0.80     0.50     0.20     0.80        1     1.08
  CRC31_XS1        TRAPEZOIDAL          1.00     3.04     0.58     4.68        1     0.85
  CRC31_XS2        TRAPEZOIDAL          1.08     3.37     0.65     4.34        1     0.87
  CRC31_XS3        TRAPEZOIDAL          0.70     2.09     0.47     3.97        1     0.27
  CRC31_XS4        TRAPEZOIDAL          0.70     2.09     0.47     3.97        1     0.03
  CRC31_XS5        TRAPEZOIDAL          1.03     4.69     0.62     7.21        1     1.06
  CRC32_T1         CIRCULAR             0.80     0.50     0.20     0.80        1     4.02
  CRC32_T2         CIRCULAR             0.80     0.50     0.20     0.80        1     3.22
  CRC32_XS1        TRAPEZOIDAL          0.90     3.91     0.64     5.52        1     0.20
  CRC32_XS2        TRAPEZOIDAL          0.76     2.97     0.55     4.81        1     0.27
  CRC33_T1         CIRCULAR             0.80     0.50     0.20     0.80        1     3.24
  CRC33_T2         CIRCULAR             0.80     0.50     0.20     0.80        1     0.35
  CRC33_T3         CIRCULAR             0.80     0.50     0.20     0.80        1     0.25
  CRC33_XS1        TRAPEZOIDAL          1.07     4.41     0.70     4.12        1     0.48
  CRC34_T1         CIRCULAR             0.50     0.20     0.12     0.50        1     0.21
  CRC34_XS1        TRAPEZOIDAL          0.67     1.46     0.39     3.37        1     0.18
  CRC35_XS1a       TRAPEZOIDAL          1.11     6.83     0.83     7.31        1     0.16
  CRC35_XS1b       TRAPEZOIDAL          1.11     6.83     0.83     7.31        1     0.22
  CRC38_T1         CIRCULAR             1.80     2.54     0.45     1.80        1     5.45
  CRC38_T2         CIRCULAR             1.20     1.13     0.30     1.20        1     7.31
  CRC38_XS1        TRAPEZOIDAL          0.68     2.24     0.47     4.36        1     0.19
  CRC38_XS2        TRAPEZOIDAL          0.68     2.24     0.47     4.36        1     0.56
  CRC38_XS3        TRAPEZOIDAL          0.83     2.43     0.52     3.62        1     0.47
  CRC38_XS4        TRAPEZOIDAL          0.83     2.43     0.52     3.62        1     0.45
  CRC38_XS5        TRAPEZOIDAL          1.88     8.13     1.03     6.45        1     3.26
  CRC38_XS6        CIRCULAR             0.80     0.50     0.20     0.80        1     1.26
  CRC39_T1         CIRCULAR             0.80     0.50     0.20     0.80        1     0.45
  CRC3_T1          CIRCULAR             0.70     0.38     0.17     0.70        2     0.72
  CRC3_XS3         TRAPEZOIDAL          0.85     5.19     0.67     7.22        1     2.70
  CRC3_XS4         TRAPEZOIDAL          0.85     5.19     0.67     7.22        1     1.13
  CRC3_XS5         TRAPEZOIDAL          0.89     3.43     0.52     6.30        1     2.02
  CRC3_XS6         TRAPEZOIDAL          0.68     4.02     0.56     6.44        1     0.42
  CRC3_XS7         TRAPEZOIDAL          0.97     4.48     0.67     6.07        1     1.84
  CRC40_XS1a       TRAPEZOIDAL          1.50     8.70     1.03     7.12        1     0.65
  CRC40_XS1b       TRAPEZOIDAL          1.50     8.70     1.03     7.12        1     1.17
  CRC4_T1          RECT_CLOSED          1.50     2.25     0.38     1.50        1     8.53
  CRC4_XS2         TRAPEZOIDAL          1.10     5.04     0.72     6.33        1     4.06
  CRC4_XS3         TRAPEZOIDAL          1.19     6.09     0.71     7.99        1     0.49
  CRC5_T1          RECT_CLOSED          0.70     0.63     0.20     0.90        1     0.50
  CRC5_XS1         TRAPEZOIDAL          0.82     4.62     0.62     7.03        1     0.46
  CRC6_T1          CIRCULAR             0.60     0.28     0.15     0.60        1     0.52
  CRC6_XS1a        TRAPEZOIDAL          0.56     1.67     0.39     3.97        1     0.06
  CRC6_XS1b        TRAPEZOIDAL          0.56     1.67     0.39     3.97        1     0.06
  CRC6_XS1c        TRAPEZOIDAL          0.56     1.67     0.39     3.97        1     0.11
  CRC6_XS2         TRAPEZOIDAL          0.98     5.98     0.69     8.20        1     1.76
  CRC6_XS4         TRAPEZOIDAL          0.68     1.99     0.41     4.46        1     0.33
  CRC7_T1          CIRCULAR             0.60     0.28     0.15     0.60        1     0.58
  CRC7_T2          CIRCULAR             0.60     0.28     0.15     0.60        1     0.20
  CRC7_T3          CIRCULAR             0.80     0.50     0.20     0.80        1     0.77
  CRC7_XS1         TRAPEZOIDAL          0.61     1.92     0.42     4.22        1     0.70
  CRC8_T1          TRAPEZOIDAL          1.35     4.49     0.74     5.14        1     2.56
  CRC8_T2          CIRCULAR             0.60     0.28     0.15     0.60        1     0.63
  CRC8_T3          CIRCULAR             0.60     0.28     0.15     0.60        1     0.28
  CRC8_XS1a        TRAPEZOIDAL          1.08     5.87     0.78     6.74        1     0.56
  CRC8_XS1b        TRAPEZOIDAL          1.08     5.87     0.78     6.74        1     0.70
  CRC8_XS2         TRAPEZOIDAL          1.18     5.89     0.83     5.85        1     0.25
  CRC8_XS3a        TRAPEZOIDAL          1.65    10.20     1.12     7.36        1     0.92
  CRC8_XS3b        TRAPEZOIDAL          1.65    10.20     1.12     7.36        1     1.54
  CRC8_XS5         TRAPEZOIDAL          1.18     5.89     0.83     5.85        1     4.84
  CRC9_T1          CIRCULAR             0.60     0.28     0.15     0.60        1     0.28
  CRC9_XS2         TRAPEZOIDAL          0.72     2.11     0.48     3.86        1     0.18
  CRCP974_T1       CIRCULAR             1.40     1.54     0.35     1.40        1     1.87
  CRCP974_T2       CIRCULAR             1.40     1.54     0.35     1.40        1     2.08
  CRCP975_T1       RECT_CLOSED          1.50     1.80     0.33     1.20        1     1.84
  
  
  ****************
  Analysis Options
  ****************
  Flow Units ............... CMS
  Process Models:
    Rainfall/Runoff ........ YES
    RDII ................... NO
    Snowmelt ............... NO
    Groundwater ............ NO
    Flow Routing ........... YES
    Ponding Allowed ........ NO
    Water Quality .......... NO
  Infiltration Method ...... CURVE_NUMBER
  Flow Routing Method ...... DYNWAVE
  Surcharge Method ......... EXTRAN
  Starting Date ............ 01/01/2019 00:00:00
  Ending Date .............. 01/01/2019 20:00:00
  Antecedent Dry Days ...... 0.0
  Report Time Step ......... 00:05:00
  Wet Time Step ............ 00:05:00
  Dry Time Step ............ 01:00:00
  Routing Time Step ........ 30.00 sec
  Variable Time Step ....... YES
  Maximum Trials ........... 15
  Number of Threads ........ 1
  Head Tolerance ........... 0.001500 m
  
  
  **************************        Volume         Depth
  Runoff Quantity Continuity     hectare-m            mm
  **************************     ---------       -------
  Total Precipitation ......        48.783        82.370
  Evaporation Loss .........         0.000         0.000
  Infiltration Loss ........        15.940        26.914
  Surface Runoff ...........        31.785        53.670
  Final Storage ............         1.090         1.840
  Continuity Error (%) .....        -0.066
  
  
  **************************        Volume        Volume
  Flow Routing Continuity        hectare-m      10^6 ltr
  **************************     ---------     ---------
  Dry Weather Inflow .......         0.000         0.000
  Wet Weather Inflow .......        31.782       317.821
  Groundwater Inflow .......         0.000         0.000
  RDII Inflow ..............         0.000         0.000
  External Inflow ..........         0.000         0.000
  External Outflow .........         1.709        17.094
  Flooding Loss ............        25.552       255.526
  Evaporation Loss .........         0.000         0.000
  Exfiltration Loss ........         0.000         0.000
  Initial Stored Volume ....         0.000         0.003
  Final Stored Volume ......         4.369        43.687
  Continuity Error (%) .....         0.477
  
  
  *************************
  Highest Continuity Errors
  *************************
  Node J-944 (97.50%)
  Node J-939 (73.14%)
  Node J-613 (56.34%)
  Node J-743 (36.32%)
  Node J-600 (32.68%)
  
  
  ***************************
  Time-Step Critical Elements
  ***************************
  Link CRC4_XS2 (59.47%)
  Link CRC3_T1 (17.06%)
  Link CRC27_T1 (8.15%)
  Link CRC28_T1 (7.63%)
  Link CRC30_T1 (2.99%)
  
  
  ********************************
  Highest Flow Instability Indexes
  ********************************
  Link CRC13_XS6 (6)
  Link CRC17_T4 (3)
  Link CRC18_T2 (2)
  Link CRC6_XS2 (1)
  Link CRC13_XS5 (1)
  
  
  *********************************
  Most Frequent Nonconverging Nodes
  *********************************
  Node OF10 (0.05%)
  Node J-559 (0.01%)
  Node J-906 (0.01%)
  Node J-520 (0.01%)
  Node J-641 (0.01%)
  
  
  *************************
  Routing Time Step Summary
  *************************
  Minimum Time Step           :     0.50 sec
  Average Time Step           :     1.81 sec
  Maximum Time Step           :    30.00 sec
  % of Time in Steady State   :     0.00
  Average Iterations per Step :     2.02
  % of Steps Not Converging   :     0.05
  Time Step Frequencies       :
     30.000 - 13.228 sec      :     0.06 %
     13.228 -  5.833 sec      :     0.17 %
      5.833 -  2.572 sec      :     8.54 %
      2.572 -  1.134 sec      :    75.96 %
      1.134 -  0.500 sec      :    15.27 %
  
  
  ***************************
  Subcatchment Runoff Summary
  ***************************
  
  ------------------------------------------------------------------------------------------------------------------------------
                            Total      Total      Total      Total     Imperv       Perv      Total       Total     Peak  Runoff
                           Precip      Runon       Evap      Infil     Runoff     Runoff     Runoff      Runoff   Runoff   Coeff
  Subcatchment                 mm         mm         mm         mm         mm         mm         mm    10^6 ltr      CMS
  ------------------------------------------------------------------------------------------------------------------------------
  C-1                       82.37      64.57       0.00      36.81      36.38      71.04     107.42       10.83     1.12   0.731
  C-10                      82.37      78.45       0.00      24.44      79.72      55.39     135.11        4.12     0.58   0.840
  C-100                     82.37       0.00       0.00      11.76      60.75       8.53      69.28        0.26     0.05   0.841
  C-101                     82.37       0.00       0.00      11.93      60.70       8.35      69.06        0.82     0.13   0.838
  C-102                     82.37      60.36       0.00      11.99     106.00      23.40     129.40        1.77     0.29   0.907
  C-103                     82.37      83.54       0.00      24.44      82.26      57.93     140.19        2.97     0.45   0.845
  C-11                      82.37       0.00       0.00      24.37      40.47      16.20      56.67        2.67     0.36   0.688
  C-12                      82.37       0.00       0.00      24.05      40.48      16.52      57.00        2.39     0.35   0.692
  C-13                      82.37      63.05       0.00      36.81      36.01      70.49     106.49        6.79     0.76   0.732
  C-14                      82.37       0.00       0.00      36.73      20.24      24.12      44.37        1.98     0.24   0.539
  C-15                      82.37       0.00       0.00      36.79      20.24      24.06      44.31        2.42     0.30   0.538
  C-16                      82.37      84.17       0.00      49.08       0.00     115.14     115.14        3.31     0.40   0.691
  C-17                      82.37      47.84       0.00      24.54      64.38      39.79     104.17        3.04     0.36   0.800
  C-18                      82.37       0.00       0.00      48.77       0.00      32.36      32.36        1.39     0.20   0.393
  C-19                      82.37       0.00       0.00      24.21      40.47      16.36      56.83        1.53     0.21   0.690
  C-2                       82.37       0.00       0.00      12.11      60.66       8.18      68.84        1.54     0.24   0.836
  C-20                      82.37       0.00       0.00      36.81      20.24      23.38      43.62        3.62     0.39   0.530
  C-21                      82.37       0.00       0.00      49.08       0.00      31.70      31.70        2.33     0.30   0.385
  C-22                      82.37       0.00       0.00      24.54      40.45      15.83      56.29        3.22     0.42   0.683
  C-23                      82.37      27.25       0.00      24.54      54.05      28.73      82.78       12.59     1.50   0.755
  C-24                      82.37       0.00       0.00      36.81      20.24      23.14      43.38        4.01     0.41   0.527
  C-25                      82.37       0.00       0.00      36.81      20.23      22.64      42.88        1.70     0.16   0.521
  C-26                      82.37       0.00       0.00      36.81      20.24      23.15      43.38        2.02     0.21   0.527
  C-27                      82.37       0.00       0.00      24.54      40.46      15.89      56.35        2.43     0.32   0.684
  C-28                      82.37       0.00       0.00      12.12      60.66       8.17      68.82        4.14     0.64   0.836
  C-29                      82.37       0.00       0.00      36.81      20.23      22.24      42.47        3.08     0.28   0.516
  C-3                       82.37       0.00       0.00      11.96      60.70       8.33      69.02        4.03     0.65   0.838
  C-30                      82.37      62.03       0.00      24.54      71.46      46.28     117.74        4.38     0.47   0.815
  C-31                      82.37       0.00       0.00      24.32      40.47      16.25      56.72        1.47     0.20   0.689
  C-32                      82.37       0.00       0.00      24.25      40.47      16.32      56.80        1.42     0.20   0.690
  C-33                      82.37       0.00       0.00      36.81      20.23      22.73      42.96        2.31     0.22   0.522
  C-34                      82.37       0.00       0.00      24.54      40.46      15.99      56.46        1.22     0.16   0.685
  C-35                      82.37      36.51       0.00      24.54      58.71      33.85      92.56        3.09     0.38   0.779
  C-36                      82.37     108.27       0.00      24.54      94.59      69.59     164.19        4.68     0.57   0.861
  C-37                      82.37       0.00       0.00      24.54      40.46      15.90      56.36        2.78     0.37   0.684
  C-38                      82.37       0.00       0.00      36.81      20.24      23.49      43.73        1.88     0.20   0.531
  C-39                      82.37       0.00       0.00      36.81      20.24      23.47      43.71        4.97     0.54   0.531
  C-4                       82.37     100.53       0.00      36.81      45.38      98.39     143.77        5.75     0.68   0.786
  C-40                      82.37       0.00       0.00      24.54      40.46      16.00      56.46        8.23     1.10   0.685
  C-41                      82.37       0.00       0.00      24.54      40.36      14.45      54.81        3.30     0.38   0.665
  C-42                      82.37       0.00       0.00      12.02      60.68       8.27      68.95        1.13     0.18   0.837
  C-43                      82.37      31.87       0.00      24.54      56.40      31.85      88.25        3.12     0.42   0.773
  C-44                      82.37       0.00       0.00      11.85      60.72       8.43      69.15        1.09     0.18   0.840
  C-45                      82.37       0.00       0.00      12.03      60.68       8.26      68.94        3.84     0.61   0.837
  C-46                      82.37       0.00       0.00      11.98      60.69       8.31      69.00        2.36     0.38   0.838
  C-47                      82.37       0.00       0.00      12.27      60.58       7.97      68.55        7.52     1.07   0.832
  C-48                      82.37       0.00       0.00      36.81      20.23      22.40      42.63        2.51     0.23   0.518
  C-49                      82.37      70.13       0.00      12.27     113.21      25.46     138.67        6.39     0.92   0.909
  C-5                       82.37       0.00       0.00      24.54      40.46      15.86      56.31        4.02     0.53   0.684
  C-50                      82.37       0.00       0.00      12.13      60.65       8.16      68.81        3.23     0.49   0.835
  C-51                      82.37     190.51       0.00      12.27     203.61      55.47     259.08        8.65     1.11   0.949
  C-52                      82.37      81.88       0.00      24.54      81.41      56.46     137.87        4.55     0.51   0.839
  C-53                      82.37       0.00       0.00      36.81      20.24      23.21      43.45        2.71     0.28   0.527
  C-54                      82.37       7.78       0.00      36.81      22.17      27.69      49.87        6.97     0.62   0.553
  C-55                      82.37       0.00       0.00      49.08       0.00      31.69      31.69        1.27     0.16   0.385
  C-56                      82.37     137.75       0.00      36.81      54.70     127.00     181.69        4.86     0.62   0.825
  C-57                      82.37       0.00       0.00      36.81      20.24      23.74      43.98        1.71     0.20   0.534
  C-58                      82.37       0.00       0.00      24.31      40.47      16.26      56.73        1.97     0.27   0.689
  C-59                      82.37     527.10       0.00      36.81     152.05     417.66     569.70       16.67     1.97   0.935
  C-6                       82.37      89.86       0.00      24.54      85.42      60.96     146.38        5.09     0.70   0.850
  C-60                      82.37       0.00       0.00      36.81      20.24      23.13      43.37        1.41     0.14   0.526
  C-61                      82.37      29.75       0.00      24.54      55.32      30.39      85.71       14.02     1.70   0.764
  C-62                      82.37       0.00       0.00      24.54      40.46      15.99      56.45        4.87     0.65   0.685
  C-63                      82.37       0.00       0.00      24.54      40.46      15.85      56.30        2.98     0.39   0.684
  C-64                      82.37      67.68       0.00      12.06     111.48      25.17     136.65        4.56     0.73   0.911
  C-65                      82.37       0.00       0.00      23.82      40.49      16.75      57.25        0.44     0.07   0.695
  C-66                      82.37       0.00       0.00      11.99      60.69       8.30      68.99        2.26     0.36   0.838
  C-67                      82.37       0.00       0.00      24.13      40.48      16.44      56.92        3.05     0.43   0.691
  C-68                      82.37      21.30       0.00      24.53      51.12      26.69      77.81        3.89     0.49   0.751
  C-69                      82.37       0.00       0.00      12.00      60.69       8.29      68.97        0.91     0.15   0.837
  C-7                       82.37      33.60       0.00      24.54      57.25      32.27      89.52       16.81     2.03   0.772
  C-70                      82.37       2.80       0.00      36.62      20.95      26.34      47.29        1.07     0.14   0.555
  C-71                      82.37      30.30       0.00      36.81      27.81      45.65      73.47        4.37     0.47   0.652
  C-72                      82.37       0.00       0.00      24.45      40.47      16.12      56.58        1.80     0.24   0.687
  C-73                      82.37       0.00       0.00      24.44      40.47      16.13      56.60        1.74     0.24   0.687
  C-74                      82.37       0.00       0.00      48.00       0.00      33.15      33.15        0.06     0.01   0.402
  C-75                      82.37      28.89       0.00      36.81      27.46      44.25      71.70        4.31     0.44   0.644
  C-76                      82.37       0.00       0.00      12.03      60.68       8.26      68.94        2.00     0.32   0.837
  C-77                      82.37       0.00       0.00      12.03      60.68       8.26      68.94        0.67     0.11   0.837
  C-78                      82.37       0.00       0.00      24.54      40.45      15.68      56.13        5.48     0.71   0.681
  C-79                      82.37     235.51       0.00      12.27     237.36      66.77     304.13        7.07     0.96   0.957
  C-8                       82.37       0.00       0.00      24.49      40.46      16.07      56.54        6.31     0.85   0.686
  C-80                      82.37     116.67       0.00      12.14     148.23      37.35     185.58        1.07     0.17   0.932
  C-81                      82.37      15.29       0.00      12.27      72.03      11.70      83.73       10.95     1.52   0.857
  C-82                      82.37     225.90       0.00      24.48     153.47     129.13     282.60        6.01     0.88   0.917
  C-83                      82.37     204.79       0.00      24.36     142.93     118.68     261.61        3.90     0.56   0.911
  C-84                      82.37       0.00       0.00      11.85      60.72       8.44      69.15        0.82     0.14   0.840
  C-85                      82.37       0.00       0.00      36.81      20.24      23.65      43.89        1.55     0.17   0.533
  C-86                      82.37       0.00       0.00      36.81      20.24      23.30      43.54        1.03     0.11   0.529
  C-87                      82.37       0.00       0.00      36.81      20.24      23.18      43.42        4.00     0.41   0.527
  C-88                      82.37       0.00       0.00      12.15      60.64       8.13      68.77       10.93     1.65   0.835
  C-89                      82.37       0.00       0.00      36.81      20.24      23.95      44.19        1.67     0.20   0.536
  C-9                       82.37       0.00       0.00      36.81      20.24      23.32      43.56        2.04     0.22   0.529
  C-90                      82.37       0.00       0.00      11.96      60.70       8.33      69.02        0.71     0.11   0.838
  C-91                      82.37      40.11       0.00      12.21      90.76      18.11     108.87        6.59     0.96   0.889
  C-92                      82.37       0.00       0.00      11.94      60.70       8.35      69.05        2.87     0.47   0.838
  C-93                      82.37       0.00       0.00      12.27      60.43       7.69      68.12        7.44     0.95   0.827
  C-94                      82.37     126.04       0.00      24.54     103.51      78.90     182.41        7.23     0.97   0.875
  C-95                      82.37       0.00       0.00      24.54      40.42      15.17      55.59        4.74     0.59   0.675
  C-96                      82.37       0.00       0.00      36.18      20.25      24.67      44.92        1.03     0.14   0.545
  C-97                      82.37     166.84       0.00      24.54     123.91      99.15     223.06        9.66     1.28   0.895
  C-98                      82.37       9.28       0.00      24.54      45.10      20.58      65.68        4.99     0.66   0.717
  C-99                      82.37       0.00       0.00      36.77      20.24      24.08      44.32        2.66     0.33   0.538
  SC10                      82.37       0.00       0.00      29.45      32.38      19.17      51.55        4.69     0.58   0.626
  SC20                      82.37       0.00       0.00      29.42      32.38      19.26      51.64        4.24     0.53   0.627
  SC30                      82.37      65.40       0.00      29.45      58.54      58.00     116.55        7.55     0.91   0.789
  SC40                      82.37       0.00       0.00      29.34      32.38      19.35      51.73        3.88     0.50   0.628
  SC50                      82.37       0.00       0.00      46.62       4.05      29.73      33.78        2.09     0.24   0.410
  SC55                      82.37       0.00       0.00      36.81      20.24      23.92      44.17        2.74     0.32   0.536
  SC60                      82.37       0.00       0.00      24.54      40.44      15.51      55.95        9.09     1.16   0.679
  
  
  ******************
  Node Depth Summary
  ******************
  
  ---------------------------------------------------------------------------------
                                 Average  Maximum  Maximum  Time of Max    Reported
                                   Depth    Depth      HGL   Occurrence   Max Depth
  Node                 Type       Meters   Meters   Meters  days hr:min      Meters
  ---------------------------------------------------------------------------------
  J-101                JUNCTION     0.72     1.03    85.91     0  03:12        1.03
  J-114                JUNCTION     0.36     0.63    85.92     0  03:15        0.63
  J-121                JUNCTION     0.18     0.40    85.92     0  03:15        0.40
  J-1418               JUNCTION     0.00     0.00    86.63     0  00:00        0.00
  J-144                JUNCTION     0.70     0.98    86.30     0  01:24        0.98
  J-147                JUNCTION     0.56     0.84    86.30     0  01:24        0.84
  J-158                JUNCTION     0.38     0.68    86.32     0  01:47        0.68
  J-167                JUNCTION     0.35     0.64    86.32     0  02:21        0.64
  J-176                JUNCTION     0.66     0.91    86.35     0  02:21        0.91
  J-177                JUNCTION     0.34     0.60    86.37     0  02:21        0.60
  J-185                JUNCTION     0.61     0.88    86.37     0  02:21        0.88
  J-195                JUNCTION     0.56     0.80    86.34     0  01:46        0.80
  J-1961               JUNCTION     0.00     0.00    86.72     0  00:00        0.00
  J-2001               JUNCTION     0.42     0.56    86.04     0  01:24        0.56
  J-2002               JUNCTION     0.51     0.56    85.94     0  01:08        0.56
  J-2003               JUNCTION     0.63     1.02    86.51     0  02:21        1.02
  J-2004               JUNCTION     0.85     1.08    86.33     0  01:48        1.08
  J-2005               JUNCTION     1.01     1.65    86.91     0  02:04        1.65
  J-2006               JUNCTION     0.79     1.05    85.88     0  03:06        1.05
  J-2007               JUNCTION     0.80     0.91    85.67     0  03:40        0.91
  J-2008               JUNCTION     0.31     0.33    85.74     0  02:20        0.33
  J-2009               JUNCTION     0.52     1.00    84.78     0  03:22        1.00
  J-2010               JUNCTION     0.49     0.92    84.19     0  04:35        0.92
  J-2011               JUNCTION     0.42     0.76    83.45     0  06:10        0.76
  J-2012               JUNCTION     0.87     1.09    85.91     0  02:15        1.09
  J-203                JUNCTION     0.64     1.03    86.51     0  02:21        1.03
  J-216                JUNCTION     0.76     1.30    86.73     0  02:52        1.30
  J-22                 JUNCTION     0.21     0.66    85.23     0  02:38        0.66
  J-230                JUNCTION     0.53     0.60    86.05     0  01:30        0.60
  J-234                JUNCTION     0.85     1.31    86.52     0  02:37        1.31
  J-243                JUNCTION     1.15     1.59    86.54     0  02:41        1.59
  J-248                JUNCTION     0.66     1.11    86.56     0  02:41        1.11
  J-35                 JUNCTION     0.90     1.32    85.72     0  02:30        1.32
  J-378                JUNCTION     0.25     0.72    86.25     0  01:14        0.72
  J-387                JUNCTION     1.15     1.17    86.13     0  01:22        1.17
  J-392                JUNCTION     0.83     0.85    85.89     0  01:01        0.85
  J-398                JUNCTION     0.90     1.04    85.84     0  01:39        1.04
  J-405                JUNCTION     0.00     0.00    86.61     0  00:00        0.00
  J-415                JUNCTION     0.00     0.00    86.65     0  00:00        0.00
  J-418                JUNCTION     0.37     0.85    86.46     0  01:29        0.85
  J-424                JUNCTION     0.82     1.46    86.67     0  01:30        1.46
  J-433                JUNCTION     0.80     0.87    86.03     0  00:55        0.87
  J-441                JUNCTION     0.91     0.91    86.04     0  00:28        0.91
  J-450                JUNCTION     0.86     1.20    86.18     0  02:03        1.20
  J-452                JUNCTION     0.74     1.09    86.19     0  02:04        1.08
  J-467                JUNCTION     0.75     0.92    85.97     0  01:50        0.92
  J-468                JUNCTION     0.78     0.97    85.99     0  01:50        0.97
  J-471                JUNCTION     0.00     0.00    86.87     0  00:00        0.00
  J-472                JUNCTION     0.00     0.00    86.26     0  00:00        0.00
  J-485                JUNCTION     0.84     0.86    85.91     0  01:00        0.86
  J-487                JUNCTION     1.11     2.23    87.43     0  02:27        2.21
  J-50                 JUNCTION     0.13     0.31    85.69     0  02:04        0.31
  J-500                JUNCTION     0.60     0.86    86.21     0  00:57        0.86
  J-509                JUNCTION     0.34     1.63    87.40     0  02:24        1.63
  J-512                JUNCTION     0.57     0.60    85.62     0  00:52        0.59
  J-520                JUNCTION     0.79     1.63    87.04     0  01:15        1.63
  J-528                JUNCTION     0.54     0.81    85.93     0  01:07        0.81
  J-540                JUNCTION     0.86     1.17    85.97     0  01:10        1.17
  J-549                JUNCTION     0.02     0.03    85.84     0  05:29        0.03
  J-555                JUNCTION     0.79     1.35    86.30     0  01:56        1.35
  J-559                JUNCTION     0.76     1.32    86.30     0  01:56        1.32
  J-565                JUNCTION     0.43     0.88    86.30     0  01:59        0.88
  J-572                JUNCTION     0.87     0.88    85.81     0  01:12        0.88
  J-580                JUNCTION     1.20     1.57    86.22     0  02:03        1.57
  J-600                JUNCTION     0.99     1.47    86.31     0  02:00        1.47
  J-613                JUNCTION     0.65     0.87    85.91     0  02:15        0.87
  J-616                JUNCTION     0.81     0.86    85.84     0  01:16        0.84
  J-62                 JUNCTION     0.73     0.97    85.69     0  02:04        0.97
  J-623                JUNCTION     0.00     0.00    86.88     0  00:00        0.00
  J-632                JUNCTION     0.77     1.18    86.25     0  00:59        1.18
  J-641                JUNCTION     0.48     1.05    86.43     0  00:58        1.05
  J-651                JUNCTION     0.68     1.50    86.72     0  00:54        1.50
  J-656                JUNCTION     1.08     1.75    86.92     0  02:07        1.74
  J-662                JUNCTION     0.00     0.00    85.07     0  00:00        0.00
  J-670                JUNCTION     0.68     0.96    85.88     0  03:08        0.96
  J-681                JUNCTION     0.89     1.05    85.73     0  02:37        1.05
  J-691                JUNCTION     0.69     0.85    85.74     0  02:38        0.84
  J-7                  JUNCTION     0.52     1.03    85.23     0  02:40        1.03
  J-702                JUNCTION     0.21     0.34    85.92     0  03:23        0.34
  J-714                JUNCTION     0.14     0.26    85.92     0  03:24        0.26
  J-726                JUNCTION     0.82     0.95    85.63     0  03:50        0.95
  J-729                JUNCTION     0.59     0.66    85.37     0  02:33        0.65
  J-73                 JUNCTION     0.81     1.05    85.69     0  02:04        1.05
  J-734                JUNCTION     0.94     1.01    85.37     0  02:33        1.00
  J-74                 JUNCTION     0.61     0.85    85.69     0  02:04        0.85
  J-743                JUNCTION     1.32     1.39    85.37     0  02:33        1.39
  J-749                JUNCTION     0.78     0.80    85.32     0  01:49        0.80
  J-756                JUNCTION     1.08     1.22    85.57     0  03:12        1.22
  J-76                 JUNCTION     0.51     0.77    85.71     0  02:27        0.77
  J-761                JUNCTION     0.94     0.94    86.07     0  00:28        0.94
  J-772                JUNCTION     0.73     0.74    86.08     0  00:28        0.74
  J-778                JUNCTION     0.30     0.33    85.78     0  01:05        0.33
  J-794                JUNCTION     0.49     0.70    86.01     0  01:08        0.70
  J-797                JUNCTION     0.57     0.78    86.01     0  01:10        0.78
  J-807                JUNCTION     0.75     0.88    85.93     0  00:53        0.88
  J-814                JUNCTION     0.00     0.00    85.18     0  00:00        0.00
  J-820                JUNCTION     0.68     0.83    85.95     0  01:14        0.83
  J-83                 JUNCTION     0.49     0.73    85.71     0  03:14        0.73
  J-840                JUNCTION     0.59     1.06    86.35     0  02:19        1.06
  J-852                JUNCTION     0.63     1.01    86.24     0  02:23        1.01
  J-860                JUNCTION     1.08     1.40    86.13     0  02:13        1.40
  J-868                JUNCTION     1.12     1.43    86.12     0  02:14        1.43
  J-873                JUNCTION     1.09     1.21    85.90     0  02:14        1.21
  J-876                JUNCTION     0.70     0.80    85.90     0  02:15        0.80
  J-879                JUNCTION     0.95     0.98    85.80     0  01:30        0.98
  J-886                JUNCTION     0.51     0.59    85.90     0  00:57        0.59
  J-89                 JUNCTION     0.69     1.02    85.91     0  03:13        1.02
  J-890                JUNCTION     0.28     0.35    85.92     0  01:35        0.35
  J-896                JUNCTION     0.24     0.59    86.46     0  01:30        0.59
  J-900                JUNCTION     0.62     0.79    86.01     0  01:18        0.79
  J-904                JUNCTION     0.71     0.88    86.01     0  01:18        0.88
  J-906                JUNCTION     0.82     0.96    85.98     0  01:17        0.96
  J-909                JUNCTION     0.64     0.83    86.04     0  01:18        0.83
  J-917                JUNCTION     0.82     1.14    86.19     0  01:36        1.14
  J-924                JUNCTION     0.37     1.00    86.43     0  01:20        1.00
  J-929                JUNCTION     0.69     1.08    86.10     0  01:18        1.08
  J-931                JUNCTION     0.88     1.27    86.08     0  01:33        1.27
  J-933                JUNCTION     0.82     1.20    86.07     0  01:33        1.20
  J-934                JUNCTION     0.96     1.20    85.91     0  01:15        1.20
  J-936                JUNCTION     0.00     0.00    86.32     0  00:00        0.00
  J-938                JUNCTION     0.00     0.00    86.63     0  00:00        0.00
  J-939                JUNCTION     0.88     1.06    86.02     0  01:18        1.05
  J-944                JUNCTION     0.87     0.92    86.14     0  02:01        0.91
  J-946                JUNCTION     0.00     0.00    86.88     0  00:00        0.00
  J-947                JUNCTION     0.67     1.03    86.02     0  01:21        1.03
  J-96                 JUNCTION     0.50     0.81    85.91     0  03:12        0.81
  J-961                JUNCTION     0.00     0.00    86.83     0  00:00        0.00
  J-964                JUNCTION     0.55     1.07    86.44     0  01:48        1.07
  J-969                JUNCTION     0.29     1.07    86.88     0  00:51        1.07
  J-972                JUNCTION     1.29     1.30    85.60     0  00:52        1.30
  J-973                JUNCTION     1.45     1.50    85.70     0  01:17        1.50
  J-974                JUNCTION     1.66     1.89    85.89     0  01:39        1.89
  J-975                JUNCTION     0.94     1.50    86.30     0  01:55        1.50
  OF10                 OUTFALL      0.42     0.76    82.96     0  06:10        0.76
  
  
  *******************
  Node Inflow Summary
  *******************
  
  -------------------------------------------------------------------------------------------------
                                  Maximum  Maximum                  Lateral       Total        Flow
                                  Lateral    Total  Time of Max      Inflow      Inflow     Balance
                                   Inflow   Inflow   Occurrence      Volume      Volume       Error
  Node                 Type           CMS      CMS  days hr:min    10^6 ltr    10^6 ltr     Percent
  -------------------------------------------------------------------------------------------------
  J-101                JUNCTION     0.000    0.391     0  01:48           0        6.34      -0.412
  J-114                JUNCTION     0.000    0.082     0  03:48           0        2.51       1.528
  J-121                JUNCTION     0.000    0.081     0  02:21           0        2.51       0.080
  J-1418               JUNCTION     0.000    0.000     0  00:00           0           0       0.000 ltr
  J-144                JUNCTION     0.621    0.741     0  01:48        4.86         6.6       3.473
  J-147                JUNCTION     0.000    0.036     0  01:20           0      0.0774       0.000
  J-158                JUNCTION     0.000    0.129     0  02:22           0        1.76       0.100
  J-167                JUNCTION     0.000    0.129     0  02:22           0        1.73       0.141
  J-176                JUNCTION     0.000    0.129     0  02:21           0         1.7       0.516
  J-177                JUNCTION     0.000    0.129     0  02:20           0        1.68       0.089
  J-185                JUNCTION     0.163    0.753     0  02:20        1.27        5.18       3.764
  J-195                JUNCTION     0.000    0.623     0  02:22           0        3.06       0.000
  J-1961               JUNCTION     0.000    0.000     0  00:00           0           0       0.000 ltr
  J-2001               JUNCTION     0.469    0.469     0  02:05        4.37        5.31       5.453
  J-2002               JUNCTION     1.965    2.177     0  02:00        16.7        20.5       2.088
  J-2003               JUNCTION     0.696    0.696     0  01:45        5.09        5.77       9.983
  J-2004               JUNCTION     0.652    1.449     0  02:26        4.03          14       7.497
  J-2005               JUNCTION     2.030    2.030     0  01:40        16.8          18      10.263
  J-2006               JUNCTION     0.762    0.762     0  02:05        6.79        7.12      32.485
  J-2007               JUNCTION     0.637    0.637     0  01:25        4.74        8.22      38.698
  J-2008               JUNCTION     0.000    0.221     0  02:06           0        3.91      31.827
  J-2009               JUNCTION     0.000    0.982     0  02:44           0        19.8       3.701
  J-2010               JUNCTION     0.000    0.846     0  03:38           0        19.1       5.131
  J-2011               JUNCTION     0.000    0.703     0  04:57           0        18.1       6.150
  J-2012               JUNCTION     0.232    0.474     0  01:18        2.51        2.67      14.723
  J-203                JUNCTION     0.681    0.762     0  01:47        5.75        7.17       8.944
  J-216                JUNCTION     0.000    1.023     0  02:04           0        12.7       7.656
  J-22                 JUNCTION     0.496    1.071     0  02:20        3.88        20.1       0.338
  J-230                JUNCTION     0.000    0.673     0  02:37           0        9.51       0.000
  J-234                JUNCTION     1.119    1.200     0  02:13        10.8        23.3       4.828
  J-243                JUNCTION     0.000    0.807     0  03:14           0        16.6       2.376
  J-248                JUNCTION     0.000    0.804     0  03:14           0          12       0.000
  J-35                 JUNCTION     0.913    1.107     0  01:40        7.55        17.5       7.359
  J-378                JUNCTION     1.008    1.008     0  01:35        6.83        6.97       1.951
  J-387                JUNCTION     0.493    0.493     0  01:45        3.89        3.91       0.000
  J-392                JUNCTION     0.798    1.032     0  01:29           5        7.43       0.000
  J-398                JUNCTION     0.000    0.189     0  01:39           0        1.42       0.000
  J-405                JUNCTION     0.000    0.000     0  00:00           0           0       0.000 ltr
  J-415                JUNCTION     0.000    0.000     0  00:00           0           0       0.000 ltr
  J-418                JUNCTION     0.394    0.394     0  01:25        2.98        2.98       5.987
  J-424                JUNCTION     1.697    1.697     0  01:25        11.2        11.2       3.578
  J-433                JUNCTION     0.000    0.486     0  01:30           0        3.93       0.000
  J-441                JUNCTION     0.952    0.952     0  01:40        7.44        7.44       0.000
  J-450                JUNCTION     0.000    0.278     0  02:04           0       0.569       3.551
  J-452                JUNCTION     0.000    0.182     0  01:54           0       0.925      22.959
  J-467                JUNCTION     0.000    0.304     0  02:10           0        1.84       7.098
  J-468                JUNCTION     0.000    0.098     0  01:50           0       0.166      12.035
  J-471                JUNCTION     0.000    0.000     0  00:00           0           0       0.000 ltr
  J-472                JUNCTION     0.000    0.000     0  00:00           0           0       0.000 ltr
  J-485                JUNCTION     0.565    0.786     0  01:50        4.68        7.07       0.000
  J-487                JUNCTION     0.000    0.445     0  01:14           0       0.741      42.964
  J-50                 JUNCTION     0.000    0.006     0  02:04           0      0.0125       0.031
  J-500                JUNCTION     0.633    0.633     0  01:25        4.55        4.55       3.956
  J-509                JUNCTION     0.958    1.144     0  01:18        6.59        7.11       0.000
  J-512                JUNCTION     0.000    0.048     0  00:34           0      0.0814       0.000
  J-520                JUNCTION     0.876    0.876     0  02:10        7.83        7.83       0.000
  J-528                JUNCTION     0.000    0.549     0  02:52           0        5.33       0.000
  J-540                JUNCTION     1.496    2.033     0  01:50        12.6        19.9       2.919
  J-549                JUNCTION     0.000    0.016     0  03:25           0        0.16      15.395
  J-555                JUNCTION     0.918    1.171     0  01:39        6.39        10.4       0.216
  J-559                JUNCTION     0.000    0.565     0  01:23           0         2.6       2.392
  J-565                JUNCTION     1.070    1.070     0  01:30        7.52        7.91       3.832
  J-572                JUNCTION     0.000    2.129     0  02:03           0        27.9       0.045
  J-580                JUNCTION     1.476    1.618     0  02:01        11.5        23.6       7.261
  J-600                JUNCTION     0.000    0.212     0  01:32           0       0.579      48.540
  J-613                JUNCTION     0.000    0.163     0  01:25           0       0.133     129.042
  J-616                JUNCTION     0.000    0.876     0  01:09           0        6.98       0.000
  J-62                 JUNCTION     0.000    0.387     0  03:13           0        10.2       0.279
  J-623                JUNCTION     0.000    0.000     0  00:00           0           0       0.000 ltr
  J-632                JUNCTION     0.608    1.040     0  01:48        3.84        8.28       3.063
  J-641                JUNCTION     0.585    0.741     0  01:40        4.12        5.72       0.000
  J-651                JUNCTION     0.365    0.365     0  01:25        2.67        2.69       3.911
  J-656                JUNCTION     0.000    0.667     0  01:36           0        1.57       0.000
  J-662                JUNCTION     0.000    0.000     0  00:00           0           0       0.000 ltr
  J-670                JUNCTION     0.000    0.251     0  02:13           0       0.921     178.565
  J-681                JUNCTION     0.000    0.915     0  01:53           0         5.8      32.683
  J-691                JUNCTION     0.398    0.817     0  01:54        3.31         5.4       0.000
  J-7                  JUNCTION     0.000    1.021     0  02:30           0          20       1.256
  J-702                JUNCTION     0.000    0.003     0  01:34           0     0.00933       7.922
  J-714                JUNCTION     0.360    0.362     0  02:09        3.04        3.06       0.000
  J-726                JUNCTION     0.000    0.393     0  02:44           0        5.72      29.625
  J-729                JUNCTION     0.000    0.010     0  01:51           0      0.0284       0.000
  J-73                 JUNCTION     0.000    0.242     0  05:04           0        7.94       0.217
  J-734                JUNCTION     0.000    0.431     0  02:34           0        6.35       0.861
  J-74                 JUNCTION     0.000    0.494     0  02:27           0        9.41       0.350
  J-743                JUNCTION     0.410    0.784     0  01:50        4.01        7.82      57.032
  J-749                JUNCTION     0.369    0.765     0  02:20        3.73         8.7       0.000
  J-756                JUNCTION     0.000    0.227     0  02:46           0        4.41      18.159
  J-76                 JUNCTION     0.583    0.583     0  01:40        4.69        12.2       2.351
  J-761                JUNCTION     0.000    0.281     0  01:50           0        3.08       0.111
  J-772                JUNCTION     0.281    0.281     0  01:50        3.08        3.08       0.000
  J-778                JUNCTION     0.475    0.475     0  01:50        4.38        4.38       0.000
  J-794                JUNCTION     0.768    0.768     0  01:25        5.67        6.37       9.679
  J-797                JUNCTION     0.000    0.433     0  01:08           0         1.7       0.000
  J-807                JUNCTION     0.000    0.708     0  01:30           0        5.64       2.159
  J-814                JUNCTION     0.000    0.000     0  00:00           0           0       0.000 ltr
  J-820                JUNCTION     0.588    0.588     0  01:30        4.74        4.74       0.035
  J-83                 JUNCTION     0.000    0.382     0  03:13           0        9.75       0.381
  J-840                JUNCTION     1.279    1.279     0  01:50        9.66        10.2       0.000
  J-852                JUNCTION     0.000    0.782     0  02:07           0        7.74       5.223
  J-860                JUNCTION     0.144    0.632     0  02:19        1.03        6.69       3.876
  J-868                JUNCTION     0.000    0.605     0  02:13           0        6.72      11.156
  J-873                JUNCTION     0.000    0.624     0  02:13           0        9.24       7.466
  J-876                JUNCTION     0.000    0.467     0  01:23           0        3.18       0.000
  J-879                JUNCTION     0.000    0.762     0  02:15           0        10.3       1.631
  J-886                JUNCTION     1.162    1.162     0  01:25        9.09        9.53       3.781
  J-89                 JUNCTION     0.000    0.499     0  01:28           0          10       6.615
  J-890                JUNCTION     0.238    0.238     0  02:20        2.09        2.12       0.000
  J-896                JUNCTION     0.325    0.325     0  02:00        2.74        2.74       0.000
  J-900                JUNCTION     0.000    0.479     0  01:15           0       0.188       0.000
  J-904                JUNCTION     0.000    0.637     0  01:14           0        2.52       2.098
  J-906                JUNCTION     0.325    0.770     0  02:05        2.66        6.05      13.005
  J-909                JUNCTION     0.000    0.447     0  01:36           0        2.94       1.906
  J-917                JUNCTION     0.447    0.447     0  01:35        2.97        2.97       0.000
  J-924                JUNCTION     1.682    1.682     0  01:35          12        12.4      -0.406
  J-929                JUNCTION     0.000    0.761     0  01:23           0        7.92       0.533
  J-931                JUNCTION     0.959    1.487     0  01:18        7.07        12.6       0.291
  J-933                JUNCTION     0.000    1.449     0  01:18           0        12.6       3.027
  J-934                JUNCTION     0.000    1.069     0  01:33           0        8.71       0.000
  J-936                JUNCTION     0.000    0.000     0  00:00           0           0       0.000 ltr
  J-938                JUNCTION     0.000    0.000     0  00:00           0           0       0.000 ltr
  J-939                JUNCTION     0.000    0.244     0  01:15           0      0.0934     272.369
  J-944                JUNCTION     0.000    0.280     0  01:29           0       0.708    3895.922
  J-946                JUNCTION     0.000    0.000     0  00:00           0           0       0.000 ltr
  J-947                JUNCTION     0.435    0.435     0  02:05        4.31        4.31       1.153
  J-96                 JUNCTION     0.000    0.331     0  03:03           0        6.36       0.063
  J-961                JUNCTION     0.000    0.000     0  00:00           0           0       0.000 ltr
  J-964                JUNCTION     0.625    0.625     0  01:55        6.97        6.97       7.225
  J-969                JUNCTION     1.606    1.606     0  01:35        13.2        13.2      -0.339
  J-972                JUNCTION     0.000    1.053     0  01:11           0        14.2       0.285
  J-973                JUNCTION     0.000    4.101     0  01:36           0          37       0.000
  J-974                JUNCTION     0.282    2.408     0  01:17        2.58          16      22.331
  J-975                JUNCTION     0.000    2.404     0  01:25           0        19.7       2.108
  OF10                 OUTFALL      0.000    0.573     0  06:10           0        17.1       0.000
  
  
  **********************
  Node Surcharge Summary
  **********************
  
  Surcharging occurs when water rises above the top of the highest conduit.
  ---------------------------------------------------------------------
                                               Max. Height   Min. Depth
                                   Hours       Above Crown    Below Rim
  Node                 Type      Surcharged         Meters       Meters
  ---------------------------------------------------------------------
  J-144                JUNCTION        3.08          0.000        0.000
  J-195                JUNCTION        2.34          0.000        0.000
  J-2001               JUNCTION        2.32          0.000        0.000
  J-2002               JUNCTION        7.82          0.000        0.000
  J-2004               JUNCTION        3.18          0.000        0.000
  J-2005               JUNCTION        1.07          0.000        0.000
  J-2006               JUNCTION        0.12          0.000        0.000
  J-2008               JUNCTION       17.65          0.000        0.000
  J-230                JUNCTION        7.90          0.000        0.000
  J-234                JUNCTION        0.98          0.094        0.616
  J-243                JUNCTION        0.36          0.013        0.647
  J-378                JUNCTION        1.60          0.000        0.000
  J-387                JUNCTION       18.62          0.000        0.000
  J-392                JUNCTION       18.98          0.000        0.000
  J-398                JUNCTION        2.15          0.000        0.000
  J-418                JUNCTION        1.12          0.000        0.000
  J-433                JUNCTION        3.91          0.000        0.000
  J-441                JUNCTION       19.53          0.410        0.000
  J-450                JUNCTION        1.11          0.000        0.000
  J-467                JUNCTION        2.23          0.000        0.000
  J-485                JUNCTION       19.00          0.000        0.000
  J-500                JUNCTION        1.97          0.000        0.000
  J-520                JUNCTION        3.70          0.600        0.000
  J-528                JUNCTION        2.48          0.000        0.000
  J-540                JUNCTION        1.76          0.000        0.000
  J-572                JUNCTION       18.79          0.000        0.000
  J-62                 JUNCTION        3.00          0.000        0.000
  J-632                JUNCTION        2.33          0.000        0.000
  J-641                JUNCTION        2.55          0.200        0.000
  J-651                JUNCTION        3.52          0.710        0.000
  J-681                JUNCTION        2.58          0.000        0.000
  J-73                 JUNCTION        7.34          0.200        1.360
  J-74                 JUNCTION        1.23          0.000        0.000
  J-749                JUNCTION       18.17          0.000        0.000
  J-756                JUNCTION       16.79          0.000        0.000
  J-761                JUNCTION       19.52          0.140        0.000
  J-778                JUNCTION        3.41          0.000        0.000
  J-794                JUNCTION        2.94          0.100        0.000
  J-807                JUNCTION        3.46          0.000        0.000
  J-814                JUNCTION       20.00          0.000        0.000
  J-820                JUNCTION        3.70          0.033        0.167
  J-860                JUNCTION        0.32          0.000        0.000
  J-868                JUNCTION        1.33          0.105        0.005
  J-879                JUNCTION       18.49          0.000        0.000
  J-886                JUNCTION        2.80          0.000        0.000
  J-890                JUNCTION        4.37          0.000        0.000
  J-896                JUNCTION        1.59          0.000        0.000
  J-906                JUNCTION       18.77          0.280        0.000
  J-909                JUNCTION        1.17          0.000        0.000
  J-924                JUNCTION        1.35          0.000        0.000
  J-929                JUNCTION        1.82          0.000        0.000
  J-934                JUNCTION        3.64          0.000        0.000
  J-947                JUNCTION        1.69          0.000        0.000
  J-964                JUNCTION        0.87          0.000        0.000
  J-969                JUNCTION        2.94          0.400        0.000
  J-972                JUNCTION       19.13          0.000        0.000
  J-973                JUNCTION       12.03          0.000        0.000
  J-975                JUNCTION        0.20          0.000        0.000
  
  
  *********************
  Node Flooding Summary
  *********************
  
  Flooding refers to all water that overflows a node, whether it ponds or not.
  --------------------------------------------------------------------------
                                                             Total   Maximum
                                 Maximum   Time of Max       Flood    Ponded
                        Hours       Rate    Occurrence      Volume     Depth
  Node                 Flooded       CMS   days hr:min    10^6 ltr    Meters
  --------------------------------------------------------------------------
  J-144                   3.06     0.592      0  01:48       3.148     0.000
  J-195                   2.34     0.623      0  02:22       3.058     0.000
  J-2001                  2.31     0.331      0  02:00       1.757     0.000
  J-2002                  7.78     2.177      0  02:00      19.139     0.000
  J-2004                  3.17     1.449      0  02:26       8.823     0.000
  J-2005                  1.07     1.024      0  02:09       2.211     0.000
  J-2006                  0.12     0.041      0  03:06       0.013     0.000
  J-2008                 17.65     0.209      0  02:20       2.969     0.000
  J-230                   7.90     0.673      0  02:37       9.498     0.000
  J-378                   1.60     0.617      0  01:30       2.317     0.000
  J-387                  16.29     0.488      0  02:03       2.490     0.000
  J-392                  18.98     1.032      0  01:29       6.835     0.000
  J-398                   2.15     0.188      0  01:39       1.141     0.000
  J-418                   1.11     0.153      0  01:29       0.382     0.000
  J-433                   3.90     0.486      0  01:30       3.739     0.000
  J-441                  19.53     0.952      0  01:40       7.432     0.000
  J-450                   1.10     0.278      0  02:04       0.526     0.000
  J-467                   2.22     0.304      0  02:10       1.426     0.000
  J-485                  19.00     0.786      0  01:50       6.665     0.000
  J-500                   1.97     0.412      0  01:25       1.985     0.000
  J-520                   2.91     0.616      0  02:10       3.696     0.000
  J-528                   2.48     0.549      0  02:52       4.170     0.000
  J-540                   1.75     0.658      0  01:50       2.830     0.000
  J-572                  18.79     2.129      0  02:03      27.182     0.000
  J-62                    2.99     0.387      0  03:13       2.362     0.000
  J-632                   2.33     1.040      0  01:48       5.746     0.000
  J-641                   1.87     0.322      0  01:40       1.443     0.000
  J-651                   1.93     0.234      0  00:54       0.994     0.000
  J-681                   2.56     0.501      0  02:56       2.501     0.000
  J-74                    1.23     0.482      0  02:28       1.345     0.000
  J-749                  18.17     0.765      0  02:20       7.320     0.000
  J-756                  16.05     0.203      0  03:50       3.733     0.000
  J-761                  19.52     0.281      0  01:50       3.074     0.000
  J-778                   3.39     0.384      0  01:45       2.615     0.000
  J-794                   1.84     0.584      0  01:10       2.424     0.000
  J-807                   3.45     0.708      0  01:30       4.757     0.000
  J-860                   0.31     0.032      0  02:19       0.026     0.000
  J-879                  18.49     0.762      0  02:15      10.054     0.000
  J-886                   2.79     0.966      0  01:49       5.975     0.000
  J-890                   4.33     0.230      0  02:20       1.526     0.000
  J-896                   1.58     0.186      0  02:00       0.753     0.000
  J-906                   3.28     0.770      0  02:05       4.974     0.000
  J-909                   1.16     0.158      0  01:36       0.452     0.000
  J-924                   1.34     0.770      0  01:35       2.490     0.000
  J-929                   1.82     0.511      0  01:33       2.362     0.000
  J-934                   3.64     1.069      0  01:33       8.573     0.000
  J-947                   1.68     0.090      0  02:20       0.390     0.000
  J-964                   0.86     0.110      0  01:55       0.243     0.000
  J-969                   2.57     1.219      0  01:35       7.176     0.000
  J-972                  19.12     1.053      0  01:11      14.047     0.000
  J-973                  11.99     4.101      0  01:36      34.700     0.000
  J-975                   0.19     0.139      0  01:55       0.046     0.000
  
  
  ***********************
  Outfall Loading Summary
  ***********************
  
  -----------------------------------------------------------
                         Flow       Avg       Max       Total
                         Freq      Flow      Flow      Volume
  Outfall Node           Pcnt       CMS       CMS    10^6 ltr
  -----------------------------------------------------------
  OF10                  88.34     0.284     0.573      17.094
  -----------------------------------------------------------
  System                88.34     0.284     0.573      17.094
  
  
  ********************
  Link Flow Summary
  ********************
  
  -----------------------------------------------------------------------------
                                 Maximum  Time of Max   Maximum    Max/    Max/
                                  |Flow|   Occurrence   |Veloc|    Full    Full
  Link                 Type          CMS  days hr:min     m/sec    Flow   Depth
  -----------------------------------------------------------------------------
  CRC10_T1             CONDUIT     0.000     0  00:00      0.00    0.00    0.50
  CRC10_T2             CONDUIT     0.000     0  00:00      0.00    0.00    0.50
  CRC10_T3             CONDUIT     0.000     0  00:00      0.00    0.00    0.50
  CRC10_XS1            CONDUIT     0.240     0  01:53      0.10    1.00    1.00
  CRC11_T1             CONDUIT     0.000     0  00:00      0.00    0.00    0.00
  CRC11_T2             CONDUIT     0.000     0  00:00      0.00    0.00    0.50
  CRC12_XS1            CONDUIT     0.486     0  01:30      0.18    2.42    1.00
  CRC13_T1             CONDUIT     0.000     0  00:00      0.00    0.00    0.50
  CRC13_T2             CONDUIT     0.000     0  00:00      0.00    0.00    0.50
  CRC13_T3             CONDUIT     0.000     0  00:00      0.00    0.00    0.41
  CRC13_T4             CONDUIT     0.000     0  00:00      0.00    0.00    0.00
  CRC13_T5             CONDUIT     0.000     0  00:00      0.00    0.00    0.50
  CRC13_T6             CONDUIT     0.000     0  00:00      0.00    0.00    0.50
  CRC13_XS1            CONDUIT     0.173     0  02:19      0.10    1.12    0.87
  CRC13_XS2            CONDUIT     0.245     0  02:23      0.11    1.40    1.00
  CRC13_XS5            CONDUIT     0.278     0  02:04      0.20    0.07    1.00
  CRC13_XS6            CONDUIT     0.098     0  01:50      0.09    0.05    1.00
  CRC15_T1             CONDUIT     0.445     0  01:14      0.90    0.05    0.46
  CRC15_XS1            CONDUIT     0.228     0  00:57      0.11    1.03    1.00
  CRC17_T1             CONDUIT     0.339     0  02:52      0.93    2.00    1.00
  CRC17_T2             CONDUIT     1.036     0  02:41      2.06    0.86    1.00
  CRC17_T3             CONDUIT     0.007     0  05:29      0.03    0.00    0.52
  CRC17_T4             CONDUIT     0.048     0  00:34      0.16    0.03    0.87
  CRC17_XS1            CONDUIT     0.602     0  02:24      0.20    1.48    1.00
  CRC17_XS2            CONDUIT     0.016     0  03:25      0.01    0.02    0.13
  CRC18_T1             CONDUIT     1.326     0  01:31      1.13    0.28    0.95
  CRC18_T2             CONDUIT     0.749     0  01:21      0.52    0.13    0.94
  CRC18_T3             CONDUIT     0.961     0  02:03      0.91    0.19    0.68
  CRC18_XS1            CONDUIT     0.260     0  01:56      0.14    1.14    0.81
  CRC1_XS1a            CONDUIT     0.982     0  02:44      0.16    0.55    0.66
  CRC1_XS1b            CONDUIT     0.846     0  03:38      0.16    0.48    0.60
  CRC1_XS1c            CONDUIT     0.703     0  04:57      0.14    0.39    0.52
  CRC1_XS1d            CONDUIT     0.573     0  06:10      0.11    0.32    0.51
  CRC20_T10            CONDUIT     0.251     0  01:18      0.52    0.65    1.00
  CRC20_T4             CONDUIT     0.000     0  00:00      0.00    0.00    0.20
  CRC20_T5             CONDUIT     1.615     0  02:03      3.21    1.06    1.00
  CRC20_T6             CONDUIT     0.691     0  01:09      1.73    0.46    0.91
  CRC20_T7             CONDUIT     0.000     0  00:00      0.00    0.00    0.50
  CRC20_T8             CONDUIT     0.000     0  00:00      0.00    0.00    0.50
  CRC20_T9             CONDUIT     0.000     0  00:00      0.00    0.00    0.01
  CRC20_XS1            CONDUIT     0.212     0  01:32      0.10    0.59    0.65
  CRC20_XS2            CONDUIT     0.163     0  01:25      0.10    0.20    0.73
  CRC21_T2             CONDUIT     0.419     0  02:35      0.83    0.76    1.00
  CRC21_XS1            CONDUIT     0.237     0  01:16      0.16    1.19    1.00
  CRC23_T1             CONDUIT     0.000     0  00:00      0.00    0.00    0.00
  CRC23_XS1            CONDUIT     0.204     0  00:58      0.13    1.49    1.00
  CRC23_XS2a           CONDUIT     0.251     0  02:13      0.08    0.67    0.96
  CRC23_XS2b           CONDUIT     0.367     0  03:13      0.07    1.00    1.00
  CRC24_T1             CONDUIT     0.003     0  01:34      0.15    0.00    0.27
  CRC24_T2             CONDUIT     0.718     0  01:53      2.25    0.46    1.00
  CRC25_T1             CONDUIT     0.431     0  02:34      0.42    0.11    0.92
  CRC25_T2             CONDUIT     0.431     0  02:34      1.12    0.80    1.00
  CRC25_XS1            CONDUIT     0.227     0  02:46      0.11    0.38    0.89
  CRC25_XS2            CONDUIT     0.107     0  03:24      0.03    0.08    0.39
  CRC25_XS3            CONDUIT     0.010     0  01:51      0.02    0.01    0.52
  CRC26_T1             CONDUIT     0.281     0  01:50      0.57    0.19    0.96
  CRC27_T1             CONDUIT     0.425     0  01:08      1.50    0.78    1.00
  CRC27_XS1a           CONDUIT     0.142     0  02:20      0.06    2.32    1.00
  CRC27_XS1b           CONDUIT     0.093     0  01:53      0.05    1.41    1.00
  CRC28_T1             CONDUIT     0.588     0  01:30      1.17    0.56    1.00
  CRC28_XS1            CONDUIT     0.144     0  00:54      0.11    0.80    0.96
  CRC29_T1             CONDUIT     0.605     0  02:13      0.72    0.75    1.00
  CRC29_XS1            CONDUIT     0.601     0  02:14      0.12   25.71    0.97
  CRC29_XS2            CONDUIT     0.514     0  02:23      0.13    0.44    0.90
  CRC2_T1              CONDUIT     1.021     0  02:30      0.94    0.05    0.35
  CRC2_XS1             CONDUIT     0.688     0  02:31      0.14    0.46    0.61
  CRC30_T1             CONDUIT     0.451     0  01:22      1.96    0.43    1.00
  CRC30_T2             CONDUIT     0.623     0  02:15      1.24    0.88    1.00
  CRC30_XS1            CONDUIT     0.139     0  01:32      0.08    1.00    1.00
  CRC30_XS2            CONDUIT     0.020     0  06:07      0.03    0.64    1.00
  CRC30_XS3            CONDUIT     0.467     0  01:23      0.35    1.01    1.00
  CRC31_T1             CONDUIT     1.449     0  01:18      1.36    0.33    0.69
  CRC31_T2             CONDUIT     0.000     0  00:00      0.00    0.00    0.50
  CRC31_T4             CONDUIT     0.000     0  00:00      0.00    0.00    0.41
  CRC31_XS1            CONDUIT     0.761     0  01:23      0.25    0.90    1.00
  CRC31_XS2            CONDUIT     0.572     0  01:18      0.17    0.66    1.00
  CRC31_XS3            CONDUIT     0.178     0  01:11      0.10    0.67    1.00
  CRC31_XS4            CONDUIT     0.157     0  01:52      0.09    4.88    1.00
  CRC31_XS5            CONDUIT     1.069     0  01:33      0.23    1.01    1.00
  CRC32_T1             CONDUIT     0.000     0  00:00      0.00    0.00    0.50
  CRC32_T2             CONDUIT     0.000     0  00:00      0.00    0.00    0.50
  CRC32_XS1            CONDUIT     0.280     0  01:29      0.11    1.44    0.96
  CRC32_XS2            CONDUIT     0.359     0  01:58      0.18    1.35    0.99
  CRC33_T1             CONDUIT     0.000     0  00:00      0.00    0.00    0.50
  CRC33_T2             CONDUIT     0.000     0  00:00      0.00    0.00    0.00
  CRC33_T3             CONDUIT     0.000     0  00:00      0.00    0.00    0.00
  CRC33_XS1            CONDUIT     0.514     0  01:53      0.13    1.07    0.89
  CRC34_T1             CONDUIT     0.261     0  00:55      1.64    1.27    1.00
  CRC34_XS1            CONDUIT     0.226     0  01:00      0.15    1.26    1.00
  CRC35_XS1a           CONDUIT     0.103     0  01:47      0.04    0.66    0.92
  CRC35_XS1b           CONDUIT     0.590     0  02:21      0.10    2.69    0.85
  CRC38_T1             CONDUIT     0.479     0  01:15      0.58    0.09    0.47
  CRC38_T2             CONDUIT     0.000     0  00:00      0.00    0.00    0.44
  CRC38_XS1            CONDUIT     0.166     0  02:19      0.07    0.89    1.00
  CRC38_XS2            CONDUIT     0.340     0  01:14      0.16    0.61    1.00
  CRC38_XS3            CONDUIT     0.327     0  01:14      0.21    0.70    1.00
  CRC38_XS4            CONDUIT     0.447     0  01:36      0.20    0.99    1.00
  CRC38_XS5            CONDUIT     0.244     0  01:15      0.11    0.08    0.49
  CRC38_XS6            CONDUIT     0.000     0  00:00      0.00    0.00    0.50
  CRC39_T1             CONDUIT     0.782     0  02:07      1.64    1.76    1.00
  CRC3_T1              CONDUIT     0.242     0  05:04      0.33    0.17    1.00
  CRC3_XS3             CONDUIT     0.242     0  05:04      0.07    0.09    1.00
  CRC3_XS4             CONDUIT     0.494     0  02:27      0.11    0.44    0.95
  CRC3_XS5             CONDUIT     0.006     0  02:04      0.01    0.00    0.67
  CRC3_XS6             CONDUIT     0.269     0  05:21      0.07    0.63    1.00
  CRC3_XS7             CONDUIT     0.382     0  03:14      0.11    0.21    0.88
  CRC40_XS1a           CONDUIT     0.393     0  02:44      0.10    0.60    0.62
  CRC40_XS1b           CONDUIT     0.175     0  02:38      0.05    0.15    0.49
  CRC4_T1              CONDUIT     0.331     0  03:03      0.54    0.04    0.61
  CRC4_XS2             CONDUIT     0.331     0  03:03      0.37    0.08    0.83
  CRC4_XS3             CONDUIT     0.382     0  03:13      0.10    0.78    0.73
  CRC5_T1              CONDUIT     0.082     0  03:48      0.67    0.16    0.56
  CRC5_XS1             CONDUIT     0.091     0  03:51      0.04    0.20    0.76
  CRC6_T1              CONDUIT     0.129     0  02:22      0.46    0.25    1.00
  CRC6_XS1a            CONDUIT     0.149     0  01:32      0.09    2.45    1.00
  CRC6_XS1b            CONDUIT     0.063     0  01:32      0.04    1.00    1.00
  CRC6_XS1c            CONDUIT     0.081     0  02:21      0.09    0.77    0.80
  CRC6_XS2             CONDUIT     0.036     0  01:20      0.03    0.02    0.93
  CRC6_XS4             CONDUIT     0.129     0  02:22      0.07    0.40    0.97
  CRC7_T1              CONDUIT     0.129     0  02:22      0.65    0.22    0.66
  CRC7_T2              CONDUIT     0.129     0  02:20      0.46    0.63    0.98
  CRC7_T3              CONDUIT     0.623     0  02:22      1.24    0.80    1.00
  CRC7_XS1             CONDUIT     0.129     0  02:21      0.07    0.19    0.99
  CRC8_T1              CONDUIT     0.804     0  03:14      0.31    0.31    0.72
  CRC8_T2              CONDUIT     0.468     0  05:07      1.66    0.74    1.00
  CRC8_T3              CONDUIT     0.673     0  02:37      2.38    2.43    1.00
  CRC8_XS1a            CONDUIT     0.574     0  02:41      0.10    1.03    1.00
  CRC8_XS1b            CONDUIT     0.595     0  02:21      0.10    0.85    0.98
  CRC8_XS2             CONDUIT     0.493     0  02:43      0.10    1.96    0.94
  CRC8_XS3a            CONDUIT     1.023     0  02:04      0.13    1.12    0.89
  CRC8_XS3b            CONDUIT     0.667     0  01:36      0.13    0.43    0.92
  CRC8_XS5             CONDUIT     0.807     0  03:14      0.15    0.17    0.97
  CRC9_T1              CONDUIT     0.363     0  01:14      1.38    1.27    1.00
  CRC9_XS2             CONDUIT     0.189     0  01:39      0.10    1.03    1.00
  CRCP974_T1           CONDUIT     1.828     0  01:40      1.19    0.98    1.00
  CRCP974_T2           CONDUIT     1.198     0  01:30      1.45    0.58    0.59
  CRCP975_T1           CONDUIT     1.942     0  01:34      1.11    1.06    1.00
  
  
  ***************************
  Flow Classification Summary
  ***************************
  
  -------------------------------------------------------------------------------------
                      Adjusted    ---------- Fraction of Time in Flow Class ---------- 
                       /Actual         Up    Down  Sub   Sup   Up    Down  Norm  Inlet 
  Conduit               Length    Dry  Dry   Dry   Crit  Crit  Crit  Crit  Ltd   Ctrl  
  -------------------------------------------------------------------------------------
  CRC10_T1                1.00   0.00  1.00  0.00  0.00  0.00  0.00  0.00  0.00  0.00
  CRC10_T2                1.00   0.00  1.00  0.00  0.00  0.00  0.00  0.00  0.00  0.00
  CRC10_T3                1.00   0.01  0.99  0.00  0.00  0.00  0.00  0.00  0.00  0.00
  CRC10_XS1               1.00   0.00  0.00  0.00  1.00  0.00  0.00  0.00  0.15  0.00
  CRC11_T1                1.00   1.00  0.00  0.00  0.00  0.00  0.00  0.00  0.00  0.00
  CRC11_T2                1.00   0.00  1.00  0.00  0.00  0.00  0.00  0.00  0.00  0.00
  CRC12_XS1               1.00   0.01  0.00  0.00  0.98  0.00  0.00  0.01  0.00  0.00
  CRC13_T1                1.00   0.00  1.00  0.00  0.00  0.00  0.00  0.00  0.00  0.00
  CRC13_T2                1.00   0.03  0.97  0.00  0.00  0.00  0.00  0.00  0.00  0.00
  CRC13_T3                1.00   0.04  0.96  0.00  0.00  0.00  0.00  0.00  0.00  0.00
  CRC13_T4                1.00   1.00  0.00  0.00  0.00  0.00  0.00  0.00  0.00  0.00
  CRC13_T5                1.00   0.03  0.97  0.00  0.00  0.00  0.00  0.00  0.00  0.00
  CRC13_T6                1.00   0.01  0.99  0.00  0.00  0.00  0.00  0.00  0.00  0.00
  CRC13_XS1               1.00   0.00  0.02  0.00  0.95  0.00  0.03  0.00  0.00  0.00
  CRC13_XS2               1.00   0.02  0.00  0.00  0.95  0.00  0.00  0.03  0.00  0.00
  CRC13_XS5               1.00   0.03  0.00  0.00  0.97  0.00  0.00  0.00  0.01  0.00
  CRC13_XS6               1.00   0.03  0.00  0.00  0.97  0.00  0.00  0.00  0.01  0.00
  CRC15_T1                1.00   0.04  0.00  0.00  0.19  0.00  0.76  0.00  0.01  0.00
  CRC15_XS1               1.00   0.00  0.00  0.00  1.00  0.00  0.00  0.00  0.00  0.00
  CRC17_T1                1.00   0.03  0.00  0.00  0.96  0.00  0.01  0.00  0.00  0.00
  CRC17_T2                1.00   0.00  0.00  0.00  1.00  0.00  0.00  0.00  0.02  0.00
  CRC17_T3                1.00   0.02  0.08  0.00  0.90  0.00  0.00  0.00  0.90  0.00
  CRC17_T4                1.00   0.01  0.02  0.00  0.97  0.00  0.00  0.00  0.00  0.00
  CRC17_XS1               1.00   0.00  0.00  0.00  0.97  0.00  0.00  0.02  0.82  0.00
  CRC17_XS2               1.00   0.00  0.10  0.00  0.90  0.00  0.00  0.00  0.66  0.00
  CRC18_T1                1.00   0.00  0.00  0.00  0.97  0.02  0.00  0.00  0.00  0.00
  CRC18_T2                1.00   0.01  0.02  0.00  0.98  0.00  0.00  0.00  0.02  0.00
  CRC18_T3                1.00   0.01  0.04  0.00  0.96  0.00  0.00  0.00  0.89  0.00
  CRC18_XS1               1.00   0.00  0.03  0.00  0.69  0.00  0.28  0.00  0.00  0.00
  CRC1_XS1a               1.00   0.00  0.00  0.00  1.00  0.00  0.00  0.00  0.71  0.00
  CRC1_XS1b               1.00   0.02  0.00  0.00  0.98  0.00  0.00  0.00  0.72  0.00
  CRC1_XS1c               1.00   0.05  0.00  0.00  0.95  0.00  0.00  0.00  0.69  0.00
  CRC1_XS1d               1.00   0.09  0.00  0.00  0.91  0.00  0.00  0.00  0.72  0.00
  CRC20_T10               1.00   0.00  0.00  0.00  1.00  0.00  0.00  0.00  0.02  0.00
  CRC20_T4                1.00   0.89  0.11  0.00  0.00  0.00  0.00  0.00  0.00  0.00
  CRC20_T5                1.00   0.00  0.01  0.00  0.98  0.00  0.00  0.00  0.00  0.00
  CRC20_T6                1.00   0.02  0.00  0.00  0.94  0.00  0.04  0.00  0.00  0.00
  CRC20_T7                1.00   0.04  0.96  0.00  0.00  0.00  0.00  0.00  0.00  0.00
  CRC20_T8                1.00   0.06  0.94  0.00  0.00  0.00  0.00  0.00  0.00  0.00
  CRC20_T9                1.00   0.99  0.01  0.00  0.00  0.00  0.00  0.00  0.00  0.00
  CRC20_XS1               1.00   0.00  0.03  0.00  0.96  0.00  0.01  0.00  0.00  0.00
  CRC20_XS2               1.00   0.00  0.06  0.00  0.94  0.00  0.00  0.00  0.00  0.00
  CRC21_T2                1.00   0.00  0.00  0.00  1.00  0.00  0.00  0.00  0.02  0.00
  CRC21_XS1               1.00   0.02  0.00  0.00  0.95  0.00  0.00  0.03  0.00  0.00
  CRC23_T1                1.00   1.00  0.00  0.00  0.00  0.00  0.00  0.00  0.00  0.00
  CRC23_XS1               1.00   0.00  0.02  0.00  0.98  0.00  0.00  0.00  0.01  0.00
  CRC23_XS2a              1.00   0.00  0.04  0.00  0.96  0.00  0.00  0.00  0.00  0.00
  CRC23_XS2b              1.00   0.00  0.00  0.00  1.00  0.00  0.00  0.00  0.00  0.00
  CRC24_T1                1.00   0.06  0.00  0.00  0.88  0.00  0.05  0.00  0.01  0.00
  CRC24_T2                1.00   0.03  0.01  0.00  0.92  0.04  0.00  0.00  0.00  0.00
  CRC25_T1                1.00   0.00  0.00  0.00  0.99  0.00  0.00  0.00  0.01  0.00
  CRC25_T2                1.00   0.00  0.00  0.00  0.98  0.00  0.00  0.02  0.00  0.00
  CRC25_XS1               1.00   0.03  0.00  0.00  0.97  0.00  0.00  0.00  0.00  0.00
  CRC25_XS2               1.00   0.00  0.00  0.00  0.98  0.00  0.00  0.02  0.98  0.00
  CRC25_XS3               1.00   0.02  0.01  0.00  0.97  0.00  0.00  0.00  0.00  0.00
  CRC26_T1                1.00   0.00  0.00  0.00  1.00  0.00  0.00  0.00  0.01  0.00
  CRC27_T1                1.00   0.00  0.00  0.00  1.00  0.00  0.00  0.00  0.02  0.00
  CRC27_XS1a              1.00   0.01  0.00  0.00  0.98  0.00  0.00  0.01  0.01  0.00
  CRC27_XS1b              1.00   0.00  0.00  0.00  1.00  0.00  0.00  0.00  0.00  0.00
  CRC28_T1                1.00   0.00  0.00  0.00  1.00  0.00  0.00  0.00  0.00  0.00
  CRC28_XS1               1.00   0.01  0.00  0.00  0.99  0.00  0.00  0.00  0.01  0.00
  CRC29_T1                1.00   0.00  0.00  0.00  0.96  0.00  0.00  0.04  0.00  0.00
  CRC29_XS1               1.00   0.01  0.00  0.00  0.99  0.00  0.00  0.00  0.00  0.00
  CRC29_XS2               1.00   0.02  0.00  0.00  0.98  0.00  0.00  0.00  0.03  0.00
  CRC2_T1                 1.00   0.00  0.00  0.00  0.95  0.00  0.00  0.04  0.54  0.00
  CRC2_XS1                1.00   0.00  0.05  0.00  0.18  0.00  0.76  0.00  0.00  0.00
  CRC30_T1                1.00   0.01  0.00  0.00  0.94  0.00  0.00  0.05  0.00  0.00
  CRC30_T2                1.00   0.01  0.00  0.00  0.99  0.00  0.00  0.00  0.02  0.00
  CRC30_XS1               1.00   0.00  0.00  0.00  0.95  0.00  0.00  0.05  0.85  0.00
  CRC30_XS2               1.00   0.00  0.00  0.00  1.00  0.00  0.00  0.00  0.03  0.00
  CRC30_XS3               1.00   0.00  0.00  0.00  1.00  0.00  0.00  0.00  0.01  0.00
  CRC31_T1                1.00   0.00  0.02  0.00  0.97  0.01  0.00  0.00  0.00  0.00
  CRC31_T2                1.00   0.03  0.97  0.00  0.00  0.00  0.00  0.00  0.00  0.00
  CRC31_T4                1.00   0.00  1.00  0.00  0.00  0.00  0.00  0.00  0.00  0.00
  CRC31_XS1               1.00   0.00  0.00  0.00  0.99  0.00  0.00  0.00  0.38  0.00
  CRC31_XS2               1.00   0.00  0.00  0.00  0.99  0.00  0.00  0.00  0.03  0.00
  CRC31_XS3               1.00   0.00  0.02  0.00  0.47  0.00  0.51  0.00  0.25  0.00
  CRC31_XS4               1.00   0.02  0.01  0.00  0.97  0.00  0.00  0.00  0.00  0.00
  CRC31_XS5               1.00   0.02  0.00  0.00  0.98  0.00  0.00  0.00  0.00  0.00
  CRC32_T1                1.00   0.00  1.00  0.00  0.00  0.00  0.00  0.00  0.00  0.00
  CRC32_T2                1.00   0.03  0.97  0.00  0.00  0.00  0.00  0.00  0.00  0.00
  CRC32_XS1               1.00   0.02  0.01  0.00  0.96  0.00  0.01  0.00  0.00  0.00
  CRC32_XS2               1.00   0.02  0.00  0.00  0.96  0.00  0.00  0.02  0.00  0.00
  CRC33_T1                1.00   0.04  0.96  0.00  0.00  0.00  0.00  0.00  0.00  0.00
  CRC33_T2                1.00   1.00  0.00  0.00  0.00  0.00  0.00  0.00  0.00  0.00
  CRC33_T3                1.00   1.00  0.00  0.00  0.00  0.00  0.00  0.00  0.00  0.00
  CRC33_XS1               1.00   0.00  0.00  0.00  1.00  0.00  0.00  0.00  0.00  0.00
  CRC34_T1                1.00   0.00  0.00  0.00  0.98  0.02  0.00  0.00  0.73  0.00
  CRC34_XS1               1.00   0.00  0.00  0.00  1.00  0.00  0.00  0.00  0.80  0.00
  CRC35_XS1a              1.00   0.00  0.00  0.00  1.00  0.00  0.00  0.00  0.00  0.00
  CRC35_XS1b              1.00   0.00  0.02  0.00  0.97  0.00  0.00  0.00  0.00  0.00
  CRC38_T1                1.00   0.02  0.01  0.00  0.97  0.00  0.00  0.00  0.00  0.00
  CRC38_T2                1.00   0.03  0.97  0.00  0.00  0.00  0.00  0.00  0.00  0.00
  CRC38_XS1               1.00   0.00  0.03  0.00  0.96  0.00  0.00  0.00  0.02  0.00
  CRC38_XS2               1.00   0.00  0.02  0.00  0.98  0.00  0.00  0.00  0.01  0.00
  CRC38_XS3               1.00   0.02  0.00  0.00  0.98  0.00  0.00  0.00  0.00  0.00
  CRC38_XS4               1.00   0.02  0.00  0.00  0.98  0.00  0.00  0.00  0.00  0.00
  CRC38_XS5               1.00   0.03  0.00  0.00  0.97  0.00  0.00  0.00  0.01  0.00
  CRC38_XS6               1.00   0.00  1.00  0.00  0.00  0.00  0.00  0.00  0.00  0.00
  CRC39_T1                1.00   0.02  0.00  0.00  0.94  0.00  0.00  0.04  0.00  0.00
  CRC3_T1                 1.00   0.01  0.03  0.00  0.96  0.00  0.00  0.00  0.00  0.00
  CRC3_XS3                1.00   0.01  0.00  0.00  0.99  0.00  0.00  0.00  0.03  0.00
  CRC3_XS4                1.00   0.00  0.00  0.00  1.00  0.00  0.00  0.00  0.00  0.00
  CRC3_XS5                1.00   0.04  0.13  0.00  0.83  0.00  0.00  0.00  0.44  0.00
  CRC3_XS6                1.00   0.00  0.00  0.00  1.00  0.00  0.00  0.00  0.27  0.00
  CRC3_XS7                1.00   0.04  0.01  0.00  0.95  0.00  0.00  0.00  0.00  0.00
  CRC40_XS1a              1.00   0.00  0.00  0.00  1.00  0.00  0.00  0.00  0.00  0.00
  CRC40_XS1b              1.00   0.00  0.06  0.00  0.91  0.00  0.03  0.00  0.00  0.00
  CRC4_T1                 1.00   0.02  0.02  0.00  0.96  0.00  0.00  0.00  0.00  0.00
  CRC4_XS2                1.00   0.03  0.00  0.00  0.96  0.00  0.00  0.00  0.01  0.00
  CRC4_XS3                1.00   0.03  0.01  0.00  0.95  0.00  0.00  0.00  0.00  0.00
  CRC5_T1                 1.00   0.04  0.00  0.00  0.44  0.00  0.52  0.00  0.00  0.00
  CRC5_XS1                1.00   0.04  0.00  0.00  0.95  0.00  0.00  0.01  0.15  0.00
  CRC6_T1                 1.00   0.03  0.02  0.00  0.95  0.00  0.00  0.00  0.00  0.00
  CRC6_XS1a               1.00   0.00  0.00  0.00  0.99  0.00  0.00  0.00  0.03  0.00
  CRC6_XS1b               1.00   0.00  0.00  0.00  1.00  0.00  0.00  0.00  0.00  0.00
  CRC6_XS1c               1.00   0.00  0.03  0.00  0.64  0.00  0.32  0.00  0.00  0.00
  CRC6_XS2                1.00   0.00  0.03  0.00  0.96  0.00  0.00  0.00  0.00  0.00
  CRC6_XS4                1.00   0.05  0.00  0.00  0.95  0.00  0.00  0.00  0.00  0.00
  CRC7_T1                 1.00   0.05  0.61  0.00  0.32  0.00  0.02  0.00  0.91  0.00
  CRC7_T2                 1.00   0.07  0.00  0.00  0.93  0.00  0.00  0.00  0.00  0.00
  CRC7_T3                 1.00   0.03  0.03  0.00  0.95  0.00  0.00  0.00  0.00  0.00
  CRC7_XS1                1.00   0.07  0.01  0.00  0.93  0.00  0.00  0.00  0.00  0.00
  CRC8_T1                 1.00   0.04  0.03  0.00  0.58  0.00  0.35  0.00  0.02  0.00
  CRC8_T2                 1.00   0.00  0.00  0.00  0.98  0.01  0.00  0.00  0.02  0.00
  CRC8_T3                 1.00   0.05  0.00  0.00  0.95  0.00  0.00  0.00  0.00  0.00
  CRC8_XS1a               1.00   0.00  0.04  0.00  0.95  0.00  0.00  0.00  0.00  0.00
  CRC8_XS1b               1.00   0.00  0.00  0.00  1.00  0.00  0.00  0.00  0.05  0.00
  CRC8_XS2                1.00   0.02  0.00  0.00  0.98  0.00  0.00  0.00  0.02  0.00
  CRC8_XS3a               1.00   0.00  0.04  0.00  0.96  0.00  0.00  0.00  0.00  0.00
  CRC8_XS3b               1.00   0.00  0.04  0.00  0.95  0.00  0.00  0.00  0.00  0.00
  CRC8_XS5                1.00   0.01  0.04  0.00  0.95  0.00  0.00  0.00  0.00  0.00
  CRC9_T1                 1.00   0.00  0.00  0.00  0.94  0.00  0.00  0.06  0.01  0.00
  CRC9_XS2                1.00   0.00  0.00  0.00  0.96  0.00  0.00  0.03  0.02  0.00
  CRCP974_T1              1.00   0.00  0.01  0.00  0.98  0.00  0.00  0.00  0.01  0.00
  CRCP974_T2              1.00   0.04  0.00  0.00  0.94  0.00  0.00  0.03  0.93  0.00
  CRCP975_T1              1.00   0.01  0.00  0.00  0.99  0.00  0.00  0.00  0.01  0.00
  
  
  *************************
  Conduit Surcharge Summary
  *************************
  
  ----------------------------------------------------------------------------
                                                           Hours        Hours 
                         --------- Hours Full --------   Above Full   Capacity
  Conduit                Both Ends  Upstream  Dnstream   Normal Flow   Limited
  ----------------------------------------------------------------------------
  CRC12_XS1                   0.01      2.44      0.01      2.49         0.01
  CRC13_XS1                   0.01      0.01      0.01      0.76         0.01
  CRC13_XS2                   1.40      1.46      2.22      1.56         1.40
  CRC13_XS5                   1.98      1.98      3.48      0.01         0.01
  CRC13_XS6                   3.88      3.88      4.46      0.01         0.01
  CRC15_XS1                   0.01      0.01      0.01      0.07         0.01
  CRC17_T1                    2.45      2.48      2.46      2.63         0.01
  CRC17_T2                   14.78     14.78     19.46      0.01         0.01
  CRC17_T4                    0.01      0.01     19.46      0.01         0.01
  CRC17_XS1                   0.01      2.46      0.01      2.40         0.01
  CRC18_T1                    0.01      0.01      0.19      0.01         0.01
  CRC18_T2                    0.01      0.01      0.19      0.01         0.01
  CRC18_T3                    0.01      0.01      0.19      0.01         0.01
  CRC18_XS1                   0.01      0.01      3.70      1.45         0.01
  CRC20_T10                  18.66     18.66     18.88      0.01         0.01
  CRC20_T5                   18.79     18.79     19.16      0.63         0.01
  CRC20_T6                    0.01      0.01     18.85      0.01         0.01
  CRC21_T2                    2.77      2.77      4.40      0.01         0.01
  CRC21_XS1                   0.01      0.01      1.45      1.04         0.01
  CRC23_XS1                   2.55      2.55      3.52      2.01         0.01
  CRC23_XS2a                  0.01      0.01      0.12      0.01         0.01
  CRC23_XS2b                  0.12      0.12      2.56      0.01         0.01
  CRC24_T2                   17.82     17.82     18.11      0.01         0.01
  CRC25_T1                    0.01      0.01     18.35      0.01         0.01
  CRC25_T2                   18.17     18.17     18.23      0.01         0.01
  CRC25_XS1                   0.01      0.01     16.07      0.01         0.01
  CRC26_T1                    0.01      0.01     19.52      0.01         0.01
  CRC27_T1                    2.94      2.94      4.68      0.01         0.01
  CRC27_XS1a                  0.01      0.01     19.05      5.34         0.01
  CRC27_XS1b                  0.01      0.01      0.01      3.40         0.01
  CRC28_T1                    3.70      3.70      4.74      0.01         0.01
  CRC28_XS1                   0.01      0.01      3.45      0.01         0.01
  CRC29_T1                    1.28      1.28      1.33      0.01         0.01
  CRC29_XS1                   0.01      1.81      0.01      6.68         0.01
  CRC29_XS2                   0.01      0.01      0.31      0.01         0.01
  CRC30_T1                    0.01      0.01     18.53      0.01         0.01
  CRC30_T2                   18.64     18.64     18.75      0.01         0.01
  CRC30_XS1                   1.57      1.58     18.49      0.01         0.01
  CRC30_XS2                   4.33      4.33     19.23      0.01         0.01
  CRC30_XS3                   2.34      2.79     18.58      0.06         0.01
  CRC31_XS1                   0.01      0.01      2.21      0.01         0.01
  CRC31_XS2                   0.01      0.01      4.35      0.01         0.01
  CRC31_XS3                   1.77      1.77     18.95      0.01         0.01
  CRC31_XS4                   7.89      7.89     10.26     12.38         0.01
  CRC31_XS5                   4.10      4.10      6.98      0.29         0.29
  CRC32_XS1                   0.01      0.01     16.49      0.52         0.01
  CRC32_XS2                   0.01      1.68      0.01      1.86         0.01
  CRC33_XS1                   0.01      0.01      0.01      1.27         0.01
  CRC34_T1                    3.29      3.49     19.03      0.38         0.22
  CRC34_XS1                   2.77      2.94      3.01      2.67         2.55
  CRC35_XS1b                  0.01      0.01      0.01      1.78         0.01
  CRC38_XS1                   1.46      1.46     18.77      0.01         0.01
  CRC38_XS2                   5.87      5.87     18.77      0.01         0.01
  CRC38_XS3                   1.17      1.17      3.65      0.01         0.01
  CRC38_XS4                   0.01      0.01      1.17      0.01         0.01
  CRC39_T1                    1.73      1.81      1.76      2.11         1.64
  CRC3_T1                     8.97      8.97     10.90      0.01         0.01
  CRC3_XS3                    0.01      0.01      7.34      0.01         0.01
  CRC3_XS5                    0.01      0.01      4.90      0.01         0.01
  CRC3_XS6                    4.55      4.55     15.18      0.01         0.01
  CRC3_XS7                    0.01      0.01      2.99      0.01         0.01
  CRC6_T1                     4.04      4.04      5.77      0.01         0.01
  CRC6_XS1a                   0.01      0.01     11.62      5.70         0.01
  CRC6_XS2                    0.01      0.01      3.06      0.01         0.01
  CRC7_T1                     0.01      0.01      3.67      0.01         0.01
  CRC7_T3                     2.34      2.34      4.23      0.01         0.01
  CRC7_XS1                    0.01      0.01      9.17      0.01         0.01
  CRC8_T2                    18.67     18.67     18.95      0.01         0.01
  CRC8_T3                     4.61      4.61      7.90      4.61         4.61
  CRC8_XS1a                   0.01      0.36      0.01      0.36         0.01
  CRC8_XS2                    0.01      0.98      0.01      4.15         0.01
  CRC8_XS3a                   0.01      0.01      1.07      0.33         0.01
  CRC8_XS3b                   0.01      0.01      1.07      0.01         0.01
  CRC8_XS5                    0.01      0.01      6.13      0.01         0.01
  CRC9_T1                     1.93      2.05     18.73      0.21         0.03
  CRC9_XS2                    0.01      0.01      0.01      0.02         0.01
  CRCP974_T1                 18.73     18.73     18.78      0.01         0.01
  CRCP975_T1                  0.19      0.19     11.99      1.06         0.01
  

  Analysis begun on:  Tue Aug  5 12:53:45 2025
  Analysis ended on:  Tue Aug  5 12:53:56 2025
  Total elapsed time: 00:00:11