
  EPA STORM WATER MANAGEMENT MODEL - VERSION 5.2 (Build 5.2.4)
  ------------------------------------------------------------

  WARNING 04: minimum elevation drop used for Conduit 030-052
  
  *************
  Element Count
  *************
  Number of rain gages ...... 1
  Number of subcatchments ... 53
  Number of nodes ........... 203
  Number of links ........... 206
  Number of pollutants ...... 0
  Number of land uses ....... 0
  
  
  ****************
  Raingage Summary
  ****************
                                                      Data       Recording
  Name                 Data Source                    Type       Interval 
  ------------------------------------------------------------------------
  EventD               RN#14                          CUMULATIVE  15 min.
  
  
  ********************
  Subcatchment Summary
  ********************
  Name                       Area     Width   %Imperv    %Slope Rain Gage            Outlet              
  -----------------------------------------------------------------------------------------------------------
  S029-005#1                17.11    937.11      8.20    0.1000 EventD               S029-005            
  S029-007#1                 6.04    523.64      8.10    0.1000 EventD               S029-007            
  S029-010#1                 7.36    446.21     20.40    0.1000 EventD               S029-010            
  S029-016#1                17.28    656.46     22.50    3.1600 EventD               S029-016            
  S029-024#1                15.48    671.59     64.60    3.7600 EventD               S029-024            
  S029-026#1                 7.82    297.35     20.40    6.4600 EventD               S029-026            
  S029-071#1                14.84    827.13     36.60    0.1000 EventD               S029-071            
  S029-827#1                15.87    594.72     59.40    3.0600 EventD               S029-827            
  S030-025#1                 4.71    760.87     29.10    0.8000 EventD               S030-025            
  S030-039#1                11.60    526.83     65.90    0.2500 EventD               S030-039            
  S030-053#1                11.37    451.66     72.90    0.1100 EventD               S030-053            
  S030-065#1                 5.75    410.01     55.10    0.1000 EventD               S030-065            
  S030-074#1                31.40    964.93     32.00    0.6500 EventD               S030-074            
  S030-080#1                 6.69    421.25     52.90    0.1000 EventD               S030-080            
  S030-098#1                54.50   1337.68     71.60    0.1700 EventD               S030-098            
  S030-106#1                 4.12    336.21     68.40    0.1000 EventD               S030-106            
  S030-113#1                13.61    471.02     66.60    0.0400 EventD               S030-113            
  S030-117#1                 9.87    505.19     73.40    0.2400 EventD               S030-117            
  S030-124#1                 8.77    498.96     24.00    0.1600 EventD               S030-124            
  S030-126#1                 6.50    506.84     62.50    0.1000 EventD               S030-126            
  S030-128#1                 8.10    442.01     47.60    0.1000 EventD               S030-128            
  S030-132#1                 3.61    280.94     82.10    0.1000 EventD               S030-132            
  S030-137#1                 5.23    212.73     67.90    2.5400 EventD               S030-137            
  S030-153#1                22.15    589.01     39.90    3.6600 EventD               S030-153            
  S030-166#1                 6.06    351.25     21.10   20.7100 EventD               S030-166            
  S030-273#1                 1.39    120.23     28.30    2.2900 EventD               S030-273            
  S030-281#1                 0.43     88.46     40.30    7.9800 EventD               S030-281            
  S030-301#1                13.38    484.08     66.50    1.9200 EventD               S030-301            
  S030-308#1                 8.63    388.41     58.80    5.7200 EventD               S030-308            
  S030-323#1                11.94    559.64     76.60    1.8200 EventD               S030-323            
  S030-342#1                10.13    478.21     43.40    9.3200 EventD               S030-342            
  S030-366#1                26.01    665.60     74.90    5.4600 EventD               S030-366            
  S030-397#1                 4.38    315.11     84.70    6.2400 EventD               S030-397            
  S030-408#1                 1.76    118.76     52.80    4.9600 EventD               S030-408            
  S030-420#1                 4.18    207.48     40.40    5.2500 EventD               S030-420            
  S030-426#1                 4.38    321.24     53.80    2.7700 EventD               S030-426            
  S030-433#1                 1.86    174.17     61.20    5.1000 EventD               S030-433            
  S030-458#1                 8.75    443.99     44.80    3.9500 EventD               S030-458            
  S030-538#1                 5.77    291.77     81.30    0.0300 EventD               S030-538            
  S030-559#1                 4.66    229.12     65.00    1.3500 EventD               S030-559            
  S030-569#1                 0.62    146.62     61.60    1.6000 EventD               S030-569            
  S030-592#1                 7.48    269.13     46.80    6.6800 EventD               S030-592            
  S030-679#1                18.19    559.82     36.30    0.5000 EventD               S030-679            
  S030-691#1                 2.28    229.73     44.90    0.1000 EventD               S030-691            
  S030-693#1                10.05    707.90     20.40    0.3600 EventD               S030-693            
  S030-698#1                15.40    793.64     63.70    0.1000 EventD               S030-698            
  S030-700#1                14.55    552.48     39.20    0.0100 EventD               S030-700            
  S030-704Ta#1              20.82   1181.39     31.50    0.1000 EventD               S030-704Ta          
  S030-851#1                 3.97    253.54     42.00    1.8200 EventD               S030-851            
  S030-883#1                28.51    652.17     80.90    0.1000 EventD               S030-883            
  S031-063#1                15.11    339.13     13.90    3.8700 EventD               S031-063            
  S033-064Ta#1               7.15    625.97     12.30    8.4600 EventD               S033-064Ta          
  S030-337#1                10.00    491.25     62.50    0.1000 EventD               S030-337            
  
  
  ************
  Node Summary
  ************
                                           Invert      Max.    Ponded    External
  Name                 Type                 Elev.     Depth      Area    Inflow  
  -------------------------------------------------------------------------------
  S028-001             JUNCTION            813.65     21.00       0.0    Yes
  S028-002             JUNCTION            809.03     18.16       0.0    Yes
  S028-307             JUNCTION            804.70     21.20       0.0    Yes
  S029-005             JUNCTION            739.22     11.30       0.0    Yes
  S029-006             JUNCTION            738.82     11.92       0.0    Yes
  S029-007             JUNCTION            738.50     11.43       0.0    Yes
  S029-008             JUNCTION            738.20     11.53       0.0    Yes
  S029-009             JUNCTION            737.76     11.53       0.0    Yes
  S029-010             JUNCTION            737.00     11.69       0.0    Yes
  S029-011             JUNCTION            736.40     12.83       0.0    Yes
  S029-014             JUNCTION            739.03     11.60       0.0    Yes
  S029-015             JUNCTION            740.96      9.30       0.0    Yes
  S029-016             JUNCTION            741.68      8.54       0.0    Yes
  S029-017             JUNCTION            741.97      8.60       0.0    Yes
  S029-018             JUNCTION            743.34      8.66       0.0    Yes
  S029-020             JUNCTION            741.82      8.80       0.0    Yes
  S029-021             JUNCTION            742.30      8.80       0.0    Yes
  S029-024             JUNCTION            802.99     22.37       0.0    Yes
  S029-025             JUNCTION            785.70     17.60       0.0    Yes
  S029-026             JUNCTION            759.31      9.85       0.0    Yes
  S029-027             JUNCTION            741.88     13.50       0.0
  S029-058             JUNCTION            747.42     24.50       0.0    Yes
  S029-059             JUNCTION            747.02      7.27       0.0    Yes
  S029-060             JUNCTION            746.23     11.74       0.0    Yes
  S029-061             JUNCTION            745.90      8.33       0.0    Yes
  S029-062             JUNCTION            744.92      4.00       0.0    Yes
  S029-063             JUNCTION            743.99      7.90       0.0    Yes
  S029-064             JUNCTION            744.10     18.70       0.0    Yes
  S029-065             JUNCTION            729.85     20.87       0.0    Yes
  S029-066             JUNCTION            735.05     15.96       0.0    Yes
  S029-067             JUNCTION            737.00     14.07       0.0    Yes
  S029-068             JUNCTION            736.44     13.10       0.0    Yes
  S029-071             JUNCTION            722.14     28.65       0.0    Yes
  S029-073             JUNCTION            730.12     21.00       0.0    Yes
  S029-075             JUNCTION            793.35     18.60       0.0    Yes
  S029-085             JUNCTION            799.67     16.00       0.0    Yes
  S029-304             JUNCTION            777.37     21.00       0.0    Yes
  S029-620             JUNCTION            719.17     31.00       0.0
  S029-825             JUNCTION            747.22     28.80       0.0    Yes
  S029-827             JUNCTION            761.00     11.00       0.0    Yes
  S030-025             JUNCTION            735.57     11.48       0.0    Yes
  S030-032             JUNCTION            735.67     13.16       0.0    Yes
  S030-035             JUNCTION            734.79     13.46       0.0    Yes
  S030-039             JUNCTION            733.59     13.65       0.0    Yes
  S030-041             JUNCTION            734.51     13.65       0.0    Yes
  S030-050             JUNCTION            733.97     17.95       0.0    Yes
  S030-052             JUNCTION            732.60     13.43       0.0    Yes
  S030-053             JUNCTION            732.71     11.97       0.0    Yes
  S030-054             JUNCTION            733.28     12.08       0.0    Yes
  S030-057             JUNCTION            740.23      9.50       0.0    Yes
  S030-059             JUNCTION            733.34     13.55       0.0    Yes
  S030-065             JUNCTION            732.29     16.95       0.0    Yes
  S030-066             JUNCTION            732.57     16.70       0.0    Yes
  S030-068             JUNCTION            737.85     10.62       0.0    Yes
  S030-074             JUNCTION            735.41     11.83       0.0    Yes
  S030-076             JUNCTION            735.38     11.96       0.0    Yes
  S030-080             JUNCTION            731.41     17.82       0.0    Yes
  S030-098             JUNCTION            731.37     14.63       0.0    Yes
  S030-102             JUNCTION            730.57     13.73       0.0    Yes
  S030-106             JUNCTION            730.60     16.59       0.0    Yes
  S030-107             JUNCTION            731.10     16.20       0.0    Yes
  S030-109             JUNCTION            732.77     15.04       0.0    Yes
  S030-110             JUNCTION            736.76     12.60       0.0    Yes
  S030-111             JUNCTION            737.59     14.00       0.0    Yes
  S030-112             JUNCTION            734.70     13.60       0.0    Yes
  S030-113             JUNCTION            731.13     17.00       0.0    Yes
  S030-116             JUNCTION            730.29     16.07       0.0    Yes
  S030-117             JUNCTION            729.26     17.15       0.0    Yes
  S030-118             JUNCTION            729.22     16.14       0.0    Yes
  S030-119             JUNCTION            728.43     15.82       0.0    Yes
  S030-120             JUNCTION            727.74     17.92       0.0    Yes
  S030-123             JUNCTION            729.01     17.60       0.0    Yes
  S030-124             JUNCTION            735.39     13.69       0.0    Yes
  S030-125             JUNCTION            735.23     13.40       0.0    Yes
  S030-126             JUNCTION            734.68     13.78       0.0    Yes
  S030-127             JUNCTION            733.61     15.23       0.0    Yes
  S030-128             JUNCTION            730.72     16.96       0.0    Yes
  S030-129             JUNCTION            723.42     23.20       0.0    Yes
  S030-130             JUNCTION            729.80     19.76       0.0    Yes
  S030-131             JUNCTION            731.95     15.85       0.0    Yes
  S030-132             JUNCTION            736.80     11.00       0.0    Yes
  S030-133             JUNCTION            728.81     19.19       0.0    Yes
  S030-134             JUNCTION            729.78     16.51       0.0    Yes
  S030-137             JUNCTION            731.50     15.89       0.0    Yes
  S030-148             JUNCTION            735.05     12.30       0.0    Yes
  S030-149             JUNCTION            735.53     11.10       0.0    Yes
  S030-150             JUNCTION            735.97     14.30       0.0    Yes
  S030-151             JUNCTION            737.33     14.24       0.0    Yes
  S030-152             JUNCTION            742.16     11.88       0.0    Yes
  S030-153             JUNCTION            741.62     13.50       0.0    Yes
  S030-166             JUNCTION            747.30      9.00       0.0    Yes
  S030-167             JUNCTION            743.76      7.89       0.0    Yes
  S030-273             JUNCTION            905.25     33.22       0.0    Yes
  S030-281             JUNCTION            901.55     15.75       0.0    Yes
  S030-284             JUNCTION            897.79     15.15       0.0    Yes
  S030-301             JUNCTION            894.46     16.20       0.0    Yes
  S030-308             JUNCTION            872.53     22.40       0.0    Yes
  S030-309             JUNCTION            876.37     21.60       0.0    Yes
  S030-310             JUNCTION            881.44     20.55       0.0    Yes
  S030-312             JUNCTION            889.76     18.90       0.0    Yes
  S030-323             JUNCTION            893.23     30.40       0.0    Yes
  S030-342             JUNCTION            839.32     27.20       0.0    Yes
  S030-351             JUNCTION            860.03     45.40       0.0    Yes
  S030-352             JUNCTION            870.87     42.18       0.0    Yes
  S030-365             JUNCTION            851.50     36.60       0.0    Yes
  S030-366             JUNCTION            830.70     31.00       0.0    Yes
  S030-375             JUNCTION            773.06      9.30       0.0    Yes
  S030-376             JUNCTION            767.12     10.40       0.0    Yes
  S030-378             JUNCTION            753.30     21.30       0.0    Yes
  S030-380             JUNCTION            804.00      7.30       0.0    Yes
  S030-381             JUNCTION            792.96     11.00       0.0    Yes
  S030-382             JUNCTION            804.63     14.40       0.0    Yes
  S030-388             JUNCTION            821.24     16.10       0.0    Yes
  S030-389             JUNCTION            806.36     10.10       0.0    Yes
  S030-390             JUNCTION            804.79     10.70       0.0    Yes
  S030-397             JUNCTION            817.47     11.00       0.0    Yes
  S030-397A            JUNCTION            806.82     21.18       0.0    Yes
  S030-400             JUNCTION            805.98      6.60       0.0    Yes
  S030-408             JUNCTION            776.41      7.45       0.0    Yes
  S030-409             JUNCTION            769.91     12.40       0.0    Yes
  S030-411             JUNCTION            758.27     22.64       0.0    Yes
  S030-412             JUNCTION            743.70     37.00       0.0    Yes
  S030-413             JUNCTION            765.69     18.15       0.0    Yes
  S030-414             JUNCTION            800.33     29.40       0.0    Yes
  S030-419             JUNCTION            782.54     15.50       0.0    Yes
  S030-420             JUNCTION            791.96     11.94       0.0    Yes
  S030-423             JUNCTION            799.05     10.30       0.0    Yes
  S030-424             JUNCTION            801.07     17.96       0.0    Yes
  S030-425             JUNCTION            806.57     23.70       0.0    Yes
  S030-426             JUNCTION            826.73     36.80       0.0    Yes
  S030-427             JUNCTION            853.39     11.30       0.0    Yes
  S030-428             JUNCTION            861.64      8.20       0.0    Yes
  S030-432             JUNCTION            860.28      6.68       0.0    Yes
  S030-433             JUNCTION            868.32      9.35       0.0    Yes
  S030-455             JUNCTION            903.38     32.42       0.0    Yes
  S030-456             JUNCTION            902.06     26.32       0.0    Yes
  S030-457             JUNCTION            907.27     13.46       0.0    Yes
  S030-458             JUNCTION            900.52     20.32       0.0    Yes
  S030-459             JUNCTION            872.23     41.55       0.0    Yes
  S030-460             JUNCTION            863.02     38.50       0.0    Yes
  S030-461             JUNCTION            841.16     25.70       0.0    Yes
  S030-462             JUNCTION            801.08     10.00       0.0    Yes
  S030-529             JUNCTION            739.79      6.85       0.0    Yes
  S030-531             JUNCTION            734.50     13.78       0.0    Yes
  S030-538             JUNCTION            734.60     14.13       0.0    Yes
  S030-539             JUNCTION            734.98     13.81       0.0    Yes
  S030-542             JUNCTION            735.31     14.30       0.0    Yes
  S030-544             JUNCTION            736.00     15.10       0.0    Yes
  S030-545             JUNCTION            736.14     17.58       0.0    Yes
  S030-555             JUNCTION            736.81     15.02       0.0    Yes
  S030-559             JUNCTION            737.03     13.68       0.0    Yes
  S030-564             JUNCTION            737.08     13.72       0.0    Yes
  S030-566             JUNCTION            738.08      9.12       0.0    Yes
  S030-569             JUNCTION            738.79      5.60       0.0    Yes
  S030-581             JUNCTION            735.24     14.10       0.0    Yes
  S030-583             JUNCTION            848.21     13.70       0.0    Yes
  S030-584             JUNCTION            851.56     11.10       0.0    Yes
  S030-592             JUNCTION            852.96      9.00       0.0    Yes
  S030-679             JUNCTION            739.63     13.00       0.0    Yes
  S030-680             JUNCTION            739.00     19.00       0.0    Yes
  S030-691             JUNCTION            730.90     18.52       0.0    Yes
  S030-692             JUNCTION            729.90     20.23       0.0    Yes
  S030-693             JUNCTION            728.90     18.85       0.0    Yes
  S030-694             JUNCTION            729.80     17.68       0.0    Yes
  S030-695             JUNCTION            729.69     17.79       0.0    Yes
  S030-696             JUNCTION            729.10     18.38       0.0    Yes
  S030-698             JUNCTION            728.30     23.00       0.0    Yes
  S030-699             JUNCTION            727.80     23.50       0.0    Yes
  S030-700             JUNCTION            726.20     22.06       0.0    Yes
  S030-701             JUNCTION            726.80     23.50       0.0    Yes
  S030-702             JUNCTION            726.20     24.10       0.0    Yes
  S030-703             JUNCTION            725.70     21.12       0.0    Yes
  S030-704             JUNCTION            725.20     22.09       0.0    Yes
  S030-704Ta           JUNCTION            724.63     25.67       0.0    Yes
  S030-704Tb           JUNCTION            724.80     26.00       0.0    Yes
  S030-705             JUNCTION            725.10     21.70       0.0    Yes
  S030-706             JUNCTION            764.85     17.84       0.0    Yes
  S030-715             JUNCTION            742.20     12.52       0.0    Yes
  S030-716             JUNCTION            742.42     11.96       0.0    Yes
  S030-717             JUNCTION            739.80     12.62       0.0    Yes
  S030-718             JUNCTION            734.00     14.00       0.0    Yes
  S030-721             JUNCTION            803.25     20.46       0.0    Yes
  S030-851             JUNCTION            806.28      7.00       0.0    Yes
  S030-854             JUNCTION            746.78      4.20       0.0    Yes
  S030-883             JUNCTION            736.96     13.61       0.0    Yes
  S030-884             JUNCTION            735.26     13.65       0.0    Yes
  S030-989             JUNCTION            732.36     15.63       0.0    Yes
  S031-059             JUNCTION            830.12     11.00       0.0    Yes
  S031-063             JUNCTION            841.00     11.00       0.0    Yes
  S031-778             JUNCTION            821.69      9.09       0.0    Yes
  S031-779             JUNCTION            817.00      9.00       0.0    Yes
  S033-064Ta           JUNCTION            746.00      6.00       0.0    Yes
  SFPS_FM              JUNCTION            720.17     30.00       0.0
  S030-475             JUNCTION            893.90     31.00       0.0    Yes
  S030-474             JUNCTION            911.81     22.90       0.0    Yes
  S030-473             JUNCTION            915.46     21.40       0.0    Yes
  S030-337             JUNCTION            918.17     18.30       0.0    Yes
  S030-324             JUNCTION            895.90     29.00       0.0    Yes
  S029-813             OUTFALL             721.00      5.00       0.0    Yes
  S029-CSOII           OUTFALL             734.00      4.62       0.0
  S029-CSOIV           OUTFALL             707.00     21.77       0.0
  S029-071Ta           STORAGE             719.00     32.99       0.0    Yes
  S029-620Ta           STORAGE             709.00     41.17       0.0    Yes
  
  
  ************
  Link Summary
  ************
  Name             From Node        To Node          Type            Length    %Slope Roughness
  ---------------------------------------------------------------------------------------------
  028-001          S028-001         S028-002         CONDUIT          256.0    1.6643    0.0120
  028-002          S028-002         S028-307         CONDUIT          325.0    1.3293    0.0120
  028-307          S028-307         S029-024         CONDUIT           43.8    2.5327    0.0120
  029-005          S029-005         S029-006         CONDUIT          358.5    0.0195    0.0120
  029-006          S029-006         S029-007         CONDUIT          249.9    0.0680    0.0120
  029-007          S029-007         S029-008         CONDUIT          271.8    0.1104    0.0120
  029-008          S029-008         S029-009         CONDUIT          307.1    0.1009    0.0120
  029-009          S029-009         S029-010         CONDUIT          413.0    0.1840    0.0120
  029-010          S029-010         S029-011         CONDUIT           41.2    1.1415    0.0120
  029-011.1        S029-011         S029-068         CONDUIT           47.8   -1.1289    0.0150
  029-011.2        S029-011         S029-073         CONDUIT          433.5    1.4789    0.0120
  029-014          S029-014         S029-071Ta       CONDUIT           64.2    2.0706    0.0120
  029-015          S029-015         S029-014         CONDUIT          676.8    0.2852    0.0120
  029-016          S029-016         S029-015         CONDUIT          381.7    0.0681    0.0130
  029-017          S029-017         S029-016         CONDUIT          305.8    0.0883    0.0130
  029-018          S029-018         S029-017         CONDUIT          267.5    0.5121    0.0130
  029-020          S029-020         S029-018         CONDUIT          212.9   -0.7890    0.0130
  029-021          S029-021         S029-020         CONDUIT           76.8    0.4034    0.0130
  029-024          S029-024         S029-085         CONDUIT          171.0    1.9437    0.0130
  029-025          S029-025         S029-304         CONDUIT          135.2    6.1759    0.0130
  029-026          S029-026         S029-825         CONDUIT          114.7    9.7151    0.0130
  029-027          S029-027         S029-CSOII       CONDUIT          316.2    2.7237    0.0130
  029-058          S029-058         S029-059         CONDUIT           25.0    0.2480    0.0130
  029-059          S029-059         S029-060         CONDUIT          157.8    0.3802    0.0130
  029-060          S029-060         S029-061         CONDUIT          132.6    0.0452    0.0130
  029-061          S029-061         S029-062         CONDUIT          174.2    0.5615    0.0130
  029-062          S029-062         S029-063         CONDUIT          257.7    0.3461    0.0130
  029-063          S029-063         S029-064         CONDUIT          251.3   -0.1631    0.0130
  029-064          S029-064         S029-020         CONDUIT           29.3    5.4989    0.0130
  029-065          S029-065         S029-071Ta       CONDUIT           37.0    1.7570    0.0130
  029-066          S029-066         S029-065         CONDUIT           43.4    0.4611    0.0130
  029-067          S029-067         S029-066         CONDUIT          305.4    0.5534    0.0130
  029-068          S029-068         S029-067         CONDUIT          121.3   -0.5688    0.0130
  029-071          S029-071         S029-071Ta       CONDUIT           38.1    2.9969    0.0130
  029-071Tab       S029-071Ta       S029-620Ta       CONDUIT           49.0    3.0637    0.0130
  029-073          S029-073         S029-065         CONDUIT           78.1    0.3455    0.0120
  029-075          S029-075         S029-025         CONDUIT          184.2    4.1014    0.0120
  029-085          S029-085         S029-075         CONDUIT           95.5    6.5255    0.0130
  029-304          S029-304         S029-827         CONDUIT          116.3   14.2163    0.0130
  029-620          S029-620         S029-CSOIV       CONDUIT          158.3    0.8914    0.0130
  029-825a         S029-825         S029-027         CONDUIT          101.7    6.1970    0.0130
  029-825b         S029-825         S029-058         CONDUIT           39.5   -0.7645    0.0130
  029-827          S029-827         S029-026         CONDUIT          126.4    1.3374    0.0130
  030-025          S030-025         S030-035         CONDUIT          335.2    0.1999    0.0150
  030-032          S030-032         S030-581         CONDUIT          108.8    0.3952    0.0150
  030-035          S030-035         S030-531         CONDUIT           25.5    0.1568    0.0120
  030-039          S030-039         S030-059         CONDUIT          163.0    0.1043    0.0120
  030-041          S030-041         S030-050         CONDUIT          252.7    0.2137    0.0120
  030-050          S030-050         S030-052         CONDUIT          289.5    0.3834    0.0120
  030-052          S030-052         S030-989         CONDUIT          126.2    0.0008    0.0120
  030-053          S030-053         S030-052         CONDUIT           53.8    0.0372    0.0120
  030-054          S030-054         S030-053         CONDUIT           53.8    0.9671    0.0120
  030-057          S030-057         S030-068         CONDUIT          433.2    0.5287    0.0120
  030-059          S030-059         S030-054         CONDUIT          152.4    0.0394    0.0120
  030-065          S030-065         S030-080         CONDUIT          318.3    0.2514    0.0120
  030-066          S030-066         S030-065         CONDUIT           27.1    0.1476    0.0120
  030-068          S030-068         S030-076         CONDUIT          291.4    0.8134    0.0170
  030-074          S030-074         S030-109         CONDUIT          320.0    0.7438    0.0120
  030-076          S030-076         S030-074         CONDUIT           31.1   -0.7388    0.0120
  030-080          S030-080         S030-107         CONDUIT          158.8    0.1953    0.0120
  030-098          S030-098         S030-102         CONDUIT          162.2    0.4933    0.0130
  030-102          S030-102         S030-693         CONDUIT          347.6    0.4804    0.0130
  030-106          S030-106         S030-116         CONDUIT          161.2    0.0868    0.0120
  030-107          S030-107         S030-106         CONDUIT          162.8    0.3072    0.0120
  030-109          S030-109         S030-113         CONDUIT          335.0    0.4478    0.0120
  030-110          S030-110         S030-112         CONDUIT          109.4    1.8834    0.0150
  030-111          S030-111         S030-110         CONDUIT           37.6    1.6726    0.0150
  030-112          S030-112         S030-109         CONDUIT          324.6    0.4375    0.0140
  030-113          S030-113         S030-123         CONDUIT          318.0    0.6131    0.0170
  030-116          S030-116         S030-117         CONDUIT          164.7    0.5647    0.0120
  030-117          S030-117         S030-118         CONDUIT          159.5   -0.0251    0.0120
  030-118          S030-118         S030-119         CONDUIT          159.5    0.2383    0.0120
  030-119          S030-119         S030-120         CONDUIT          143.1    0.4052    0.0120
  030-120          S030-120         S030-700         CONDUIT          143.2    1.0758    0.0120
  030-123          S030-123         S030-704Ta       CONDUIT          471.6    0.4686    0.0120
  030-124          S030-124         S030-125         CONDUIT          293.0    0.0546    0.0130
  030-125          S030-125         S030-126         CONDUIT          301.7    0.1524    0.0130
  030-126          S030-126         S030-127         CONDUIT          350.0    0.3057    0.0130
  030-127          S030-127         S030-128         CONDUIT          499.0    0.5712    0.0130
  030-128          S030-128         S030-129         CONDUIT          528.4    0.1363    0.0120
  030-129          S030-129         S029-071         CONDUIT          356.0    0.3595    0.0130
  030-130          S030-130         S030-129         CONDUIT           76.5    1.9615    0.0120
  030-131          S030-131         S030-705         CONDUIT          319.8    0.3158    0.0120
  030-132          S030-132         S030-131         CONDUIT          340.9    1.4229    0.0120
  030-133          S030-133         S030-704Ta       CONDUIT          287.5    1.4531    0.0160
  030-134          S030-134         S030-133         CONDUIT          170.4    0.5693    0.0160
  030-137          S030-137         S030-134         CONDUIT          207.3    0.7717    0.0160
  030-148          S030-148         S030-718         CONDUIT           65.7    1.5976    0.0140
  030-149          S030-149         S030-148         CONDUIT           48.2    0.5815    0.0140
  030-150          S030-150         S030-149         CONDUIT           75.0    0.3201    0.0140
  030-151          S030-151         S030-150         CONDUIT          102.9    1.2241    0.0140
  030-152          S030-152         S030-717         CONDUIT          128.3    1.8404    0.0160
  030-153          S030-153         S030-715         CONDUIT           69.9   -0.8299    0.0160
  030-166          S030-166         S030-167         CONDUIT           71.0    2.3528    0.0150
  030-167          S030-167         S030-057         CONDUIT          731.7    0.4824    0.0150
  030-273          S030-273         S030-455         CONDUIT          197.3    0.9477    0.0120
  030-281          S030-281         S030-284         CONDUIT          245.3    1.4923    0.0150
  030-284          S030-284         S030-301         CONDUIT          241.7    1.3365    0.0150
  030-301          S030-301         S030-312         CONDUIT          161.2    2.7928    0.0150
  030-308          S030-308         S030-428         CONDUIT          111.0    9.2678    0.0120
  030-309          S030-309         S030-308         CONDUIT           63.3    6.0758    0.0150
  030-310          S030-310         S030-309         CONDUIT           87.2    5.5953    0.0150
  030-312          S030-312         S030-310         CONDUIT          124.5    6.5384    0.0150
  030-323          S030-323         S030-352         CONDUIT          255.9    8.7209    0.0150
  030-342          S030-342         S030-414         CONDUIT          122.2   19.4095    0.0130
  030-351          S030-351         S030-365         CONDUIT          310.1    2.7514    0.0150
  030-352          S030-352         S030-351         CONDUIT          247.6    4.3412    0.0150
  030-365          S030-365         S030-366         CONDUIT          333.8    6.2137    0.0150
  030-366          S030-366         S030-388         CONDUIT          382.5    2.4216    0.0130
  030-375          S030-375         S030-376         CONDUIT          211.0    2.5316    0.0130
  030-376          S030-376         S030-411         CONDUIT          456.0    1.8095    0.0120
  030-378          S030-378         S030-854         CONDUIT          168.1    3.1964    0.0130
  030-380          S030-380         S030-462         CONDUIT          128.7    2.2698    0.0120
  030-381          S030-381         S030-375         CONDUIT          490.3    3.9596    0.0120
  030-382          S030-382         S030-380         CONDUIT           22.5    1.1535    0.0120
  030-388          S030-388         S030-389         CONDUIT           31.0   44.4610    0.0120
  030-389          S030-389         S030-390         CONDUIT          141.0    1.0782    0.0120
  030-390          S030-390         S030-721         CONDUIT          180.4    0.8539    0.0120
  030-397          S030-397         S030-397A        CONDUIT          121.0    8.7523    0.0120
  030-397A         S030-397A        S030-382         CONDUIT          174.0    0.5000    0.0120
  030-400          S030-400         S030-380         CONDUIT          121.8    1.4118    0.0120
  030-408          S030-408         S030-409         CONDUIT          472.5    1.1217    0.0130
  030-409          S030-409         S030-378         CONDUIT          325.5    5.1098    0.0130
  030-411          S030-411         S030-153         CONDUIT           88.4   14.1046    0.0120
  030-412          S030-412         S030-153         CONDUIT           71.8    2.4805    0.0160
  030-413          S030-413         S030-706         CONDUIT           33.7    2.4926    0.0140
  030-414          S030-414         S030-413         CONDUIT          150.7   22.0855    0.0130
  030-419          S030-419         S030-413         CONDUIT          357.9    2.0404    0.0130
  030-420          S030-420         S030-419         CONDUIT           96.9    0.9494    0.0130
  030-423          S030-423         S030-420         CONDUIT          630.2    1.1251    0.0120
  030-424          S030-424         S030-423         CONDUIT          153.0    1.2262    0.0120
  030-425          S030-425         S030-424         CONDUIT           55.7    9.9364    0.0120
  030-426          S030-426         S030-425         CONDUIT          121.0    4.6007    0.0120
  030-427          S030-427         S030-426         CONDUIT          100.1    4.6011    0.0120
  030-428          S030-428         S030-427         CONDUIT           96.1    3.2288    0.0120
  030-432          S030-432         S030-426         CONDUIT          238.1    2.4153    0.0130
  030-433          S030-433         S030-432         CONDUIT          311.5    2.4276    0.0130
  030-455          S030-455         S030-456         CONDUIT          157.1    0.7957    0.0120
  030-456          S030-456         S030-458         CONDUIT          167.1    0.9215    0.0120
  030-457          S030-457         S030-458         CONDUIT           21.4    3.1737    0.0130
  030-458          S030-458         S030-459         CONDUIT          203.2    3.0527    0.0120
  030-459          S030-459         S030-460         CONDUIT           99.4    9.1028    0.0120
  030-460          S030-460         S030-461         CONDUIT          301.5    1.3134    0.0120
  030-461          S030-461         S030-425         CONDUIT          271.9    7.0010    0.0120
  030-462          S030-462         S030-381         CONDUIT          187.8    4.3271    0.0120
  030-529          S030-529         S030-531         CONDUIT          182.5    2.8174    0.0130
  030-531          S030-531         S030-039         CONDUIT          310.9    0.2283    0.0150
  030-538          S030-538         S030-041         CONDUIT          173.5    0.1268    0.0130
  030-539          S030-539         S030-538         CONDUIT          159.8    0.0688    0.0130
  030-542          S030-542         S030-539         CONDUIT           49.5    0.0687    0.0130
  030-544          S030-544         S030-542         CONDUIT          159.0    0.2956    0.0130
  030-545          S030-545         S030-544         CONDUIT          242.6    0.0577    0.0130
  030-555          S030-555         S030-545         CONDUIT          145.5    0.0412    0.0130
  030-559          S030-559         S030-555         CONDUIT          102.7    0.2141    0.0130
  030-564          S030-564         S030-559         CONDUIT          193.7    0.0258    0.0130
  030-566          S030-566         S030-564         CONDUIT          249.9    0.3602    0.0130
  030-569          S030-569         S030-566         CONDUIT          133.0    0.4886    0.0130
  030-581          S030-581         S030-884         CONDUIT          102.5   -0.1366    0.0150
  030-583          S030-583         S030-461         CONDUIT           56.3    0.2663    0.0130
  030-584          S030-584         S030-583         CONDUIT          495.8    0.6152    0.0130
  030-592          S030-592         S030-584         CONDUIT          456.2    0.2849    0.0130
  030-679          S030-679         S030-680         CONDUIT          215.1    0.2919    0.0150
  030-680          S030-680         S030-111         CONDUIT          277.6    0.5087    0.0150
  030-691          S030-691         S030-692         CONDUIT          280.7    0.3206    0.0150
  030-692          S030-692         S030-693         CONDUIT          163.2    0.0368    0.0160
  030-693          S030-693         S030-694         CONDUIT           69.8    0.0573    0.0160
  030-694          S030-694         S030-695         CONDUIT           68.9    0.1524    0.0160
  030-695          S030-695         S030-696         CONDUIT          297.2    0.1329    0.0160
  030-696          S030-696         S030-698         CONDUIT          404.0    0.1733    0.0160
  030-698          S030-698         S030-699         CONDUIT          282.7    0.1768    0.0160
  030-699          S030-699         S030-700         CONDUIT          235.6    0.2547    0.0160
  030-700          S030-700         S030-701         CONDUIT          163.1    0.2453    0.0160
  030-701          S030-701         S030-702         CONDUIT          185.1    0.2701    0.0160
  030-702          S030-702         S030-703         CONDUIT          111.9    0.2681    0.0160
  030-703          S030-703         S030-704Ta       CONDUIT          472.5    0.2258    0.0160
  030-704Ub        S030-704         S030-704Tb       CONDUIT          146.9    0.2723    0.0160
  030-704Ta        S030-704Ta       S030-704Tb       CONDUIT           66.5   -0.2512    0.0160
  030-704Tb        S030-704Tb       S030-129         CONDUIT          270.0    0.5111    0.0130
  030-705          S030-705         S030-130         CONDUIT          224.7    0.5073    0.0120
  030-704          S030-705         S030-704         CONDUIT          327.4   -0.0305    0.0150
  030-706          S030-706         S030-412         CONDUIT           20.1    2.6362    0.0130
  030-715          S030-715         S030-716         CONDUIT           20.8   -1.0738    0.0150
  030-716          S030-716         S030-152         CONDUIT           45.1    0.2730    0.0150
  030-717          S030-717         S030-151         CONDUIT           73.7    3.2458    0.0150
  030-718          S030-718         S030-137         CONDUIT          160.9    1.4238    0.0130
  030-721          S030-721         S029-024         CONDUIT           53.2    0.4320    0.0120
  030-851          S030-851         S030-400         CONDUIT           42.7    0.7065    0.0120
  030-854          S030-854         S030-153         CONDUIT          294.0    1.3811    0.0120
  030-883          S030-883         S030-032         CONDUIT          198.3    0.6204    0.0150
  030-884          S030-884         S030-538         CONDUIT          206.5    0.3197    0.0150
  030-989          S030-989         S030-066         CONDUIT          140.9   -0.3408    0.0120
  031-059          S031-059         S031-778         CONDUIT           67.7   11.7758    0.0130
  031-063          S031-063         S031-059         CONDUIT          140.1    7.7892    0.0130
  031-778          S031-778         S031-779         CONDUIT          109.5    4.2842    0.0130
  031-779          S031-779         S028-001         CONDUIT          220.9    1.5177    0.0130
  033-064Ta        S033-064Ta       S029-064         CONDUIT           90.2    1.9407    0.0130
  029-620Ta        SFPS_FM          S029-813         CONDUIT         2367.1   -0.0773    0.0120
  030-475          S030-475         S030-323         CONDUIT          129.3    0.4409    0.0150
  030-474          S030-474         S030-475         CONDUIT          291.9    4.9596    0.0120
  030-473          S030-473         S030-474         CONDUIT           20.6   16.9452    0.0130
  030-337          S030-337         S030-473         CONDUIT           27.6    9.1157    0.0150
  030-324          S030-324         S030-475         CONDUIT           39.4    4.5723    0.0150
  SF_F1            S029-071Ta       S029-620         TYPE3 PUMP  
  SF_F2            S029-071Ta       S029-620         TYPE3 PUMP  
  SF_F3            S029-071Ta       S029-620         TYPE3 PUMP  
  SantaFe_EC       S029-620Ta       SFPS_FM          TYPE3 PUMP  
  
  
  *********************
  Cross Section Summary
  *********************
                                        Full     Full     Hyd.     Max.   No. of     Full
  Conduit          Shape               Depth     Area     Rad.    Width  Barrels     Flow
  ---------------------------------------------------------------------------------------
  028-001          CIRCULAR             2.00     3.14     0.50     2.00        1    31.62
  028-002          CIRCULAR             2.50     4.91     0.62     2.50        1    51.23
  028-307          CIRCULAR             2.50     4.91     0.62     2.50        1    70.72
  029-005          CIRCULAR             2.00     3.14     0.50     2.00        1     3.42
  029-006          CIRCULAR             2.50     4.91     0.62     2.50        1    11.59
  029-007          CIRCULAR             2.50     4.91     0.62     2.50        1    14.76
  029-008          CIRCULAR             2.50     4.91     0.62     2.50        1    14.12
  029-009          CIRCULAR             3.00     7.07     0.75     3.00        1    31.00
  029-010          CIRCULAR             3.00     7.07     0.75     3.00        1    77.20
  029-011.1        CIRCULAR             3.00     7.07     0.75     3.00        1    61.42
  029-011.2        CIRCULAR             3.00     7.07     0.75     3.00        1    87.87
  029-014          CIRCULAR             3.00     7.07     0.75     3.00        1   103.98
  029-015          CIRCULAR             3.00     7.07     0.75     3.00        1    38.59
  029-016          CIRCULAR             2.50     4.91     0.62     2.50        1    10.71
  029-017          CIRCULAR             2.50     4.91     0.62     2.50        1    12.19
  029-018          CIRCULAR             2.50     4.91     0.62     2.50        1    29.35
  029-020          CIRCULAR             2.50     4.91     0.62     2.50        1    36.43
  029-021          CIRCULAR             2.50     4.91     0.62     2.50        1    26.05
  029-024          CIRCULAR             4.00    12.57     1.00     4.00        1   200.27
  029-025          CIRCULAR             4.00    12.57     1.00     4.00        1   356.97
  029-026          CIRCULAR             3.75    11.04     0.94     3.75        1   376.93
  029-027          CIRCULAR             4.00    12.57     1.00     4.00        1   237.07
  029-058          CIRCULAR             1.25     1.23     0.31     1.25        1     3.22
  029-059          CIRCULAR             1.25     1.23     0.31     1.25        1     3.98
  029-060          CIRCULAR             1.25     1.23     0.31     1.25        1     1.37
  029-061          CIRCULAR             1.25     1.23     0.31     1.25        1     4.84
  029-062          CIRCULAR             1.25     1.23     0.31     1.25        1     3.80
  029-063          CIRCULAR             1.25     1.23     0.31     1.25        1     2.61
  029-064          CIRCULAR             2.00     3.14     0.50     2.00        1    53.05
  029-065          CIRCULAR             4.00    12.57     1.00     4.00        1   190.40
  029-066          CIRCULAR             3.00     7.07     0.75     3.00        1    45.29
  029-067          CIRCULAR             3.00     7.07     0.75     3.00        1    49.62
  029-068          CIRCULAR             3.00     7.07     0.75     3.00        1    50.30
  029-071          RECT_CLOSED         10.00   100.00     2.50    10.00        1  3645.03
  029-071Tab       CIRCULAR             5.00    19.63     1.25     5.00        2   455.87
  029-073          CIRCULAR             3.00     7.07     0.75     3.00        1    42.47
  029-075          CIRCULAR             4.00    12.57     1.00     4.00        1   315.15
  029-085          CIRCULAR             4.00    12.57     1.00     4.00        1   366.94
  029-304          CIRCULAR             4.00    12.57     1.00     4.00        1   541.60
  029-620          CIRCULAR            10.00    78.54     2.50    10.00        1  1561.32
  029-825a         CIRCULAR             3.75    11.04     0.94     3.75        1   301.05
  029-825b         CIRCULAR             1.00     0.79     0.25     1.00        1     3.12
  029-827          CIRCULAR             4.00    12.57     1.00     4.00        1   166.12
  030-025          CIRCULAR             2.00     3.14     0.50     2.00        1     8.77
  030-032          CIRCULAR             2.00     3.14     0.50     2.00        1    12.32
  030-035          CIRCULAR             2.00     3.14     0.50     2.00        1     9.71
  030-039          CIRCULAR             2.50     4.91     0.62     2.50        1    14.35
  030-041          CIRCULAR             4.00    12.57     1.00     4.00        1    71.93
  030-050          CIRCULAR             5.00    19.63     1.25     5.00        1   174.70
  030-052          CIRCULAR             5.00    19.63     1.25     5.00        1     7.94
  030-053          CIRCULAR             2.50     4.91     0.62     2.50        1     8.57
  030-054          CIRCULAR             2.50     4.91     0.62     2.50        1    43.70
  030-057          CIRCULAR             2.00     3.14     0.50     2.00        1    17.82
  030-059          CIRCULAR             2.50     4.91     0.62     2.50        1     8.82
  030-065          CIRCULAR             5.00    19.63     1.25     5.00        1   141.46
  030-066          CIRCULAR             5.00    19.63     1.25     5.00        1   108.38
  030-068          CIRCULAR             4.25    14.19     1.06     4.25        1   116.45
  030-074          CIRCULAR             4.25    14.19     1.06     4.25        1   157.75
  030-076          CIRCULAR             4.25    14.19     1.06     4.25        1   157.23
  030-080          CIRCULAR             5.00    19.63     1.25     5.00        1   124.67
  030-098          CIRCULAR             2.50     4.91     0.62     2.50        1    28.81
  030-102          CIRCULAR             2.50     4.91     0.62     2.50        1    28.43
  030-106          CIRCULAR             5.00    19.63     1.25     5.00        1    83.14
  030-107          CIRCULAR             5.00    19.63     1.25     5.00        1   156.38
  030-109          CIRCULAR             4.25    14.19     1.06     4.25        1   122.40
  030-110          CIRCULAR             4.00    12.57     1.00     4.00        1   170.85
  030-111          CIRCULAR             4.00    12.57     1.00     4.00        1   161.00
  030-112          CIRCULAR             4.00    12.57     1.00     4.00        1    88.23
  030-113          RECT_CLOSED          5.50    24.75     1.24     4.50        1   195.26
  030-116          CIRCULAR             5.00    19.63     1.25     5.00        1   212.01
  030-117          CIRCULAR             5.00    19.63     1.25     5.00        1    44.68
  030-118          CIRCULAR             5.00    19.63     1.25     5.00        1   137.72
  030-119          CIRCULAR             5.00    19.63     1.25     5.00        1   179.60
  030-120          CIRCULAR             5.00    19.63     1.25     5.00        1   292.65
  030-123          RECT_CLOSED          5.50    24.75     1.24     4.50        1   241.83
  030-124          CIRCULAR             2.25     3.98     0.56     2.25        1     7.24
  030-125          CIRCULAR             2.25     3.98     0.56     2.25        1    12.09
  030-126          CIRCULAR             2.50     4.91     0.62     2.50        1    22.68
  030-127          CIRCULAR             2.75     5.94     0.69     2.75        1    39.97
  030-128          CIRCULAR             3.00     7.07     0.75     3.00        1    26.67
  030-129          RECT_CLOSED         10.00   100.00     2.50    10.00        1  1262.50
  030-130          CIRCULAR             2.00     3.14     0.50     2.00        1    34.32
  030-131          CIRCULAR             2.00     3.14     0.50     2.00        1    13.77
  030-132          CIRCULAR             2.00     3.14     0.50     2.00        1    29.23
  030-133          CIRCULAR             4.50    15.90     1.12     4.50        1   192.60
  030-134          CIRCULAR             4.50    15.90     1.12     4.50        1   120.56
  030-137          CIRCULAR             4.50    15.90     1.12     4.50        1   140.36
  030-148          CIRCULAR             4.50    15.90     1.12     4.50        1   230.80
  030-149          CIRCULAR             4.50    15.90     1.12     4.50        1   139.25
  030-150          CIRCULAR             4.50    15.90     1.12     4.50        1   103.31
  030-151          CIRCULAR             4.50    15.90     1.12     4.50        1   202.03
  030-152          CIRCULAR             4.50    15.90     1.12     4.50        1   216.76
  030-153          CIRCULAR             4.50    15.90     1.12     4.50        1   145.56
  030-166          CIRCULAR             2.00     3.14     0.50     2.00        1    30.07
  030-167          CIRCULAR             2.00     3.14     0.50     2.00        1    13.62
  030-273          CIRCULAR             3.00     7.07     0.75     3.00        1    70.34
  030-281          CIRCULAR             2.00     3.14     0.50     2.00        1    23.95
  030-284          CIRCULAR             2.00     3.14     0.50     2.00        1    22.67
  030-301          CIRCULAR             2.00     3.14     0.50     2.00        1    32.77
  030-308          CIRCULAR             2.50     4.91     0.62     2.50        1   135.27
  030-309          CIRCULAR             2.00     3.14     0.50     2.00        1    48.33
  030-310          CIRCULAR             2.00     3.14     0.50     2.00        1    46.38
  030-312          CIRCULAR             2.00     3.14     0.50     2.00        1    50.13
  030-323          CIRCULAR             3.00     7.07     0.75     3.00        1   170.71
  030-342          CIRCULAR             2.00     3.14     0.50     2.00        1    99.67
  030-351          CIRCULAR             3.00     7.07     0.75     3.00        1    95.88
  030-352          CIRCULAR             3.00     7.07     0.75     3.00        1   120.44
  030-365          CIRCULAR             3.00     7.07     0.75     3.00        1   144.09
  030-366          CIRCULAR             3.00     7.07     0.75     3.00        1   103.79
  030-375          CIRCULAR             3.00     7.07     0.75     3.00        1   106.12
  030-376          CIRCULAR             3.00     7.07     0.75     3.00        1    97.20
  030-378          CIRCULAR             1.50     1.77     0.38     1.50        1    18.78
  030-380          CIRCULAR             2.50     4.91     0.62     2.50        1    66.95
  030-381          CIRCULAR             2.67     5.59     0.67     2.67        1   105.06
  030-382          CIRCULAR             2.67     5.59     0.67     2.67        1    56.70
  030-388          CIRCULAR             4.00    12.57     1.00     4.00        1  1037.62
  030-389          CIRCULAR             4.00    12.57     1.00     4.00        1   161.58
  030-390          CIRCULAR             4.00    12.57     1.00     4.00        1   143.79
  030-397          CIRCULAR             2.00     3.14     0.50     2.00        1    72.50
  030-397A         CIRCULAR             2.00     3.14     0.50     2.00        1    17.33
  030-400          CIRCULAR             2.00     3.14     0.50     2.00        1    29.12
  030-408          CIRCULAR             2.00     3.14     0.50     2.00        1    23.96
  030-409          CIRCULAR             1.50     1.77     0.38     1.50        1    23.74
  030-411          CIRCULAR             3.00     7.07     0.75     3.00        1   271.37
  030-412          CIRCULAR             4.00    12.57     1.00     4.00        1   183.81
  030-413          CIRCULAR             4.50    15.90     1.12     4.50        1   288.29
  030-414          CIRCULAR             2.00     3.14     0.50     2.00        1   106.31
  030-419          CIRCULAR             4.00    12.57     1.00     4.00        1   205.18
  030-420          CIRCULAR             4.00    12.57     1.00     4.00        1   139.96
  030-423          CIRCULAR             4.00    12.57     1.00     4.00        1   165.06
  030-424          CIRCULAR             4.00    12.57     1.00     4.00        1   172.32
  030-425          CIRCULAR             4.00    12.57     1.00     4.00        1   490.53
  030-426          CIRCULAR             3.00     7.07     0.75     3.00        1   154.98
  030-427          CIRCULAR             2.50     4.91     0.62     2.50        1    95.31
  030-428          CIRCULAR             2.50     4.91     0.62     2.50        1    79.85
  030-432          CIRCULAR             2.00     3.14     0.50     2.00        1    35.16
  030-433          CIRCULAR             2.00     3.14     0.50     2.00        1    35.25
  030-455          CIRCULAR             3.00     7.07     0.75     3.00        1    64.45
  030-456          CIRCULAR             3.00     7.07     0.75     3.00        1    69.36
  030-457          CIRCULAR             3.00     7.07     0.75     3.00        1   118.82
  030-458          CIRCULAR             3.00     7.07     0.75     3.00        1   126.25
  030-459          CIRCULAR             3.00     7.07     0.75     3.00        1   218.00
  030-460          CIRCULAR             3.00     7.07     0.75     3.00        1    82.81
  030-461          CIRCULAR             4.00    12.57     1.00     4.00        1   411.74
  030-462          CIRCULAR             2.50     4.91     0.62     2.50        1    92.43
  030-529          CIRCULAR             2.00     3.14     0.50     2.00        1    37.97
  030-531          CIRCULAR             2.50     4.91     0.62     2.50        1    16.99
  030-538          CIRCULAR             4.00    12.57     1.00     4.00        1    51.15
  030-539          CIRCULAR             4.00    12.57     1.00     4.00        1    37.69
  030-542          CIRCULAR             4.00    12.57     1.00     4.00        1    37.64
  030-544          CIRCULAR             4.00    12.57     1.00     4.00        1    78.10
  030-545          CIRCULAR             3.50     9.62     0.88     3.50        1    24.17
  030-555          CIRCULAR             3.00     7.07     0.75     3.00        1    13.54
  030-559          CIRCULAR             3.00     7.07     0.75     3.00        1    30.86
  030-564          CIRCULAR             3.00     7.07     0.75     3.00        1    10.72
  030-566          CIRCULAR             2.50     4.91     0.62     2.50        1    24.62
  030-569          CIRCULAR             2.50     4.91     0.62     2.50        1    28.67
  030-581          CIRCULAR             2.00     3.14     0.50     2.00        1     7.25
  030-583          CIRCULAR             2.50     4.91     0.62     2.50        1    21.17
  030-584          CIRCULAR             2.50     4.91     0.62     2.50        1    32.17
  030-592          CIRCULAR             2.50     4.91     0.62     2.50        1    21.89
  030-679          CIRCULAR             4.00    12.57     1.00     4.00        1    67.26
  030-680          CIRCULAR             4.00    12.57     1.00     4.00        1    88.79
  030-691          CIRCULAR             3.00     7.07     0.75     3.00        1    32.73
  030-692          CIRCULAR             3.00     7.07     0.75     3.00        1    10.39
  030-693          CIRCULAR             4.00    12.57     1.00     4.00        1    27.94
  030-694          CIRCULAR             4.00    12.57     1.00     4.00        1    45.56
  030-695          CIRCULAR             4.00    12.57     1.00     4.00        1    42.55
  030-696          CIRCULAR             4.00    12.57     1.00     4.00        1    48.58
  030-698          CIRCULAR             4.00    12.57     1.00     4.00        1    49.08
  030-699          CIRCULAR             4.00    12.57     1.00     4.00        1    58.90
  030-700          CIRCULAR             4.67    17.11     1.17     4.67        1    87.21
  030-701          CIRCULAR             4.67    17.11     1.17     4.67        1    91.52
  030-702          CIRCULAR             6.25    30.68     1.56     6.25        1   198.65
  030-703          CIRCULAR             5.92    27.50     1.48     5.92        1   157.55
  030-704Ub        RECT_CLOSED         10.00   100.00     2.50    10.00        1   892.80
  030-704Ta        CIRCULAR             5.92    27.50     1.48     5.92        1   166.17
  030-704Tb        RECT_CLOSED         10.00   100.00     2.50    10.00        1  1505.30
  030-705          CIRCULAR             2.00     3.14     0.50     2.00        1    17.46
  030-704          RECT_CLOSED         10.00   100.00     2.50    10.00        1   318.93
  030-706          CIRCULAR             4.00    12.57     1.00     4.00        1   233.22
  030-715          CIRCULAR             4.50    15.90     1.12     4.50        1   176.61
  030-716          CIRCULAR             4.50    15.90     1.12     4.50        1    89.05
  030-717          CIRCULAR             4.50    15.90     1.12     4.50        1   307.05
  030-718          CIRCULAR             4.50    15.90     1.12     4.50        1   234.65
  030-721          CIRCULAR             4.00    12.57     1.00     4.00        1   102.28
  030-851          CIRCULAR             2.00     3.14     0.50     2.00        1    20.60
  030-854          CIRCULAR             2.00     3.14     0.50     2.00        1    28.80
  030-883          CIRCULAR             2.00     3.14     0.50     2.00        1    15.44
  030-884          CIRCULAR             2.00     3.14     0.50     2.00        1    11.09
  030-989          CIRCULAR             5.00    19.63     1.25     5.00        1   164.70
  031-059          CIRCULAR             2.00     3.14     0.50     2.00        1    77.63
  031-063          CIRCULAR             2.00     3.14     0.50     2.00        1    63.14
  031-778          CIRCULAR             2.00     3.14     0.50     2.00        1    46.82
  031-779          CIRCULAR             2.00     3.14     0.50     2.00        1    27.87
  033-064Ta        CIRCULAR             2.00     3.14     0.50     2.00        1    31.51
  029-620Ta        CIRCULAR             4.00    12.57     1.00     4.00        1    43.26
  030-475          CIRCULAR             3.00     7.07     0.75     3.00        1    38.38
  030-474          CIRCULAR             2.00     3.14     0.50     2.00        1    54.58
  030-473          CIRCULAR             2.00     3.14     0.50     2.00        1    93.12
  030-337          CIRCULAR             2.00     3.14     0.50     2.00        1    59.20
  030-324          CIRCULAR             3.00     7.07     0.75     3.00        1   123.60
  
  
  ****************
  Analysis Options
  ****************
  Flow Units ............... CFS
  Process Models:
    Rainfall/Runoff ........ YES
    RDII ................... NO
    Snowmelt ............... NO
    Groundwater ............ NO
    Flow Routing ........... YES
    Ponding Allowed ........ NO
    Water Quality .......... NO
  Infiltration Method ...... GREEN_AMPT
  Flow Routing Method ...... DYNWAVE
  Surcharge Method ......... EXTRAN
  Starting Date ............ 09/01/2006 00:00:00
  Ending Date .............. 09/03/2006 00:15:00
  Antecedent Dry Days ...... 0.0
  Report Time Step ......... 00:15:00
  Wet Time Step ............ 00:01:00
  Dry Time Step ............ 00:00:00
  Routing Time Step ........ 30.00 sec
  Variable Time Step ....... YES
  Maximum Trials ........... 8
  Number of Threads ........ 1
  Head Tolerance ........... 0.005000 ft
  
  
  **************************        Volume         Depth
  Runoff Quantity Continuity     acre-feet        inches
  **************************     ---------       -------
  Total Precipitation ......       115.278         2.395
  Evaporation Loss .........         0.000         0.000
  Infiltration Loss ........        31.795         0.661
  Surface Runoff ...........        81.550         1.694
  Final Storage ............         1.976         0.041
  Continuity Error (%) .....        -0.036
  
  
  **************************        Volume        Volume
  Flow Routing Continuity        acre-feet      10^6 gal
  **************************     ---------     ---------
  Dry Weather Inflow .......       248.138        80.859
  Wet Weather Inflow .......        81.540        26.571
  Groundwater Inflow .......         0.000         0.000
  RDII Inflow ..............         0.000         0.000
  External Inflow ..........         0.000         0.000
  External Outflow .........       203.594        66.344
  Flooding Loss ............       111.980        36.490
  Evaporation Loss .........         0.000         0.000
  Exfiltration Loss ........         0.000         0.000
  Initial Stored Volume ....         0.000         0.000
  Final Stored Volume ......         9.448         3.079
  Continuity Error (%) .....         1.412
  
  
  *************************
  Highest Continuity Errors
  *************************
  Node S030-705 (12.76%)
  Node S030-127 (2.82%)
  Node S030-076 (2.21%)
  Node S030-068 (2.15%)
  Node S030-128 (2.14%)
  
  
  ***************************
  Time-Step Critical Elements
  ***************************
  Link 029-825b (65.54%)
  Link 029-060 (25.47%)
  Link 029-059 (2.01%)
  Link 029-058 (1.54%)
  
  
  ********************************
  Highest Flow Instability Indexes
  ********************************
  Link 030-704 (90)
  Link 029-061 (88)
  Link 029-014 (86)
  Link 030-098 (83)
  Link 030-691 (82)
  
  
  *********************************
  Most Frequent Nonconverging Nodes
  *********************************
  Node S029-813 (50.72%)
  Node S029-CSOII (50.72%)
  Node S029-CSOIV (50.72%)
  Node S030-149 (31.03%)
  Node S030-148 (23.03%)
  
  
  *************************
  Routing Time Step Summary
  *************************
  Minimum Time Step           :     0.41 sec
  Average Time Step           :     5.74 sec
  Maximum Time Step           :    30.00 sec
  % of Time in Steady State   :     0.00
  Average Iterations per Step :     7.04
  % of Steps Not Converging   :    50.72
  Time Step Frequencies       :
     30.000 -  3.817 sec      :    92.09 %
      3.817 -  0.486 sec      :     7.91 %
      0.486 -  0.062 sec      :     0.00 %
      0.062 -  0.008 sec      :     0.00 %
      0.008 -  0.001 sec      :     0.00 %
  
  
  ***************************
  Subcatchment Runoff Summary
  ***************************
  
  ------------------------------------------------------------------------------------------------------------------------------
                            Total      Total      Total      Total     Imperv       Perv      Total       Total     Peak  Runoff
                           Precip      Runon       Evap      Infil     Runoff     Runoff     Runoff      Runoff   Runoff   Coeff
  Subcatchment                 in         in         in         in         in         in         in    10^6 gal      CFS
  ------------------------------------------------------------------------------------------------------------------------------
  S029-005#1                 2.39       0.00       0.00       1.37       0.19       0.83       1.02        0.47    21.88   0.426
  S029-007#1                 2.40       0.00       0.00       1.29       0.19       0.91       1.10        0.18    10.19   0.457
  S029-010#1                 2.39       0.00       0.00       1.15       0.47       0.76       1.23        0.25    13.11   0.513
  S029-016#1                 2.39       0.00       0.00       0.98       0.52       0.88       1.40        0.66    53.37   0.584
  S029-024#1                 2.40       0.00       0.00       0.42       1.50       0.43       1.93        0.81    59.76   0.804
  S029-026#1                 2.39       0.00       0.00       0.98       0.47       0.93       1.40        0.30    26.33   0.584
  S029-071#1                 2.39       0.00       0.00       0.90       0.85       0.62       1.47        0.59    31.23   0.612
  S029-827#1                 2.39       0.00       0.00       0.49       1.38       0.48       1.86        0.80    58.93   0.776
  S030-025#1                 2.39       0.00       0.00       0.85       0.67       0.85       1.53        0.20    17.65   0.638
  S030-039#1                 2.40       0.00       0.00       0.44       1.53       0.38       1.90        0.60    32.31   0.794
  S030-053#1                 2.39       0.00       0.00       0.36       1.69       0.29       1.97        0.61    24.11   0.824
  S030-065#1                 2.40       0.00       0.00       0.60       1.28       0.48       1.75        0.27    15.40   0.732
  S030-074#1                 2.40       0.00       0.00       0.94       0.74       0.69       1.43        1.22    73.78   0.599
  S030-080#1                 2.39       0.00       0.00       0.64       1.22       0.49       1.72        0.31    16.74   0.716
  S030-098#1                 2.39       0.00       0.00       0.39       1.66       0.29       1.94        2.88    98.07   0.812
  S030-106#1                 2.39       0.00       0.00       0.40       1.58       0.36       1.94        0.22    12.16   0.810
  S030-113#1                 2.40       0.00       0.00       0.49       1.54       0.31       1.85        0.68    18.77   0.771
  S030-117#1                 2.40       0.00       0.00       0.33       1.70       0.30       2.00        0.54    28.91   0.836
  S030-124#1                 2.40       0.00       0.00       1.07       0.56       0.75       1.31        0.31    17.94   0.546
  S030-126#1                 2.39       0.00       0.00       0.49       1.45       0.41       1.86        0.33    18.60   0.776
  S030-128#1                 2.40       0.00       0.00       0.73       1.10       0.53       1.63        0.36    18.34   0.680
  S030-132#1                 2.40       0.00       0.00       0.22       1.90       0.21       2.11        0.21    10.38   0.881
  S030-137#1                 2.39       0.00       0.00       0.38       1.57       0.39       1.96        0.28    19.68   0.818
  S030-153#1                 2.40       0.00       0.00       0.76       0.92       0.68       1.60        0.96    71.74   0.669
  S030-166#1                 2.39       0.00       0.00       0.92       0.49       0.97       1.46        0.24    23.55   0.610
  S030-273#1                 2.39       0.00       0.00       0.86       0.66       0.86       1.51        0.06     5.14   0.632
  S030-281#1                 2.40       0.00       0.00       0.68       0.94       0.76       1.69        0.02     1.71   0.706
  S030-301#1                 2.39       0.00       0.00       0.41       1.54       0.40       1.94        0.70    48.08   0.808
  S030-308#1                 2.39       0.00       0.00       0.49       1.36       0.50       1.86        0.44    33.68   0.778
  S030-323#1                 2.39       0.00       0.00       0.28       1.77       0.29       2.06        0.67    44.82   0.860
  S030-342#1                 2.39       0.00       0.00       0.67       1.01       0.69       1.69        0.47    39.20   0.707
  S030-366#1                 2.39       0.00       0.00       0.30       1.73       0.30       2.04        1.44    96.90   0.851
  S030-397#1                 2.39       0.00       0.00       0.17       1.96       0.19       2.16        0.26    17.54   0.901
  S030-408#1                 2.40       0.00       0.00       0.55       1.22       0.58       1.80        0.09     6.92   0.753
  S030-420#1                 2.40       0.00       0.00       0.71       0.94       0.71       1.65        0.19    15.75   0.689
  S030-426#1                 2.40       0.00       0.00       0.54       1.25       0.56       1.81        0.22    17.09   0.755
  S030-433#1                 2.39       0.00       0.00       0.45       1.42       0.49       1.90        0.10     7.40   0.795
  S030-458#1                 2.39       0.00       0.00       0.66       1.04       0.66       1.70        0.40    32.93   0.709
  S030-538#1                 2.39       0.00       0.00       0.25       1.88       0.20       2.08        0.33     9.44   0.867
  S030-559#1                 2.39       0.00       0.00       0.42       1.51       0.42       1.92        0.24    17.12   0.802
  S030-569#1                 2.40       0.00       0.00       0.44       1.43       0.48       1.91        0.03     2.47   0.799
  S030-592#1                 2.40       0.00       0.00       0.64       1.08       0.63       1.72        0.35    28.07   0.718
  S030-679#1                 2.39       0.00       0.00       0.88       0.84       0.64       1.48        0.73    42.18   0.619
  S030-691#1                 2.40       0.00       0.00       0.72       1.04       0.60       1.64        0.10     6.61   0.684
  S030-693#1                 2.39       0.00       0.00       1.05       0.47       0.85       1.33        0.36    25.66   0.554
  S030-698#1                 2.39       0.00       0.00       0.49       1.47       0.38       1.86        0.78    36.27   0.775
  S030-700#1                 2.40       0.00       0.00       1.05       0.91       0.40       1.31        0.52    11.65   0.546
  S030-704Ta#1               2.39       0.00       0.00       0.98       0.73       0.66       1.39        0.79    41.95   0.581
  S030-851#1                 2.39       0.00       0.00       0.71       0.97       0.68       1.66        0.18    14.49   0.692
  S030-883#1                 2.40       0.00       0.00       0.26       1.87       0.20       2.06        1.60    41.02   0.862
  S031-063#1                 2.39       0.00       0.00       1.14       0.32       0.92       1.24        0.51    36.23   0.519
  S033-064Ta#1               2.40       0.00       0.00       1.03       0.29       1.07       1.36        0.26    27.40   0.567
  S030-337#1                 2.40       0.00       0.00       0.51       1.45       0.39       1.84        0.50    22.88   0.767
  
  
  ******************
  Node Depth Summary
  ******************
  
  ---------------------------------------------------------------------------------
                                 Average  Maximum  Maximum  Time of Max    Reported
                                   Depth    Depth      HGL   Occurrence   Max Depth
  Node                 Type         Feet     Feet     Feet  days hr:min        Feet
  ---------------------------------------------------------------------------------
  S028-001             JUNCTION     1.44     5.84   819.49     0  17:15        3.71
  S028-002             JUNCTION     1.47     4.19   813.22     0  17:15        3.29
  S028-307             JUNCTION     1.44     7.06   811.76     0  17:11        6.02
  S029-005             JUNCTION     4.61    11.30   750.52     0  17:10       11.30
  S029-006             JUNCTION     4.94    10.70   749.52     0  17:12       10.65
  S029-007             JUNCTION     5.22    10.80   749.30     0  17:13       10.74
  S029-008             JUNCTION     5.48    10.42   748.62     0  17:13       10.23
  S029-009             JUNCTION     5.86    10.24   748.00     0  17:08        9.73
  S029-010             JUNCTION     6.51    10.67   747.67     0  17:08       10.01
  S029-011             JUNCTION     7.06    11.14   747.54     0  17:08       10.47
  S029-014             JUNCTION     4.78     8.16   747.19     0  17:07        7.52
  S029-015             JUNCTION     3.13     7.47   748.43     0  17:03        6.92
  S029-016             JUNCTION     2.62     8.54   750.22     0  17:05        8.54
  S029-017             JUNCTION     2.42     8.60   750.57     0  17:05        8.38
  S029-018             JUNCTION     1.65     7.47   750.81     0  17:05        7.19
  S029-020             JUNCTION     3.37     8.80   750.62     0  17:05        8.80
  S029-021             JUNCTION     2.89     8.55   750.85     0  17:05        8.32
  S029-024             JUNCTION     1.76     8.02   811.01     0  17:13        7.42
  S029-025             JUNCTION     1.60     3.98   789.68     0  00:02        3.76
  S029-026             JUNCTION     1.58     8.03   767.34     0  17:13        7.63
  S029-027             JUNCTION     2.06    10.84   752.72     0  17:15       10.84
  S029-058             JUNCTION     1.91     9.50   756.92     0  00:04        7.65
  S029-059             JUNCTION     2.11     7.27   754.29     0  00:04        7.27
  S029-060             JUNCTION     2.50     6.90   753.13     0  17:11        6.26
  S029-061             JUNCTION     2.46     5.55   751.45     0  17:11        5.01
  S029-062             JUNCTION     2.91     4.00   748.92     0  00:04        4.00
  S029-063             JUNCTION     3.09     6.54   750.53     0  17:05        5.93
  S029-064             JUNCTION     1.40     7.07   751.17     0  17:05        6.78
  S029-065             JUNCTION    13.16    17.36   747.21     0  17:07       16.60
  S029-066             JUNCTION     8.26    12.22   747.27     0  17:08       11.43
  S029-067             JUNCTION     6.50    10.42   747.42     0  17:08        9.72
  S029-068             JUNCTION     7.05    11.04   747.48     0  17:08       10.38
  S029-071             JUNCTION    20.74    24.70   746.84     0  17:07       24.42
  S029-073             JUNCTION    12.91    17.16   747.28     0  17:08       16.38
  S029-075             JUNCTION     1.63     4.11   797.46     0  00:02        3.89
  S029-085             JUNCTION     1.57     4.37   804.04     0  00:02        3.50
  S029-304             JUNCTION     1.50     3.57   780.94     0  17:15        3.38
  S029-620             JUNCTION     1.83     1.95   721.12     0  02:27        1.91
  S029-825             JUNCTION     2.55    24.11   771.33     0  00:04       11.90
  S029-827             JUNCTION     1.93    11.00   772.00     0  00:03       11.00
  S030-025             JUNCTION     7.83    11.48   747.05     0  17:04       11.48
  S030-032             JUNCTION     7.86    13.16   748.83     0  17:08       13.16
  S030-035             JUNCTION     8.53    12.02   746.81     0  17:14       12.01
  S030-039             JUNCTION     9.65    13.26   746.85     0  17:15       13.25
  S030-041             JUNCTION     8.79    10.58   745.09     0  17:06       10.51
  S030-050             JUNCTION     9.29    10.96   744.93     0  17:06       10.89
  S030-052             JUNCTION    10.59    12.26   744.86     0  17:15       12.25
  S030-053             JUNCTION    10.49    11.97   744.68     0  17:01       11.97
  S030-054             JUNCTION     9.92    11.77   745.05     0  17:11       11.74
  S030-057             JUNCTION     3.70     9.49   749.72     0  17:06        8.25
  S030-059             JUNCTION     9.88    12.58   745.92     0  17:15       12.58
  S030-065             JUNCTION    10.84    12.58   744.87     0  17:14       12.58
  S030-066             JUNCTION    10.58    12.28   744.85     0  17:15       12.28
  S030-068             JUNCTION     5.77     9.95   747.80     0  17:06        9.40
  S030-074             JUNCTION     7.95    11.83   747.24     0  17:06       11.83
  S030-076             JUNCTION     8.00    11.96   747.34     0  17:06       11.89
  S030-080             JUNCTION    11.67    13.43   744.84     0  17:14       13.42
  S030-098             JUNCTION    11.70    14.63   746.00     0  17:07       14.63
  S030-102             JUNCTION    12.44    13.73   744.30     0  06:49       13.73
  S030-106             JUNCTION    12.44    14.15   744.75     0  17:14       14.15
  S030-107             JUNCTION    11.96    13.70   744.80     0  17:15       13.67
  S030-109             JUNCTION    10.39    14.66   747.43     0  17:06       14.48
  S030-110             JUNCTION     6.73    11.26   748.02     0  17:06       11.01
  S030-111             JUNCTION     5.99    10.65   748.23     0  17:06       10.25
  S030-112             JUNCTION     8.60    13.11   747.81     0  17:06       12.93
  S030-113             JUNCTION    11.94    15.86   746.99     0  17:06       15.80
  S030-116             JUNCTION    12.72    14.39   744.68     0  17:15       14.37
  S030-117             JUNCTION    13.73    15.34   744.60     0  17:14       15.33
  S030-118             JUNCTION    13.75    15.22   744.44     0  17:15       15.22
  S030-119             JUNCTION    14.51    15.82   744.25     0  06:49       15.82
  S030-120             JUNCTION    15.18    16.97   744.71     0  17:14       16.96
  S030-123             JUNCTION    13.98    17.60   746.61     0  17:06       17.60
  S030-124             JUNCTION     7.96    13.69   749.08     0  17:09       13.69
  S030-125             JUNCTION     8.10    13.40   748.63     0  17:07       13.40
  S030-126             JUNCTION     8.60    13.78   748.46     0  17:07       13.78
  S030-127             JUNCTION     9.58    14.45   748.06     0  17:15       14.43
  S030-128             JUNCTION    12.33    16.96   747.68     0  17:14       16.96
  S030-129             JUNCTION    19.47    23.20   746.62     0  17:07       23.20
  S030-130             JUNCTION    13.21    16.95   746.74     0  17:11       16.83
  S030-131             JUNCTION    11.15    15.41   747.36     0  17:11       15.24
  S030-132             JUNCTION     6.68    11.00   747.80     0  17:11       11.00
  S030-133             JUNCTION    14.24    17.65   746.46     0  17:11       17.61
  S030-134             JUNCTION    13.34    16.51   746.29     0  08:44       16.51
  S030-137             JUNCTION    11.72    15.07   746.57     0  17:12       15.06
  S030-148             JUNCTION     8.45    11.59   746.64     0  17:19       11.57
  S030-149             JUNCTION     8.05    11.10   746.63     0  08:38       11.10
  S030-150             JUNCTION     7.68    11.77   747.74     0  17:13       11.72
  S030-151             JUNCTION     6.46    11.90   749.23     0  17:18       11.86
  S030-152             JUNCTION     2.23    10.64   752.80     0  17:14       10.61
  S030-153             JUNCTION     3.44    13.50   755.12     0  17:07       13.50
  S030-166             JUNCTION     1.14     6.35   753.65     0  17:06        5.41
  S030-167             JUNCTION     1.29     7.89   751.65     0  17:06        7.89
  S030-273             JUNCTION     1.15     1.56   906.81     0  17:15        1.56
  S030-281             JUNCTION     1.16     1.69   903.24     0  17:15        1.63
  S030-284             JUNCTION     1.24     5.84   903.63     0  17:12        5.47
  S030-301             JUNCTION     1.28     8.84   903.30     0  17:15        8.83
  S030-308             JUNCTION     1.25     2.46   874.99     0  17:14        2.43
  S030-309             JUNCTION     1.30     2.78   879.15     0  17:14        2.72
  S030-310             JUNCTION     1.28     3.71   885.15     0  17:15        2.95
  S030-312             JUNCTION     1.25     2.63   892.39     0  17:13        2.63
  S030-323             JUNCTION     1.33     2.33   895.56     0  17:15        2.33
  S030-342             JUNCTION     1.10     1.88   841.20     0  17:15        1.88
  S030-351             JUNCTION     1.49     5.47   865.50     0  00:00        2.89
  S030-352             JUNCTION     1.41     2.64   873.51     0  17:15        2.63
  S030-365             JUNCTION     1.42     3.07   854.57     0  17:15        3.02
  S030-366             JUNCTION     1.58    18.13   848.83     0  17:15       18.11
  S030-375             JUNCTION     1.35     2.18   775.24     0  17:16        2.17
  S030-376             JUNCTION     1.38     2.25   769.37     0  17:16        2.24
  S030-378             JUNCTION     1.24     1.68   754.98     0  17:15        1.67
  S030-380             JUNCTION     1.31     2.26   806.26     0  17:15        2.26
  S030-381             JUNCTION     1.30     2.05   795.01     0  17:16        2.05
  S030-382             JUNCTION     1.26     2.05   806.68     0  17:15        2.05
  S030-388             JUNCTION     1.26    16.10   837.34     0  00:00        2.08
  S030-389             JUNCTION     1.64    10.10   816.46     0  00:00        8.39
  S030-390             JUNCTION     1.70    10.70   815.49     0  00:00        8.31
  S030-397             JUNCTION     1.11     1.68   819.15     0  17:15        1.68
  S030-397A            JUNCTION     1.29     2.66   809.48     0  17:15        2.66
  S030-400             JUNCTION     1.22     2.02   808.00     0  17:15        2.02
  S030-408             JUNCTION     1.17     1.75   778.16     0  17:15        1.75
  S030-409             JUNCTION     1.17     1.58   771.49     0  17:15        1.58
  S030-411             JUNCTION     1.25     1.73   760.00     0  17:16        1.72
  S030-412             JUNCTION     1.77    14.14   757.84     0  17:14       14.06
  S030-413             JUNCTION     1.61     4.15   769.84     0  17:13        4.05
  S030-414             JUNCTION     1.13     1.85   802.18     0  17:14        1.85
  S030-419             JUNCTION     1.61     3.98   786.52     0  17:15        3.98
  S030-420             JUNCTION     1.72     5.98   797.94     0  17:16        5.42
  S030-423             JUNCTION     1.65     7.40   806.45     0  17:15        4.88
  S030-424             JUNCTION     1.63     7.85   808.92     0  17:15        4.47
  S030-425             JUNCTION     1.37     2.74   809.31     0  17:16        2.64
  S030-426             JUNCTION     1.35     2.87   829.60     0  17:15        2.84
  S030-427             JUNCTION     1.33     2.85   856.24     0  17:15        2.83
  S030-428             JUNCTION     1.34     3.37   865.01     0  17:15        3.35
  S030-432             JUNCTION     1.19     1.65   861.93     0  17:15        1.65
  S030-433             JUNCTION     1.14     1.64   869.96     0  17:15        1.64
  S030-455             JUNCTION     1.21     1.60   904.98     0  17:15        1.60
  S030-456             JUNCTION     1.25     1.60   903.66     0  17:15        1.60
  S030-457             JUNCTION     1.11     1.12   908.39     0  00:03        1.11
  S030-458             JUNCTION     1.25     2.15   902.67     0  17:15        2.15
  S030-459             JUNCTION     1.21     1.87   874.10     0  17:15        1.87
  S030-460             JUNCTION     1.35     2.47   865.49     0  17:15        2.47
  S030-461             JUNCTION     1.27     2.11   843.27     0  17:15        2.10
  S030-462             JUNCTION     1.28     2.05   803.13     0  17:15        2.05
  S030-529             JUNCTION     4.07     6.85   746.64     0  17:09        6.85
  S030-531             JUNCTION     8.81    12.30   746.80     0  17:14       12.29
  S030-538             JUNCTION     8.75    10.59   745.19     0  17:06       10.50
  S030-539             JUNCTION     8.38    10.23   745.21     0  17:06       10.11
  S030-542             JUNCTION     8.06     9.91   745.22     0  17:06        9.79
  S030-544             JUNCTION     7.44     9.21   745.21     0  17:06        9.08
  S030-545             JUNCTION     7.32     9.05   745.19     0  17:06        8.97
  S030-555             JUNCTION     6.72     8.33   745.14     0  17:06        8.30
  S030-559             JUNCTION     6.51     8.09   745.12     0  17:14        8.07
  S030-564             JUNCTION     6.47     7.92   745.00     0  17:14        7.92
  S030-566             JUNCTION     5.56     6.56   744.64     0  17:14        6.51
  S030-569             JUNCTION     4.92     5.60   744.39     0  06:49        5.60
  S030-581             JUNCTION     8.25    12.70   747.94     0  17:15       12.69
  S030-583             JUNCTION     1.38     3.01   851.22     0  17:15        3.00
  S030-584             JUNCTION     1.27     2.82   854.38     0  17:15        2.81
  S030-592             JUNCTION     1.26     3.86   856.82     0  17:14        3.85
  S030-679             JUNCTION     4.21     8.92   748.55     0  17:06        8.85
  S030-680             JUNCTION     4.76     9.45   748.45     0  17:06        9.19
  S030-691             JUNCTION    12.13    15.13   746.03     0  17:15       15.11
  S030-692             JUNCTION    13.11    16.09   745.99     0  17:15       16.08
  S030-693             JUNCTION    14.10    17.07   745.97     0  17:15       17.06
  S030-694             JUNCTION    13.20    16.15   745.95     0  17:15       16.15
  S030-695             JUNCTION    13.31    16.30   745.99     0  17:15       16.25
  S030-696             JUNCTION    13.88    16.85   745.95     0  17:15       16.84
  S030-698             JUNCTION    14.65    17.64   745.94     0  17:15       17.63
  S030-699             JUNCTION    15.14    17.70   745.50     0  17:15       17.70
  S030-700             JUNCTION    16.73    18.93   745.13     0  17:15       18.93
  S030-701             JUNCTION    16.14    18.84   745.64     0  17:15       18.80
  S030-702             JUNCTION    16.74    20.01   746.21     0  17:11       19.96
  S030-703             JUNCTION    17.23    20.59   746.29     0  17:11       20.51
  S030-704             JUNCTION    17.71    21.63   746.83     0  17:11       21.41
  S030-704Ta           JUNCTION    18.30    22.05   746.68     0  17:11       21.98
  S030-704Tb           JUNCTION    18.11    21.95   746.75     0  17:11       21.83
  S030-705             JUNCTION    17.81    21.70   746.80     0  17:11       21.53
  S030-706             JUNCTION     1.61     4.20   769.05     0  17:14        4.11
  S030-715             JUNCTION     2.72    11.92   754.12     0  17:07       11.65
  S030-716             JUNCTION     2.35    11.10   753.52     0  17:17       11.06
  S030-717             JUNCTION     4.29    10.96   750.76     0  17:07       10.57
  S030-718             JUNCTION     9.40    12.63   746.63     0  17:14       12.59
  S030-721             JUNCTION     2.02    13.28   816.53     0  00:01        7.78
  S030-851             JUNCTION     1.19     2.26   808.54     0  17:15        2.26
  S030-854             JUNCTION     1.31     4.20   750.98     0  17:07        4.20
  S030-883             JUNCTION     6.74    13.61   750.57     0  17:08       13.61
  S030-884             JUNCTION     8.18    11.76   747.02     0  17:14       11.73
  S030-989             JUNCTION    10.82    12.50   744.86     0  17:14       12.47
  S031-059             JUNCTION     1.19     2.01   832.13     0  17:15        1.97
  S031-063             JUNCTION     1.16     2.10   843.10     0  17:15        2.10
  S031-778             JUNCTION     1.29     8.89   830.58     0  17:15        2.99
  S031-779             JUNCTION     1.43     9.00   826.00     0  17:15        5.39
  S033-064Ta           JUNCTION     1.06     6.00   752.00     0  17:05        6.00
  SFPS_FM              JUNCTION     3.06     3.10   723.27     0  06:55        3.10
  S030-475             JUNCTION     1.60     2.74   896.64     0  17:16        2.69
  S030-474             JUNCTION     1.27     1.95   913.76     0  17:15        1.92
  S030-473             JUNCTION     1.18     1.71   917.17     0  17:15        1.70
  S030-337             JUNCTION     1.17     1.89   920.06     0  17:15        1.89
  S030-324             JUNCTION     1.15     1.16   897.06     0  00:01        1.15
  S029-813             OUTFALL      0.00     0.00   721.00     0  00:00        0.00
  S029-CSOII           OUTFALL      0.00     0.00   734.00     0  00:00        0.00
  S029-CSOIV           OUTFALL      0.00     0.00   707.00     0  00:00        0.00
  S029-071Ta           STORAGE     23.85    28.10   747.10     0  17:08       27.40
  S029-620Ta           STORAGE     33.79    38.14   747.14     0  17:07       37.31
  
  
  *******************
  Node Inflow Summary
  *******************
  
  -------------------------------------------------------------------------------------------------
                                  Maximum  Maximum                  Lateral       Total        Flow
                                  Lateral    Total  Time of Max      Inflow      Inflow     Balance
                                   Inflow   Inflow   Occurrence      Volume      Volume       Error
  Node                 Type           CFS      CFS  days hr:min    10^6 gal    10^6 gal     Percent
  -------------------------------------------------------------------------------------------------
  S028-001             JUNCTION      0.60    37.93     0  17:15       0.783        4.42       0.019
  S028-002             JUNCTION      0.60    38.59     0  17:15       0.783        5.21      -0.006
  S028-307             JUNCTION      0.60    40.12     0  17:16       0.783           6      -0.038
  S029-005             JUNCTION     22.05    22.05     0  17:15       0.705       0.708       0.670
  S029-006             JUNCTION      0.18    15.63     0  17:19       0.231       0.925       1.000
  S029-007             JUNCTION     10.37    24.03     0  17:15       0.411        1.34       0.719
  S029-008             JUNCTION      0.18    24.20     0  17:15       0.231        1.57       0.730
  S029-009             JUNCTION      0.18    24.39     0  17:15       0.231         1.8       0.935
  S029-010             JUNCTION     13.29    37.65     0  17:15       0.477        2.28       0.727
  S029-011             JUNCTION      0.18    37.86     0  17:15       0.231        2.53       0.871
  S029-014             JUNCTION      0.18    32.87     0  17:10       0.231        5.75       0.469
  S029-015             JUNCTION      0.18    32.71     0  17:10       0.231        5.51       0.323
  S029-016             JUNCTION     53.37    62.63     0  17:15       0.661        5.39       0.173
  S029-017             JUNCTION      0.00    17.29     0  17:03      0.0052        4.74       0.128
  S029-018             JUNCTION      0.00    16.50     0  17:04      0.0052        4.73       0.021
  S029-020             JUNCTION      0.00    21.27     0  17:14      0.0052        4.79       0.203
  S029-021             JUNCTION      0.00     4.18     0  17:05      0.0052      0.0108      22.198
  S029-024             JUNCTION     60.36   261.98     0  17:15        1.59        21.3       0.053
  S029-025             JUNCTION      0.60   271.37     0  17:15       0.783        23.6       0.039
  S029-026             JUNCTION     26.34   314.62     0  17:15       0.302        26.2      -0.021
  S029-027             JUNCTION      0.00   303.22     0  17:15           0        21.7      -0.215
  S029-058             JUNCTION      0.00    18.61     0  00:04      0.0052        4.57       0.009
  S029-059             JUNCTION      0.00    14.00     0  00:04      0.0052        4.57       0.014
  S029-060             JUNCTION      0.00     7.60     0  00:04      0.0052        4.57       0.024
  S029-061             JUNCTION      0.00     7.99     0  00:04      0.0052        4.57       0.036
  S029-062             JUNCTION      0.00    10.96     0  17:12      0.0052         4.6       0.045
  S029-063             JUNCTION      0.00     5.09     0  00:04      0.0052        4.56       0.053
  S029-064             JUNCTION      0.00    25.24     0  17:15      0.0052         4.8      -0.022
  S029-065             JUNCTION      0.18    38.69     0  17:15       0.231        3.63       0.863
  S029-066             JUNCTION      0.18    18.22     0  17:15       0.231        1.57       0.844
  S029-067             JUNCTION      0.18    18.07     0  17:15       0.231        1.33       1.082
  S029-068             JUNCTION      0.18    17.88     0  17:15       0.231        1.13       0.823
  S029-071             JUNCTION     31.41   106.30     0  17:09       0.822        37.2       0.980
  S029-073             JUNCTION      0.18    20.33     0  17:15       0.231        1.85       0.928
  S029-075             JUNCTION      0.60   269.49     0  17:14       0.783        22.8       0.035
  S029-085             JUNCTION      0.60   262.58     0  17:15       0.783        22.1       0.065
  S029-304             JUNCTION      0.60   280.79     0  17:15       0.783        24.4       0.021
  S029-620             JUNCTION      0.00    26.67     0  02:26           0          33       0.017
  S029-825             JUNCTION      0.00   314.60     0  17:15      0.0052        26.2      -0.115
  S029-827             JUNCTION     59.53   348.99     0  17:15        1.58          26      -0.003
  S030-025             JUNCTION     18.04    18.04     0  17:15       0.703       0.703       0.577
  S030-032             JUNCTION      0.39    18.98     0  17:34       0.508        2.49       0.163
  S030-035             JUNCTION      0.39    10.33     0  17:06       0.508        1.17       0.485
  S030-039             JUNCTION     32.70    33.52     0  17:15        1.11        3.26       0.259
  S030-041             JUNCTION      0.39    32.92     0  17:15       0.508        8.97       0.222
  S030-050             JUNCTION      0.39    33.41     0  17:15       0.508        9.46       0.378
  S030-052             JUNCTION      0.39    35.04     0  17:36       0.508        14.8       0.236
  S030-053             JUNCTION     24.50    80.80     0  17:15        1.12        5.44       0.107
  S030-054             JUNCTION      0.39    34.29     0  17:15       0.508        4.26       0.140
  S030-057             JUNCTION      0.18    13.05     0  17:12       0.231       0.903       1.593
  S030-059             JUNCTION      0.39    33.91     0  17:15       0.508        3.76       0.170
  S030-065             JUNCTION     15.79    38.89     0  17:35       0.782        16.5       0.222
  S030-066             JUNCTION      0.39    35.88     0  17:36       0.508        15.7       0.194
  S030-068             JUNCTION      0.18    13.23     0  17:14       0.231        1.14       2.199
  S030-074             JUNCTION     73.95    87.31     0  17:15        1.45        2.79       1.059
  S030-076             JUNCTION      0.18    13.44     0  17:12       0.231        1.37       2.260
  S030-080             JUNCTION     17.13    45.33     0  17:15       0.819        17.3       0.216
  S030-098             JUNCTION     98.46    98.46     0  17:15        3.39        3.39       0.136
  S030-102             JUNCTION      0.39    70.26     0  17:15       0.508        4.37       0.220
  S030-106             JUNCTION     12.55    58.27     0  17:15       0.725        18.4       0.165
  S030-107             JUNCTION      0.39    45.77     0  17:15       0.508        17.7       0.168
  S030-109             JUNCTION      0.18    57.99     0  17:12       0.231        4.57       1.169
  S030-110             JUNCTION      0.18    42.92     0  17:15       0.231        1.68       1.391
  S030-111             JUNCTION      0.18    42.71     0  17:15       0.231        1.45       1.812
  S030-112             JUNCTION      0.18    43.15     0  17:15       0.231         1.9       1.508
  S030-113             JUNCTION     18.95    76.64     0  17:15       0.914        5.42       0.980
  S030-116             JUNCTION      0.39    58.75     0  17:15       0.508        18.9       0.157
  S030-117             JUNCTION     29.30    87.99     0  17:15        1.04        19.9       0.161
  S030-118             JUNCTION      0.39    88.42     0  17:15       0.508        20.4       0.160
  S030-119             JUNCTION      0.39   241.44     0  17:15       0.508          30       0.115
  S030-120             JUNCTION      0.39   152.42     0  17:15       0.508        11.5       0.324
  S030-123             JUNCTION      0.18    76.81     0  17:15       0.231        5.59       1.389
  S030-124             JUNCTION     17.96    17.96     0  17:15       0.329       0.332       1.781
  S030-125             JUNCTION      0.01    12.15     0  17:18      0.0182       0.345       2.156
  S030-126             JUNCTION     18.62    25.97     0  17:15       0.347       0.672       1.653
  S030-127             JUNCTION      0.01    17.11     0  17:21      0.0182       0.669       2.907
  S030-128             JUNCTION     18.52    32.82     0  17:15       0.589        1.26       2.187
  S030-129             JUNCTION      0.18   134.34     0  17:09       0.231        37.3       0.746
  S030-130             JUNCTION      0.18     2.80     0  02:10       0.231       0.813       0.609
  S030-131             JUNCTION      0.18    10.45     0  17:15       0.231       0.667       1.169
  S030-132             JUNCTION     10.56    10.56     0  17:15       0.438       0.439       0.984
  S030-133             JUNCTION      0.18    58.79     0  08:39       0.231          27       0.107
  S030-134             JUNCTION      0.32    96.29     0  17:15       0.412        27.4       0.097
  S030-137             JUNCTION     19.99    58.31     0  08:39        0.69        26.7       0.104
  S030-148             JUNCTION      0.32    54.56     0  08:39       0.412        25.7       0.107
  S030-149             JUNCTION      0.32   219.10     0  17:14       0.412        26.9       0.088
  S030-150             JUNCTION      0.32   218.75     0  17:15       0.412        26.5       0.096
  S030-151             JUNCTION      0.32   218.41     0  17:16       0.412        26.1       0.126
  S030-152             JUNCTION      0.32   217.80     0  17:18       0.412        25.3       0.148
  S030-153             JUNCTION     72.06   332.06     0  17:15        1.38        24.5       0.056
  S030-166             JUNCTION     23.73    23.73     0  17:15       0.471       0.471       0.173
  S030-167             JUNCTION      0.18    23.89     0  17:15       0.231       0.702      -0.113
  S030-273             JUNCTION      5.46     5.46     0  17:15       0.469       0.469       0.044
  S030-281             JUNCTION      2.02     2.02     0  17:15       0.432       0.432       0.122
  S030-284             JUNCTION      0.32     4.37     0  17:12       0.412       0.844      -0.003
  S030-301             JUNCTION     48.39    49.55     0  17:15        1.11        1.96       0.020
  S030-308             JUNCTION     34.00    84.19     0  17:14       0.849        4.04       0.057
  S030-309             JUNCTION      0.32    49.85     0  17:14       0.412        3.19      -0.026
  S030-310             JUNCTION      0.32    50.15     0  17:15       0.412        2.78       0.012
  S030-312             JUNCTION      0.32    49.85     0  17:15       0.412        2.37       0.034
  S030-323             JUNCTION     45.42    69.46     0  17:15        1.45        5.86       0.026
  S030-342             JUNCTION     39.52    39.52     0  17:15       0.878       0.878       0.031
  S030-351             JUNCTION      0.60    70.34     0  17:15       0.783        7.43      -0.294
  S030-352             JUNCTION      0.60    69.97     0  17:15       0.783        6.65      -0.065
  S030-365             JUNCTION      0.60    87.94     0  00:00       0.783        8.24       0.052
  S030-366             JUNCTION     97.50   164.61     0  17:15        2.22        10.5      -0.091
  S030-375             JUNCTION      0.32    34.78     0  17:16       0.412        4.14       0.022
  S030-376             JUNCTION      0.32    35.09     0  17:16       0.412        4.55       0.040
  S030-378             JUNCTION      0.32     7.83     0  17:15       0.412        1.32       0.055
  S030-380             JUNCTION      0.32    33.84     0  17:15       0.412        2.91       0.031
  S030-381             JUNCTION      0.32    34.49     0  17:15       0.412        3.73      -0.006
  S030-382             JUNCTION      0.32    18.46     0  17:15       0.412        1.49       0.026
  S030-388             JUNCTION      0.60   165.20     0  17:15       0.783        11.3      -0.678
  S030-389             JUNCTION      0.60   305.31     0  00:01       0.783        12.1      -0.425
  S030-390             JUNCTION      0.60   213.94     0  00:00       0.783        12.9      -0.046
  S030-397             JUNCTION     17.86    17.86     0  17:15       0.669       0.669       0.033
  S030-397A            JUNCTION      0.32    18.17     0  17:15       0.412        1.08       0.023
  S030-400             JUNCTION      0.32    15.07     0  17:15       0.412           1      -0.002
  S030-408             JUNCTION      7.23     7.23     0  17:15       0.498       0.498       0.105
  S030-409             JUNCTION      0.32     7.52     0  17:15       0.412       0.909       0.028
  S030-411             JUNCTION      0.32    35.37     0  17:16       0.412        4.96       0.032
  S030-412             JUNCTION      0.32   224.79     0  17:14       0.412        16.5       0.007
  S030-413             JUNCTION      0.32   224.60     0  17:15       0.412        15.7      -0.065
  S030-414             JUNCTION      0.32    39.78     0  17:15       0.412        1.29       0.081
  S030-419             JUNCTION      0.32   185.43     0  17:16       0.412          14       0.022
  S030-420             JUNCTION     16.06   184.35     0  17:14       0.599        13.6      -0.003
  S030-423             JUNCTION      0.32   173.67     0  17:15       0.412          13       0.007
  S030-424             JUNCTION      0.32   178.32     0  17:15       0.412        12.6       0.056
  S030-425             JUNCTION      0.32   177.64     0  17:15       0.412        12.2       0.010
  S030-426             JUNCTION     17.41   107.86     0  17:15       0.627        6.41       0.017
  S030-427             JUNCTION      0.32    84.22     0  17:15       0.412        4.86       0.017
  S030-428             JUNCTION      0.32    85.37     0  17:14       0.412        4.45       0.015
  S030-432             JUNCTION      0.32     8.03     0  17:15       0.412       0.919       0.039
  S030-433             JUNCTION      7.72     7.72     0  17:15       0.508       0.508       0.065
  S030-455             JUNCTION      0.32     5.75     0  17:15       0.412       0.881       0.071
  S030-456             JUNCTION      0.32     6.04     0  17:15       0.412        1.29       0.037
  S030-457             JUNCTION      0.32     0.32     0  00:00       0.412       0.412       0.067
  S030-458             JUNCTION     33.24    39.55     0  17:15       0.815        2.52       0.028
  S030-459             JUNCTION      0.32    39.73     0  17:15       0.412        2.93       0.040
  S030-460             JUNCTION      0.32    40.03     0  17:15       0.412        3.34       0.028
  S030-461             JUNCTION      0.32    68.82     0  17:15       0.412        5.33       0.023
  S030-462             JUNCTION      0.32    34.17     0  17:15       0.412        3.32       0.071
  S030-529             JUNCTION      0.39     6.02     0  17:15       0.508       0.519       0.498
  S030-531             JUNCTION      0.39    11.12     0  17:05       0.508        2.17       0.480
  S030-538             JUNCTION      9.83    32.55     0  17:15       0.833         8.6       0.240
  S030-539             JUNCTION      0.39     6.23     0  17:34       0.508        4.43       0.340
  S030-542             JUNCTION      0.39     6.61     0  17:35       0.508        3.98       0.386
  S030-544             JUNCTION      0.39     6.99     0  17:35       0.508        3.54       0.497
  S030-545             JUNCTION      0.39     7.30     0  17:34       0.508        3.09       0.408
  S030-555             JUNCTION      0.39     7.69     0  17:36       0.508        2.65       0.308
  S030-559             JUNCTION     17.51    17.51     0  17:15       0.751         2.4       0.380
  S030-564             JUNCTION      0.39    15.99     0  17:15       0.508        1.91       0.556
  S030-566             JUNCTION      0.39    16.36     0  17:15       0.508        1.48       0.445
  S030-569             JUNCTION      2.86    19.23     0  17:15        0.54        1.07       0.336
  S030-581             JUNCTION      0.39    19.37     0  17:35       0.508        2.99       0.099
  S030-583             JUNCTION      0.32    28.54     0  17:15       0.412        1.58       0.032
  S030-584             JUNCTION      0.32    28.66     0  17:15       0.412        1.17       0.085
  S030-592             JUNCTION     28.38    28.38     0  17:15       0.761       0.761       0.089
  S030-679             JUNCTION     42.36    42.36     0  17:15       0.964       0.986       0.886
  S030-680             JUNCTION      0.18    42.49     0  17:15       0.231        1.23       1.747
  S030-691             JUNCTION      7.00     7.00     0  17:15       0.609        0.61       1.336
  S030-692             JUNCTION      0.39     7.40     0  17:15       0.508        1.11       1.218
  S030-693             JUNCTION     26.05    33.39     0  17:15        0.87        3.72       0.648
  S030-694             JUNCTION      0.39     6.61     0  17:38       0.508         3.7       0.384
  S030-695             JUNCTION      0.39     6.29     0  17:15       0.508        4.15       0.567
  S030-696             JUNCTION      0.39     6.84     0  17:15       0.508         4.6       0.735
  S030-698             JUNCTION     36.66    43.25     0  17:15        1.28        5.64       0.598
  S030-699             JUNCTION      0.39    43.66     0  17:15       0.508        5.93       0.450
  S030-700             JUNCTION     12.04   151.91     0  17:15        1.02        15.4       0.316
  S030-701             JUNCTION      0.39   101.99     0  17:23       0.508        13.1       0.207
  S030-702             JUNCTION      0.39   101.56     0  17:23       0.508        13.4       0.312
  S030-703             JUNCTION      0.18   101.05     0  17:23       0.231        13.5       0.563
  S030-704             JUNCTION      0.18    81.20     0  01:24       0.231        1.25      19.015
  S030-704Ta           JUNCTION     42.12   139.08     0  17:19        1.02        41.1       0.398
  S030-704Tb           JUNCTION      0.18    89.77     0  01:09       0.231        36.1       0.794
  S030-705             JUNCTION      0.18    38.33     0  01:33       0.231        1.23      14.625
  S030-706             JUNCTION      0.32   226.09     0  17:15       0.412        16.1       0.062
  S030-715             JUNCTION      0.32   217.17     0  17:18       0.412        24.5       0.033
  S030-716             JUNCTION      0.32   217.48     0  17:14       0.412        24.9      -0.023
  S030-717             JUNCTION      0.32   218.10     0  17:16       0.412        25.7      -0.015
  S030-718             JUNCTION      0.32    54.85     0  08:39       0.412          26       0.121
  S030-721             JUNCTION      0.60   198.22     0  00:01       0.783        13.7      -0.076
  S030-851             JUNCTION     14.80    14.80     0  17:15        0.59        0.59       0.035
  S030-854             JUNCTION      0.32    37.22     0  17:15       0.412        1.91      -0.025
  S030-883             JUNCTION     41.41    41.41     0  17:15        2.11        2.11       0.113
  S030-884             JUNCTION      0.39    19.78     0  17:35       0.508        3.49       0.113
  S030-989             JUNCTION      0.39    35.56     0  17:36       0.508        15.2       0.178
  S031-059             JUNCTION      0.60    37.28     0  17:15       0.783        2.08       0.035
  S031-063             JUNCTION     36.83    36.83     0  17:15        1.29        1.29       0.033
  S031-778             JUNCTION      0.60    37.85     0  17:15       0.783        2.86       0.003
  S031-779             JUNCTION      0.60    37.34     0  17:15       0.783        3.64       0.037
  S033-064Ta           JUNCTION     27.40    27.40     0  17:15       0.269       0.269       0.065
  SFPS_FM              JUNCTION      0.00     8.89     0  00:21           0        11.5       1.143
  S030-475             JUNCTION      0.60    25.98     0  17:15       0.783        4.41       0.031
  S030-474             JUNCTION      0.60    25.00     0  17:15       0.783        2.85       0.016
  S030-473             JUNCTION      0.60    24.13     0  17:15       0.783        2.07       0.032
  S030-337             JUNCTION     23.48    23.48     0  17:15        1.28        1.28       0.033
  S030-324             JUNCTION      0.60     0.60     0  00:00       0.783       0.783       0.046
  S029-813             OUTFALL       0.18     9.07     0  19:35       0.231        11.6       0.000
  S029-CSOII           OUTFALL       0.00   303.22     0  17:15           0        21.8       0.000
  S029-CSOIV           OUTFALL       0.00    28.05     0  02:28           0          33       0.000
  S029-071Ta           STORAGE       0.18   119.18     0  17:06       0.231          46       1.399
  S029-620Ta           STORAGE       0.18    97.42     0  00:31       0.231          12       1.350
  
  
  **********************
  Node Surcharge Summary
  **********************
  
  Surcharging occurs when water rises above the top of the highest conduit.
  ---------------------------------------------------------------------
                                               Max. Height   Min. Depth
                                   Hours       Above Crown    Below Rim
  Node                 Type      Surcharged           Feet         Feet
  ---------------------------------------------------------------------
  S028-001             JUNCTION        0.07          2.842       15.158
  S028-002             JUNCTION        0.01          0.693       13.967
  S028-307             JUNCTION        0.12          3.547       14.143
  S029-005             JUNCTION       41.71          8.300        0.000
  S029-006             JUNCTION       41.68          7.198        1.222
  S029-007             JUNCTION       41.74          7.151        0.629
  S029-008             JUNCTION       41.83          6.923        1.107
  S029-009             JUNCTION       41.82          6.236        1.294
  S029-010             JUNCTION       41.98          6.674        1.016
  S029-011             JUNCTION       42.10          7.012        1.688
  S029-014             JUNCTION       41.53          3.863        3.437
  S029-015             JUNCTION        2.07          3.473        1.827
  S029-016             JUNCTION        1.92          4.950        0.000
  S029-017             JUNCTION        1.79          5.030        0.000
  S029-018             JUNCTION        0.41          3.811        1.189
  S029-020             JUNCTION        1.89          5.130        0.000
  S029-021             JUNCTION        1.73          5.054        0.246
  S029-024             JUNCTION        0.11          2.819       14.351
  S029-026             JUNCTION        0.06          3.028        1.822
  S029-027             JUNCTION        0.16          5.489        2.661
  S029-058             JUNCTION        1.78          7.248       15.002
  S029-059             JUNCTION        1.69          4.680        0.000
  S029-060             JUNCTION       15.41          4.463        4.837
  S029-061             JUNCTION        4.38          3.034        2.776
  S029-062             JUNCTION       48.17          1.750        0.000
  S029-063             JUNCTION       48.17          4.248        1.362
  S029-064             JUNCTION        0.38          3.917       11.633
  S029-065             JUNCTION       42.66          8.357        3.513
  S029-066             JUNCTION       42.49          7.963        3.737
  S029-067             JUNCTION       41.95          6.290        3.650
  S029-068             JUNCTION       41.99          6.540        2.060
  S029-071             JUNCTION       45.87         13.701        3.949
  S029-073             JUNCTION       45.07         13.165        3.835
  S029-825             JUNCTION        0.13         18.358        4.694
  S029-827             JUNCTION        0.22          6.000        0.000
  S030-025             JUNCTION       42.79          8.480        0.000
  S030-032             JUNCTION       42.73         10.100        0.000
  S030-035             JUNCTION       43.04          8.908        1.442
  S030-039             JUNCTION       43.26          9.558        0.392
  S030-041             JUNCTION       42.39          5.382        3.068
  S030-050             JUNCTION       42.21          4.724        6.986
  S030-052             JUNCTION       42.60          5.761        1.169
  S030-053             JUNCTION       43.70          8.390        0.000
  S030-054             JUNCTION       43.47          8.237        0.313
  S030-057             JUNCTION       41.55          6.487        0.013
  S030-059             JUNCTION       43.43          9.003        0.967
  S030-065             JUNCTION       42.80          6.338        4.372
  S030-066             JUNCTION       42.68          6.011        4.419
  S030-068             JUNCTION       41.57          4.696        0.674
  S030-074             JUNCTION       42.02          6.380        0.000
  S030-076             JUNCTION       42.05          6.610        0.000
  S030-080             JUNCTION       43.18          7.354        4.386
  S030-098             JUNCTION       44.60         11.130        0.000
  S030-102             JUNCTION       45.17         10.230        0.000
  S030-106             JUNCTION       43.55          8.147        2.443
  S030-107             JUNCTION       43.35          7.698        2.502
  S030-109             JUNCTION       42.87          9.145        0.385
  S030-110             JUNCTION       41.77          6.065        1.335
  S030-111             JUNCTION       41.66          5.645        3.355
  S030-112             JUNCTION       42.37          8.110        0.490
  S030-113             JUNCTION       43.11          9.356        1.144
  S030-116             JUNCTION       43.61          8.219        1.681
  S030-117             JUNCTION       44.26          9.242        1.808
  S030-118             JUNCTION       44.29          9.143        0.917
  S030-119             JUNCTION       44.60          9.410        0.000
  S030-120             JUNCTION       45.34         10.864        0.946
  S030-123             JUNCTION       44.01         10.930        0.000
  S030-124             JUNCTION       42.72         10.440        0.000
  S030-125             JUNCTION       42.79         10.150        0.000
  S030-126             JUNCTION       42.89         10.280        0.000
  S030-127             JUNCTION       43.22         10.703        0.777
  S030-128             JUNCTION       44.67         12.960        0.000
  S030-129             JUNCTION       44.86         12.200        0.000
  S030-130             JUNCTION       46.05         13.943        2.813
  S030-131             JUNCTION       44.50         12.407        0.443
  S030-132             JUNCTION       42.33          8.000        0.000
  S030-133             JUNCTION       44.98         12.147        1.543
  S030-134             JUNCTION       44.24         10.890        0.000
  S030-137             JUNCTION       43.36          9.360        0.820
  S030-148             JUNCTION       42.06          5.887        0.713
  S030-149             JUNCTION       41.96          5.400        0.000
  S030-150             JUNCTION       41.89          6.172        2.528
  S030-151             JUNCTION       41.63          6.317        2.343
  S030-152             JUNCTION        0.32          5.002        1.242
  S030-153             JUNCTION        0.24          5.200        0.000
  S030-166             JUNCTION        0.18          3.348        2.652
  S030-167             JUNCTION        0.23          3.020        0.000
  S030-284             JUNCTION        0.06          2.744        9.306
  S030-301             JUNCTION        0.15          5.740        7.360
  S030-310             JUNCTION        0.01          0.511       16.839
  S030-351             JUNCTION        0.01          1.375       39.925
  S030-366             JUNCTION        0.16         14.031       12.869
  S030-388             JUNCTION        0.01         11.100        0.000
  S030-389             JUNCTION        0.05          2.800        0.000
  S030-390             JUNCTION        0.14          5.650        0.000
  S030-420             JUNCTION        0.11          0.980        5.960
  S030-423             JUNCTION        0.03          2.262        2.898
  S030-424             JUNCTION        0.02          2.850       10.110
  S030-529             JUNCTION       41.65          3.850        0.000
  S030-531             JUNCTION       43.00          8.805        1.475
  S030-538             JUNCTION       42.31          5.265        3.535
  S030-539             JUNCTION       42.20          4.932        3.582
  S030-542             JUNCTION       42.11          4.587        4.393
  S030-544             JUNCTION       41.98          4.114        5.886
  S030-545             JUNCTION       42.07          4.436        8.534
  S030-555             JUNCTION       42.05          4.330        6.690
  S030-559             JUNCTION       42.01          4.093        5.587
  S030-564             JUNCTION       42.00          3.925        5.795
  S030-566             JUNCTION       41.87          3.003        2.557
  S030-569             JUNCTION       41.74          2.100        0.000
  S030-581             JUNCTION       42.91          9.698        1.402
  S030-592             JUNCTION        0.03          0.362        5.138
  S030-679             JUNCTION        2.37          3.921        4.079
  S030-680             JUNCTION       41.46          4.447        9.553
  S030-691             JUNCTION       44.58         11.132        3.388
  S030-692             JUNCTION       45.22         11.985        4.145
  S030-693             JUNCTION       44.61         11.130        1.780
  S030-694             JUNCTION       44.64         11.148        1.532
  S030-695             JUNCTION       44.71         11.294        1.491
  S030-696             JUNCTION       44.99         11.647        1.533
  S030-698             JUNCTION       45.73         12.537        5.363
  S030-699             JUNCTION       46.06         12.704        5.796
  S030-700             JUNCTION       46.03         12.260        3.133
  S030-701             JUNCTION       46.18         13.170        4.663
  S030-702             JUNCTION       45.65         12.765        4.085
  S030-703             JUNCTION       45.87         13.141        0.529
  S030-704             JUNCTION       43.71         10.632        0.458
  S030-704Ta           JUNCTION       45.76         13.384        3.616
  S030-704Tb           JUNCTION       43.94         10.955        4.045
  S030-705             JUNCTION       43.76         10.700        0.000
  S030-715             JUNCTION        0.32          6.420        0.603
  S030-716             JUNCTION        0.32          5.596        0.859
  S030-717             JUNCTION        2.16          5.464        1.660
  S030-718             JUNCTION       42.48          7.129        1.371
  S030-721             JUNCTION        0.14          8.111        7.179
  S030-854             JUNCTION        0.24          0.550        0.000
  S030-883             JUNCTION       42.31         10.610        0.000
  S030-884             JUNCTION       42.86          8.641        1.889
  S030-989             JUNCTION       42.77          6.262        3.128
  S031-778             JUNCTION        0.01          5.376        0.204
  S031-779             JUNCTION        0.09          6.000        0.000
  S033-064Ta           JUNCTION        0.25          3.000        0.000
  S029-071Ta           STORAGE        41.77          5.099        4.896
  S029-620Ta           STORAGE        47.73         23.644        3.027
  
  
  *********************
  Node Flooding Summary
  *********************
  
  Flooding refers to all water that overflows a node, whether it ponds or not.
  --------------------------------------------------------------------------
                                                             Total   Maximum
                                 Maximum   Time of Max       Flood    Ponded
                        Hours       Rate    Occurrence      Volume     Depth
  Node                 Flooded       CFS   days hr:min    10^6 gal      Feet
  --------------------------------------------------------------------------
  S029-005                0.15      8.58      0  17:15       0.016     0.000
  S029-016                0.23     30.60      0  17:15       0.102     0.000
  S029-017                0.01      0.91      0  17:05       0.000     0.000
  S029-020                0.20     12.00      0  17:14       0.050     0.000
  S029-059                0.11      7.15      0  00:04       0.009     0.000
  S029-062                0.37     10.96      0  17:13       0.069     0.000
  S029-827                0.04    120.99      0  00:03       0.034     0.000
  S030-025                0.22     12.43      0  17:15       0.041     0.000
  S030-032                0.22      0.70      0  17:15       0.002     0.000
  S030-053                0.59     80.78      0  17:15       0.525     0.000
  S030-074                0.30     72.70      0  17:15       0.284     0.000
  S030-076                0.01      1.64      0  17:06       0.000     0.000
  S030-098                0.40     56.43      0  17:15       0.263     0.000
  S030-102               18.16     70.26      0  17:15       2.893     0.000
  S030-119               41.43    241.35      0  17:15      27.903     0.000
  S030-123                0.32     42.12      0  17:15       0.210     0.000
  S030-124                0.15      5.81      0  17:15       0.011     0.000
  S030-125                0.26      4.80      0  17:18       0.027     0.000
  S030-126                0.23     11.67      0  17:15       0.034     0.000
  S030-128                0.02      0.55      0  17:15       0.000     0.000
  S030-129                0.20    114.70      0  17:09       0.250     0.000
  S030-132                0.02      0.31      0  17:15       0.000     0.000
  S030-134                0.62     96.22      0  17:15       0.896     0.000
  S030-149                1.05    184.24      0  17:14       1.614     0.000
  S030-153                0.19     86.10      0  17:15       0.240     0.000
  S030-167                0.18     11.02      0  17:15       0.039     0.000
  S030-388                0.01     16.27      0  00:00       0.004     0.000
  S030-389                0.01    107.93      0  00:01       0.024     0.000
  S030-390                0.01    124.89      0  00:00       0.006     0.000
  S030-529                0.15      5.99      0  17:15       0.012     0.000
  S030-569                3.52     19.23      0  17:15       0.593     0.000
  S030-705                0.01      0.62      0  17:11       0.000     0.000
  S030-854                0.24     37.22      0  17:15       0.214     0.000
  S030-883                0.47     23.03      0  17:15       0.124     0.000
  S031-779                0.01      1.47      0  17:15       0.000     0.000
  S033-064Ta              0.09      8.67      0  17:05       0.004     0.000
  
  
  **********************
  Storage Volume Summary
  **********************
  
  ------------------------------------------------------------------------------------------------
                         Average    Avg   Evap  Exfil     Maximum    Max    Time of Max    Maximum
                          Volume   Pcnt   Pcnt   Pcnt      Volume   Pcnt     Occurrence    Outflow
  Storage Unit          1000 ft³   Full   Loss   Loss    1000 ft³   Full    days hr:min        CFS
  ------------------------------------------------------------------------------------------------
  S029-071Ta              31.165   72.3    0.0    0.0      36.720   85.2       0  17:08     114.32
  S029-620Ta              16.633   80.8    0.0    0.0      18.962   92.1       0  17:07      76.00
  
  
  ***********************
  Outfall Loading Summary
  ***********************
  
  -----------------------------------------------------------
                         Flow       Avg       Max       Total
                         Freq      Flow      Flow      Volume
  Outfall Node           Pcnt       CFS       CFS    10^6 gal
  -----------------------------------------------------------
  S029-813             100.00      8.92      9.07      11.566
  S029-CSOII            99.99     16.86    303.22      21.765
  S029-CSOIV            95.96     26.58     28.05      33.008
  -----------------------------------------------------------
  System                98.65     52.36    338.96      66.339
  
  
  ********************
  Link Flow Summary
  ********************
  
  -----------------------------------------------------------------------------
                                 Maximum  Time of Max   Maximum    Max/    Max/
                                  |Flow|   Occurrence   |Veloc|    Full    Full
  Link                 Type          CFS  days hr:min    ft/sec    Flow   Depth
  -----------------------------------------------------------------------------
  028-001              CONDUIT     37.98     0  17:15     16.18    1.20    1.00
  028-002              CONDUIT     39.52     0  17:16     10.54    0.77    1.00
  028-307              CONDUIT     40.52     0  17:19     20.35    0.57    1.00
  029-005              CONDUIT     15.45     0  17:19      4.92    4.51    1.00
  029-006              CONDUIT     15.65     0  17:19      3.19    1.35    1.00
  029-007              CONDUIT     24.02     0  17:15      4.89    1.63    1.00
  029-008              CONDUIT     24.21     0  17:15      4.93    1.72    1.00
  029-009              CONDUIT     24.42     0  17:15      3.45    0.79    1.00
  029-010              CONDUIT     37.69     0  17:15      5.33    0.49    1.00
  029-011.1            CONDUIT     17.71     0  17:15      2.50    0.29    1.00
  029-011.2            CONDUIT     20.15     0  17:15      3.34    0.23    1.00
  029-014              CONDUIT     32.85     0  17:10      7.18    0.32    1.00
  029-015              CONDUIT     32.70     0  17:10      4.63    0.85    1.00
  029-016              CONDUIT     32.53     0  17:10      6.63    3.04    1.00
  029-017              CONDUIT      9.27     0  17:17      2.55    0.76    1.00
  029-018              CONDUIT     10.18     0  17:03      3.52    0.35    1.00
  029-020              CONDUIT     12.32     0  17:04      3.16    0.34    1.00
  029-021              CONDUIT      4.18     0  17:05      1.33    0.16    1.00
  029-024              CONDUIT    261.98     0  17:15     20.85    1.31    1.00
  029-025              CONDUIT    280.19     0  17:15     32.06    0.78    0.67
  029-026              CONDUIT    314.60     0  17:15     33.30    0.83    1.00
  029-027              CONDUIT    303.22     0  17:15     24.18    1.28    1.00
  029-058              CONDUIT     13.99     0  00:04     11.40    4.35    1.00
  029-059              CONDUIT      7.60     0  00:04      6.29    1.91    1.00
  029-060              CONDUIT      7.99     0  00:04      6.64    5.81    1.00
  029-061              CONDUIT      6.95     0  17:17      5.66    1.44    1.00
  029-062              CONDUIT      5.09     0  00:04      4.17    1.34    1.00
  029-063              CONDUIT      4.13     0  00:05      3.80    1.58    1.00
  029-064              CONDUIT     21.24     0  17:14     10.65    0.40    1.00
  029-065              CONDUIT     38.72     0  17:15      5.03    0.20    1.00
  029-066              CONDUIT     18.24     0  17:15      2.58    0.40    1.00
  029-067              CONDUIT     18.04     0  17:15      2.55    0.36    1.00
  029-068              CONDUIT     17.89     0  17:15      2.53    0.36    1.00
  029-071              CONDUIT     87.65     0  17:09     10.06    0.02    1.00
  029-071Tab           CONDUIT     97.24     0  00:31      9.65    0.11    1.00
  029-073              CONDUIT     20.31     0  17:15      2.93    0.48    1.00
  029-075              CONDUIT    270.77     0  17:15     28.43    0.86    0.72
  029-085              CONDUIT    268.89     0  17:14     30.39    0.73    0.69
  029-304              CONDUIT    296.64     0  17:15     28.41    0.55    0.82
  029-620              CONDUIT     28.05     0  02:28      7.69    0.02    0.09
  029-825a             CONDUIT    303.22     0  17:15     27.45    1.01    1.00
  029-825b             CONDUIT     18.60     0  00:04     23.68    5.97    1.00
  029-827              CONDUIT    294.40     0  17:16     23.43    1.77    1.00
  030-025              CONDUIT      9.94     0  17:06      3.16    1.13    1.00
  030-032              CONDUIT     18.97     0  17:35      6.04    1.54    1.00
  030-035              CONDUIT     10.31     0  17:05      3.28    1.06    1.00
  030-039              CONDUIT     33.52     0  17:15      6.83    2.34    1.00
  030-041              CONDUIT     33.02     0  17:15      3.15    0.46    1.00
  030-050              CONDUIT     33.48     0  17:15      3.52    0.19    1.00
  030-052              CONDUIT     35.17     0  17:36      2.16    4.43    1.00
  030-053              CONDUIT     22.27     0  17:15      4.54    2.60    1.00
  030-054              CONDUIT     34.30     0  17:15      6.99    0.79    1.00
  030-057              CONDUIT     13.05     0  17:14      4.16    0.73    1.00
  030-059              CONDUIT     33.90     0  17:15      6.91    3.85    1.00
  030-065              CONDUIT     38.81     0  17:37      4.35    0.27    1.00
  030-066              CONDUIT     35.94     0  17:37      4.38    0.33    1.00
  030-068              CONDUIT     13.27     0  17:12      1.59    0.11    1.00
  030-074              CONDUIT     34.60     0  17:06      3.17    0.22    1.00
  030-076              CONDUIT     13.47     0  17:10      1.40    0.09    1.00
  030-080              CONDUIT     45.38     0  17:15      4.22    0.36    1.00
  030-098              CONDUIT     41.99     0  17:31      8.55    1.46    1.00
  030-102              CONDUIT     27.88     0  17:15      5.68    0.98    1.00
  030-106              CONDUIT     58.36     0  17:15      4.09    0.70    1.00
  030-107              CONDUIT     45.84     0  17:15      3.97    0.29    1.00
  030-109              CONDUIT     57.96     0  17:12      4.09    0.47    1.00
  030-110              CONDUIT     42.98     0  17:15      3.42    0.25    1.00
  030-111              CONDUIT     42.74     0  17:15      3.40    0.27    1.00
  030-112              CONDUIT     43.25     0  17:15      3.44    0.49    1.00
  030-113              CONDUIT     76.63     0  17:15      3.10    0.39    1.00
  030-116              CONDUIT     58.88     0  17:15      4.21    0.28    1.00
  030-117              CONDUIT     88.03     0  17:15      4.48    1.97    1.00
  030-118              CONDUIT     88.56     0  17:15      4.63    0.64    1.00
  030-119              CONDUIT    152.49     0  17:15      7.77    0.85    1.00
  030-120              CONDUIT    152.03     0  17:15      7.74    0.52    1.00
  030-123              CONDUIT     60.40     0  17:06      2.75    0.25    1.00
  030-124              CONDUIT     12.14     0  17:18      3.05    1.68    1.00
  030-125              CONDUIT      8.71     0  17:22      2.19    0.72    1.00
  030-126              CONDUIT     17.09     0  17:21      3.48    0.75    1.00
  030-127              CONDUIT     17.12     0  17:21      2.88    0.43    1.00
  030-128              CONDUIT     32.30     0  17:15      4.57    1.21    1.00
  030-129              CONDUIT    106.69     0  17:09      5.35    0.08    1.00
  030-130              CONDUIT      1.69     0  02:09      2.86    0.05    1.00
  030-131              CONDUIT     10.45     0  17:15      3.33    0.76    1.00
  030-132              CONDUIT     10.27     0  17:15      3.27    0.35    1.00
  030-133              CONDUIT     58.70     0  08:39      4.89    0.30    1.00
  030-134              CONDUIT     58.61     0  08:39      5.68    0.49    1.00
  030-137              CONDUIT     58.32     0  08:39      6.28    0.42    1.00
  030-148              CONDUIT     54.54     0  08:39      8.81    0.24    1.00
  030-149              CONDUIT     54.25     0  08:39      6.19    0.39    1.00
  030-150              CONDUIT    218.78     0  17:14     13.76    2.12    1.00
  030-151              CONDUIT    218.43     0  17:15     13.73    1.08    1.00
  030-152              CONDUIT    217.78     0  17:16     13.69    1.00    1.00
  030-153              CONDUIT    216.86     0  17:18     13.64    1.49    1.00
  030-166              CONDUIT     23.72     0  17:15      9.07    0.79    1.00
  030-167              CONDUIT     12.87     0  17:12      4.10    0.95    1.00
  030-273              CONDUIT      5.44     0  17:15      5.61    0.08    0.19
  030-281              CONDUIT      3.77     0  17:15      4.62    0.16    0.67
  030-284              CONDUIT      8.48     0  17:17      3.51    0.37    1.00
  030-301              CONDUIT     49.54     0  17:15     15.77    1.51    1.00
  030-308              CONDUIT     85.05     0  17:14     28.32    0.63    0.63
  030-309              CONDUIT     50.31     0  17:14     18.20    1.04    0.95
  030-310              CONDUIT     49.53     0  17:14     17.44    1.07    1.00
  030-312              CONDUIT     49.83     0  17:15     18.04    0.99    0.89
  030-323              CONDUIT     69.36     0  17:15     21.07    0.41    0.47
  030-342              CONDUIT     39.46     0  17:15     29.96    0.40    0.44
  030-351              CONDUIT     87.34     0  00:00     16.49    0.91    0.84
  030-352              CONDUIT     69.73     0  17:15     22.46    0.58    0.57
  030-365              CONDUIT     78.02     0  00:01     20.42    0.54    0.84
  030-366              CONDUIT    164.60     0  17:15     23.29    1.59    1.00
  030-375              CONDUIT     34.78     0  17:16     13.45    0.33    0.39
  030-376              CONDUIT     35.05     0  17:16     12.64    0.36    0.42
  030-378              CONDUIT      7.82     0  17:15      9.23    0.42    0.73
  030-380              CONDUIT     33.85     0  17:15     13.78    0.51    0.50
  030-381              CONDUIT     34.46     0  17:16     16.84    0.33    0.39
  030-382              CONDUIT     18.46     0  17:15     10.07    0.33    0.39
  030-388              CONDUIT    304.71     0  00:01    >50.00    0.29    1.00
  030-389              CONDUIT    213.34     0  00:00     16.98    1.32    1.00
  030-390              CONDUIT    197.61     0  00:01     15.80    1.37    1.00
  030-397              CONDUIT     17.86     0  17:15     10.03    0.25    0.56
  030-397A             CONDUIT     18.15     0  17:15      6.78    1.05    0.80
  030-400              CONDUIT     15.06     0  17:15      9.41    0.52    0.51
  030-408              CONDUIT      7.20     0  17:15      6.68    0.30    0.38
  030-409              CONDUIT      7.51     0  17:15     10.72    0.32    0.42
  030-411              CONDUIT     35.37     0  17:16     19.01    0.13    0.62
  030-412              CONDUIT    225.51     0  17:14     17.95    1.23    1.00
  030-413              CONDUIT    225.77     0  17:15     21.04    0.78    0.70
  030-414              CONDUIT     39.99     0  17:15     31.07    0.38    0.46
  030-419              CONDUIT    184.65     0  17:15     18.56    0.90    0.74
  030-420              CONDUIT    185.11     0  17:16     14.85    1.32    0.97
  030-423              CONDUIT    172.69     0  17:16     13.76    1.05    1.00
  030-424              CONDUIT    173.35     0  17:15     15.34    1.01    1.00
  030-425              CONDUIT    178.00     0  17:15     21.14    0.36    0.72
  030-426              CONDUIT    108.56     0  17:15     23.98    0.70    0.62
  030-427              CONDUIT     84.76     0  17:15     22.39    0.89    0.74
  030-428              CONDUIT     83.90     0  17:15     19.22    1.05    0.97
  030-432              CONDUIT      8.03     0  17:15      9.07    0.23    0.32
  030-433              CONDUIT      7.71     0  17:15      9.00    0.22    0.32
  030-455              CONDUIT      5.72     0  17:15      5.65    0.09    0.20
  030-456              CONDUIT      6.03     0  17:15      3.84    0.09    0.29
  030-457              CONDUIT      0.33     0  00:04      3.66    0.00    0.04
  030-458              CONDUIT     39.41     0  17:15     15.85    0.31    0.38
  030-459              CONDUIT     39.71     0  17:15     17.60    0.18    0.36
  030-460              CONDUIT     39.91     0  17:15     11.65    0.48    0.49
  030-461              CONDUIT     68.86     0  17:15     24.32    0.17    0.28
  030-462              CONDUIT     34.18     0  17:15     17.41    0.37    0.42
  030-529              CONDUIT      5.63     0  17:15      3.83    0.15    1.00
  030-531              CONDUIT     11.17     0  17:05      2.38    0.66    1.00
  030-538              CONDUIT     32.53     0  17:15      3.34    0.64    1.00
  030-539              CONDUIT      5.84     0  17:34      1.71    0.16    1.00
  030-542              CONDUIT      6.22     0  17:35      2.66    0.17    1.00
  030-544              CONDUIT      6.60     0  17:35      3.10    0.08    1.00
  030-545              CONDUIT      6.91     0  17:34      1.96    0.29    1.00
  030-555              CONDUIT      7.30     0  17:36      2.33    0.54    1.00
  030-559              CONDUIT      7.74     0  17:36      1.76    0.25    1.00
  030-564              CONDUIT     15.60     0  17:15      2.21    1.46    1.00
  030-566              CONDUIT     15.97     0  17:15      3.25    0.65    1.00
  030-569              CONDUIT     16.39     0  17:15      3.34    0.57    1.00
  030-581              CONDUIT     19.39     0  17:35      6.17    2.68    1.00
  030-583              CONDUIT     28.65     0  17:15      7.11    1.35    0.77
  030-584              CONDUIT     28.23     0  17:15      7.42    0.88    0.73
  030-592              CONDUIT     28.34     0  17:15      6.29    1.29    0.86
  030-679              CONDUIT     42.31     0  17:15      3.37    0.63    1.00
  030-680              CONDUIT     42.53     0  17:15      3.38    0.48    1.00
  030-691              CONDUIT      7.01     0  17:15      1.53    0.21    1.00
  030-692              CONDUIT      7.41     0  17:15      1.23    0.71    1.00
  030-693              CONDUIT      6.68     0  17:38      1.48    0.24    1.00
  030-694              CONDUIT      6.22     0  17:38      1.76    0.14    1.00
  030-695              CONDUIT      6.45     0  17:15      2.29    0.15    1.00
  030-696              CONDUIT      6.94     0  17:15      2.31    0.14    1.00
  030-698              CONDUIT     43.27     0  17:15      3.44    0.88    1.00
  030-699              CONDUIT     43.72     0  17:15      3.48    0.74    1.00
  030-700              CONDUIT    102.05     0  17:23      5.97    1.17    1.00
  030-701              CONDUIT    101.60     0  17:23      5.94    1.11    1.00
  030-702              CONDUIT    101.17     0  17:23      4.52    0.51    1.00
  030-703              CONDUIT    100.87     0  17:23      3.67    0.64    1.00
  030-704Ub            CONDUIT     47.66     0  01:24      2.76    0.05    1.00
  030-704Ta            CONDUIT     77.07     0  17:19      5.23    0.46    1.00
  030-704Tb            CONDUIT     68.55     0  17:19      5.59    0.05    1.00
  030-705              CONDUIT      1.49     0  02:10      0.64    0.09    1.00
  030-704              CONDUIT     37.80     0  01:33      1.32    0.12    1.00
  030-706              CONDUIT    224.47     0  17:14     25.95    0.96    0.79
  030-715              CONDUIT    217.16     0  17:14     13.65    1.23    1.00
  030-716              CONDUIT    217.49     0  17:18     13.67    2.44    1.00
  030-717              CONDUIT    218.10     0  17:16     13.71    0.71    1.00
  030-718              CONDUIT     54.81     0  08:39      8.78    0.23    1.00
  030-721              CONDUIT    190.04     0  00:01     19.37    1.86    1.00
  030-851              CONDUIT     14.75     0  17:15      7.32    0.72    0.63
  030-854              CONDUIT     29.08     0  17:17      9.26    1.01    1.00
  030-883              CONDUIT     18.59     0  17:34      5.92    1.20    1.00
  030-884              CONDUIT     19.76     0  17:36      6.29    1.78    1.00
  030-989              CONDUIT     35.49     0  17:36      2.71    0.22    1.00
  031-059              CONDUIT     37.24     0  17:15     23.46    0.48    0.75
  031-063              CONDUIT     36.68     0  17:15     20.93    0.58    0.55
  031-778              CONDUIT     36.74     0  17:15     12.10    0.78    1.00
  031-779              CONDUIT     37.32     0  17:15     11.88    1.34    1.00
  033-064Ta            CONDUIT     25.24     0  17:15      8.79    0.80    1.00
  029-620Ta            CONDUIT      8.89     0  19:35      1.43    0.21    0.50
  030-475              CONDUIT     25.73     0  17:16      6.30    0.67    0.56
  030-474              CONDUIT     24.78     0  17:15     24.11    0.45    0.47
  030-473              CONDUIT     24.40     0  17:15     23.80    0.26    0.36
  030-337              CONDUIT     23.53     0  17:15     18.04    0.40    0.44
  030-324              CONDUIT      0.64     0  00:02     10.67    0.01    0.28
  SF_F1                PUMP         8.89     0  02:08              1.00
  SF_F2                PUMP         8.89     0  02:16              1.00
  SF_F3                PUMP         8.89     0  02:26              1.00
  SantaFe_EC           PUMP         8.89     0  00:21              1.00
  
  
  ***************************
  Flow Classification Summary
  ***************************
  
  -------------------------------------------------------------------------------------
                      Adjusted    ---------- Fraction of Time in Flow Class ---------- 
                       /Actual         Up    Down  Sub   Sup   Up    Down  Norm  Inlet 
  Conduit               Length    Dry  Dry   Dry   Crit  Crit  Crit  Crit  Ltd   Ctrl  
  -------------------------------------------------------------------------------------
  028-001                 1.00   0.00  0.00  0.00  0.00  0.00  0.00  1.00  0.00  0.00
  028-002                 1.00   0.00  0.00  0.00  0.00  0.00  0.00  0.99  0.00  0.00
  028-307                 5.33   0.00  0.00  0.00  0.01  0.03  0.00  0.96  0.02  0.00
  029-005                 1.00   0.00  0.00  0.00  0.87  0.00  0.00  0.13  0.00  0.00
  029-006                 1.00   0.00  0.00  0.00  0.88  0.00  0.00  0.12  0.00  0.00
  029-007                 1.00   0.00  0.00  0.00  1.00  0.00  0.00  0.00  0.00  0.00
  029-008                 1.00   0.00  0.00  0.00  0.88  0.00  0.00  0.12  0.00  0.00
  029-009                 1.00   0.00  0.00  0.00  0.89  0.00  0.00  0.11  0.00  0.00
  029-010                 5.04   0.00  0.00  0.00  0.89  0.11  0.00  0.00  0.10  0.00
  029-011.1               3.87   0.00  0.00  0.00  1.00  0.00  0.00  0.00  0.11  0.00
  029-011.2               1.00   0.00  0.00  0.00  0.96  0.04  0.00  0.00  0.11  0.00
  029-014                 3.82   0.00  0.00  0.00  0.88  0.00  0.00  0.12  0.01  0.00
  029-015                 1.00   0.00  0.00  0.00  1.00  0.00  0.00  0.00  0.01  0.00
  029-016                 1.00   0.00  0.00  0.00  0.86  0.00  0.00  0.13  0.00  0.00
  029-017                 1.00   0.00  0.00  0.00  0.99  0.00  0.00  0.00  0.00  0.00
  029-018                 1.00   0.00  0.00  0.00  1.00  0.00  0.00  0.00  0.95  0.00
  029-020                 1.00   0.00  0.00  0.00  0.04  0.00  0.95  0.00  0.00  0.00
  029-021                 1.86   0.00  0.00  0.00  1.00  0.00  0.00  0.00  0.00  0.00
  029-024                 1.60   0.00  0.00  0.00  0.00  0.00  0.00  1.00  0.00  0.00
  029-025                 2.94   0.00  0.00  0.00  0.00  0.00  0.00  1.00  0.00  0.00
  029-026                 3.93   0.00  0.00  0.00  0.00  0.04  0.00  0.96  0.03  0.00
  029-027                 1.00   0.00  0.00  0.00  0.00  0.00  0.00  1.00  0.00  0.00
  029-058                 3.59   0.00  0.00  0.00  0.30  0.00  0.00  0.70  0.00  0.00
  029-059                 1.00   0.00  0.00  0.00  1.00  0.00  0.00  0.00  0.00  0.00
  029-060                 1.00   0.00  0.00  0.00  1.00  0.00  0.00  0.00  0.00  0.00
  029-061                 1.00   0.00  0.00  0.00  1.00  0.00  0.00  0.00  0.00  0.00
  029-062                 1.00   0.00  0.00  0.00  1.00  0.00  0.00  0.00  0.00  0.00
  029-063                 1.00   0.00  0.00  0.00  0.03  0.00  0.97  0.00  0.00  0.00
  029-064                 8.50   0.00  0.00  0.00  1.00  0.00  0.00  0.00  0.96  0.00
  029-065                 7.16   0.00  0.00  0.00  0.97  0.00  0.00  0.03  0.00  0.00
  029-066                 3.74   0.00  0.00  0.00  0.91  0.00  0.00  0.09  0.00  0.00
  029-067                 1.00   0.00  0.00  0.00  0.90  0.00  0.00  0.10  0.01  0.00
  029-068                 1.40   0.00  0.00  0.00  1.00  0.00  0.00  0.00  0.11  0.00
  029-071                14.29   0.00  0.00  0.00  0.99  0.00  0.00  0.01  0.00  0.00
  029-071Tab              7.33   0.01  0.00  0.00  0.99  0.00  0.00  0.00  0.00  0.00
  029-073                 2.03   0.00  0.00  0.00  0.97  0.00  0.00  0.03  0.00  0.00
  029-075                 1.98   0.00  0.00  0.00  0.00  0.00  0.00  1.00  0.00  0.00
  029-085                 4.25   0.00  0.00  0.00  0.00  0.01  0.00  0.99  0.00  0.00
  029-304                 4.68   0.00  0.00  0.00  0.00  1.00  0.00  0.00  1.00  0.00
  029-620                 2.39   0.04  0.00  0.00  0.00  0.00  0.00  0.96  0.00  0.00
  029-825a                3.76   0.00  0.00  0.00  0.00  1.00  0.00  0.00  0.99  0.00
  029-825b                2.44   0.00  0.00  0.00  0.28  0.00  0.72  0.00  0.00  0.00
  029-827                 1.94   0.00  0.00  0.00  0.00  0.00  0.00  1.00  0.00  0.00
  030-025                 1.00   0.00  0.00  0.00  1.00  0.00  0.00  0.00  0.00  0.00
  030-032                 1.10   0.00  0.00  0.00  1.00  0.00  0.00  0.00  0.00  0.00
  030-035                 4.36   0.00  0.00  0.00  0.91  0.00  0.00  0.09  0.00  0.00
  030-039                 1.00   0.00  0.00  0.00  1.00  0.00  0.00  0.00  0.00  0.00
  030-041                 1.00   0.00  0.00  0.00  1.00  0.00  0.00  0.00  0.00  0.00
  030-050                 1.00   0.00  0.00  0.00  1.00  0.00  0.00  0.00  0.09  0.00
  030-052                 1.04   0.00  0.00  0.00  1.00  0.00  0.00  0.00  0.00  0.00
  030-053                 1.99   0.00  0.00  0.00  1.00  0.00  0.00  0.00  0.00  0.00
  030-054                 3.32   0.00  0.00  0.00  1.00  0.00  0.00  0.00  0.00  0.00
  030-057                 1.00   0.00  0.00  0.00  0.88  0.00  0.00  0.12  0.01  0.00
  030-059                 1.00   0.00  0.00  0.00  1.00  0.00  0.00  0.00  0.00  0.00
  030-065                 1.00   0.00  0.00  0.00  1.00  0.00  0.00  0.00  0.00  0.00
  030-066                 6.72   0.00  0.00  0.00  0.93  0.00  0.00  0.07  0.00  0.00
  030-068                 1.00   0.00  0.00  0.00  1.00  0.00  0.00  0.00  0.12  0.00
  030-074                 1.00   0.00  0.00  0.00  0.93  0.00  0.00  0.07  0.03  0.00
  030-076                 7.32   0.00  0.00  0.00  0.90  0.00  0.10  0.00  0.00  0.00
  030-080                 1.20   0.00  0.00  0.00  1.00  0.00  0.00  0.00  0.00  0.00
  030-098                 1.00   0.00  0.00  0.00  1.00  0.00  0.00  0.00  0.04  0.00
  030-102                 1.00   0.00  0.00  0.00  1.00  0.00  0.00  0.00  0.04  0.00
  030-106                 1.05   0.00  0.00  0.00  0.96  0.00  0.00  0.04  0.00  0.00
  030-107                 1.27   0.00  0.00  0.00  1.00  0.00  0.00  0.00  0.00  0.00
  030-109                 1.00   0.00  0.00  0.00  0.96  0.00  0.00  0.04  0.02  0.00
  030-110                 2.28   0.00  0.00  0.00  0.91  0.09  0.00  0.00  0.11  0.00
  030-111                 6.43   0.00  0.00  0.00  0.89  0.00  0.00  0.11  0.00  0.00
  030-112                 1.00   0.00  0.00  0.00  0.93  0.00  0.00  0.07  0.02  0.00
  030-113                 1.00   0.00  0.00  0.00  0.97  0.00  0.00  0.03  0.01  0.00
  030-116                 1.43   0.00  0.00  0.00  1.00  0.00  0.00  0.00  0.04  0.00
  030-117                 1.00   0.00  0.00  0.00  0.97  0.00  0.03  0.00  0.00  0.00
  030-118                 1.24   0.00  0.00  0.00  0.97  0.00  0.00  0.03  0.00  0.00
  030-119                 1.53   0.00  0.00  0.00  0.97  0.00  0.00  0.03  0.00  0.00
  030-120                 1.93   0.00  0.00  0.00  1.00  0.00  0.00  0.00  0.03  0.00
  030-123                 1.00   0.00  0.00  0.00  0.98  0.00  0.00  0.02  0.01  0.00
  030-124                 1.00   0.01  0.00  0.00  0.99  0.00  0.00  0.00  0.00  0.00
  030-125                 1.00   0.01  0.00  0.00  0.91  0.00  0.00  0.08  0.00  0.00
  030-126                 1.00   0.01  0.00  0.00  0.99  0.00  0.00  0.00  0.01  0.00
  030-127                 1.00   0.00  0.00  0.00  0.99  0.00  0.00  0.00  0.07  0.00
  030-128                 1.00   0.00  0.00  0.00  0.97  0.00  0.00  0.03  0.00  0.00
  030-129                 1.00   0.00  0.00  0.00  0.99  0.00  0.00  0.01  0.00  0.00
  030-130                 2.48   0.00  0.00  0.00  0.97  0.00  0.00  0.03  0.01  0.00
  030-131                 1.00   0.00  0.00  0.00  0.96  0.00  0.00  0.04  0.01  0.00
  030-132                 1.00   0.00  0.00  0.00  1.00  0.00  0.00  0.00  0.11  0.00
  030-133                 1.00   0.00  0.00  0.00  1.00  0.00  0.00  0.00  0.03  0.00
  030-134                 1.15   0.00  0.00  0.00  0.97  0.00  0.00  0.03  0.00  0.00
  030-137                 1.01   0.00  0.00  0.00  0.96  0.00  0.00  0.04  0.02  0.00
  030-148                 4.04   0.00  0.00  0.00  0.90  0.09  0.00  0.00  0.00  0.00
  030-149                 4.32   0.00  0.00  0.00  0.89  0.00  0.00  0.10  0.00  0.00
  030-150                 2.47   0.00  0.00  0.00  0.89  0.00  0.00  0.11  0.00  0.00
  030-151                 2.40   0.00  0.00  0.00  0.89  0.11  0.00  0.00  0.01  0.00
  030-152                 2.00   0.00  0.00  0.00  0.86  0.00  0.00  0.13  0.11  0.00
  030-153                 3.03   0.00  0.00  0.00  1.00  0.00  0.00  0.00  0.00  0.00
  030-166                 2.48   0.00  0.00  0.00  0.01  0.00  0.00  0.99  0.00  0.00
  030-167                 1.00   0.00  0.00  0.00  1.00  0.00  0.00  0.00  0.82  0.00
  030-273                 1.00   0.00  0.00  0.00  0.94  0.06  0.00  0.00  1.00  0.00
  030-281                 1.00   0.00  0.00  0.00  0.00  0.00  0.00  1.00  0.00  0.00
  030-284                 1.00   0.00  0.00  0.00  0.05  0.02  0.00  0.93  0.06  0.00
  030-301                 1.14   0.00  0.00  0.00  0.00  0.00  0.00  1.00  0.00  0.00
  030-308                 3.29   0.00  0.00  0.00  0.00  0.00  0.00  1.00  0.00  0.00
  030-309                 3.70   0.00  0.00  0.00  0.00  0.00  0.00  1.00  0.00  0.00
  030-310                 2.61   0.00  0.00  0.00  0.00  0.00  0.00  1.00  0.00  0.00
  030-312                 1.93   0.00  0.00  0.00  0.00  0.00  0.00  1.00  0.00  0.00
  030-323                 1.33   0.00  0.00  0.00  0.00  0.01  0.00  0.99  0.01  0.00
  030-342                 3.25   0.00  0.00  0.00  0.00  0.00  0.00  1.00  0.00  0.00
  030-351                 1.00   0.00  0.00  0.00  0.00  0.00  0.00  1.00  0.00  0.00
  030-352                 1.08   0.00  0.00  0.00  0.00  0.02  0.00  0.98  0.02  0.00
  030-365                 1.00   0.00  0.00  0.00  0.00  0.31  0.00  0.69  0.31  0.00
  030-366                 1.00   0.00  0.00  0.00  0.00  0.00  0.00  1.00  0.00  0.00
  030-375                 1.18   0.00  0.00  0.00  0.00  0.00  0.00  1.00  0.00  0.00
  030-376                 1.00   0.00  0.00  0.00  0.00  0.00  0.00  1.00  0.00  0.00
  030-378                 1.05   0.00  0.00  0.00  0.01  0.00  0.00  0.99  0.01  0.00
  030-380                 1.76   0.00  0.00  0.00  0.00  0.00  0.00  1.00  0.00  0.00
  030-381                 1.00   0.00  0.00  0.00  0.00  0.00  0.00  1.00  0.00  0.00
  030-382                 8.61   0.00  0.00  0.00  0.00  0.00  0.00  1.00  0.00  0.00
  030-388                30.33   0.00  0.00  0.00  0.00  0.00  0.00  1.00  0.00  0.00
  030-389                 1.72   0.00  0.00  0.00  0.00  1.00  0.00  0.00  0.97  0.00
  030-390                 1.26   0.00  0.00  0.00  0.01  0.99  0.00  0.00  0.95  0.00
  030-397                 2.57   0.00  0.00  0.00  0.00  1.00  0.00  0.00  1.00  0.00
  030-397A                1.00   0.00  0.00  0.00  0.00  0.00  0.00  1.00  0.00  0.00
  030-400                 1.42   0.00  0.00  0.00  0.00  0.00  0.00  1.00  0.00  0.00
  030-408                 1.00   0.00  0.00  0.00  0.00  0.00  0.00  1.00  0.00  0.00
  030-409                 1.00   0.00  0.00  0.00  0.00  1.00  0.00  0.00  1.00  0.00
  030-411                 5.45   0.00  0.00  0.00  0.00  0.01  0.00  0.98  0.01  0.00
  030-412                 3.62   0.00  0.00  0.00  1.00  0.00  0.00  0.00  0.96  0.00
  030-413                 8.95   0.00  0.00  0.00  0.00  0.76  0.00  0.24  0.03  0.00
  030-414                 2.78   0.00  0.00  0.00  0.00  0.00  0.00  1.00  0.00  0.00
  030-419                 1.00   0.00  0.00  0.00  0.00  0.00  0.00  1.00  0.00  0.00
  030-420                 2.32   0.00  0.00  0.00  0.00  0.00  0.00  1.00  0.00  0.00
  030-423                 1.00   0.00  0.00  0.00  0.00  1.00  0.00  0.00  0.99  0.00
  030-424                 1.64   0.00  0.00  0.00  0.00  0.00  0.00  1.00  0.00  0.00
  030-425                 9.05   0.00  0.00  0.00  0.00  1.00  0.00  0.00  0.99  0.00
  030-426                 2.62   0.00  0.00  0.00  0.00  0.00  0.00  1.00  0.00  0.00
  030-427                 2.84   0.00  0.00  0.00  0.00  0.00  0.00  1.00  0.00  0.00
  030-428                 2.63   0.00  0.00  0.00  0.00  0.00  0.00  1.00  0.00  0.00
  030-432                 1.00   0.00  0.00  0.00  0.00  0.00  0.00  1.00  0.00  0.00
  030-433                 1.00   0.00  0.00  0.00  0.00  0.00  0.00  1.00  0.00  0.00
  030-455                 1.21   0.00  0.00  0.00  0.00  0.00  0.00  1.00  0.00  0.00
  030-456                 1.18   0.00  0.00  0.00  0.01  0.19  0.00  0.80  0.20  0.00
  030-457                12.43   0.00  0.00  0.00  0.00  0.00  0.00  1.00  0.00  0.00
  030-458                 1.36   0.00  0.00  0.00  0.00  0.00  0.00  1.00  0.00  0.00
  030-459                 4.09   0.00  0.00  0.00  0.00  0.03  0.00  0.97  0.03  0.00
  030-460                 1.00   0.00  0.00  0.00  0.00  0.00  0.00  1.00  0.00  0.00
  030-461                 1.62   0.00  0.00  0.00  0.00  0.00  0.00  1.00  0.00  0.00
  030-462                 1.48   0.00  0.00  0.00  0.00  0.99  0.00  0.01  0.99  0.00
  030-529                 1.10   0.00  0.00  0.00  0.99  0.00  0.00  0.00  0.13  0.00
  030-531                 1.00   0.00  0.00  0.00  1.00  0.00  0.00  0.00  0.00  0.00
  030-538                 1.00   0.00  0.00  0.00  0.90  0.00  0.00  0.09  0.00  0.00
  030-539                 1.00   0.00  0.00  0.00  1.00  0.00  0.00  0.00  0.00  0.00
  030-542                 2.90   0.00  0.00  0.00  1.00  0.00  0.00  0.00  0.00  0.00
  030-544                 1.10   0.00  0.00  0.00  0.90  0.00  0.00  0.10  0.00  0.00
  030-545                 1.00   0.00  0.00  0.00  1.00  0.00  0.00  0.00  0.00  0.00
  030-555                 1.00   0.00  0.00  0.00  0.89  0.00  0.00  0.11  0.00  0.00
  030-559                 1.38   0.00  0.00  0.00  1.00  0.00  0.00  0.00  0.00  0.00
  030-564                 1.00   0.00  0.00  0.00  1.00  0.00  0.00  0.00  0.00  0.00
  030-566                 1.00   0.00  0.00  0.00  1.00  0.00  0.00  0.00  0.11  0.00
  030-569                 1.11   0.00  0.00  0.00  1.00  0.00  0.00  0.00  0.12  0.00
  030-581                 1.01   0.00  0.00  0.00  1.00  0.00  0.00  0.00  0.00  0.00
  030-583                 2.36   0.00  0.00  0.00  0.00  0.00  0.00  1.00  0.00  0.00
  030-584                 1.00   0.00  0.00  0.00  0.00  0.00  0.00  1.00  0.00  0.00
  030-592                 1.00   0.00  0.00  0.00  0.00  0.00  0.00  1.00  0.00  0.00
  030-679                 1.00   0.00  0.00  0.00  1.00  0.00  0.00  0.00  0.00  0.00
  030-680                 1.00   0.00  0.00  0.00  0.97  0.00  0.00  0.03  0.01  0.00
  030-691                 1.00   0.00  0.00  0.00  1.00  0.00  0.00  0.00  0.04  0.00
  030-692                 1.00   0.00  0.00  0.00  1.00  0.00  0.00  0.00  0.00  0.00
  030-693                 1.94   0.00  0.00  0.00  1.00  0.00  0.00  0.00  0.00  0.00
  030-694                 2.17   0.00  0.00  0.00  1.00  0.00  0.00  0.00  0.00  0.00
  030-695                 1.00   0.00  0.00  0.00  0.99  0.00  0.00  0.01  0.00  0.00
  030-696                 1.00   0.00  0.00  0.00  1.00  0.00  0.00  0.00  0.00  0.00
  030-698                 1.00   0.00  0.00  0.00  1.00  0.00  0.00  0.00  0.00  0.00
  030-699                 1.00   0.00  0.00  0.00  1.00  0.00  0.00  0.00  0.00  0.00
  030-700                 1.06   0.00  0.00  0.00  1.00  0.00  0.00  0.00  0.00  0.00
  030-701                 1.00   0.00  0.00  0.00  0.98  0.00  0.00  0.02  0.00  0.00
  030-702                 1.85   0.00  0.00  0.00  0.99  0.00  0.00  0.01  0.00  0.00
  030-703                 1.00   0.00  0.00  0.00  1.00  0.00  0.00  0.00  0.00  0.00
  030-704Ub               1.83   0.00  0.00  0.00  1.00  0.00  0.00  0.00  0.00  0.00
  030-704Ta               2.99   0.00  0.00  0.00  0.98  0.00  0.02  0.00  0.00  0.00
  030-704Tb               1.22   0.00  0.00  0.00  0.99  0.01  0.00  0.00  0.00  0.00
  030-705                 1.00   0.00  0.04  0.00  0.96  0.00  0.00  0.00  0.00  0.00
  030-704                 1.00   0.00  0.00  0.00  1.00  0.00  0.00  0.00  0.00  0.00
  030-706                14.87   0.00  0.00  0.00  0.00  0.00  0.00  1.00  0.00  0.00
  030-715                11.14   0.00  0.00  0.00  1.00  0.00  0.00  0.00  0.00  0.00
  030-716                 3.91   0.00  0.00  0.00  0.31  0.00  0.00  0.69  0.00  0.00
  030-717                 4.25   0.00  0.00  0.00  0.88  0.12  0.00  0.00  0.13  0.00
  030-718                 1.67   0.00  0.00  0.00  0.93  0.06  0.00  0.01  0.09  0.00
  030-721                 3.66   0.00  0.00  0.00  0.00  0.00  0.00  1.00  0.00  0.00
  030-851                 3.41   0.00  0.00  0.00  0.00  0.95  0.00  0.05  0.94  0.00
  030-854                 1.00   0.00  0.00  0.00  1.00  0.00  0.00  0.00  0.99  0.00
  030-883                 1.00   0.00  0.00  0.00  1.00  0.00  0.00  0.00  0.11  0.00
  030-884                 1.00   0.00  0.00  0.00  1.00  0.00  0.00  0.00  0.00  0.00
  030-989                 1.50   0.00  0.00  0.00  0.93  0.00  0.07  0.00  0.00  0.00
  031-059                 4.83   0.00  0.00  0.00  0.00  0.00  0.00  1.00  0.00  0.00
  031-063                 2.01   0.00  0.00  0.00  0.00  0.95  0.00  0.05  0.95  0.00
  031-778                 2.09   0.00  0.00  0.00  0.00  1.00  0.00  0.00  1.00  0.00
  031-779                 1.00   0.00  0.00  0.00  0.00  0.95  0.00  0.05  0.95  0.00
  033-064Ta               2.00   0.00  0.02  0.00  0.96  0.01  0.00  0.00  0.97  0.00
  029-620Ta               1.00   0.01  0.00  0.00  0.00  0.00  0.99  0.00  0.00  0.00
  030-475                 1.18   0.00  0.00  0.00  0.00  0.00  0.00  1.00  0.00  0.00
  030-474                 1.00   0.00  0.00  0.00  0.00  0.00  0.00  1.00  0.00  0.00
  030-473                18.24   0.00  0.00  0.00  0.00  0.00  0.00  1.00  0.00  0.00
  030-337                 9.72   0.00  0.00  0.00  0.00  0.00  0.00  1.00  0.00  0.00
  030-324                 6.93   0.00  0.00  0.00  1.00  0.00  0.00  0.00  1.00  0.00
  
  
  *************************
  Conduit Surcharge Summary
  *************************
  
  ----------------------------------------------------------------------------
                                                           Hours        Hours 
                         --------- Hours Full --------   Above Full   Capacity
  Conduit                Both Ends  Upstream  Dnstream   Normal Flow   Limited
  ----------------------------------------------------------------------------
  028-001                     0.02      0.06      0.02      0.10         0.02
  028-002                     0.01      0.01      0.12      0.01         0.01
  028-307                     0.12      0.12      0.19      0.01         0.01
  029-005                    41.71     41.71     41.74      1.08         1.41
  029-006                    41.68     41.68     41.74      0.30         0.31
  029-007                    41.77     41.77     41.83      0.36         0.36
  029-008                    41.83     41.83     41.90      0.39         0.40
  029-009                    41.82     41.82     41.98      0.01         0.01
  029-010                    41.98     41.98     42.10      0.01         0.01
  029-011.1                  41.99     41.99     42.14      0.01         0.01
  029-011.2                  42.10     42.10     45.07      0.01         0.01
  029-014                    41.53     41.53     41.77      0.01         0.01
  029-015                     2.07      2.07     41.58      0.01         0.01
  029-016                     2.01      2.01      2.12      1.25         1.22
  029-017                     1.79      1.79      1.92      0.01         0.01
  029-018                     0.44      0.44      1.83      0.01         0.01
  029-020                     0.41      0.41      2.06      0.01         0.01
  029-021                     1.73      1.73      1.89      0.01         0.01
  029-024                     0.13      0.13      0.15      0.15         0.13
  029-026                     0.07      0.07      0.13      0.01         0.01
  029-027                     0.15      0.15      0.19      0.19         0.15
  029-058                     1.69      1.78      1.69     48.18         1.44
  029-059                     6.31      6.32     15.40      0.28         0.26
  029-060                     4.38     48.20      4.38     48.23         4.38
  029-061                    48.17     48.18     48.17      0.14         0.13
  029-062                    48.17     48.17     48.17      0.36         0.24
  029-063                     0.79      0.79     48.17     48.07         0.24
  029-064                     0.40      0.40      1.89      0.01         0.01
  029-065                    44.57     44.57     45.03      0.01         0.01
  029-066                    42.59     42.59     42.66      0.01         0.01
  029-067                    41.98     41.98     42.49      0.01         0.01
  029-068                    41.95     41.95     42.13      0.01         0.01
  029-071                    45.87     45.87     46.33      0.01         0.01
  029-071Tab                 47.62     47.62     47.73      0.01         0.01
  029-073                    45.07     45.07     45.30      0.01         0.01
  029-304                     0.01      0.01      0.21      0.01         0.01
  029-825a                    0.12      0.13      0.20      0.04         0.06
  029-825b                    2.39      2.39     48.24     48.18         0.01
  029-827                     0.21      0.21      0.21      0.24         0.21
  030-025                    42.79     42.79     43.04      0.06         0.06
  030-032                    42.76     42.76     42.91      0.75         0.76
  030-035                    43.08     43.08     43.09      0.04         3.63
  030-039                    43.36     43.36     43.43      0.39         0.39
  030-041                    42.46     42.46     42.64      0.01         0.01
  030-050                    42.21     42.21     42.59      0.01         0.01
  030-052                    42.77     42.78     42.77     46.42        22.03
  030-053                    43.74     43.74     43.75      2.10         7.89
  030-054                    43.47     43.47     43.70      0.01         0.01
  030-057                    41.55     41.55     42.00      0.01         0.01
  030-059                    43.46     43.46     43.49      1.10         1.73
  030-065                    42.89     42.89     43.18      0.01         0.01
  030-066                    42.79     42.79     42.80      0.01         1.76
  030-068                    41.57     41.57     42.05      0.01         0.01
  030-074                    42.07     42.07     42.87      0.01         0.01
  030-076                    42.02     42.02     42.08      0.01         0.01
  030-080                    43.22     43.22     43.35      0.01         0.01
  030-098                    44.60     44.60     45.17      0.58         0.58
  030-102                    45.17     45.17     46.21      0.01         0.01
  030-106                    43.55     43.55     43.61      0.01         0.01
  030-107                    43.35     43.35     43.55      0.01         0.01
  030-109                    42.97     42.97     43.58      0.01         0.01
  030-110                    41.82     41.82     42.37      0.01         0.01
  030-111                    41.66     41.66     41.77      0.01         0.01
  030-112                    42.37     42.37     42.87      0.01         0.01
  030-113                    43.11     43.11     44.01      0.01         0.01
  030-116                    43.69     43.69     44.26      0.01         0.01
  030-117                    44.29     44.29     44.32      0.94         1.57
  030-118                    44.35     44.35     44.60      0.01         0.01
  030-119                    44.89     44.89     45.34      0.01         0.01
  030-120                    45.43     45.43     46.27      0.01         0.01
  030-123                    44.12     44.12     45.76      0.01         0.01
  030-124                    42.72     42.72     42.79      0.32         0.32
  030-125                    42.79     42.79     42.98      0.01         0.01
  030-126                    42.89     42.89     43.33      0.01         0.01
  030-127                    43.22     43.22     44.81      0.01         0.01
  030-128                    44.67     44.67     45.17      0.24         0.24
  030-129                    44.86     44.86     45.87      0.01         0.01
  030-130                    46.04     46.04     46.53      0.01         0.01
  030-131                    44.50     44.50     45.22      0.01         0.01
  030-132                    42.33     42.33     44.50      0.01         0.01
  030-133                    44.98     44.98     46.83      0.01         0.01
  030-134                    44.33     44.33     44.98      0.01         0.01
  030-137                    43.44     43.44     44.24      0.01         0.01
  030-148                    42.13     42.13     42.48      0.01         0.01
  030-149                    42.01     42.01     42.06      0.01         0.01
  030-150                    41.90     41.90     41.95      0.30         0.30
  030-151                    41.64     41.64     41.89      0.19         0.21
  030-152                     0.33      0.33      2.15      0.14         0.12
  030-153                     0.32      0.32      0.85      0.24         0.01
  030-166                     0.18      0.18      0.22      0.01         0.01
  030-167                     0.38      0.38     41.55      0.01         0.01
  030-281                     0.01      0.01      0.05      0.01         0.01
  030-284                     0.06      0.06      0.15      0.01         0.01
  030-301                     0.14      0.15      0.15      0.18         0.14
  030-309                     0.01      0.01      0.03      0.03         0.01
  030-310                     0.02      0.02      0.06      0.06         0.02
  030-312                     0.01      0.01      0.01      0.01         0.01
  030-351                     0.01      0.01      0.01      0.01         0.01
  030-352                     0.01      0.01      0.01      0.01         0.01
  030-365                     0.01      0.01      0.16      0.01         0.01
  030-366                     0.16      0.16      0.20      0.19         0.16
  030-378                     0.01      0.01      0.24      0.01         0.01
  030-388                     0.01      0.01      0.05      0.01         0.01
  030-389                     0.11      0.11      0.14      0.05         0.04
  030-390                     0.14      0.14      0.15      0.10         0.09
  030-397A                    0.01      0.01      0.01      0.10         0.01
  030-411                     0.01      0.01      0.24      0.01         0.01
  030-412                     0.29      0.29      1.13      0.15         0.16
  030-420                     0.01      0.11      0.01      0.16         0.01
  030-423                     0.04      0.04      0.11      0.06         0.03
  030-424                     0.02      0.02      0.03      0.01         0.01
  030-425                     0.01      0.01      0.02      0.01         0.01
  030-428                     0.01      0.01      0.03      0.03         0.01
  030-529                    41.65     41.65     43.13      0.01         0.01
  030-531                    43.00     43.00     43.26      0.01         0.01
  030-538                    42.31     42.31     42.38      0.01         0.01
  030-539                    42.30     42.30     42.33      0.01         0.01
  030-542                    42.20     42.20     42.20      0.01         4.18
  030-544                    41.98     41.98     42.11      0.01         0.01
  030-545                    42.10     42.10     42.15      0.01         0.01
  030-555                    42.05     42.05     42.07      0.01         0.55
  030-559                    42.01     42.01     42.05      0.01         0.01
  030-564                    42.00     42.00     42.01      0.24         1.06
  030-566                    41.88     41.88     42.09      0.01         0.01
  030-569                    41.74     41.74     41.87      0.01         0.01
  030-581                    42.86     42.86     42.91      2.82         0.01
  030-583                     0.01      0.01      0.01      0.15         0.01
  030-592                     0.01      0.03      0.01      0.13         0.01
  030-679                     2.37      2.37     41.46      0.01         0.01
  030-680                    41.46     41.46     41.66      0.01         0.01
  030-691                    44.58     44.58     45.22      0.01         0.01
  030-692                    45.30     45.30     45.34      0.01         0.37
  030-693                    44.61     44.61     44.64      0.01         2.69
  030-694                    44.64     44.64     44.71      0.01         0.01
  030-695                    44.71     44.71     44.99      0.01         0.01
  030-696                    45.14     45.14     45.73      0.01         0.01
  030-698                    45.79     45.79     46.06      0.01         0.01
  030-699                    46.06     46.06     46.27      0.01         0.01
  030-700                    46.03     46.03     46.17      0.96         0.01
  030-701                    46.17     46.17     46.33      0.54         0.01
  030-702                    45.65     45.65     45.87      0.01         0.01
  030-703                    46.11     46.11     46.47      0.01         0.01
  030-704Ub                  43.71     43.71     43.94      0.01         0.01
  030-704Ta                  46.41     46.41     46.47      0.01         0.02
  030-704Tb                  43.94     43.94     44.86      0.01         0.01
  030-705                    45.22     45.22     46.04      0.01         0.01
  030-704                    43.71     43.71     43.76      0.01         0.01
  030-715                     0.31      0.31      0.32      0.21         0.01
  030-716                     0.31      0.32      0.32      0.32         0.31
  030-717                     2.15      2.15     41.63      0.01         0.01
  030-718                    42.48     42.48     43.35      0.01         0.01
  030-721                     0.11      0.13      0.11      0.22         0.11
  030-854                     0.25      0.25      2.13      0.19         0.01
  030-883                    42.31     42.31     42.73      0.58         0.58
  030-884                    42.91     42.91     43.15      1.75         1.76
  030-989                    42.68     42.68     42.86      0.01         0.01
  031-059                     0.01      0.01      0.01      0.01         0.01
  031-778                     0.03      0.03      0.09      0.01         0.01
  031-779                     0.06      0.09      0.06      0.13         0.06
  033-064Ta                   0.25      0.25      0.38      0.01         0.01
  
  
  ***************
  Pumping Summary
  ***************
  
  ---------------------------------------------------------------------------------------------------------
                                                  Min       Avg       Max     Total     Power    % Time Off
                        Percent   Number of      Flow      Flow      Flow    Volume     Usage    Pump Curve
  Pump                 Utilized   Start-Ups       CFS       CFS       CFS  10^6 gal     Kw-hr    Low   High
  ---------------------------------------------------------------------------------------------------------
  SF_F1                   95.57           1      0.00      8.89      8.89    11.039    779.88    0.0    0.0
  SF_F2                   95.30           1      0.00      8.89      8.89    11.007    778.67    0.0    0.0
  SF_F3                   94.96           1      0.00      8.89      8.89    10.968    777.18    0.0    0.0
  SantaFe_EC              99.26           1      0.00      8.89      8.89    11.465    711.55    0.0    0.0
  

  Analysis begun on:  Tue Aug  5 13:01:17 2025
  Analysis ended on:  Tue Aug  5 13:01:36 2025
  Total elapsed time: 00:00:19