
  EPA STORM WATER MANAGEMENT MODEL - VERSION 5.2 (Build 5.2.4)
  ------------------------------------------------------------

  Scenario Run :  ONEMINUTE 
  WARNING 02: maximum depth increased for Node 80408C
  
  *************
  Element Count
  *************
  Number of rain gages ...... 0
  Number of subcatchments ... 0
  Number of nodes ........... 61
  Number of links ........... 61
  Number of pollutants ...... 1
  Number of land uses ....... 0
  
  
  *****************
  Pollutant Summary
  *****************
                               Ppt.      GW         Kdecay
  Name                 Units   Concen.   Concen.    1/days    CoPollutant
  -----------------------------------------------------------------------
  TSS                   MG/L     10.00      0.00      0.00
  
  
  ************
  Node Summary
  ************
                                           Invert      Max.    Ponded    External
  Name                 Type                 Elev.     Depth      Area    Inflow  
  -------------------------------------------------------------------------------
  10309                JUNCTION            101.60      9.40       0.0
  10309A               JUNCTION            101.60      9.40       0.0
  10309B               JUNCTION            101.60      9.40       0.0
  10309C               JUNCTION            101.60      9.40       0.0
  10309D               JUNCTION            101.60      9.40       0.0
  10309E               JUNCTION            101.60      9.40       0.0
  15009                JUNCTION            111.50     13.50       0.0
  15009A               JUNCTION            111.50     13.50       0.0
  15009B               JUNCTION            111.50     13.50       0.0
  15009C               JUNCTION            111.50     13.50       0.0
  15009D               JUNCTION            111.50     13.50       0.0
  15009E               JUNCTION            121.00     13.50       0.0
  16009                JUNCTION            102.00     18.00       0.0
  16009A               JUNCTION            102.00     18.00       0.0
  16009B               JUNCTION            102.00     18.00       0.0
  16009C               JUNCTION            102.00     18.00       0.0
  16009D               JUNCTION            102.00     18.00       0.0
  16009E               JUNCTION            102.00     18.00       0.0
  16109                JUNCTION            102.80     22.20       0.0
  16109A               JUNCTION            102.80     22.20       0.0
  16109B               JUNCTION            102.80     22.20       0.0
  16109C               JUNCTION            102.80     22.20       0.0
  16109D               JUNCTION            102.80     22.20       0.0
  16109E               JUNCTION            102.80     22.20       0.0
  80408                JUNCTION            120.00     13.40       0.0    Yes
  80408A               JUNCTION            124.60     13.40       0.0    Yes
  80408B               JUNCTION            124.60     13.40       0.0    Yes
  80408C               JUNCTION            124.60      4.00       0.0    Yes
  80408D               JUNCTION            124.60     13.40       0.0    Yes
  80608                JUNCTION            118.30     16.70       0.0
  80608A               JUNCTION            118.30     16.70       0.0
  80608B               JUNCTION            118.30     16.70       0.0
  80608C               JUNCTION            118.30     16.70       0.0
  80608D               JUNCTION            118.30     16.70       0.0
  81009                JUNCTION            128.20      8.80       0.0    Yes
  81009A               JUNCTION            128.20      8.80       0.0    Yes
  81009B               JUNCTION            128.20      8.80       0.0    Yes
  81009C               JUNCTION            128.20      8.80       0.0    Yes
  81009D               JUNCTION            128.20      8.80       0.0    Yes
  81009E               JUNCTION            128.20      8.80       0.0    Yes
  81309                JUNCTION            117.50     12.50       0.0
  81309A               JUNCTION            117.50     12.50       0.0
  81309B               JUNCTION            117.50     12.50       0.0
  81309C               JUNCTION            117.50     12.50       0.0
  81309D               JUNCTION            117.50     12.50       0.0
  81309E               JUNCTION            117.50     12.50       0.0
  82308D               JUNCTION            112.30     42.70       0.0
  82309                JUNCTION            112.30     42.70       0.0    Yes
  82309A               JUNCTION            112.30     42.70       0.0    Yes
  82309B               JUNCTION            112.30     42.70       0.0    Yes
  82309C               JUNCTION            112.30     13.00       0.0    Yes
  10208                OUTFALL              89.90      9.00       0.0
  10208A               OUTFALL              89.90      9.00       0.0
  10208B               OUTFALL              89.90      9.00       0.0
  10208C               OUTFALL              89.90      9.00       0.0
  10208D               OUTFALL              89.90      9.00       0.0
  10208E               OUTFALL              89.90      9.00       0.0
  Tank1_1              STORAGE             112.30     42.70       0.0    Yes
  Tank2_1              STORAGE             112.30     21.00       0.0    Yes
  Tank3_1              STORAGE             118.30     16.70       0.0
  Tank4_1              STORAGE             124.60     13.40       0.0    Yes
  
  
  ************
  Link Summary
  ************
  Name             From Node        To Node          Type            Length    %Slope Roughness
  ---------------------------------------------------------------------------------------------
  1030             10309            10208            CONDUIT         4500.0    0.2600    0.2000
  1030A            10309A           10208A           CONDUIT         4500.0    0.2600    0.0160
  1030B            10309B           10208B           CONDUIT         4500.0    0.2600    0.0160
  1030C            10309C           10208C           CONDUIT         4500.0    0.2600    0.0160
  1030D            10309D           10208D           CONDUIT         4500.0    0.2600    0.0160
  1030E            10309E           10208E           CONDUIT         4500.0    0.2600    0.0160
  1570             15009            16009            CONDUIT         5000.0    0.1900    0.0154
  1570A            15009A           16009A           CONDUIT         5000.0    0.1900    0.0154
  1570B            15009B           16009B           CONDUIT         5000.0    0.1900    0.0154
  1570C            15009C           16009C           CONDUIT           33.0   30.0604    0.0154
  1570D            15009D           16009D           CONDUIT         5000.0    0.1900    0.0154
  1570E            15009E           16009E           CONDUIT         5000.0    0.3800    0.0154
  1600             16009            16109            CONDUIT          500.0   -0.1600    0.0150
  1600A            16009A           16109A           CONDUIT          500.0   -0.1600    0.0150
  1600B            16009B           16109B           CONDUIT          500.0   -0.1600    0.0150
  1600C            16009C           16109C           CONDUIT          500.0   -0.1600    0.0150
  1600D            16009D           16109D           CONDUIT          500.0   -0.1600    0.0150
  1600E            16009E           16109E           CONDUIT          500.0   -0.1600    0.0150
  1602             82309            16109            CONDUIT         5000.0    0.1900    0.0340
  1602A            82309A           16109A           CONDUIT         5000.0    0.1900    0.0340
  1602B            82309B           16109B           CONDUIT         5000.0    0.1900    0.0340
  1602C            82309C           16109C           CONDUIT         5000.0    0.1900    0.0340
  1602D            Tank1_1          16109D           CONDUIT         5000.0    0.1900    0.0340
  1602E            Tank2_1          16109E           CONDUIT         5000.0    0.1900    0.0340
  1630             16009            10309            CONDUIT          300.0    0.1333    0.0150
  1630A            16009A           10309A           CONDUIT          300.0    0.1333    0.0150
  1630B            16009B           10309B           CONDUIT          300.0    0.1333    0.0150
  1630C            16009C           10309C           CONDUIT          300.0    0.1333    0.0150
  1630D            16009D           10309D           CONDUIT          300.0    0.1333    0.0150
  1630E            16009E           10309E           CONDUIT          300.0    0.1333    0.0150
  8040             80408            80608            CONDUIT         1800.0    0.0944    0.0150
  8040A            80408A           80608A           CONDUIT         1800.0    0.3500    0.0150
  8040B            80408B           80608B           CONDUIT         1800.0    0.3500    0.0150
  8040C            80408C           80608C           CONDUIT         1800.0    0.3500    0.0150
  8040D            80408D           80608D           CONDUIT         1800.0    0.3500    0.0150
  8040E            Tank4_1          Tank3_1          CONDUIT         1800.0    0.3500    0.0150
  8060             80608            82309            CONDUIT         2075.0    0.1831    0.0150
  8060A            80608A           82309A           CONDUIT         2075.0    0.1831    0.0150
  8060B            80608B           82309B           CONDUIT         2075.0    0.1831    0.0150
  8060C            80608C           82309C           CONDUIT         2075.0    0.1831    0.0150
  8060D            80608D           Tank1_1          CONDUIT         2075.0    0.1831    0.0150
  8060E            Tank3_1          Tank2_1          CONDUIT         2075.0    0.1831    0.0150
  8100             81009            81309            CONDUIT         5100.0    0.2098    0.0150
  8100A            81009A           81309A           CONDUIT         5100.0    0.2098    0.0150
  8100B            81009B           81309B           CONDUIT         5100.0    0.2098    0.0150
  8100C            81009C           81309C           CONDUIT         5100.0    0.2098    0.0150
  8100D            81009D           81309D           CONDUIT         5100.0    0.2098    0.0150
  8100E            81009E           81309E           CONDUIT         5100.0    0.2098    0.0150
  8130             81309            15009            CONDUIT         3500.0    0.1714    0.0150
  8130A            81309A           15009A           CONDUIT         3500.0    0.1714    0.0150
  8130B            81309B           15009B           CONDUIT         3500.0    0.1714    0.0150
  8130C            81309C           15009C           CONDUIT         3500.0    0.1714    0.0150
  8130D            81309D           15009D           CONDUIT         3500.0    0.1714    0.0150
  8130E            81309E           15009E           CONDUIT         3500.0   -0.1000    0.0150
  L1_1             Tank2_1          15009E           TYPE3 PUMP  
  L2_1             Tank2_1          15009E           TYPE3 PUMP  
  L3_1             Tank2_1          15009E           TYPE3 PUMP  
  L4_1             Tank2_1          15009E           TYPE3 PUMP  
  OR1@82309B-15009B 82309B           15009B           ORIFICE     
  OR1@82309D-82308D Tank1_1          82308D           ORIFICE     
  WEIR1@82309C-15009C 82309C           15009C           WEIR        
  
  
  *********************
  Cross Section Summary
  *********************
                                        Full     Full     Hyd.     Max.   No. of     Full
  Conduit          Shape               Depth     Area     Rad.    Width  Barrels     Flow
  ---------------------------------------------------------------------------------------
  1030             TRIANGULAR           9.00   243.00     4.27    54.00        1 163046.83
  1030A            TRIANGULAR           9.00   243.00     4.27    54.00        1 2038085.32
  1030B            TRIANGULAR           9.00   243.00     4.27    54.00        1 2038085.32
  1030C            TRIANGULAR           9.00   243.00     4.27    54.00        1 2038085.32
  1030D            TRIANGULAR           9.00   243.00     4.27    54.00        1 2038085.32
  1030E            TRIANGULAR           9.00   243.00     4.27    54.00        1 2038085.32
  1570             CIRCULAR             5.50    23.76     1.38     5.50        1 83157.17
  1570A            CIRCULAR             5.50    23.76     1.38     5.50        1 83157.17
  1570B            CIRCULAR             5.50    23.76     1.38     5.50        1 83157.17
  1570C            CIRCULAR             5.50    23.76     1.38     5.50        1 1045972.08
  1570D            CIRCULAR             5.50    23.76     1.38     5.50        1 83157.17
  1570E            FORCE_MAIN           5.50    23.76     1.38     5.50        1 139662.24
  1600             CIRCULAR             6.00    28.27     1.50     6.00        1 98805.64
  1600A            CIRCULAR             6.00    28.27     1.50     6.00        1 98805.64
  1600B            CIRCULAR             6.00    28.27     1.50     6.00        1 98805.64
  1600C            CIRCULAR             6.00    28.27     1.50     6.00        1 98805.64
  1600D            CIRCULAR             6.00    28.27     1.50     6.00        1 98805.64
  1600E            CIRCULAR             6.00    28.27     1.50     6.00        1 98805.64
  1602             CIRCULAR             5.00    19.63     1.25     5.00        1 29211.98
  1602A            CIRCULAR             5.00    19.63     1.25     5.00        1 29211.98
  1602B            CIRCULAR             5.00    19.63     1.25     5.00        1 29211.98
  1602C            CIRCULAR             5.00    19.63     1.25     5.00        1 29211.98
  1602D            CIRCULAR             5.00    19.63     1.25     5.00        1 29211.98
  1602E            CIRCULAR             5.00    19.63     1.25     5.00        1 29211.98
  1630             TRIANGULAR           9.00   243.00     4.27    54.00        1 1556801.49
  1630A            TRIANGULAR           9.00   243.00     4.27    54.00        1 1556801.49
  1630B            TRIANGULAR           9.00   243.00     4.27    54.00        1 1556801.49
  1630C            TRIANGULAR           9.00   243.00     4.27    54.00        1 1556801.49
  1630D            TRIANGULAR           9.00   243.00     4.27    54.00        1 1556801.49
  1630E            TRIANGULAR           9.00   243.00     4.27    54.00        1 1556801.49
  8040             FORCE_MAIN           4.00    12.57     1.00     4.00        1 28865.93
  8040A            CIRCULAR             4.00    12.57     1.00     4.00        1 49565.57
  8040B            CIRCULAR             4.00    12.57     1.00     4.00        1 49565.57
  8040C            CIRCULAR             4.00    12.57     1.00     4.00        1 49565.57
  8040D            CIRCULAR             4.00    12.57     1.00     4.00        1 49565.57
  8040E            CIRCULAR             4.00    12.57     1.00     4.00        1 49565.57
  8060             CIRCULAR             4.00    12.57     1.00     4.00        1 35853.20
  8060A            CIRCULAR             4.00    12.57     1.00     4.00        1 35853.20
  8060B            CIRCULAR             4.00    12.57     1.00     4.00        1 35853.20
  8060C            CIRCULAR             4.00    12.57     1.00     4.00        1 35853.20
  8060D            CIRCULAR             4.00    12.57     1.00     4.00        1 35853.20
  8060E            CIRCULAR             4.00    12.57     1.00     4.00        1 35853.20
  8100             CIRCULAR             4.50    15.90     1.12     4.50        1 52536.21
  8100A            CIRCULAR             4.50    15.90     1.12     4.50        1 52536.21
  8100B            CIRCULAR             4.50    15.90     1.12     4.50        1 52536.21
  8100C            CIRCULAR             4.50    15.90     1.12     4.50        1 52536.21
  8100D            CIRCULAR             4.50    15.90     1.12     4.50        1 52536.21
  8100E            CIRCULAR             4.50    15.90     1.12     4.50        1 52536.21
  8130             CIRCULAR             4.50    15.90     1.12     4.50        1 47489.04
  8130A            CIRCULAR             4.50    15.90     1.12     4.50        1 47489.04
  8130B            CIRCULAR             4.50    15.90     1.12     4.50        1 47489.04
  8130C            CIRCULAR             4.50    15.90     1.12     4.50        1 47489.04
  8130D            CIRCULAR             4.50    15.90     1.12     4.50        1 47489.04
  8130E            CIRCULAR             4.50    15.90     1.12     4.50        1 36270.34
  
  
  ****************
  Analysis Options
  ****************
  Flow Units ............... LPS
  Process Models:
    Rainfall/Runoff ........ NO
    RDII ................... NO
    Snowmelt ............... NO
    Groundwater ............ NO
    Flow Routing ........... YES
    Ponding Allowed ........ NO
    Water Quality .......... YES
  Flow Routing Method ...... DYNWAVE
  Surcharge Method ......... EXTRAN
  Starting Date ............ 01/01/1988 00:00:00
  Ending Date .............. 01/01/1988 06:00:00
  Antecedent Dry Days ...... 5.0
  Report Time Step ......... 00:01:00
  Routing Time Step ........ 10.00 sec
  Variable Time Step ....... YES
  Maximum Trials ........... 8
  Number of Threads ........ 1
  Head Tolerance ........... 0.001000 m
  
  
  *********************
  Control Actions Taken
  *********************
   01/01/1988: 00:00:00 Link L3_1 setting changed to   0.00 by Control 3
   01/01/1988: 00:57:01 Link L1_1 setting changed to   0.00 by Control 1
   01/01/1988: 00:57:01 Link L2_1 setting changed to   0.00 by Control 2
   01/01/1988: 00:57:09 Link L1_1 setting changed to   0.00 by Control 1
   01/01/1988: 00:57:09 Link L2_1 setting changed to   0.00 by Control 2
   01/01/1988: 00:57:17 Link L1_1 setting changed to   0.00 by Control 1
   01/01/1988: 00:57:17 Link L2_1 setting changed to   0.00 by Control 2
   01/01/1988: 00:57:25 Link L1_1 setting changed to   0.00 by Control 1
   01/01/1988: 00:57:25 Link L2_1 setting changed to   0.00 by Control 2
   01/01/1988: 00:57:33 Link L1_1 setting changed to   0.00 by Control 1
   01/01/1988: 00:57:33 Link L2_1 setting changed to   0.00 by Control 2
   01/01/1988: 00:57:41 Link L1_1 setting changed to   0.00 by Control 1
   01/01/1988: 00:57:41 Link L2_1 setting changed to   0.00 by Control 2
   01/01/1988: 00:57:49 Link L1_1 setting changed to   0.00 by Control 1
   01/01/1988: 00:57:49 Link L2_1 setting changed to   0.00 by Control 2
   01/01/1988: 00:57:57 Link L1_1 setting changed to   0.00 by Control 1
   01/01/1988: 00:57:57 Link L2_1 setting changed to   0.00 by Control 2
   01/01/1988: 00:58:05 Link L1_1 setting changed to   0.00 by Control 1
   01/01/1988: 00:58:05 Link L2_1 setting changed to   0.00 by Control 2
   01/01/1988: 00:58:12 Link L1_1 setting changed to   0.00 by Control 1
   01/01/1988: 00:58:12 Link L2_1 setting changed to   0.00 by Control 2
   01/01/1988: 00:58:20 Link L1_1 setting changed to   0.00 by Control 1
   01/01/1988: 00:58:20 Link L2_1 setting changed to   0.00 by Control 2
   01/01/1988: 00:58:28 Link L1_1 setting changed to   0.00 by Control 1
   01/01/1988: 00:58:28 Link L2_1 setting changed to   0.00 by Control 2
   01/01/1988: 00:58:36 Link L1_1 setting changed to   0.00 by Control 1
   01/01/1988: 00:58:36 Link L2_1 setting changed to   0.00 by Control 2
   01/01/1988: 00:58:44 Link L1_1 setting changed to   0.00 by Control 1
   01/01/1988: 00:58:44 Link L2_1 setting changed to   0.00 by Control 2
   01/01/1988: 00:58:52 Link L1_1 setting changed to   0.00 by Control 1
   01/01/1988: 00:58:52 Link L2_1 setting changed to   0.00 by Control 2
   01/01/1988: 00:59:00 Link L1_1 setting changed to   0.00 by Control 1
   01/01/1988: 00:59:00 Link L2_1 setting changed to   0.00 by Control 2
   01/01/1988: 00:59:08 Link L1_1 setting changed to   0.00 by Control 1
   01/01/1988: 00:59:08 Link L2_1 setting changed to   0.00 by Control 2
   01/01/1988: 00:59:15 Link L1_1 setting changed to   0.00 by Control 1
   01/01/1988: 00:59:15 Link L2_1 setting changed to   0.00 by Control 2
   01/01/1988: 00:59:23 Link L1_1 setting changed to   0.00 by Control 1
   01/01/1988: 00:59:23 Link L2_1 setting changed to   0.00 by Control 2
   01/01/1988: 00:59:31 Link L1_1 setting changed to   0.00 by Control 1
   01/01/1988: 00:59:31 Link L2_1 setting changed to   0.00 by Control 2
   01/01/1988: 00:59:39 Link L1_1 setting changed to   0.00 by Control 1
   01/01/1988: 00:59:39 Link L2_1 setting changed to   0.00 by Control 2
   01/01/1988: 00:59:46 Link L1_1 setting changed to   0.00 by Control 1
   01/01/1988: 00:59:46 Link L2_1 setting changed to   0.00 by Control 2
   01/01/1988: 00:59:54 Link L1_1 setting changed to   0.00 by Control 1
   01/01/1988: 00:59:54 Link L2_1 setting changed to   0.00 by Control 2
   01/01/1988: 01:00:02 Link L1_1 setting changed to   0.00 by Control 1
   01/01/1988: 01:00:02 Link L2_1 setting changed to   0.00 by Control 2
   01/01/1988: 01:00:10 Link L1_1 setting changed to   0.00 by Control 1
   01/01/1988: 01:00:10 Link L2_1 setting changed to   0.00 by Control 2
   01/01/1988: 01:00:17 Link L1_1 setting changed to   0.00 by Control 1
   01/01/1988: 01:00:17 Link L2_1 setting changed to   0.00 by Control 2
   01/01/1988: 01:00:25 Link L1_1 setting changed to   0.00 by Control 1
   01/01/1988: 01:00:25 Link L2_1 setting changed to   0.00 by Control 2
   01/01/1988: 01:00:33 Link L1_1 setting changed to   0.00 by Control 1
   01/01/1988: 01:00:33 Link L2_1 setting changed to   0.00 by Control 2
   01/01/1988: 01:00:40 Link L1_1 setting changed to   0.00 by Control 1
   01/01/1988: 01:00:40 Link L2_1 setting changed to   0.00 by Control 2
   01/01/1988: 01:00:48 Link L1_1 setting changed to   0.00 by Control 1
   01/01/1988: 01:00:48 Link L2_1 setting changed to   0.00 by Control 2
   01/01/1988: 01:00:56 Link L1_1 setting changed to   0.00 by Control 1
   01/01/1988: 01:00:56 Link L2_1 setting changed to   0.00 by Control 2
   01/01/1988: 01:01:03 Link L1_1 setting changed to   0.00 by Control 1
   01/01/1988: 01:01:03 Link L2_1 setting changed to   0.00 by Control 2
   01/01/1988: 01:01:11 Link L1_1 setting changed to   0.00 by Control 1
   01/01/1988: 01:01:11 Link L2_1 setting changed to   0.00 by Control 2
   01/01/1988: 01:01:19 Link L1_1 setting changed to   0.00 by Control 1
   01/01/1988: 01:01:19 Link L2_1 setting changed to   0.00 by Control 2
   01/01/1988: 01:01:26 Link L1_1 setting changed to   0.00 by Control 1
   01/01/1988: 01:01:26 Link L2_1 setting changed to   0.00 by Control 2
   01/01/1988: 01:01:34 Link L1_1 setting changed to   0.00 by Control 1
   01/01/1988: 01:01:34 Link L2_1 setting changed to   0.00 by Control 2
   01/01/1988: 01:01:41 Link L1_1 setting changed to   0.00 by Control 1
   01/01/1988: 01:01:41 Link L2_1 setting changed to   0.00 by Control 2
   01/01/1988: 01:01:49 Link L1_1 setting changed to   0.00 by Control 1
   01/01/1988: 01:01:49 Link L2_1 setting changed to   0.00 by Control 2
   01/01/1988: 01:01:57 Link L1_1 setting changed to   0.00 by Control 1
   01/01/1988: 01:01:57 Link L2_1 setting changed to   0.00 by Control 2
   01/01/1988: 01:02:04 Link L1_1 setting changed to   0.00 by Control 1
   01/01/1988: 01:02:04 Link L2_1 setting changed to   0.00 by Control 2
   01/01/1988: 01:02:12 Link L1_1 setting changed to   0.00 by Control 1
   01/01/1988: 01:02:12 Link L2_1 setting changed to   0.00 by Control 2
   01/01/1988: 01:02:19 Link L1_1 setting changed to   0.00 by Control 1
   01/01/1988: 01:02:19 Link L2_1 setting changed to   0.00 by Control 2
   01/01/1988: 01:02:27 Link L1_1 setting changed to   0.00 by Control 1
   01/01/1988: 01:02:27 Link L2_1 setting changed to   0.00 by Control 2
   01/01/1988: 01:02:34 Link L1_1 setting changed to   0.00 by Control 1
   01/01/1988: 01:02:34 Link L2_1 setting changed to   0.00 by Control 2
   01/01/1988: 01:02:42 Link L1_1 setting changed to   0.00 by Control 1
   01/01/1988: 01:02:42 Link L2_1 setting changed to   0.00 by Control 2
   01/01/1988: 01:02:49 Link L1_1 setting changed to   0.00 by Control 1
   01/01/1988: 01:02:49 Link L2_1 setting changed to   0.00 by Control 2
   01/01/1988: 01:02:57 Link L1_1 setting changed to   0.00 by Control 1
   01/01/1988: 01:02:57 Link L2_1 setting changed to   0.00 by Control 2
   01/01/1988: 01:03:04 Link L1_1 setting changed to   0.00 by Control 1
   01/01/1988: 01:03:04 Link L2_1 setting changed to   0.00 by Control 2
   01/01/1988: 01:03:12 Link L1_1 setting changed to   0.00 by Control 1
   01/01/1988: 01:03:12 Link L2_1 setting changed to   0.00 by Control 2
   01/01/1988: 01:03:19 Link L1_1 setting changed to   0.00 by Control 1
   01/01/1988: 01:03:19 Link L2_1 setting changed to   0.00 by Control 2
   01/01/1988: 01:03:27 Link L1_1 setting changed to   0.00 by Control 1
   01/01/1988: 01:03:27 Link L2_1 setting changed to   0.00 by Control 2
   01/01/1988: 01:03:34 Link L1_1 setting changed to   0.00 by Control 1
   01/01/1988: 01:03:34 Link L2_1 setting changed to   0.00 by Control 2
   01/01/1988: 01:03:41 Link L1_1 setting changed to   0.00 by Control 1
   01/01/1988: 01:03:41 Link L2_1 setting changed to   0.00 by Control 2
   01/01/1988: 01:03:49 Link L1_1 setting changed to   0.00 by Control 1
   01/01/1988: 01:03:49 Link L2_1 setting changed to   0.00 by Control 2
   01/01/1988: 01:03:56 Link L1_1 setting changed to   0.00 by Control 1
   01/01/1988: 01:03:56 Link L2_1 setting changed to   0.00 by Control 2
   01/01/1988: 01:04:04 Link L1_1 setting changed to   0.00 by Control 1
   01/01/1988: 01:04:04 Link L2_1 setting changed to   0.00 by Control 2
   01/01/1988: 01:04:11 Link L1_1 setting changed to   0.00 by Control 1
   01/01/1988: 01:04:11 Link L2_1 setting changed to   0.00 by Control 2
   01/01/1988: 01:04:18 Link L1_1 setting changed to   0.00 by Control 1
   01/01/1988: 01:04:18 Link L2_1 setting changed to   0.00 by Control 2
   01/01/1988: 01:04:26 Link L1_1 setting changed to   0.00 by Control 1
   01/01/1988: 01:04:26 Link L2_1 setting changed to   0.00 by Control 2
   01/01/1988: 01:04:33 Link L1_1 setting changed to   0.00 by Control 1
   01/01/1988: 01:04:33 Link L2_1 setting changed to   0.00 by Control 2
   01/01/1988: 01:04:40 Link L1_1 setting changed to   0.00 by Control 1
   01/01/1988: 01:04:40 Link L2_1 setting changed to   0.00 by Control 2
   01/01/1988: 01:04:48 Link L1_1 setting changed to   0.00 by Control 1
   01/01/1988: 01:04:48 Link L2_1 setting changed to   0.00 by Control 2
   01/01/1988: 01:04:55 Link L1_1 setting changed to   0.00 by Control 1
   01/01/1988: 01:04:55 Link L2_1 setting changed to   0.00 by Control 2
   01/01/1988: 01:05:02 Link L1_1 setting changed to   0.00 by Control 1
   01/01/1988: 01:05:02 Link L2_1 setting changed to   0.00 by Control 2
   01/01/1988: 01:05:10 Link L1_1 setting changed to   0.00 by Control 1
   01/01/1988: 01:05:10 Link L2_1 setting changed to   0.00 by Control 2
   01/01/1988: 01:05:17 Link L1_1 setting changed to   0.00 by Control 1
   01/01/1988: 01:05:17 Link L2_1 setting changed to   0.00 by Control 2
   01/01/1988: 01:05:24 Link L1_1 setting changed to   0.00 by Control 1
   01/01/1988: 01:05:24 Link L2_1 setting changed to   0.00 by Control 2
   01/01/1988: 01:05:32 Link L1_1 setting changed to   0.00 by Control 1
   01/01/1988: 01:05:32 Link L2_1 setting changed to   0.00 by Control 2
   01/01/1988: 01:05:39 Link L1_1 setting changed to   0.00 by Control 1
   01/01/1988: 01:05:39 Link L2_1 setting changed to   0.00 by Control 2
   01/01/1988: 01:05:46 Link L1_1 setting changed to   0.00 by Control 1
   01/01/1988: 01:05:46 Link L2_1 setting changed to   0.00 by Control 2
   01/01/1988: 01:05:53 Link L1_1 setting changed to   0.00 by Control 1
   01/01/1988: 01:05:53 Link L2_1 setting changed to   0.00 by Control 2
   01/01/1988: 01:06:01 Link L1_1 setting changed to   0.00 by Control 1
   01/01/1988: 01:06:01 Link L2_1 setting changed to   0.00 by Control 2
   01/01/1988: 01:06:08 Link L1_1 setting changed to   0.00 by Control 1
   01/01/1988: 01:06:08 Link L2_1 setting changed to   0.00 by Control 2
   01/01/1988: 01:06:15 Link L1_1 setting changed to   0.00 by Control 1
   01/01/1988: 01:06:15 Link L2_1 setting changed to   0.00 by Control 2
   01/01/1988: 01:06:22 Link L1_1 setting changed to   0.00 by Control 1
   01/01/1988: 01:06:22 Link L2_1 setting changed to   0.00 by Control 2
   01/01/1988: 01:06:30 Link L1_1 setting changed to   0.00 by Control 1
   01/01/1988: 01:06:30 Link L2_1 setting changed to   0.00 by Control 2
   01/01/1988: 01:06:37 Link L1_1 setting changed to   0.00 by Control 1
   01/01/1988: 01:06:37 Link L2_1 setting changed to   0.00 by Control 2
   01/01/1988: 01:06:44 Link L1_1 setting changed to   0.00 by Control 1
   01/01/1988: 01:06:44 Link L2_1 setting changed to   0.00 by Control 2
   01/01/1988: 01:06:51 Link L1_1 setting changed to   0.00 by Control 1
   01/01/1988: 01:06:51 Link L2_1 setting changed to   0.00 by Control 2
   01/01/1988: 01:06:58 Link L1_1 setting changed to   0.00 by Control 1
   01/01/1988: 01:06:58 Link L2_1 setting changed to   0.00 by Control 2
   01/01/1988: 01:07:06 Link L1_1 setting changed to   0.00 by Control 1
   01/01/1988: 01:07:06 Link L2_1 setting changed to   0.00 by Control 2
   01/01/1988: 01:07:13 Link L1_1 setting changed to   0.00 by Control 1
   01/01/1988: 01:07:13 Link L2_1 setting changed to   0.00 by Control 2
   01/01/1988: 01:07:20 Link L1_1 setting changed to   0.00 by Control 1
   01/01/1988: 01:07:20 Link L2_1 setting changed to   0.00 by Control 2
   01/01/1988: 01:07:27 Link L1_1 setting changed to   0.00 by Control 1
   01/01/1988: 01:07:27 Link L2_1 setting changed to   0.00 by Control 2
   01/01/1988: 01:07:34 Link L1_1 setting changed to   0.00 by Control 1
   01/01/1988: 01:07:34 Link L2_1 setting changed to   0.00 by Control 2
   01/01/1988: 01:07:42 Link L1_1 setting changed to   0.00 by Control 1
   01/01/1988: 01:07:42 Link L2_1 setting changed to   0.00 by Control 2
   01/01/1988: 01:07:49 Link L1_1 setting changed to   0.00 by Control 1
   01/01/1988: 01:07:49 Link L2_1 setting changed to   0.00 by Control 2
   01/01/1988: 01:07:56 Link L1_1 setting changed to   0.00 by Control 1
   01/01/1988: 01:07:56 Link L2_1 setting changed to   0.00 by Control 2
   01/01/1988: 01:08:03 Link L1_1 setting changed to   0.00 by Control 1
   01/01/1988: 01:08:03 Link L2_1 setting changed to   0.00 by Control 2
   01/01/1988: 01:08:10 Link L1_1 setting changed to   0.00 by Control 1
   01/01/1988: 01:08:10 Link L2_1 setting changed to   0.00 by Control 2
   01/01/1988: 01:08:17 Link L1_1 setting changed to   0.00 by Control 1
   01/01/1988: 01:08:17 Link L2_1 setting changed to   0.00 by Control 2
   01/01/1988: 01:08:24 Link L1_1 setting changed to   0.00 by Control 1
   01/01/1988: 01:08:24 Link L2_1 setting changed to   0.00 by Control 2
   01/01/1988: 01:08:31 Link L1_1 setting changed to   0.00 by Control 1
   01/01/1988: 01:08:31 Link L2_1 setting changed to   0.00 by Control 2
   01/01/1988: 01:08:39 Link L1_1 setting changed to   0.00 by Control 1
   01/01/1988: 01:08:39 Link L2_1 setting changed to   0.00 by Control 2
   01/01/1988: 01:08:46 Link L1_1 setting changed to   0.00 by Control 1
   01/01/1988: 01:08:46 Link L2_1 setting changed to   0.00 by Control 2
   01/01/1988: 01:08:53 Link L1_1 setting changed to   0.00 by Control 1
   01/01/1988: 01:08:53 Link L2_1 setting changed to   0.00 by Control 2
   01/01/1988: 01:09:00 Link L1_1 setting changed to   0.00 by Control 1
   01/01/1988: 01:09:00 Link L2_1 setting changed to   0.00 by Control 2
   01/01/1988: 01:09:07 Link L1_1 setting changed to   0.00 by Control 1
   01/01/1988: 01:09:07 Link L2_1 setting changed to   0.00 by Control 2
   01/01/1988: 01:09:14 Link L1_1 setting changed to   0.00 by Control 1
   01/01/1988: 01:09:14 Link L2_1 setting changed to   0.00 by Control 2
   01/01/1988: 01:09:21 Link L1_1 setting changed to   0.00 by Control 1
   01/01/1988: 01:09:21 Link L2_1 setting changed to   0.00 by Control 2
   01/01/1988: 01:09:28 Link L1_1 setting changed to   0.00 by Control 1
   01/01/1988: 01:09:28 Link L2_1 setting changed to   0.00 by Control 2
   01/01/1988: 01:09:35 Link L1_1 setting changed to   0.00 by Control 1
   01/01/1988: 01:09:35 Link L2_1 setting changed to   0.00 by Control 2
   01/01/1988: 01:09:42 Link L1_1 setting changed to   0.00 by Control 1
   01/01/1988: 01:09:42 Link L2_1 setting changed to   0.00 by Control 2
   01/01/1988: 01:09:49 Link L1_1 setting changed to   0.00 by Control 1
   01/01/1988: 01:09:49 Link L2_1 setting changed to   0.00 by Control 2
   01/01/1988: 01:09:56 Link L1_1 setting changed to   0.00 by Control 1
   01/01/1988: 01:09:56 Link L2_1 setting changed to   0.00 by Control 2
   01/01/1988: 01:10:03 Link L1_1 setting changed to   0.00 by Control 1
   01/01/1988: 01:10:03 Link L2_1 setting changed to   0.00 by Control 2
   01/01/1988: 01:10:10 Link L1_1 setting changed to   0.00 by Control 1
   01/01/1988: 01:10:10 Link L2_1 setting changed to   0.00 by Control 2
   01/01/1988: 01:10:17 Link L1_1 setting changed to   0.00 by Control 1
   01/01/1988: 01:10:17 Link L2_1 setting changed to   0.00 by Control 2
   01/01/1988: 01:10:24 Link L1_1 setting changed to   0.00 by Control 1
   01/01/1988: 01:10:24 Link L2_1 setting changed to   0.00 by Control 2
   01/01/1988: 01:10:31 Link L1_1 setting changed to   0.00 by Control 1
   01/01/1988: 01:10:31 Link L2_1 setting changed to   0.00 by Control 2
   01/01/1988: 01:10:38 Link L1_1 setting changed to   0.00 by Control 1
   01/01/1988: 01:10:38 Link L2_1 setting changed to   0.00 by Control 2
   01/01/1988: 01:10:45 Link L1_1 setting changed to   0.00 by Control 1
   01/01/1988: 01:10:45 Link L2_1 setting changed to   0.00 by Control 2
   01/01/1988: 01:10:52 Link L1_1 setting changed to   0.00 by Control 1
   01/01/1988: 01:10:52 Link L2_1 setting changed to   0.00 by Control 2
   01/01/1988: 01:10:59 Link L1_1 setting changed to   0.00 by Control 1
   01/01/1988: 01:10:59 Link L2_1 setting changed to   0.00 by Control 2
   01/01/1988: 01:11:06 Link L1_1 setting changed to   0.00 by Control 1
   01/01/1988: 01:11:06 Link L2_1 setting changed to   0.00 by Control 2
   01/01/1988: 01:11:13 Link L1_1 setting changed to   0.00 by Control 1
   01/01/1988: 01:11:13 Link L2_1 setting changed to   0.00 by Control 2
   01/01/1988: 01:11:20 Link L1_1 setting changed to   0.00 by Control 1
   01/01/1988: 01:11:20 Link L2_1 setting changed to   0.00 by Control 2
   01/01/1988: 01:11:27 Link L1_1 setting changed to   0.00 by Control 1
   01/01/1988: 01:11:27 Link L2_1 setting changed to   0.00 by Control 2
   01/01/1988: 01:11:34 Link L1_1 setting changed to   0.00 by Control 1
   01/01/1988: 01:11:34 Link L2_1 setting changed to   0.00 by Control 2
   01/01/1988: 01:11:41 Link L1_1 setting changed to   0.00 by Control 1
   01/01/1988: 01:11:41 Link L2_1 setting changed to   0.00 by Control 2
   01/01/1988: 01:11:48 Link L1_1 setting changed to   0.00 by Control 1
   01/01/1988: 01:11:48 Link L2_1 setting changed to   0.00 by Control 2
   01/01/1988: 01:11:55 Link L1_1 setting changed to   0.00 by Control 1
   01/01/1988: 01:11:55 Link L2_1 setting changed to   0.00 by Control 2
   01/01/1988: 01:12:02 Link L1_1 setting changed to   0.00 by Control 1
   01/01/1988: 01:12:02 Link L2_1 setting changed to   0.00 by Control 2
   01/01/1988: 01:12:09 Link L1_1 setting changed to   0.00 by Control 1
   01/01/1988: 01:12:09 Link L2_1 setting changed to   0.00 by Control 2
   01/01/1988: 01:12:16 Link L1_1 setting changed to   0.00 by Control 1
   01/01/1988: 01:12:16 Link L2_1 setting changed to   0.00 by Control 2
   01/01/1988: 01:12:23 Link L1_1 setting changed to   0.00 by Control 1
   01/01/1988: 01:12:23 Link L2_1 setting changed to   0.00 by Control 2
   01/01/1988: 01:12:30 Link L1_1 setting changed to   0.00 by Control 1
   01/01/1988: 01:12:30 Link L2_1 setting changed to   0.00 by Control 2
   01/01/1988: 01:12:37 Link L1_1 setting changed to   0.00 by Control 1
   01/01/1988: 01:12:37 Link L2_1 setting changed to   0.00 by Control 2
   01/01/1988: 01:12:44 Link L1_1 setting changed to   0.00 by Control 1
   01/01/1988: 01:12:44 Link L2_1 setting changed to   0.00 by Control 2
   01/01/1988: 01:12:51 Link L1_1 setting changed to   0.00 by Control 1
   01/01/1988: 01:12:51 Link L2_1 setting changed to   0.00 by Control 2
   01/01/1988: 01:12:57 Link L1_1 setting changed to   0.00 by Control 1
   01/01/1988: 01:12:57 Link L2_1 setting changed to   0.00 by Control 2
   01/01/1988: 01:13:04 Link L1_1 setting changed to   0.00 by Control 1
   01/01/1988: 01:13:04 Link L2_1 setting changed to   0.00 by Control 2
   01/01/1988: 01:13:11 Link L1_1 setting changed to   0.00 by Control 1
   01/01/1988: 01:13:11 Link L2_1 setting changed to   0.00 by Control 2
   01/01/1988: 01:13:18 Link L1_1 setting changed to   0.00 by Control 1
   01/01/1988: 01:13:18 Link L2_1 setting changed to   0.00 by Control 2
   01/01/1988: 01:13:25 Link L1_1 setting changed to   0.00 by Control 1
   01/01/1988: 01:13:25 Link L2_1 setting changed to   0.00 by Control 2
   01/01/1988: 01:13:32 Link L1_1 setting changed to   0.00 by Control 1
   01/01/1988: 01:13:32 Link L2_1 setting changed to   0.00 by Control 2
   01/01/1988: 01:13:39 Link L1_1 setting changed to   0.00 by Control 1
   01/01/1988: 01:13:39 Link L2_1 setting changed to   0.00 by Control 2
   01/01/1988: 01:13:46 Link L1_1 setting changed to   0.00 by Control 1
   01/01/1988: 01:13:46 Link L2_1 setting changed to   0.00 by Control 2
   01/01/1988: 01:13:53 Link L1_1 setting changed to   0.00 by Control 1
   01/01/1988: 01:13:53 Link L2_1 setting changed to   0.00 by Control 2
   01/01/1988: 01:14:00 Link L1_1 setting changed to   0.00 by Control 1
   01/01/1988: 01:14:00 Link L2_1 setting changed to   0.00 by Control 2
   01/01/1988: 01:14:06 Link L1_1 setting changed to   0.00 by Control 1
   01/01/1988: 01:14:06 Link L2_1 setting changed to   0.00 by Control 2
   01/01/1988: 01:14:13 Link L1_1 setting changed to   0.00 by Control 1
   01/01/1988: 01:14:13 Link L2_1 setting changed to   0.00 by Control 2
   01/01/1988: 01:14:20 Link L1_1 setting changed to   0.00 by Control 1
   01/01/1988: 01:14:20 Link L2_1 setting changed to   0.00 by Control 2
   01/01/1988: 01:14:27 Link L1_1 setting changed to   0.00 by Control 1
   01/01/1988: 01:14:27 Link L2_1 setting changed to   0.00 by Control 2
   01/01/1988: 01:14:34 Link L1_1 setting changed to   0.00 by Control 1
   01/01/1988: 01:14:34 Link L2_1 setting changed to   0.00 by Control 2
   01/01/1988: 01:14:41 Link L1_1 setting changed to   0.00 by Control 1
   01/01/1988: 01:14:41 Link L2_1 setting changed to   0.00 by Control 2
   01/01/1988: 01:14:48 Link L1_1 setting changed to   0.00 by Control 1
   01/01/1988: 01:14:48 Link L2_1 setting changed to   0.00 by Control 2
   01/01/1988: 01:14:54 Link L1_1 setting changed to   0.00 by Control 1
   01/01/1988: 01:14:54 Link L2_1 setting changed to   0.00 by Control 2
   01/01/1988: 01:15:01 Link L1_1 setting changed to   0.00 by Control 1
   01/01/1988: 01:15:01 Link L2_1 setting changed to   0.00 by Control 2
   01/01/1988: 01:15:08 Link L1_1 setting changed to   0.00 by Control 1
   01/01/1988: 01:15:08 Link L2_1 setting changed to   0.00 by Control 2
   01/01/1988: 01:15:15 Link L1_1 setting changed to   0.00 by Control 1
   01/01/1988: 01:15:15 Link L2_1 setting changed to   0.00 by Control 2
   01/01/1988: 01:15:22 Link L1_1 setting changed to   0.00 by Control 1
   01/01/1988: 01:15:22 Link L2_1 setting changed to   0.00 by Control 2
   01/01/1988: 01:15:29 Link L1_1 setting changed to   0.00 by Control 1
   01/01/1988: 01:15:29 Link L2_1 setting changed to   0.00 by Control 2
   01/01/1988: 01:15:35 Link L1_1 setting changed to   0.00 by Control 1
   01/01/1988: 01:15:35 Link L2_1 setting changed to   0.00 by Control 2
   01/01/1988: 01:15:42 Link L1_1 setting changed to   0.00 by Control 1
   01/01/1988: 01:15:42 Link L2_1 setting changed to   0.00 by Control 2
   01/01/1988: 01:15:49 Link L1_1 setting changed to   0.00 by Control 1
   01/01/1988: 01:15:49 Link L2_1 setting changed to   0.00 by Control 2
   01/01/1988: 01:15:56 Link L1_1 setting changed to   0.00 by Control 1
   01/01/1988: 01:15:56 Link L2_1 setting changed to   0.00 by Control 2
   01/01/1988: 01:16:03 Link L1_1 setting changed to   0.00 by Control 1
   01/01/1988: 01:16:03 Link L2_1 setting changed to   0.00 by Control 2
   01/01/1988: 01:16:09 Link L1_1 setting changed to   0.00 by Control 1
   01/01/1988: 01:16:09 Link L2_1 setting changed to   0.00 by Control 2
   01/01/1988: 01:16:16 Link L1_1 setting changed to   0.00 by Control 1
   01/01/1988: 01:16:16 Link L2_1 setting changed to   0.00 by Control 2
   01/01/1988: 01:16:23 Link L1_1 setting changed to   0.00 by Control 1
   01/01/1988: 01:16:23 Link L2_1 setting changed to   0.00 by Control 2
   01/01/1988: 01:16:30 Link L1_1 setting changed to   0.00 by Control 1
   01/01/1988: 01:16:30 Link L2_1 setting changed to   0.00 by Control 2
   01/01/1988: 01:16:37 Link L1_1 setting changed to   0.00 by Control 1
   01/01/1988: 01:16:37 Link L2_1 setting changed to   0.00 by Control 2
   01/01/1988: 01:16:43 Link L1_1 setting changed to   0.00 by Control 1
   01/01/1988: 01:16:43 Link L2_1 setting changed to   0.00 by Control 2
   01/01/1988: 01:16:50 Link L1_1 setting changed to   0.00 by Control 1
   01/01/1988: 01:16:50 Link L2_1 setting changed to   0.00 by Control 2
   01/01/1988: 01:16:57 Link L1_1 setting changed to   0.00 by Control 1
   01/01/1988: 01:16:57 Link L2_1 setting changed to   0.00 by Control 2
   01/01/1988: 01:17:04 Link L1_1 setting changed to   0.00 by Control 1
   01/01/1988: 01:17:04 Link L2_1 setting changed to   0.00 by Control 2
   01/01/1988: 01:17:11 Link L1_1 setting changed to   0.00 by Control 1
   01/01/1988: 01:17:11 Link L2_1 setting changed to   0.00 by Control 2
   01/01/1988: 01:17:17 Link L1_1 setting changed to   0.00 by Control 1
   01/01/1988: 01:17:17 Link L2_1 setting changed to   0.00 by Control 2
   01/01/1988: 01:17:24 Link L1_1 setting changed to   0.00 by Control 1
   01/01/1988: 01:17:24 Link L2_1 setting changed to   0.00 by Control 2
   01/01/1988: 01:17:31 Link L1_1 setting changed to   0.00 by Control 1
   01/01/1988: 01:17:31 Link L2_1 setting changed to   0.00 by Control 2
   01/01/1988: 01:17:38 Link L1_1 setting changed to   0.00 by Control 1
   01/01/1988: 01:17:38 Link L2_1 setting changed to   0.00 by Control 2
   01/01/1988: 01:17:44 Link L1_1 setting changed to   0.00 by Control 1
   01/01/1988: 01:17:44 Link L2_1 setting changed to   0.00 by Control 2
   01/01/1988: 01:17:51 Link L1_1 setting changed to   0.00 by Control 1
   01/01/1988: 01:17:51 Link L2_1 setting changed to   0.00 by Control 2
   01/01/1988: 01:17:58 Link L1_1 setting changed to   0.00 by Control 1
   01/01/1988: 01:17:58 Link L2_1 setting changed to   0.00 by Control 2
   01/01/1988: 01:18:05 Link L1_1 setting changed to   0.00 by Control 1
   01/01/1988: 01:18:05 Link L2_1 setting changed to   0.00 by Control 2
   01/01/1988: 01:18:12 Link L1_1 setting changed to   0.00 by Control 1
   01/01/1988: 01:18:12 Link L2_1 setting changed to   0.00 by Control 2
   01/01/1988: 01:18:18 Link L1_1 setting changed to   0.00 by Control 1
   01/01/1988: 01:18:18 Link L2_1 setting changed to   0.00 by Control 2
   01/01/1988: 01:18:25 Link L1_1 setting changed to   0.00 by Control 1
   01/01/1988: 01:18:25 Link L2_1 setting changed to   0.00 by Control 2
   01/01/1988: 01:18:32 Link L1_1 setting changed to   0.00 by Control 1
   01/01/1988: 01:18:32 Link L2_1 setting changed to   0.00 by Control 2
   01/01/1988: 01:18:39 Link L1_1 setting changed to   0.00 by Control 1
   01/01/1988: 01:18:39 Link L2_1 setting changed to   0.00 by Control 2
   01/01/1988: 01:18:45 Link L1_1 setting changed to   0.00 by Control 1
   01/01/1988: 01:18:45 Link L2_1 setting changed to   0.00 by Control 2
   01/01/1988: 01:18:52 Link L1_1 setting changed to   0.00 by Control 1
   01/01/1988: 01:18:52 Link L2_1 setting changed to   0.00 by Control 2
   01/01/1988: 01:18:59 Link L1_1 setting changed to   0.00 by Control 1
   01/01/1988: 01:18:59 Link L2_1 setting changed to   0.00 by Control 2
   01/01/1988: 01:19:05 Link L1_1 setting changed to   0.00 by Control 1
   01/01/1988: 01:19:05 Link L2_1 setting changed to   0.00 by Control 2
   01/01/1988: 01:19:12 Link L1_1 setting changed to   0.00 by Control 1
   01/01/1988: 01:19:12 Link L2_1 setting changed to   0.00 by Control 2
   01/01/1988: 01:19:19 Link L1_1 setting changed to   0.00 by Control 1
   01/01/1988: 01:19:19 Link L2_1 setting changed to   0.00 by Control 2
   01/01/1988: 01:19:26 Link L1_1 setting changed to   0.00 by Control 1
   01/01/1988: 01:19:26 Link L2_1 setting changed to   0.00 by Control 2
   01/01/1988: 01:19:32 Link L1_1 setting changed to   0.00 by Control 1
   01/01/1988: 01:19:32 Link L2_1 setting changed to   0.00 by Control 2
   01/01/1988: 01:19:39 Link L1_1 setting changed to   0.00 by Control 1
   01/01/1988: 01:19:39 Link L2_1 setting changed to   0.00 by Control 2
   01/01/1988: 01:19:46 Link L1_1 setting changed to   0.00 by Control 1
   01/01/1988: 01:19:46 Link L2_1 setting changed to   0.00 by Control 2
   01/01/1988: 01:19:52 Link L1_1 setting changed to   0.00 by Control 1
   01/01/1988: 01:19:52 Link L2_1 setting changed to   0.00 by Control 2
   01/01/1988: 01:19:59 Link L1_1 setting changed to   0.00 by Control 1
   01/01/1988: 01:19:59 Link L2_1 setting changed to   0.00 by Control 2
   01/01/1988: 01:20:06 Link L1_1 setting changed to   0.00 by Control 1
   01/01/1988: 01:20:06 Link L2_1 setting changed to   0.00 by Control 2
   01/01/1988: 01:20:13 Link L1_1 setting changed to   0.00 by Control 1
   01/01/1988: 01:20:13 Link L2_1 setting changed to   0.00 by Control 2
   01/01/1988: 01:20:19 Link L1_1 setting changed to   0.00 by Control 1
   01/01/1988: 01:20:19 Link L2_1 setting changed to   0.00 by Control 2
   01/01/1988: 01:20:26 Link L1_1 setting changed to   0.00 by Control 1
   01/01/1988: 01:20:26 Link L2_1 setting changed to   0.00 by Control 2
   01/01/1988: 01:20:33 Link L1_1 setting changed to   0.00 by Control 1
   01/01/1988: 01:20:33 Link L2_1 setting changed to   0.00 by Control 2
   01/01/1988: 01:20:39 Link L1_1 setting changed to   0.00 by Control 1
   01/01/1988: 01:20:39 Link L2_1 setting changed to   0.00 by Control 2
   01/01/1988: 01:20:46 Link L1_1 setting changed to   0.00 by Control 1
   01/01/1988: 01:20:46 Link L2_1 setting changed to   0.00 by Control 2
   01/01/1988: 01:20:53 Link L1_1 setting changed to   0.00 by Control 1
   01/01/1988: 01:20:53 Link L2_1 setting changed to   0.00 by Control 2
   01/01/1988: 01:20:59 Link L1_1 setting changed to   0.00 by Control 1
   01/01/1988: 01:20:59 Link L2_1 setting changed to   0.00 by Control 2
   01/01/1988: 01:21:06 Link L1_1 setting changed to   0.00 by Control 1
   01/01/1988: 01:21:06 Link L2_1 setting changed to   0.00 by Control 2
   01/01/1988: 01:21:13 Link L1_1 setting changed to   0.00 by Control 1
   01/01/1988: 01:21:13 Link L2_1 setting changed to   0.00 by Control 2
   01/01/1988: 01:21:19 Link L1_1 setting changed to   0.00 by Control 1
   01/01/1988: 01:21:19 Link L2_1 setting changed to   0.00 by Control 2
   01/01/1988: 01:21:26 Link L1_1 setting changed to   0.00 by Control 1
   01/01/1988: 01:21:26 Link L2_1 setting changed to   0.00 by Control 2
   01/01/1988: 01:21:33 Link L1_1 setting changed to   0.00 by Control 1
   01/01/1988: 01:21:33 Link L2_1 setting changed to   0.00 by Control 2
   01/01/1988: 01:21:39 Link L1_1 setting changed to   0.00 by Control 1
   01/01/1988: 01:21:39 Link L2_1 setting changed to   0.00 by Control 2
   01/01/1988: 01:21:46 Link L1_1 setting changed to   0.00 by Control 1
   01/01/1988: 01:21:46 Link L2_1 setting changed to   0.00 by Control 2
   01/01/1988: 01:21:53 Link L1_1 setting changed to   0.00 by Control 1
   01/01/1988: 01:21:53 Link L2_1 setting changed to   0.00 by Control 2
   01/01/1988: 01:21:59 Link L1_1 setting changed to   0.00 by Control 1
   01/01/1988: 01:21:59 Link L2_1 setting changed to   0.00 by Control 2
   01/01/1988: 01:22:06 Link L1_1 setting changed to   0.00 by Control 1
   01/01/1988: 01:22:06 Link L2_1 setting changed to   0.00 by Control 2
   01/01/1988: 01:22:13 Link L1_1 setting changed to   0.00 by Control 1
   01/01/1988: 01:22:13 Link L2_1 setting changed to   0.00 by Control 2
   01/01/1988: 01:22:19 Link L1_1 setting changed to   0.00 by Control 1
   01/01/1988: 01:22:19 Link L2_1 setting changed to   0.00 by Control 2
   01/01/1988: 01:22:26 Link L1_1 setting changed to   0.00 by Control 1
   01/01/1988: 01:22:26 Link L2_1 setting changed to   0.00 by Control 2
   01/01/1988: 01:22:33 Link L1_1 setting changed to   0.00 by Control 1
   01/01/1988: 01:22:33 Link L2_1 setting changed to   0.00 by Control 2
   01/01/1988: 01:22:39 Link L1_1 setting changed to   0.00 by Control 1
   01/01/1988: 01:22:39 Link L2_1 setting changed to   0.00 by Control 2
   01/01/1988: 01:22:46 Link L1_1 setting changed to   0.00 by Control 1
   01/01/1988: 01:22:46 Link L2_1 setting changed to   0.00 by Control 2
   01/01/1988: 01:22:53 Link L1_1 setting changed to   0.00 by Control 1
   01/01/1988: 01:22:53 Link L2_1 setting changed to   0.00 by Control 2
   01/01/1988: 01:22:59 Link L1_1 setting changed to   0.00 by Control 1
   01/01/1988: 01:22:59 Link L2_1 setting changed to   0.00 by Control 2
   01/01/1988: 01:23:06 Link L1_1 setting changed to   0.00 by Control 1
   01/01/1988: 01:23:06 Link L2_1 setting changed to   0.00 by Control 2
   01/01/1988: 01:23:12 Link L1_1 setting changed to   0.00 by Control 1
   01/01/1988: 01:23:12 Link L2_1 setting changed to   0.00 by Control 2
   01/01/1988: 01:23:19 Link L1_1 setting changed to   0.00 by Control 1
   01/01/1988: 01:23:19 Link L2_1 setting changed to   0.00 by Control 2
   01/01/1988: 01:23:26 Link L1_1 setting changed to   0.00 by Control 1
   01/01/1988: 01:23:26 Link L2_1 setting changed to   0.00 by Control 2
   01/01/1988: 01:23:32 Link L1_1 setting changed to   0.00 by Control 1
   01/01/1988: 01:23:32 Link L2_1 setting changed to   0.00 by Control 2
   01/01/1988: 01:23:39 Link L1_1 setting changed to   0.00 by Control 1
   01/01/1988: 01:23:39 Link L2_1 setting changed to   0.00 by Control 2
   01/01/1988: 01:23:46 Link L1_1 setting changed to   0.00 by Control 1
   01/01/1988: 01:23:46 Link L2_1 setting changed to   0.00 by Control 2
   01/01/1988: 01:23:52 Link L1_1 setting changed to   0.00 by Control 1
   01/01/1988: 01:23:52 Link L2_1 setting changed to   0.00 by Control 2
   01/01/1988: 01:23:59 Link L1_1 setting changed to   0.00 by Control 1
   01/01/1988: 01:23:59 Link L2_1 setting changed to   0.00 by Control 2
   01/01/1988: 01:24:05 Link L1_1 setting changed to   0.00 by Control 1
   01/01/1988: 01:24:05 Link L2_1 setting changed to   0.00 by Control 2
   01/01/1988: 01:24:12 Link L1_1 setting changed to   0.00 by Control 1
   01/01/1988: 01:24:12 Link L2_1 setting changed to   0.00 by Control 2
   01/01/1988: 01:24:19 Link L1_1 setting changed to   0.00 by Control 1
   01/01/1988: 01:24:19 Link L2_1 setting changed to   0.00 by Control 2
   01/01/1988: 01:24:25 Link L1_1 setting changed to   0.00 by Control 1
   01/01/1988: 01:24:25 Link L2_1 setting changed to   0.00 by Control 2
   01/01/1988: 01:24:32 Link L1_1 setting changed to   0.00 by Control 1
   01/01/1988: 01:24:32 Link L2_1 setting changed to   0.00 by Control 2
   01/01/1988: 01:24:38 Link L1_1 setting changed to   0.00 by Control 1
   01/01/1988: 01:24:38 Link L2_1 setting changed to   0.00 by Control 2
   01/01/1988: 01:24:45 Link L1_1 setting changed to   0.00 by Control 1
   01/01/1988: 01:24:45 Link L2_1 setting changed to   0.00 by Control 2
   01/01/1988: 01:24:52 Link L1_1 setting changed to   0.00 by Control 1
   01/01/1988: 01:24:52 Link L2_1 setting changed to   0.00 by Control 2
   01/01/1988: 01:24:58 Link L1_1 setting changed to   0.00 by Control 1
   01/01/1988: 01:24:58 Link L2_1 setting changed to   0.00 by Control 2
   01/01/1988: 01:25:05 Link L1_1 setting changed to   0.00 by Control 1
   01/01/1988: 01:25:05 Link L2_1 setting changed to   0.00 by Control 2
   01/01/1988: 01:25:11 Link L1_1 setting changed to   0.00 by Control 1
   01/01/1988: 01:25:11 Link L2_1 setting changed to   0.00 by Control 2
   01/01/1988: 01:25:18 Link L1_1 setting changed to   0.00 by Control 1
   01/01/1988: 01:25:18 Link L2_1 setting changed to   0.00 by Control 2
   01/01/1988: 01:25:25 Link L1_1 setting changed to   0.00 by Control 1
   01/01/1988: 01:25:25 Link L2_1 setting changed to   0.00 by Control 2
   01/01/1988: 01:25:31 Link L1_1 setting changed to   0.00 by Control 1
   01/01/1988: 01:25:31 Link L2_1 setting changed to   0.00 by Control 2
   01/01/1988: 01:25:38 Link L1_1 setting changed to   0.00 by Control 1
   01/01/1988: 01:25:38 Link L2_1 setting changed to   0.00 by Control 2
   01/01/1988: 01:25:44 Link L1_1 setting changed to   0.00 by Control 1
   01/01/1988: 01:25:44 Link L2_1 setting changed to   0.00 by Control 2
   01/01/1988: 01:25:51 Link L1_1 setting changed to   0.00 by Control 1
   01/01/1988: 01:25:51 Link L2_1 setting changed to   0.00 by Control 2
   01/01/1988: 01:25:57 Link L1_1 setting changed to   0.00 by Control 1
   01/01/1988: 01:25:57 Link L2_1 setting changed to   0.00 by Control 2
   01/01/1988: 01:26:04 Link L1_1 setting changed to   0.00 by Control 1
   01/01/1988: 01:26:04 Link L2_1 setting changed to   0.00 by Control 2
   01/01/1988: 01:26:11 Link L1_1 setting changed to   0.00 by Control 1
   01/01/1988: 01:26:11 Link L2_1 setting changed to   0.00 by Control 2
   01/01/1988: 01:26:17 Link L1_1 setting changed to   0.00 by Control 1
   01/01/1988: 01:26:17 Link L2_1 setting changed to   0.00 by Control 2
   01/01/1988: 01:26:24 Link L1_1 setting changed to   0.00 by Control 1
   01/01/1988: 01:26:24 Link L2_1 setting changed to   0.00 by Control 2
   01/01/1988: 01:26:30 Link L1_1 setting changed to   0.00 by Control 1
   01/01/1988: 01:26:30 Link L2_1 setting changed to   0.00 by Control 2
   01/01/1988: 01:26:37 Link L1_1 setting changed to   0.00 by Control 1
   01/01/1988: 01:26:37 Link L2_1 setting changed to   0.00 by Control 2
   01/01/1988: 01:26:43 Link L1_1 setting changed to   0.00 by Control 1
   01/01/1988: 01:26:43 Link L2_1 setting changed to   0.00 by Control 2
   01/01/1988: 01:26:50 Link L1_1 setting changed to   0.00 by Control 1
   01/01/1988: 01:26:50 Link L2_1 setting changed to   0.00 by Control 2
   01/01/1988: 01:26:56 Link L1_1 setting changed to   0.00 by Control 1
   01/01/1988: 01:26:56 Link L2_1 setting changed to   0.00 by Control 2
   01/01/1988: 01:27:03 Link L1_1 setting changed to   0.00 by Control 1
   01/01/1988: 01:27:03 Link L2_1 setting changed to   0.00 by Control 2
   01/01/1988: 01:27:10 Link L1_1 setting changed to   0.00 by Control 1
   01/01/1988: 01:27:10 Link L2_1 setting changed to   0.00 by Control 2
   01/01/1988: 01:27:16 Link L1_1 setting changed to   0.00 by Control 1
   01/01/1988: 01:27:16 Link L2_1 setting changed to   0.00 by Control 2
   01/01/1988: 01:27:23 Link L1_1 setting changed to   0.00 by Control 1
   01/01/1988: 01:27:23 Link L2_1 setting changed to   0.00 by Control 2
   01/01/1988: 01:27:29 Link L1_1 setting changed to   0.00 by Control 1
   01/01/1988: 01:27:29 Link L2_1 setting changed to   0.00 by Control 2
   01/01/1988: 01:27:36 Link L1_1 setting changed to   0.00 by Control 1
   01/01/1988: 01:27:36 Link L2_1 setting changed to   0.00 by Control 2
   01/01/1988: 01:27:42 Link L1_1 setting changed to   0.00 by Control 1
   01/01/1988: 01:27:42 Link L2_1 setting changed to   0.00 by Control 2
   01/01/1988: 01:27:49 Link L1_1 setting changed to   0.00 by Control 1
   01/01/1988: 01:27:49 Link L2_1 setting changed to   0.00 by Control 2
   01/01/1988: 01:27:55 Link L1_1 setting changed to   0.00 by Control 1
   01/01/1988: 01:27:55 Link L2_1 setting changed to   0.00 by Control 2
   01/01/1988: 01:28:02 Link L1_1 setting changed to   0.00 by Control 1
   01/01/1988: 01:28:02 Link L2_1 setting changed to   0.00 by Control 2
   01/01/1988: 01:28:08 Link L1_1 setting changed to   0.00 by Control 1
   01/01/1988: 01:28:08 Link L2_1 setting changed to   0.00 by Control 2
   01/01/1988: 01:28:15 Link L1_1 setting changed to   0.00 by Control 1
   01/01/1988: 01:28:15 Link L2_1 setting changed to   0.00 by Control 2
   01/01/1988: 01:28:21 Link L1_1 setting changed to   0.00 by Control 1
   01/01/1988: 01:28:21 Link L2_1 setting changed to   0.00 by Control 2
   01/01/1988: 01:28:28 Link L1_1 setting changed to   0.00 by Control 1
   01/01/1988: 01:28:28 Link L2_1 setting changed to   0.00 by Control 2
   01/01/1988: 01:28:34 Link L1_1 setting changed to   0.00 by Control 1
   01/01/1988: 01:28:34 Link L2_1 setting changed to   0.00 by Control 2
   01/01/1988: 01:28:41 Link L1_1 setting changed to   0.00 by Control 1
   01/01/1988: 01:28:41 Link L2_1 setting changed to   0.00 by Control 2
   01/01/1988: 01:28:48 Link L1_1 setting changed to   0.00 by Control 1
   01/01/1988: 01:28:48 Link L2_1 setting changed to   0.00 by Control 2
   01/01/1988: 01:28:54 Link L1_1 setting changed to   0.00 by Control 1
   01/01/1988: 01:28:54 Link L2_1 setting changed to   0.00 by Control 2
   01/01/1988: 01:29:01 Link L1_1 setting changed to   0.00 by Control 1
   01/01/1988: 01:29:01 Link L2_1 setting changed to   0.00 by Control 2
   01/01/1988: 01:29:07 Link L1_1 setting changed to   0.00 by Control 1
   01/01/1988: 01:29:07 Link L2_1 setting changed to   0.00 by Control 2
   01/01/1988: 01:29:14 Link L1_1 setting changed to   0.00 by Control 1
   01/01/1988: 01:29:14 Link L2_1 setting changed to   0.00 by Control 2
   01/01/1988: 01:29:20 Link L1_1 setting changed to   0.00 by Control 1
   01/01/1988: 01:29:20 Link L2_1 setting changed to   0.00 by Control 2
   01/01/1988: 01:29:27 Link L1_1 setting changed to   0.00 by Control 1
   01/01/1988: 01:29:27 Link L2_1 setting changed to   0.00 by Control 2
   01/01/1988: 01:29:33 Link L1_1 setting changed to   0.00 by Control 1
   01/01/1988: 01:29:33 Link L2_1 setting changed to   0.00 by Control 2
   01/01/1988: 01:29:40 Link L1_1 setting changed to   0.00 by Control 1
   01/01/1988: 01:29:40 Link L2_1 setting changed to   0.00 by Control 2
   01/01/1988: 01:29:46 Link L1_1 setting changed to   0.00 by Control 1
   01/01/1988: 01:29:46 Link L2_1 setting changed to   0.00 by Control 2
   01/01/1988: 01:29:53 Link L1_1 setting changed to   0.00 by Control 1
   01/01/1988: 01:29:53 Link L2_1 setting changed to   0.00 by Control 2
   01/01/1988: 01:29:59 Link L1_1 setting changed to   0.00 by Control 1
   01/01/1988: 01:29:59 Link L2_1 setting changed to   0.00 by Control 2
   01/01/1988: 01:30:06 Link L1_1 setting changed to   0.00 by Control 1
   01/01/1988: 01:30:06 Link L2_1 setting changed to   0.00 by Control 2
   01/01/1988: 01:30:12 Link L1_1 setting changed to   0.00 by Control 1
   01/01/1988: 01:30:12 Link L2_1 setting changed to   0.00 by Control 2
   01/01/1988: 01:30:19 Link L1_1 setting changed to   0.00 by Control 1
   01/01/1988: 01:30:19 Link L2_1 setting changed to   0.00 by Control 2
   01/01/1988: 01:30:25 Link L1_1 setting changed to   0.00 by Control 1
   01/01/1988: 01:30:25 Link L2_1 setting changed to   0.00 by Control 2
   01/01/1988: 01:30:32 Link L1_1 setting changed to   0.00 by Control 1
   01/01/1988: 01:30:32 Link L2_1 setting changed to   0.00 by Control 2
   01/01/1988: 01:30:38 Link L1_1 setting changed to   0.00 by Control 1
   01/01/1988: 01:30:38 Link L2_1 setting changed to   0.00 by Control 2
   01/01/1988: 01:30:45 Link L1_1 setting changed to   0.00 by Control 1
   01/01/1988: 01:30:45 Link L2_1 setting changed to   0.00 by Control 2
   01/01/1988: 01:30:51 Link L1_1 setting changed to   0.00 by Control 1
   01/01/1988: 01:30:51 Link L2_1 setting changed to   0.00 by Control 2
   01/01/1988: 01:30:58 Link L1_1 setting changed to   0.00 by Control 1
   01/01/1988: 01:30:58 Link L2_1 setting changed to   0.00 by Control 2
   01/01/1988: 01:31:04 Link L1_1 setting changed to   0.00 by Control 1
   01/01/1988: 01:31:04 Link L2_1 setting changed to   0.00 by Control 2
   01/01/1988: 01:31:10 Link L1_1 setting changed to   0.00 by Control 1
   01/01/1988: 01:31:10 Link L2_1 setting changed to   0.00 by Control 2
   01/01/1988: 01:31:17 Link L1_1 setting changed to   0.00 by Control 1
   01/01/1988: 01:31:17 Link L2_1 setting changed to   0.00 by Control 2
   01/01/1988: 01:31:23 Link L1_1 setting changed to   0.00 by Control 1
   01/01/1988: 01:31:23 Link L2_1 setting changed to   0.00 by Control 2
   01/01/1988: 01:31:30 Link L1_1 setting changed to   0.00 by Control 1
   01/01/1988: 01:31:30 Link L2_1 setting changed to   0.00 by Control 2
   01/01/1988: 01:31:36 Link L1_1 setting changed to   0.00 by Control 1
   01/01/1988: 01:31:36 Link L2_1 setting changed to   0.00 by Control 2
   01/01/1988: 01:31:43 Link L1_1 setting changed to   0.00 by Control 1
   01/01/1988: 01:31:43 Link L2_1 setting changed to   0.00 by Control 2
   01/01/1988: 01:31:49 Link L1_1 setting changed to   0.00 by Control 1
   01/01/1988: 01:31:49 Link L2_1 setting changed to   0.00 by Control 2
   01/01/1988: 01:31:56 Link L1_1 setting changed to   0.00 by Control 1
   01/01/1988: 01:31:56 Link L2_1 setting changed to   0.00 by Control 2
   01/01/1988: 01:32:02 Link L1_1 setting changed to   0.00 by Control 1
   01/01/1988: 01:32:02 Link L2_1 setting changed to   0.00 by Control 2
   01/01/1988: 01:32:09 Link L1_1 setting changed to   0.00 by Control 1
   01/01/1988: 01:32:09 Link L2_1 setting changed to   0.00 by Control 2
   01/01/1988: 01:32:15 Link L1_1 setting changed to   0.00 by Control 1
   01/01/1988: 01:32:15 Link L2_1 setting changed to   0.00 by Control 2
   01/01/1988: 01:32:22 Link L1_1 setting changed to   0.00 by Control 1
   01/01/1988: 01:32:22 Link L2_1 setting changed to   0.00 by Control 2
   01/01/1988: 01:32:28 Link L1_1 setting changed to   0.00 by Control 1
   01/01/1988: 01:32:28 Link L2_1 setting changed to   0.00 by Control 2
   01/01/1988: 01:32:35 Link L1_1 setting changed to   0.00 by Control 1
   01/01/1988: 01:32:35 Link L2_1 setting changed to   0.00 by Control 2
   01/01/1988: 01:32:41 Link L1_1 setting changed to   0.00 by Control 1
   01/01/1988: 01:32:41 Link L2_1 setting changed to   0.00 by Control 2
   01/01/1988: 01:32:48 Link L1_1 setting changed to   0.00 by Control 1
   01/01/1988: 01:32:48 Link L2_1 setting changed to   0.00 by Control 2
   01/01/1988: 01:32:54 Link L1_1 setting changed to   0.00 by Control 1
   01/01/1988: 01:32:54 Link L2_1 setting changed to   0.00 by Control 2
   01/01/1988: 01:33:00 Link L1_1 setting changed to   0.00 by Control 1
   01/01/1988: 01:33:00 Link L2_1 setting changed to   0.00 by Control 2
   01/01/1988: 01:33:07 Link L1_1 setting changed to   0.00 by Control 1
   01/01/1988: 01:33:07 Link L2_1 setting changed to   0.00 by Control 2
   01/01/1988: 01:33:13 Link L1_1 setting changed to   0.00 by Control 1
   01/01/1988: 01:33:13 Link L2_1 setting changed to   0.00 by Control 2
   01/01/1988: 01:33:20 Link L1_1 setting changed to   0.00 by Control 1
   01/01/1988: 01:33:20 Link L2_1 setting changed to   0.00 by Control 2
   01/01/1988: 01:33:26 Link L1_1 setting changed to   0.00 by Control 1
   01/01/1988: 01:33:26 Link L2_1 setting changed to   0.00 by Control 2
   01/01/1988: 01:33:33 Link L1_1 setting changed to   0.00 by Control 1
   01/01/1988: 01:33:33 Link L2_1 setting changed to   0.00 by Control 2
   01/01/1988: 01:33:39 Link L1_1 setting changed to   0.00 by Control 1
   01/01/1988: 01:33:39 Link L2_1 setting changed to   0.00 by Control 2
   01/01/1988: 01:33:46 Link L1_1 setting changed to   0.00 by Control 1
   01/01/1988: 01:33:46 Link L2_1 setting changed to   0.00 by Control 2
   01/01/1988: 01:33:52 Link L1_1 setting changed to   0.00 by Control 1
   01/01/1988: 01:33:52 Link L2_1 setting changed to   0.00 by Control 2
   01/01/1988: 01:33:59 Link L1_1 setting changed to   0.00 by Control 1
   01/01/1988: 01:33:59 Link L2_1 setting changed to   0.00 by Control 2
   01/01/1988: 01:34:05 Link L1_1 setting changed to   0.00 by Control 1
   01/01/1988: 01:34:05 Link L2_1 setting changed to   0.00 by Control 2
   01/01/1988: 01:34:11 Link L1_1 setting changed to   0.00 by Control 1
   01/01/1988: 01:34:11 Link L2_1 setting changed to   0.00 by Control 2
   01/01/1988: 01:34:18 Link L1_1 setting changed to   0.00 by Control 1
   01/01/1988: 01:34:18 Link L2_1 setting changed to   0.00 by Control 2
   01/01/1988: 01:34:24 Link L1_1 setting changed to   0.00 by Control 1
   01/01/1988: 01:34:24 Link L2_1 setting changed to   0.00 by Control 2
   01/01/1988: 01:34:31 Link L1_1 setting changed to   0.00 by Control 1
   01/01/1988: 01:34:31 Link L2_1 setting changed to   0.00 by Control 2
   01/01/1988: 01:34:37 Link L1_1 setting changed to   0.00 by Control 1
   01/01/1988: 01:34:37 Link L2_1 setting changed to   0.00 by Control 2
   01/01/1988: 01:34:44 Link L1_1 setting changed to   0.00 by Control 1
   01/01/1988: 01:34:44 Link L2_1 setting changed to   0.00 by Control 2
   01/01/1988: 01:34:50 Link L1_1 setting changed to   0.00 by Control 1
   01/01/1988: 01:34:50 Link L2_1 setting changed to   0.00 by Control 2
   01/01/1988: 01:34:56 Link L1_1 setting changed to   0.00 by Control 1
   01/01/1988: 01:34:56 Link L2_1 setting changed to   0.00 by Control 2
   01/01/1988: 01:35:03 Link L1_1 setting changed to   0.00 by Control 1
   01/01/1988: 01:35:03 Link L2_1 setting changed to   0.00 by Control 2
   01/01/1988: 01:35:09 Link L1_1 setting changed to   0.00 by Control 1
   01/01/1988: 01:35:09 Link L2_1 setting changed to   0.00 by Control 2
   01/01/1988: 01:35:16 Link L1_1 setting changed to   0.00 by Control 1
   01/01/1988: 01:35:16 Link L2_1 setting changed to   0.00 by Control 2
   01/01/1988: 01:35:22 Link L1_1 setting changed to   0.00 by Control 1
   01/01/1988: 01:35:22 Link L2_1 setting changed to   0.00 by Control 2
   01/01/1988: 01:35:29 Link L1_1 setting changed to   0.00 by Control 1
   01/01/1988: 01:35:29 Link L2_1 setting changed to   0.00 by Control 2
   01/01/1988: 01:35:35 Link L1_1 setting changed to   0.00 by Control 1
   01/01/1988: 01:35:35 Link L2_1 setting changed to   0.00 by Control 2
   01/01/1988: 01:35:41 Link L1_1 setting changed to   0.00 by Control 1
   01/01/1988: 01:35:41 Link L2_1 setting changed to   0.00 by Control 2
   01/01/1988: 01:35:48 Link L1_1 setting changed to   0.00 by Control 1
   01/01/1988: 01:35:48 Link L2_1 setting changed to   0.00 by Control 2
   01/01/1988: 01:35:54 Link L1_1 setting changed to   0.00 by Control 1
   01/01/1988: 01:35:54 Link L2_1 setting changed to   0.00 by Control 2
   01/01/1988: 01:36:01 Link L1_1 setting changed to   0.00 by Control 1
   01/01/1988: 01:36:01 Link L2_1 setting changed to   0.00 by Control 2
   01/01/1988: 01:36:07 Link L1_1 setting changed to   0.00 by Control 1
   01/01/1988: 01:36:07 Link L2_1 setting changed to   0.00 by Control 2
   01/01/1988: 01:36:14 Link L1_1 setting changed to   0.00 by Control 1
   01/01/1988: 01:36:14 Link L2_1 setting changed to   0.00 by Control 2
   01/01/1988: 01:36:20 Link L1_1 setting changed to   0.00 by Control 1
   01/01/1988: 01:36:20 Link L2_1 setting changed to   0.00 by Control 2
   01/01/1988: 01:36:26 Link L1_1 setting changed to   0.00 by Control 1
   01/01/1988: 01:36:26 Link L2_1 setting changed to   0.00 by Control 2
   01/01/1988: 01:36:33 Link L1_1 setting changed to   0.00 by Control 1
   01/01/1988: 01:36:33 Link L2_1 setting changed to   0.00 by Control 2
   01/01/1988: 01:36:39 Link L1_1 setting changed to   0.00 by Control 1
   01/01/1988: 01:36:39 Link L2_1 setting changed to   0.00 by Control 2
   01/01/1988: 01:36:46 Link L1_1 setting changed to   0.00 by Control 1
   01/01/1988: 01:36:46 Link L2_1 setting changed to   0.00 by Control 2
   01/01/1988: 01:36:52 Link L1_1 setting changed to   0.00 by Control 1
   01/01/1988: 01:36:52 Link L2_1 setting changed to   0.00 by Control 2
   01/01/1988: 01:36:58 Link L1_1 setting changed to   0.00 by Control 1
   01/01/1988: 01:36:58 Link L2_1 setting changed to   0.00 by Control 2
   01/01/1988: 01:37:05 Link L1_1 setting changed to   0.00 by Control 1
   01/01/1988: 01:37:05 Link L2_1 setting changed to   0.00 by Control 2
   01/01/1988: 01:37:11 Link L1_1 setting changed to   0.00 by Control 1
   01/01/1988: 01:37:11 Link L2_1 setting changed to   0.00 by Control 2
   01/01/1988: 01:37:18 Link L1_1 setting changed to   0.00 by Control 1
   01/01/1988: 01:37:18 Link L2_1 setting changed to   0.00 by Control 2
   01/01/1988: 01:37:24 Link L1_1 setting changed to   0.00 by Control 1
   01/01/1988: 01:37:24 Link L2_1 setting changed to   0.00 by Control 2
   01/01/1988: 01:37:31 Link L1_1 setting changed to   0.00 by Control 1
   01/01/1988: 01:37:31 Link L2_1 setting changed to   0.00 by Control 2
   01/01/1988: 01:37:37 Link L1_1 setting changed to   0.00 by Control 1
   01/01/1988: 01:37:37 Link L2_1 setting changed to   0.00 by Control 2
   01/01/1988: 01:37:43 Link L1_1 setting changed to   0.00 by Control 1
   01/01/1988: 01:37:43 Link L2_1 setting changed to   0.00 by Control 2
   01/01/1988: 01:37:50 Link L1_1 setting changed to   0.00 by Control 1
   01/01/1988: 01:37:50 Link L2_1 setting changed to   0.00 by Control 2
   01/01/1988: 01:37:56 Link L1_1 setting changed to   0.00 by Control 1
   01/01/1988: 01:37:56 Link L2_1 setting changed to   0.00 by Control 2
   01/01/1988: 01:38:03 Link L1_1 setting changed to   0.00 by Control 1
   01/01/1988: 01:38:03 Link L2_1 setting changed to   0.00 by Control 2
   01/01/1988: 01:38:09 Link L1_1 setting changed to   0.00 by Control 1
   01/01/1988: 01:38:09 Link L2_1 setting changed to   0.00 by Control 2
   01/01/1988: 01:38:15 Link L1_1 setting changed to   0.00 by Control 1
   01/01/1988: 01:38:15 Link L2_1 setting changed to   0.00 by Control 2
   01/01/1988: 01:38:22 Link L1_1 setting changed to   0.00 by Control 1
   01/01/1988: 01:38:22 Link L2_1 setting changed to   0.00 by Control 2
   01/01/1988: 01:38:28 Link L1_1 setting changed to   0.00 by Control 1
   01/01/1988: 01:38:28 Link L2_1 setting changed to   0.00 by Control 2
   01/01/1988: 01:38:35 Link L1_1 setting changed to   0.00 by Control 1
   01/01/1988: 01:38:35 Link L2_1 setting changed to   0.00 by Control 2
   01/01/1988: 01:38:41 Link L1_1 setting changed to   0.00 by Control 1
   01/01/1988: 01:38:41 Link L2_1 setting changed to   0.00 by Control 2
   01/01/1988: 01:38:47 Link L1_1 setting changed to   0.00 by Control 1
   01/01/1988: 01:38:47 Link L2_1 setting changed to   0.00 by Control 2
   01/01/1988: 01:38:54 Link L1_1 setting changed to   0.00 by Control 1
   01/01/1988: 01:38:54 Link L2_1 setting changed to   0.00 by Control 2
   01/01/1988: 01:39:00 Link L1_1 setting changed to   0.00 by Control 1
   01/01/1988: 01:39:00 Link L2_1 setting changed to   0.00 by Control 2
   01/01/1988: 01:39:06 Link L1_1 setting changed to   0.00 by Control 1
   01/01/1988: 01:39:06 Link L2_1 setting changed to   0.00 by Control 2
   01/01/1988: 01:39:13 Link L1_1 setting changed to   0.00 by Control 1
   01/01/1988: 01:39:13 Link L2_1 setting changed to   0.00 by Control 2
   01/01/1988: 01:39:19 Link L1_1 setting changed to   0.00 by Control 1
   01/01/1988: 01:39:19 Link L2_1 setting changed to   0.00 by Control 2
   01/01/1988: 01:39:26 Link L1_1 setting changed to   0.00 by Control 1
   01/01/1988: 01:39:26 Link L2_1 setting changed to   0.00 by Control 2
   01/01/1988: 01:39:32 Link L1_1 setting changed to   0.00 by Control 1
   01/01/1988: 01:39:32 Link L2_1 setting changed to   0.00 by Control 2
   01/01/1988: 01:39:38 Link L1_1 setting changed to   0.00 by Control 1
   01/01/1988: 01:39:38 Link L2_1 setting changed to   0.00 by Control 2
   01/01/1988: 01:39:45 Link L1_1 setting changed to   0.00 by Control 1
   01/01/1988: 01:39:45 Link L2_1 setting changed to   0.00 by Control 2
   01/01/1988: 01:39:51 Link L1_1 setting changed to   0.00 by Control 1
   01/01/1988: 01:39:51 Link L2_1 setting changed to   0.00 by Control 2
   01/01/1988: 01:39:58 Link L1_1 setting changed to   0.00 by Control 1
   01/01/1988: 01:39:58 Link L2_1 setting changed to   0.00 by Control 2
   01/01/1988: 01:40:04 Link L1_1 setting changed to   0.00 by Control 1
   01/01/1988: 01:40:04 Link L2_1 setting changed to   0.00 by Control 2
   01/01/1988: 01:40:10 Link L1_1 setting changed to   0.00 by Control 1
   01/01/1988: 01:40:10 Link L2_1 setting changed to   0.00 by Control 2
   01/01/1988: 01:40:17 Link L1_1 setting changed to   0.00 by Control 1
   01/01/1988: 01:40:17 Link L2_1 setting changed to   0.00 by Control 2
   01/01/1988: 01:40:23 Link L1_1 setting changed to   0.00 by Control 1
   01/01/1988: 01:40:23 Link L2_1 setting changed to   0.00 by Control 2
   01/01/1988: 01:40:30 Link L1_1 setting changed to   0.00 by Control 1
   01/01/1988: 01:40:30 Link L2_1 setting changed to   0.00 by Control 2
   01/01/1988: 01:40:36 Link L1_1 setting changed to   0.00 by Control 1
   01/01/1988: 01:40:36 Link L2_1 setting changed to   0.00 by Control 2
   01/01/1988: 01:40:42 Link L1_1 setting changed to   0.00 by Control 1
   01/01/1988: 01:40:42 Link L2_1 setting changed to   0.00 by Control 2
   01/01/1988: 01:40:49 Link L1_1 setting changed to   0.00 by Control 1
   01/01/1988: 01:40:49 Link L2_1 setting changed to   0.00 by Control 2
   01/01/1988: 01:40:55 Link L1_1 setting changed to   0.00 by Control 1
   01/01/1988: 01:40:55 Link L2_1 setting changed to   0.00 by Control 2
   01/01/1988: 01:41:01 Link L1_1 setting changed to   0.00 by Control 1
   01/01/1988: 01:41:01 Link L2_1 setting changed to   0.00 by Control 2
   01/01/1988: 01:41:08 Link L1_1 setting changed to   0.00 by Control 1
   01/01/1988: 01:41:08 Link L2_1 setting changed to   0.00 by Control 2
   01/01/1988: 01:41:14 Link L1_1 setting changed to   0.00 by Control 1
   01/01/1988: 01:41:14 Link L2_1 setting changed to   0.00 by Control 2
   01/01/1988: 01:41:21 Link L1_1 setting changed to   0.00 by Control 1
   01/01/1988: 01:41:21 Link L2_1 setting changed to   0.00 by Control 2
   01/01/1988: 01:41:27 Link L1_1 setting changed to   0.00 by Control 1
   01/01/1988: 01:41:27 Link L2_1 setting changed to   0.00 by Control 2
   01/01/1988: 01:41:33 Link L1_1 setting changed to   0.00 by Control 1
   01/01/1988: 01:41:33 Link L2_1 setting changed to   0.00 by Control 2
   01/01/1988: 01:41:40 Link L1_1 setting changed to   0.00 by Control 1
   01/01/1988: 01:41:40 Link L2_1 setting changed to   0.00 by Control 2
   01/01/1988: 01:41:46 Link L1_1 setting changed to   0.00 by Control 1
   01/01/1988: 01:41:46 Link L2_1 setting changed to   0.00 by Control 2
   01/01/1988: 01:41:52 Link L1_1 setting changed to   0.00 by Control 1
   01/01/1988: 01:41:52 Link L2_1 setting changed to   0.00 by Control 2
   01/01/1988: 01:41:59 Link L1_1 setting changed to   0.00 by Control 1
   01/01/1988: 01:41:59 Link L2_1 setting changed to   0.00 by Control 2
   01/01/1988: 01:42:05 Link L1_1 setting changed to   0.00 by Control 1
   01/01/1988: 01:42:05 Link L2_1 setting changed to   0.00 by Control 2
   01/01/1988: 01:42:12 Link L1_1 setting changed to   0.00 by Control 1
   01/01/1988: 01:42:12 Link L2_1 setting changed to   0.00 by Control 2
   01/01/1988: 01:42:18 Link L1_1 setting changed to   0.00 by Control 1
   01/01/1988: 01:42:18 Link L2_1 setting changed to   0.00 by Control 2
   01/01/1988: 01:42:24 Link L1_1 setting changed to   0.00 by Control 1
   01/01/1988: 01:42:24 Link L2_1 setting changed to   0.00 by Control 2
   01/01/1988: 01:42:31 Link L1_1 setting changed to   0.00 by Control 1
   01/01/1988: 01:42:31 Link L2_1 setting changed to   0.00 by Control 2
   01/01/1988: 01:42:37 Link L1_1 setting changed to   0.00 by Control 1
   01/01/1988: 01:42:37 Link L2_1 setting changed to   0.00 by Control 2
   01/01/1988: 01:42:43 Link L1_1 setting changed to   0.00 by Control 1
   01/01/1988: 01:42:43 Link L2_1 setting changed to   0.00 by Control 2
   01/01/1988: 01:42:50 Link L1_1 setting changed to   0.00 by Control 1
   01/01/1988: 01:42:50 Link L2_1 setting changed to   0.00 by Control 2
   01/01/1988: 01:42:56 Link L1_1 setting changed to   0.00 by Control 1
   01/01/1988: 01:42:56 Link L2_1 setting changed to   0.00 by Control 2
   01/01/1988: 01:43:02 Link L1_1 setting changed to   0.00 by Control 1
   01/01/1988: 01:43:02 Link L2_1 setting changed to   0.00 by Control 2
   01/01/1988: 01:43:09 Link L1_1 setting changed to   0.00 by Control 1
   01/01/1988: 01:43:09 Link L2_1 setting changed to   0.00 by Control 2
   01/01/1988: 01:43:15 Link L1_1 setting changed to   0.00 by Control 1
   01/01/1988: 01:43:15 Link L2_1 setting changed to   0.00 by Control 2
   01/01/1988: 01:43:22 Link L1_1 setting changed to   0.00 by Control 1
   01/01/1988: 01:43:22 Link L2_1 setting changed to   0.00 by Control 2
   01/01/1988: 01:43:28 Link L1_1 setting changed to   0.00 by Control 1
   01/01/1988: 01:43:28 Link L2_1 setting changed to   0.00 by Control 2
   01/01/1988: 01:43:34 Link L1_1 setting changed to   0.00 by Control 1
   01/01/1988: 01:43:34 Link L2_1 setting changed to   0.00 by Control 2
   01/01/1988: 01:43:41 Link L1_1 setting changed to   0.00 by Control 1
   01/01/1988: 01:43:41 Link L2_1 setting changed to   0.00 by Control 2
   01/01/1988: 01:43:47 Link L1_1 setting changed to   0.00 by Control 1
   01/01/1988: 01:43:47 Link L2_1 setting changed to   0.00 by Control 2
   01/01/1988: 01:43:53 Link L1_1 setting changed to   0.00 by Control 1
   01/01/1988: 01:43:53 Link L2_1 setting changed to   0.00 by Control 2
   01/01/1988: 01:44:00 Link L1_1 setting changed to   0.00 by Control 1
   01/01/1988: 01:44:00 Link L2_1 setting changed to   0.00 by Control 2
   01/01/1988: 01:44:06 Link L1_1 setting changed to   0.00 by Control 1
   01/01/1988: 01:44:06 Link L2_1 setting changed to   0.00 by Control 2
   01/01/1988: 01:44:12 Link L1_1 setting changed to   0.00 by Control 1
   01/01/1988: 01:44:12 Link L2_1 setting changed to   0.00 by Control 2
   01/01/1988: 01:44:19 Link L1_1 setting changed to   0.00 by Control 1
   01/01/1988: 01:44:19 Link L2_1 setting changed to   0.00 by Control 2
   01/01/1988: 01:44:25 Link L1_1 setting changed to   0.00 by Control 1
   01/01/1988: 01:44:25 Link L2_1 setting changed to   0.00 by Control 2
   01/01/1988: 01:44:31 Link L1_1 setting changed to   0.00 by Control 1
   01/01/1988: 01:44:31 Link L2_1 setting changed to   0.00 by Control 2
   01/01/1988: 01:44:38 Link L1_1 setting changed to   0.00 by Control 1
   01/01/1988: 01:44:38 Link L2_1 setting changed to   0.00 by Control 2
   01/01/1988: 01:44:44 Link L1_1 setting changed to   0.00 by Control 1
   01/01/1988: 01:44:44 Link L2_1 setting changed to   0.00 by Control 2
   01/01/1988: 01:44:51 Link L1_1 setting changed to   0.00 by Control 1
   01/01/1988: 01:44:51 Link L2_1 setting changed to   0.00 by Control 2
   01/01/1988: 01:44:57 Link L1_1 setting changed to   0.00 by Control 1
   01/01/1988: 01:44:57 Link L2_1 setting changed to   0.00 by Control 2
   01/01/1988: 01:45:03 Link L1_1 setting changed to   0.00 by Control 1
   01/01/1988: 01:45:03 Link L2_1 setting changed to   0.00 by Control 2
   01/01/1988: 01:45:10 Link L1_1 setting changed to   0.00 by Control 1
   01/01/1988: 01:45:10 Link L2_1 setting changed to   0.00 by Control 2
   01/01/1988: 01:45:16 Link L1_1 setting changed to   0.00 by Control 1
   01/01/1988: 01:45:16 Link L2_1 setting changed to   0.00 by Control 2
   01/01/1988: 01:45:22 Link L1_1 setting changed to   0.00 by Control 1
   01/01/1988: 01:45:22 Link L2_1 setting changed to   0.00 by Control 2
   01/01/1988: 01:45:29 Link L1_1 setting changed to   0.00 by Control 1
   01/01/1988: 01:45:29 Link L2_1 setting changed to   0.00 by Control 2
   01/01/1988: 01:45:35 Link L1_1 setting changed to   0.00 by Control 1
   01/01/1988: 01:45:35 Link L2_1 setting changed to   0.00 by Control 2
   01/01/1988: 01:45:41 Link L1_1 setting changed to   0.00 by Control 1
   01/01/1988: 01:45:41 Link L2_1 setting changed to   0.00 by Control 2
   01/01/1988: 01:45:48 Link L1_1 setting changed to   0.00 by Control 1
   01/01/1988: 01:45:48 Link L2_1 setting changed to   0.00 by Control 2
   01/01/1988: 01:45:54 Link L1_1 setting changed to   0.00 by Control 1
   01/01/1988: 01:45:54 Link L2_1 setting changed to   0.00 by Control 2
   01/01/1988: 01:46:00 Link L1_1 setting changed to   0.00 by Control 1
   01/01/1988: 01:46:00 Link L2_1 setting changed to   0.00 by Control 2
   01/01/1988: 01:46:07 Link L1_1 setting changed to   0.00 by Control 1
   01/01/1988: 01:46:07 Link L2_1 setting changed to   0.00 by Control 2
   01/01/1988: 01:46:13 Link L1_1 setting changed to   0.00 by Control 1
   01/01/1988: 01:46:13 Link L2_1 setting changed to   0.00 by Control 2
   01/01/1988: 01:46:19 Link L1_1 setting changed to   0.00 by Control 1
   01/01/1988: 01:46:19 Link L2_1 setting changed to   0.00 by Control 2
   01/01/1988: 01:46:26 Link L1_1 setting changed to   0.00 by Control 1
   01/01/1988: 01:46:26 Link L2_1 setting changed to   0.00 by Control 2
   01/01/1988: 01:46:32 Link L1_1 setting changed to   0.00 by Control 1
   01/01/1988: 01:46:32 Link L2_1 setting changed to   0.00 by Control 2
   01/01/1988: 01:46:38 Link L1_1 setting changed to   0.00 by Control 1
   01/01/1988: 01:46:38 Link L2_1 setting changed to   0.00 by Control 2
   01/01/1988: 01:46:45 Link L1_1 setting changed to   0.00 by Control 1
   01/01/1988: 01:46:45 Link L2_1 setting changed to   0.00 by Control 2
   01/01/1988: 01:46:51 Link L1_1 setting changed to   0.00 by Control 1
   01/01/1988: 01:46:51 Link L2_1 setting changed to   0.00 by Control 2
   01/01/1988: 01:46:57 Link L1_1 setting changed to   0.00 by Control 1
   01/01/1988: 01:46:57 Link L2_1 setting changed to   0.00 by Control 2
   01/01/1988: 01:47:04 Link L1_1 setting changed to   0.00 by Control 1
   01/01/1988: 01:47:04 Link L2_1 setting changed to   0.00 by Control 2
   01/01/1988: 01:47:10 Link L1_1 setting changed to   0.00 by Control 1
   01/01/1988: 01:47:10 Link L2_1 setting changed to   0.00 by Control 2
   01/01/1988: 01:47:17 Link L1_1 setting changed to   0.00 by Control 1
   01/01/1988: 01:47:17 Link L2_1 setting changed to   0.00 by Control 2
   01/01/1988: 01:47:23 Link L1_1 setting changed to   0.00 by Control 1
   01/01/1988: 01:47:23 Link L2_1 setting changed to   0.00 by Control 2
   01/01/1988: 01:47:29 Link L1_1 setting changed to   0.00 by Control 1
   01/01/1988: 01:47:29 Link L2_1 setting changed to   0.00 by Control 2
   01/01/1988: 01:47:36 Link L1_1 setting changed to   0.00 by Control 1
   01/01/1988: 01:47:36 Link L2_1 setting changed to   0.00 by Control 2
   01/01/1988: 01:47:42 Link L1_1 setting changed to   0.00 by Control 1
   01/01/1988: 01:47:42 Link L2_1 setting changed to   0.00 by Control 2
   01/01/1988: 01:47:48 Link L1_1 setting changed to   0.00 by Control 1
   01/01/1988: 01:47:48 Link L2_1 setting changed to   0.00 by Control 2
   01/01/1988: 01:47:55 Link L1_1 setting changed to   0.00 by Control 1
   01/01/1988: 01:47:55 Link L2_1 setting changed to   0.00 by Control 2
   01/01/1988: 01:48:01 Link L1_1 setting changed to   0.00 by Control 1
   01/01/1988: 01:48:01 Link L2_1 setting changed to   0.00 by Control 2
   01/01/1988: 01:48:07 Link L1_1 setting changed to   0.00 by Control 1
   01/01/1988: 01:48:07 Link L2_1 setting changed to   0.00 by Control 2
   01/01/1988: 01:48:14 Link L1_1 setting changed to   0.00 by Control 1
   01/01/1988: 01:48:14 Link L2_1 setting changed to   0.00 by Control 2
   01/01/1988: 01:48:20 Link L1_1 setting changed to   0.00 by Control 1
   01/01/1988: 01:48:20 Link L2_1 setting changed to   0.00 by Control 2
   01/01/1988: 01:48:26 Link L1_1 setting changed to   0.00 by Control 1
   01/01/1988: 01:48:26 Link L2_1 setting changed to   0.00 by Control 2
   01/01/1988: 01:48:33 Link L1_1 setting changed to   0.00 by Control 1
   01/01/1988: 01:48:33 Link L2_1 setting changed to   0.00 by Control 2
   01/01/1988: 01:48:39 Link L1_1 setting changed to   0.00 by Control 1
   01/01/1988: 01:48:39 Link L2_1 setting changed to   0.00 by Control 2
   01/01/1988: 01:48:45 Link L1_1 setting changed to   0.00 by Control 1
   01/01/1988: 01:48:45 Link L2_1 setting changed to   0.00 by Control 2
   01/01/1988: 01:48:52 Link L1_1 setting changed to   0.00 by Control 1
   01/01/1988: 01:48:52 Link L2_1 setting changed to   0.00 by Control 2
   01/01/1988: 01:48:58 Link L1_1 setting changed to   0.00 by Control 1
   01/01/1988: 01:48:58 Link L2_1 setting changed to   0.00 by Control 2
   01/01/1988: 01:49:04 Link L1_1 setting changed to   0.00 by Control 1
   01/01/1988: 01:49:04 Link L2_1 setting changed to   0.00 by Control 2
   01/01/1988: 01:49:11 Link L1_1 setting changed to   0.00 by Control 1
   01/01/1988: 01:49:11 Link L2_1 setting changed to   0.00 by Control 2
   01/01/1988: 01:49:17 Link L1_1 setting changed to   0.00 by Control 1
   01/01/1988: 01:49:17 Link L2_1 setting changed to   0.00 by Control 2
   01/01/1988: 01:49:23 Link L1_1 setting changed to   0.00 by Control 1
   01/01/1988: 01:49:23 Link L2_1 setting changed to   0.00 by Control 2
   01/01/1988: 01:49:30 Link L1_1 setting changed to   0.00 by Control 1
   01/01/1988: 01:49:30 Link L2_1 setting changed to   0.00 by Control 2
   01/01/1988: 01:49:36 Link L1_1 setting changed to   0.00 by Control 1
   01/01/1988: 01:49:36 Link L2_1 setting changed to   0.00 by Control 2
   01/01/1988: 01:49:42 Link L1_1 setting changed to   0.00 by Control 1
   01/01/1988: 01:49:42 Link L2_1 setting changed to   0.00 by Control 2
   01/01/1988: 01:49:49 Link L1_1 setting changed to   0.00 by Control 1
   01/01/1988: 01:49:49 Link L2_1 setting changed to   0.00 by Control 2
   01/01/1988: 01:49:55 Link L1_1 setting changed to   0.00 by Control 1
   01/01/1988: 01:49:55 Link L2_1 setting changed to   0.00 by Control 2
   01/01/1988: 01:50:01 Link L1_1 setting changed to   0.00 by Control 1
   01/01/1988: 01:50:01 Link L2_1 setting changed to   0.00 by Control 2
   01/01/1988: 01:50:08 Link L1_1 setting changed to   0.00 by Control 1
   01/01/1988: 01:50:08 Link L2_1 setting changed to   0.00 by Control 2
   01/01/1988: 01:50:14 Link L1_1 setting changed to   0.00 by Control 1
   01/01/1988: 01:50:14 Link L2_1 setting changed to   0.00 by Control 2
   01/01/1988: 01:50:20 Link L1_1 setting changed to   0.00 by Control 1
   01/01/1988: 01:50:20 Link L2_1 setting changed to   0.00 by Control 2
   01/01/1988: 01:50:27 Link L1_1 setting changed to   0.00 by Control 1
   01/01/1988: 01:50:27 Link L2_1 setting changed to   0.00 by Control 2
   01/01/1988: 01:50:33 Link L1_1 setting changed to   0.00 by Control 1
   01/01/1988: 01:50:33 Link L2_1 setting changed to   0.00 by Control 2
   01/01/1988: 01:50:39 Link L1_1 setting changed to   0.00 by Control 1
   01/01/1988: 01:50:39 Link L2_1 setting changed to   0.00 by Control 2
   01/01/1988: 01:50:46 Link L1_1 setting changed to   0.00 by Control 1
   01/01/1988: 01:50:46 Link L2_1 setting changed to   0.00 by Control 2
   01/01/1988: 01:50:52 Link L1_1 setting changed to   0.00 by Control 1
   01/01/1988: 01:50:52 Link L2_1 setting changed to   0.00 by Control 2
   01/01/1988: 01:50:58 Link L1_1 setting changed to   0.00 by Control 1
   01/01/1988: 01:50:58 Link L2_1 setting changed to   0.00 by Control 2
   01/01/1988: 01:51:05 Link L1_1 setting changed to   0.00 by Control 1
   01/01/1988: 01:51:05 Link L2_1 setting changed to   0.00 by Control 2
   01/01/1988: 01:51:11 Link L1_1 setting changed to   0.00 by Control 1
   01/01/1988: 01:51:11 Link L2_1 setting changed to   0.00 by Control 2
   01/01/1988: 01:51:17 Link L1_1 setting changed to   0.00 by Control 1
   01/01/1988: 01:51:17 Link L2_1 setting changed to   0.00 by Control 2
   01/01/1988: 01:51:24 Link L1_1 setting changed to   0.00 by Control 1
   01/01/1988: 01:51:24 Link L2_1 setting changed to   0.00 by Control 2
   01/01/1988: 01:51:30 Link L1_1 setting changed to   0.00 by Control 1
   01/01/1988: 01:51:30 Link L2_1 setting changed to   0.00 by Control 2
   01/01/1988: 01:51:36 Link L1_1 setting changed to   0.00 by Control 1
   01/01/1988: 01:51:36 Link L2_1 setting changed to   0.00 by Control 2
   01/01/1988: 01:51:43 Link L1_1 setting changed to   0.00 by Control 1
   01/01/1988: 01:51:43 Link L2_1 setting changed to   0.00 by Control 2
   01/01/1988: 01:51:49 Link L1_1 setting changed to   0.00 by Control 1
   01/01/1988: 01:51:49 Link L2_1 setting changed to   0.00 by Control 2
   01/01/1988: 01:51:55 Link L1_1 setting changed to   0.00 by Control 1
   01/01/1988: 01:51:55 Link L2_1 setting changed to   0.00 by Control 2
   01/01/1988: 01:52:02 Link L1_1 setting changed to   0.00 by Control 1
   01/01/1988: 01:52:02 Link L2_1 setting changed to   0.00 by Control 2
   01/01/1988: 01:52:08 Link L1_1 setting changed to   0.00 by Control 1
   01/01/1988: 01:52:08 Link L2_1 setting changed to   0.00 by Control 2
   01/01/1988: 01:52:14 Link L1_1 setting changed to   0.00 by Control 1
   01/01/1988: 01:52:14 Link L2_1 setting changed to   0.00 by Control 2
   01/01/1988: 01:52:20 Link L1_1 setting changed to   0.00 by Control 1
   01/01/1988: 01:52:20 Link L2_1 setting changed to   0.00 by Control 2
   01/01/1988: 01:52:27 Link L1_1 setting changed to   0.00 by Control 1
   01/01/1988: 01:52:27 Link L2_1 setting changed to   0.00 by Control 2
   01/01/1988: 01:52:33 Link L1_1 setting changed to   0.00 by Control 1
   01/01/1988: 01:52:33 Link L2_1 setting changed to   0.00 by Control 2
   01/01/1988: 01:52:39 Link L1_1 setting changed to   0.00 by Control 1
   01/01/1988: 01:52:39 Link L2_1 setting changed to   0.00 by Control 2
   01/01/1988: 01:52:46 Link L1_1 setting changed to   0.00 by Control 1
   01/01/1988: 01:52:46 Link L2_1 setting changed to   0.00 by Control 2
   01/01/1988: 01:52:52 Link L1_1 setting changed to   0.00 by Control 1
   01/01/1988: 01:52:52 Link L2_1 setting changed to   0.00 by Control 2
   01/01/1988: 01:52:58 Link L1_1 setting changed to   0.00 by Control 1
   01/01/1988: 01:52:58 Link L2_1 setting changed to   0.00 by Control 2
   01/01/1988: 01:53:05 Link L1_1 setting changed to   0.00 by Control 1
   01/01/1988: 01:53:05 Link L2_1 setting changed to   0.00 by Control 2
   01/01/1988: 01:53:11 Link L1_1 setting changed to   0.00 by Control 1
   01/01/1988: 01:53:11 Link L2_1 setting changed to   0.00 by Control 2
   01/01/1988: 01:53:17 Link L1_1 setting changed to   0.00 by Control 1
   01/01/1988: 01:53:17 Link L2_1 setting changed to   0.00 by Control 2
   01/01/1988: 01:53:24 Link L1_1 setting changed to   0.00 by Control 1
   01/01/1988: 01:53:24 Link L2_1 setting changed to   0.00 by Control 2
   01/01/1988: 01:53:30 Link L1_1 setting changed to   0.00 by Control 1
   01/01/1988: 01:53:30 Link L2_1 setting changed to   0.00 by Control 2
   01/01/1988: 01:53:36 Link L1_1 setting changed to   0.00 by Control 1
   01/01/1988: 01:53:36 Link L2_1 setting changed to   0.00 by Control 2
   01/01/1988: 01:53:43 Link L1_1 setting changed to   0.00 by Control 1
   01/01/1988: 01:53:43 Link L2_1 setting changed to   0.00 by Control 2
   01/01/1988: 01:53:49 Link L1_1 setting changed to   0.00 by Control 1
   01/01/1988: 01:53:49 Link L2_1 setting changed to   0.00 by Control 2
   01/01/1988: 01:53:55 Link L1_1 setting changed to   0.00 by Control 1
   01/01/1988: 01:53:55 Link L2_1 setting changed to   0.00 by Control 2
   01/01/1988: 01:54:02 Link L1_1 setting changed to   0.00 by Control 1
   01/01/1988: 01:54:02 Link L2_1 setting changed to   0.00 by Control 2
   01/01/1988: 01:54:08 Link L1_1 setting changed to   0.00 by Control 1
   01/01/1988: 01:54:08 Link L2_1 setting changed to   0.00 by Control 2
   01/01/1988: 01:54:14 Link L1_1 setting changed to   0.00 by Control 1
   01/01/1988: 01:54:14 Link L2_1 setting changed to   0.00 by Control 2
   01/01/1988: 01:54:21 Link L1_1 setting changed to   0.00 by Control 1
   01/01/1988: 01:54:21 Link L2_1 setting changed to   0.00 by Control 2
   01/01/1988: 01:54:27 Link L1_1 setting changed to   0.00 by Control 1
   01/01/1988: 01:54:27 Link L2_1 setting changed to   0.00 by Control 2
   01/01/1988: 01:54:33 Link L1_1 setting changed to   0.00 by Control 1
   01/01/1988: 01:54:33 Link L2_1 setting changed to   0.00 by Control 2
   01/01/1988: 01:54:40 Link L1_1 setting changed to   0.00 by Control 1
   01/01/1988: 01:54:40 Link L2_1 setting changed to   0.00 by Control 2
   01/01/1988: 01:54:46 Link L1_1 setting changed to   0.00 by Control 1
   01/01/1988: 01:54:46 Link L2_1 setting changed to   0.00 by Control 2
   01/01/1988: 01:54:52 Link L1_1 setting changed to   0.00 by Control 1
   01/01/1988: 01:54:52 Link L2_1 setting changed to   0.00 by Control 2
   01/01/1988: 01:54:59 Link L1_1 setting changed to   0.00 by Control 1
   01/01/1988: 01:54:59 Link L2_1 setting changed to   0.00 by Control 2
   01/01/1988: 01:55:05 Link L1_1 setting changed to   0.00 by Control 1
   01/01/1988: 01:55:05 Link L2_1 setting changed to   0.00 by Control 2
   01/01/1988: 01:55:11 Link L1_1 setting changed to   0.00 by Control 1
   01/01/1988: 01:55:11 Link L2_1 setting changed to   0.00 by Control 2
   01/01/1988: 01:55:18 Link L1_1 setting changed to   0.00 by Control 1
   01/01/1988: 01:55:18 Link L2_1 setting changed to   0.00 by Control 2
   01/01/1988: 01:55:24 Link L1_1 setting changed to   0.00 by Control 1
   01/01/1988: 01:55:24 Link L2_1 setting changed to   0.00 by Control 2
   01/01/1988: 01:55:30 Link L1_1 setting changed to   0.00 by Control 1
   01/01/1988: 01:55:30 Link L2_1 setting changed to   0.00 by Control 2
   01/01/1988: 01:55:36 Link L1_1 setting changed to   0.00 by Control 1
   01/01/1988: 01:55:36 Link L2_1 setting changed to   0.00 by Control 2
   01/01/1988: 01:55:43 Link L1_1 setting changed to   0.00 by Control 1
   01/01/1988: 01:55:43 Link L2_1 setting changed to   0.00 by Control 2
   01/01/1988: 01:55:49 Link L1_1 setting changed to   0.00 by Control 1
   01/01/1988: 01:55:49 Link L2_1 setting changed to   0.00 by Control 2
   01/01/1988: 01:55:55 Link L1_1 setting changed to   0.00 by Control 1
   01/01/1988: 01:55:55 Link L2_1 setting changed to   0.00 by Control 2
   01/01/1988: 01:56:02 Link L1_1 setting changed to   0.00 by Control 1
   01/01/1988: 01:56:02 Link L2_1 setting changed to   0.00 by Control 2
   01/01/1988: 01:56:08 Link L1_1 setting changed to   0.00 by Control 1
   01/01/1988: 01:56:08 Link L2_1 setting changed to   0.00 by Control 2
   01/01/1988: 01:56:14 Link L1_1 setting changed to   0.00 by Control 1
   01/01/1988: 01:56:14 Link L2_1 setting changed to   0.00 by Control 2
   01/01/1988: 01:56:21 Link L1_1 setting changed to   0.00 by Control 1
   01/01/1988: 01:56:21 Link L2_1 setting changed to   0.00 by Control 2
   01/01/1988: 01:56:27 Link L1_1 setting changed to   0.00 by Control 1
   01/01/1988: 01:56:27 Link L2_1 setting changed to   0.00 by Control 2
   01/01/1988: 01:56:33 Link L1_1 setting changed to   0.00 by Control 1
   01/01/1988: 01:56:33 Link L2_1 setting changed to   0.00 by Control 2
   01/01/1988: 01:56:40 Link L1_1 setting changed to   0.00 by Control 1
   01/01/1988: 01:56:40 Link L2_1 setting changed to   0.00 by Control 2
   01/01/1988: 01:56:46 Link L1_1 setting changed to   0.00 by Control 1
   01/01/1988: 01:56:46 Link L2_1 setting changed to   0.00 by Control 2
   01/01/1988: 01:56:52 Link L1_1 setting changed to   0.00 by Control 1
   01/01/1988: 01:56:52 Link L2_1 setting changed to   0.00 by Control 2
   01/01/1988: 01:56:59 Link L1_1 setting changed to   0.00 by Control 1
   01/01/1988: 01:56:59 Link L2_1 setting changed to   0.00 by Control 2
   01/01/1988: 01:57:05 Link L1_1 setting changed to   0.00 by Control 1
   01/01/1988: 01:57:05 Link L2_1 setting changed to   0.00 by Control 2
   01/01/1988: 01:57:11 Link L1_1 setting changed to   0.00 by Control 1
   01/01/1988: 01:57:11 Link L2_1 setting changed to   0.00 by Control 2
   01/01/1988: 01:57:18 Link L1_1 setting changed to   0.00 by Control 1
   01/01/1988: 01:57:18 Link L2_1 setting changed to   0.00 by Control 2
   01/01/1988: 01:57:24 Link L1_1 setting changed to   0.00 by Control 1
   01/01/1988: 01:57:24 Link L2_1 setting changed to   0.00 by Control 2
   01/01/1988: 01:57:30 Link L1_1 setting changed to   0.00 by Control 1
   01/01/1988: 01:57:30 Link L2_1 setting changed to   0.00 by Control 2
   01/01/1988: 01:57:37 Link L1_1 setting changed to   0.00 by Control 1
   01/01/1988: 01:57:37 Link L2_1 setting changed to   0.00 by Control 2
   01/01/1988: 01:57:43 Link L1_1 setting changed to   0.00 by Control 1
   01/01/1988: 01:57:43 Link L2_1 setting changed to   0.00 by Control 2
   01/01/1988: 01:57:49 Link L1_1 setting changed to   0.00 by Control 1
   01/01/1988: 01:57:49 Link L2_1 setting changed to   0.00 by Control 2
   01/01/1988: 01:57:55 Link L1_1 setting changed to   0.00 by Control 1
   01/01/1988: 01:57:55 Link L2_1 setting changed to   0.00 by Control 2
   01/01/1988: 01:58:02 Link L1_1 setting changed to   0.00 by Control 1
   01/01/1988: 01:58:02 Link L2_1 setting changed to   0.00 by Control 2
   01/01/1988: 01:58:08 Link L1_1 setting changed to   0.00 by Control 1
   01/01/1988: 01:58:08 Link L2_1 setting changed to   0.00 by Control 2
   01/01/1988: 01:58:14 Link L1_1 setting changed to   0.00 by Control 1
   01/01/1988: 01:58:14 Link L2_1 setting changed to   0.00 by Control 2
   01/01/1988: 01:58:21 Link L1_1 setting changed to   0.00 by Control 1
   01/01/1988: 01:58:21 Link L2_1 setting changed to   0.00 by Control 2
   01/01/1988: 01:58:27 Link L1_1 setting changed to   0.00 by Control 1
   01/01/1988: 01:58:27 Link L2_1 setting changed to   0.00 by Control 2
   01/01/1988: 01:58:33 Link L1_1 setting changed to   0.00 by Control 1
   01/01/1988: 01:58:33 Link L2_1 setting changed to   0.00 by Control 2
   01/01/1988: 01:58:40 Link L1_1 setting changed to   0.00 by Control 1
   01/01/1988: 01:58:40 Link L2_1 setting changed to   0.00 by Control 2
   01/01/1988: 01:58:46 Link L1_1 setting changed to   0.00 by Control 1
   01/01/1988: 01:58:46 Link L2_1 setting changed to   0.00 by Control 2
   01/01/1988: 01:58:52 Link L1_1 setting changed to   0.00 by Control 1
   01/01/1988: 01:58:52 Link L2_1 setting changed to   0.00 by Control 2
   01/01/1988: 01:58:59 Link L1_1 setting changed to   0.00 by Control 1
   01/01/1988: 01:58:59 Link L2_1 setting changed to   0.00 by Control 2
   01/01/1988: 01:59:05 Link L1_1 setting changed to   0.00 by Control 1
   01/01/1988: 01:59:05 Link L2_1 setting changed to   0.00 by Control 2
   01/01/1988: 01:59:11 Link L1_1 setting changed to   0.00 by Control 1
   01/01/1988: 01:59:11 Link L2_1 setting changed to   0.00 by Control 2
   01/01/1988: 01:59:18 Link L1_1 setting changed to   0.00 by Control 1
   01/01/1988: 01:59:18 Link L2_1 setting changed to   0.00 by Control 2
   01/01/1988: 01:59:24 Link L1_1 setting changed to   0.00 by Control 1
   01/01/1988: 01:59:24 Link L2_1 setting changed to   0.00 by Control 2
   01/01/1988: 01:59:30 Link L1_1 setting changed to   0.00 by Control 1
   01/01/1988: 01:59:30 Link L2_1 setting changed to   0.00 by Control 2
   01/01/1988: 01:59:37 Link L1_1 setting changed to   0.00 by Control 1
   01/01/1988: 01:59:37 Link L2_1 setting changed to   0.00 by Control 2
   01/01/1988: 01:59:43 Link L1_1 setting changed to   0.00 by Control 1
   01/01/1988: 01:59:43 Link L2_1 setting changed to   0.00 by Control 2
   01/01/1988: 01:59:49 Link L1_1 setting changed to   0.00 by Control 1
   01/01/1988: 01:59:49 Link L2_1 setting changed to   0.00 by Control 2
   01/01/1988: 01:59:56 Link L1_1 setting changed to   0.00 by Control 1
   01/01/1988: 01:59:56 Link L2_1 setting changed to   0.00 by Control 2
   01/01/1988: 02:00:02 Link L1_1 setting changed to   0.00 by Control 1
   01/01/1988: 02:00:02 Link L2_1 setting changed to   0.00 by Control 2
   01/01/1988: 02:00:08 Link L1_1 setting changed to   0.00 by Control 1
   01/01/1988: 02:00:08 Link L2_1 setting changed to   0.00 by Control 2
   01/01/1988: 02:00:14 Link L1_1 setting changed to   0.00 by Control 1
   01/01/1988: 02:00:14 Link L2_1 setting changed to   0.00 by Control 2
   01/01/1988: 02:00:21 Link L1_1 setting changed to   0.00 by Control 1
   01/01/1988: 02:00:21 Link L2_1 setting changed to   0.00 by Control 2
   01/01/1988: 02:00:27 Link L1_1 setting changed to   0.00 by Control 1
   01/01/1988: 02:00:27 Link L2_1 setting changed to   0.00 by Control 2
   01/01/1988: 02:00:33 Link L1_1 setting changed to   0.00 by Control 1
   01/01/1988: 02:00:33 Link L2_1 setting changed to   0.00 by Control 2
   01/01/1988: 02:00:40 Link L1_1 setting changed to   0.00 by Control 1
   01/01/1988: 02:00:40 Link L2_1 setting changed to   0.00 by Control 2
   01/01/1988: 02:00:46 Link L1_1 setting changed to   0.00 by Control 1
   01/01/1988: 02:00:46 Link L2_1 setting changed to   0.00 by Control 2
   01/01/1988: 02:00:52 Link L1_1 setting changed to   0.00 by Control 1
   01/01/1988: 02:00:52 Link L2_1 setting changed to   0.00 by Control 2
   01/01/1988: 02:00:59 Link L1_1 setting changed to   0.00 by Control 1
   01/01/1988: 02:00:59 Link L2_1 setting changed to   0.00 by Control 2
   01/01/1988: 02:01:05 Link L1_1 setting changed to   0.00 by Control 1
   01/01/1988: 02:01:05 Link L2_1 setting changed to   0.00 by Control 2
   01/01/1988: 02:01:11 Link L1_1 setting changed to   0.00 by Control 1
   01/01/1988: 02:01:11 Link L2_1 setting changed to   0.00 by Control 2
   01/01/1988: 02:01:18 Link L1_1 setting changed to   0.00 by Control 1
   01/01/1988: 02:01:18 Link L2_1 setting changed to   0.00 by Control 2
   01/01/1988: 02:01:24 Link L1_1 setting changed to   0.00 by Control 1
   01/01/1988: 02:01:24 Link L2_1 setting changed to   0.00 by Control 2
   01/01/1988: 02:01:30 Link L1_1 setting changed to   0.00 by Control 1
   01/01/1988: 02:01:30 Link L2_1 setting changed to   0.00 by Control 2
   01/01/1988: 02:01:37 Link L1_1 setting changed to   0.00 by Control 1
   01/01/1988: 02:01:37 Link L2_1 setting changed to   0.00 by Control 2
   01/01/1988: 02:01:43 Link L1_1 setting changed to   0.00 by Control 1
   01/01/1988: 02:01:43 Link L2_1 setting changed to   0.00 by Control 2
   01/01/1988: 02:01:49 Link L1_1 setting changed to   0.00 by Control 1
   01/01/1988: 02:01:49 Link L2_1 setting changed to   0.00 by Control 2
   01/01/1988: 02:01:56 Link L1_1 setting changed to   0.00 by Control 1
   01/01/1988: 02:01:56 Link L2_1 setting changed to   0.00 by Control 2
   01/01/1988: 02:02:02 Link L1_1 setting changed to   0.00 by Control 1
   01/01/1988: 02:02:02 Link L2_1 setting changed to   0.00 by Control 2
   01/01/1988: 02:02:08 Link L1_1 setting changed to   0.00 by Control 1
   01/01/1988: 02:02:08 Link L2_1 setting changed to   0.00 by Control 2
   01/01/1988: 02:02:14 Link L1_1 setting changed to   0.00 by Control 1
   01/01/1988: 02:02:14 Link L2_1 setting changed to   0.00 by Control 2
   01/01/1988: 02:02:21 Link L1_1 setting changed to   0.00 by Control 1
   01/01/1988: 02:02:21 Link L2_1 setting changed to   0.00 by Control 2
   01/01/1988: 02:02:27 Link L1_1 setting changed to   0.00 by Control 1
   01/01/1988: 02:02:27 Link L2_1 setting changed to   0.00 by Control 2
   01/01/1988: 02:02:33 Link L1_1 setting changed to   0.00 by Control 1
   01/01/1988: 02:02:33 Link L2_1 setting changed to   0.00 by Control 2
   01/01/1988: 02:02:40 Link L1_1 setting changed to   0.00 by Control 1
   01/01/1988: 02:02:40 Link L2_1 setting changed to   0.00 by Control 2
   01/01/1988: 02:02:46 Link L1_1 setting changed to   0.00 by Control 1
   01/01/1988: 02:02:46 Link L2_1 setting changed to   0.00 by Control 2
   01/01/1988: 02:02:52 Link L1_1 setting changed to   0.00 by Control 1
   01/01/1988: 02:02:52 Link L2_1 setting changed to   0.00 by Control 2
   01/01/1988: 02:02:59 Link L1_1 setting changed to   0.00 by Control 1
   01/01/1988: 02:02:59 Link L2_1 setting changed to   0.00 by Control 2
   01/01/1988: 02:03:05 Link L1_1 setting changed to   0.00 by Control 1
   01/01/1988: 02:03:05 Link L2_1 setting changed to   0.00 by Control 2
   01/01/1988: 02:03:11 Link L1_1 setting changed to   0.00 by Control 1
   01/01/1988: 02:03:11 Link L2_1 setting changed to   0.00 by Control 2
   01/01/1988: 02:03:18 Link L1_1 setting changed to   0.00 by Control 1
   01/01/1988: 02:03:18 Link L2_1 setting changed to   0.00 by Control 2
   01/01/1988: 02:03:24 Link L1_1 setting changed to   0.00 by Control 1
   01/01/1988: 02:03:24 Link L2_1 setting changed to   0.00 by Control 2
   01/01/1988: 02:03:30 Link L1_1 setting changed to   0.00 by Control 1
   01/01/1988: 02:03:30 Link L2_1 setting changed to   0.00 by Control 2
   01/01/1988: 02:03:37 Link L1_1 setting changed to   0.00 by Control 1
   01/01/1988: 02:03:37 Link L2_1 setting changed to   0.00 by Control 2
   01/01/1988: 02:03:43 Link L1_1 setting changed to   0.00 by Control 1
   01/01/1988: 02:03:43 Link L2_1 setting changed to   0.00 by Control 2
   01/01/1988: 02:03:49 Link L1_1 setting changed to   0.00 by Control 1
   01/01/1988: 02:03:49 Link L2_1 setting changed to   0.00 by Control 2
   01/01/1988: 02:03:56 Link L1_1 setting changed to   0.00 by Control 1
   01/01/1988: 02:03:56 Link L2_1 setting changed to   0.00 by Control 2
   01/01/1988: 02:04:02 Link L1_1 setting changed to   0.00 by Control 1
   01/01/1988: 02:04:02 Link L2_1 setting changed to   0.00 by Control 2
   01/01/1988: 02:04:08 Link L1_1 setting changed to   0.00 by Control 1
   01/01/1988: 02:04:08 Link L2_1 setting changed to   0.00 by Control 2
   01/01/1988: 02:04:15 Link L1_1 setting changed to   0.00 by Control 1
   01/01/1988: 02:04:15 Link L2_1 setting changed to   0.00 by Control 2
   01/01/1988: 02:04:21 Link L1_1 setting changed to   0.00 by Control 1
   01/01/1988: 02:04:21 Link L2_1 setting changed to   0.00 by Control 2
   01/01/1988: 02:04:27 Link L1_1 setting changed to   0.00 by Control 1
   01/01/1988: 02:04:27 Link L2_1 setting changed to   0.00 by Control 2
   01/01/1988: 02:04:34 Link L1_1 setting changed to   0.00 by Control 1
   01/01/1988: 02:04:34 Link L2_1 setting changed to   0.00 by Control 2
   01/01/1988: 02:04:40 Link L1_1 setting changed to   0.00 by Control 1
   01/01/1988: 02:04:40 Link L2_1 setting changed to   0.00 by Control 2
   01/01/1988: 02:04:46 Link L1_1 setting changed to   0.00 by Control 1
   01/01/1988: 02:04:46 Link L2_1 setting changed to   0.00 by Control 2
   01/01/1988: 02:04:52 Link L1_1 setting changed to   0.00 by Control 1
   01/01/1988: 02:04:52 Link L2_1 setting changed to   0.00 by Control 2
   01/01/1988: 02:04:59 Link L1_1 setting changed to   0.00 by Control 1
   01/01/1988: 02:04:59 Link L2_1 setting changed to   0.00 by Control 2
   01/01/1988: 02:05:05 Link L1_1 setting changed to   0.00 by Control 1
   01/01/1988: 02:05:05 Link L2_1 setting changed to   0.00 by Control 2
   01/01/1988: 02:05:11 Link L1_1 setting changed to   0.00 by Control 1
   01/01/1988: 02:05:11 Link L2_1 setting changed to   0.00 by Control 2
   01/01/1988: 02:05:18 Link L1_1 setting changed to   0.00 by Control 1
   01/01/1988: 02:05:18 Link L2_1 setting changed to   0.00 by Control 2
   01/01/1988: 02:05:24 Link L1_1 setting changed to   0.00 by Control 1
   01/01/1988: 02:05:24 Link L2_1 setting changed to   0.00 by Control 2
   01/01/1988: 02:05:30 Link L1_1 setting changed to   0.00 by Control 1
   01/01/1988: 02:05:30 Link L2_1 setting changed to   0.00 by Control 2
   01/01/1988: 02:05:37 Link L1_1 setting changed to   0.00 by Control 1
   01/01/1988: 02:05:37 Link L2_1 setting changed to   0.00 by Control 2
   01/01/1988: 02:05:43 Link L1_1 setting changed to   0.00 by Control 1
   01/01/1988: 02:05:43 Link L2_1 setting changed to   0.00 by Control 2
   01/01/1988: 02:05:49 Link L1_1 setting changed to   0.00 by Control 1
   01/01/1988: 02:05:49 Link L2_1 setting changed to   0.00 by Control 2
   01/01/1988: 02:05:56 Link L1_1 setting changed to   0.00 by Control 1
   01/01/1988: 02:05:56 Link L2_1 setting changed to   0.00 by Control 2
   01/01/1988: 02:06:02 Link L1_1 setting changed to   0.00 by Control 1
   01/01/1988: 02:06:02 Link L2_1 setting changed to   0.00 by Control 2
   01/01/1988: 02:06:08 Link L1_1 setting changed to   0.00 by Control 1
   01/01/1988: 02:06:08 Link L2_1 setting changed to   0.00 by Control 2
   01/01/1988: 02:06:15 Link L1_1 setting changed to   0.00 by Control 1
   01/01/1988: 02:06:15 Link L2_1 setting changed to   0.00 by Control 2
   01/01/1988: 02:06:21 Link L1_1 setting changed to   0.00 by Control 1
   01/01/1988: 02:06:21 Link L2_1 setting changed to   0.00 by Control 2
   01/01/1988: 02:06:27 Link L1_1 setting changed to   0.00 by Control 1
   01/01/1988: 02:06:27 Link L2_1 setting changed to   0.00 by Control 2
   01/01/1988: 02:06:34 Link L1_1 setting changed to   0.00 by Control 1
   01/01/1988: 02:06:34 Link L2_1 setting changed to   0.00 by Control 2
   01/01/1988: 02:06:40 Link L1_1 setting changed to   0.00 by Control 1
   01/01/1988: 02:06:40 Link L2_1 setting changed to   0.00 by Control 2
   01/01/1988: 02:06:46 Link L1_1 setting changed to   0.00 by Control 1
   01/01/1988: 02:06:46 Link L2_1 setting changed to   0.00 by Control 2
   01/01/1988: 02:06:53 Link L1_1 setting changed to   0.00 by Control 1
   01/01/1988: 02:06:53 Link L2_1 setting changed to   0.00 by Control 2
   01/01/1988: 02:06:59 Link L1_1 setting changed to   0.00 by Control 1
   01/01/1988: 02:06:59 Link L2_1 setting changed to   0.00 by Control 2
   01/01/1988: 02:07:05 Link L1_1 setting changed to   0.00 by Control 1
   01/01/1988: 02:07:05 Link L2_1 setting changed to   0.00 by Control 2
   01/01/1988: 02:07:12 Link L1_1 setting changed to   0.00 by Control 1
   01/01/1988: 02:07:12 Link L2_1 setting changed to   0.00 by Control 2
   01/01/1988: 02:07:18 Link L1_1 setting changed to   0.00 by Control 1
   01/01/1988: 02:07:18 Link L2_1 setting changed to   0.00 by Control 2
   01/01/1988: 02:07:24 Link L1_1 setting changed to   0.00 by Control 1
   01/01/1988: 02:07:24 Link L2_1 setting changed to   0.00 by Control 2
   01/01/1988: 02:07:31 Link L1_1 setting changed to   0.00 by Control 1
   01/01/1988: 02:07:31 Link L2_1 setting changed to   0.00 by Control 2
   01/01/1988: 02:07:37 Link L1_1 setting changed to   0.00 by Control 1
   01/01/1988: 02:07:37 Link L2_1 setting changed to   0.00 by Control 2
   01/01/1988: 02:07:43 Link L1_1 setting changed to   0.00 by Control 1
   01/01/1988: 02:07:43 Link L2_1 setting changed to   0.00 by Control 2
   01/01/1988: 02:07:49 Link L1_1 setting changed to   0.00 by Control 1
   01/01/1988: 02:07:49 Link L2_1 setting changed to   0.00 by Control 2
   01/01/1988: 02:07:56 Link L1_1 setting changed to   0.00 by Control 1
   01/01/1988: 02:07:56 Link L2_1 setting changed to   0.00 by Control 2
   01/01/1988: 02:08:02 Link L1_1 setting changed to   0.00 by Control 1
   01/01/1988: 02:08:02 Link L2_1 setting changed to   0.00 by Control 2
   01/01/1988: 02:08:08 Link L1_1 setting changed to   0.00 by Control 1
   01/01/1988: 02:08:08 Link L2_1 setting changed to   0.00 by Control 2
   01/01/1988: 02:08:15 Link L1_1 setting changed to   0.00 by Control 1
   01/01/1988: 02:08:15 Link L2_1 setting changed to   0.00 by Control 2
   01/01/1988: 02:08:21 Link L1_1 setting changed to   0.00 by Control 1
   01/01/1988: 02:08:21 Link L2_1 setting changed to   0.00 by Control 2
   01/01/1988: 02:08:27 Link L1_1 setting changed to   0.00 by Control 1
   01/01/1988: 02:08:27 Link L2_1 setting changed to   0.00 by Control 2
   01/01/1988: 02:08:34 Link L1_1 setting changed to   0.00 by Control 1
   01/01/1988: 02:08:34 Link L2_1 setting changed to   0.00 by Control 2
   01/01/1988: 02:08:40 Link L1_1 setting changed to   0.00 by Control 1
   01/01/1988: 02:08:40 Link L2_1 setting changed to   0.00 by Control 2
   01/01/1988: 02:08:46 Link L1_1 setting changed to   0.00 by Control 1
   01/01/1988: 02:08:46 Link L2_1 setting changed to   0.00 by Control 2
   01/01/1988: 02:08:53 Link L1_1 setting changed to   0.00 by Control 1
   01/01/1988: 02:08:53 Link L2_1 setting changed to   0.00 by Control 2
   01/01/1988: 02:08:59 Link L1_1 setting changed to   0.00 by Control 1
   01/01/1988: 02:08:59 Link L2_1 setting changed to   0.00 by Control 2
   01/01/1988: 02:09:05 Link L1_1 setting changed to   0.00 by Control 1
   01/01/1988: 02:09:05 Link L2_1 setting changed to   0.00 by Control 2
   01/01/1988: 02:09:12 Link L1_1 setting changed to   0.00 by Control 1
   01/01/1988: 02:09:12 Link L2_1 setting changed to   0.00 by Control 2
   01/01/1988: 02:09:18 Link L1_1 setting changed to   0.00 by Control 1
   01/01/1988: 02:09:18 Link L2_1 setting changed to   0.00 by Control 2
   01/01/1988: 02:09:24 Link L1_1 setting changed to   0.00 by Control 1
   01/01/1988: 02:09:24 Link L2_1 setting changed to   0.00 by Control 2
   01/01/1988: 02:09:31 Link L1_1 setting changed to   0.00 by Control 1
   01/01/1988: 02:09:31 Link L2_1 setting changed to   0.00 by Control 2
   01/01/1988: 02:09:37 Link L1_1 setting changed to   0.00 by Control 1
   01/01/1988: 02:09:37 Link L2_1 setting changed to   0.00 by Control 2
   01/01/1988: 02:09:43 Link L1_1 setting changed to   0.00 by Control 1
   01/01/1988: 02:09:43 Link L2_1 setting changed to   0.00 by Control 2
   01/01/1988: 02:09:50 Link L1_1 setting changed to   0.00 by Control 1
   01/01/1988: 02:09:50 Link L2_1 setting changed to   0.00 by Control 2
   01/01/1988: 02:09:56 Link L1_1 setting changed to   0.00 by Control 1
   01/01/1988: 02:09:56 Link L2_1 setting changed to   0.00 by Control 2
   01/01/1988: 02:10:02 Link L1_1 setting changed to   0.00 by Control 1
   01/01/1988: 02:10:02 Link L2_1 setting changed to   0.00 by Control 2
   01/01/1988: 02:10:09 Link L1_1 setting changed to   0.00 by Control 1
   01/01/1988: 02:10:09 Link L2_1 setting changed to   0.00 by Control 2
   01/01/1988: 02:10:15 Link L1_1 setting changed to   0.00 by Control 1
   01/01/1988: 02:10:15 Link L2_1 setting changed to   0.00 by Control 2
   01/01/1988: 02:10:21 Link L1_1 setting changed to   0.00 by Control 1
   01/01/1988: 02:10:21 Link L2_1 setting changed to   0.00 by Control 2
   01/01/1988: 02:10:28 Link L1_1 setting changed to   0.00 by Control 1
   01/01/1988: 02:10:28 Link L2_1 setting changed to   0.00 by Control 2
   01/01/1988: 02:10:34 Link L1_1 setting changed to   0.00 by Control 1
   01/01/1988: 02:10:34 Link L2_1 setting changed to   0.00 by Control 2
   01/01/1988: 02:10:40 Link L1_1 setting changed to   0.00 by Control 1
   01/01/1988: 02:10:40 Link L2_1 setting changed to   0.00 by Control 2
   01/01/1988: 02:10:47 Link L1_1 setting changed to   0.00 by Control 1
   01/01/1988: 02:10:47 Link L2_1 setting changed to   0.00 by Control 2
   01/01/1988: 02:10:53 Link L1_1 setting changed to   0.00 by Control 1
   01/01/1988: 02:10:53 Link L2_1 setting changed to   0.00 by Control 2
   01/01/1988: 02:10:59 Link L1_1 setting changed to   0.00 by Control 1
   01/01/1988: 02:10:59 Link L2_1 setting changed to   0.00 by Control 2
   01/01/1988: 02:11:06 Link L1_1 setting changed to   0.00 by Control 1
   01/01/1988: 02:11:06 Link L2_1 setting changed to   0.00 by Control 2
   01/01/1988: 02:11:12 Link L1_1 setting changed to   0.00 by Control 1
   01/01/1988: 02:11:12 Link L2_1 setting changed to   0.00 by Control 2
   01/01/1988: 02:11:18 Link L1_1 setting changed to   0.00 by Control 1
   01/01/1988: 02:11:18 Link L2_1 setting changed to   0.00 by Control 2
   01/01/1988: 02:11:25 Link L1_1 setting changed to   0.00 by Control 1
   01/01/1988: 02:11:25 Link L2_1 setting changed to   0.00 by Control 2
   01/01/1988: 02:11:31 Link L1_1 setting changed to   0.00 by Control 1
   01/01/1988: 02:11:31 Link L2_1 setting changed to   0.00 by Control 2
   01/01/1988: 02:11:37 Link L1_1 setting changed to   0.00 by Control 1
   01/01/1988: 02:11:37 Link L2_1 setting changed to   0.00 by Control 2
   01/01/1988: 02:11:44 Link L1_1 setting changed to   0.00 by Control 1
   01/01/1988: 02:11:44 Link L2_1 setting changed to   0.00 by Control 2
   01/01/1988: 02:11:50 Link L1_1 setting changed to   0.00 by Control 1
   01/01/1988: 02:11:50 Link L2_1 setting changed to   0.00 by Control 2
   01/01/1988: 02:11:56 Link L1_1 setting changed to   0.00 by Control 1
   01/01/1988: 02:11:56 Link L2_1 setting changed to   0.00 by Control 2
   01/01/1988: 02:12:03 Link L1_1 setting changed to   0.00 by Control 1
   01/01/1988: 02:12:03 Link L2_1 setting changed to   0.00 by Control 2
   01/01/1988: 02:12:09 Link L1_1 setting changed to   0.00 by Control 1
   01/01/1988: 02:12:09 Link L2_1 setting changed to   0.00 by Control 2
   01/01/1988: 02:12:15 Link L1_1 setting changed to   0.00 by Control 1
   01/01/1988: 02:12:15 Link L2_1 setting changed to   0.00 by Control 2
   01/01/1988: 02:12:22 Link L1_1 setting changed to   0.00 by Control 1
   01/01/1988: 02:12:22 Link L2_1 setting changed to   0.00 by Control 2
   01/01/1988: 02:12:28 Link L1_1 setting changed to   0.00 by Control 1
   01/01/1988: 02:12:28 Link L2_1 setting changed to   0.00 by Control 2
   01/01/1988: 02:12:34 Link L1_1 setting changed to   0.00 by Control 1
   01/01/1988: 02:12:34 Link L2_1 setting changed to   0.00 by Control 2
   01/01/1988: 02:12:41 Link L1_1 setting changed to   0.00 by Control 1
   01/01/1988: 02:12:41 Link L2_1 setting changed to   0.00 by Control 2
   01/01/1988: 02:12:47 Link L1_1 setting changed to   0.00 by Control 1
   01/01/1988: 02:12:47 Link L2_1 setting changed to   0.00 by Control 2
   01/01/1988: 02:12:53 Link L1_1 setting changed to   0.00 by Control 1
   01/01/1988: 02:12:53 Link L2_1 setting changed to   0.00 by Control 2
   01/01/1988: 02:13:00 Link L1_1 setting changed to   0.00 by Control 1
   01/01/1988: 02:13:00 Link L2_1 setting changed to   0.00 by Control 2
   01/01/1988: 02:13:06 Link L1_1 setting changed to   0.00 by Control 1
   01/01/1988: 02:13:06 Link L2_1 setting changed to   0.00 by Control 2
   01/01/1988: 02:13:12 Link L1_1 setting changed to   0.00 by Control 1
   01/01/1988: 02:13:12 Link L2_1 setting changed to   0.00 by Control 2
   01/01/1988: 02:13:19 Link L1_1 setting changed to   0.00 by Control 1
   01/01/1988: 02:13:19 Link L2_1 setting changed to   0.00 by Control 2
   01/01/1988: 02:13:25 Link L1_1 setting changed to   0.00 by Control 1
   01/01/1988: 02:13:25 Link L2_1 setting changed to   0.00 by Control 2
   01/01/1988: 02:13:31 Link L1_1 setting changed to   0.00 by Control 1
   01/01/1988: 02:13:31 Link L2_1 setting changed to   0.00 by Control 2
   01/01/1988: 02:13:38 Link L1_1 setting changed to   0.00 by Control 1
   01/01/1988: 02:13:38 Link L2_1 setting changed to   0.00 by Control 2
   01/01/1988: 02:13:44 Link L1_1 setting changed to   0.00 by Control 1
   01/01/1988: 02:13:44 Link L2_1 setting changed to   0.00 by Control 2
   01/01/1988: 02:13:50 Link L1_1 setting changed to   0.00 by Control 1
   01/01/1988: 02:13:50 Link L2_1 setting changed to   0.00 by Control 2
   01/01/1988: 02:13:57 Link L1_1 setting changed to   0.00 by Control 1
   01/01/1988: 02:13:57 Link L2_1 setting changed to   0.00 by Control 2
   01/01/1988: 02:14:03 Link L1_1 setting changed to   0.00 by Control 1
   01/01/1988: 02:14:03 Link L2_1 setting changed to   0.00 by Control 2
   01/01/1988: 02:14:09 Link L1_1 setting changed to   0.00 by Control 1
   01/01/1988: 02:14:09 Link L2_1 setting changed to   0.00 by Control 2
   01/01/1988: 02:14:16 Link L1_1 setting changed to   0.00 by Control 1
   01/01/1988: 02:14:16 Link L2_1 setting changed to   0.00 by Control 2
   01/01/1988: 02:14:22 Link L1_1 setting changed to   0.00 by Control 1
   01/01/1988: 02:14:22 Link L2_1 setting changed to   0.00 by Control 2
   01/01/1988: 02:14:28 Link L1_1 setting changed to   0.00 by Control 1
   01/01/1988: 02:14:28 Link L2_1 setting changed to   0.00 by Control 2
   01/01/1988: 02:14:35 Link L1_1 setting changed to   0.00 by Control 1
   01/01/1988: 02:14:35 Link L2_1 setting changed to   0.00 by Control 2
   01/01/1988: 02:14:41 Link L1_1 setting changed to   0.00 by Control 1
   01/01/1988: 02:14:41 Link L2_1 setting changed to   0.00 by Control 2
   01/01/1988: 02:14:47 Link L1_1 setting changed to   0.00 by Control 1
   01/01/1988: 02:14:47 Link L2_1 setting changed to   0.00 by Control 2
   01/01/1988: 02:14:54 Link L1_1 setting changed to   0.00 by Control 1
   01/01/1988: 02:14:54 Link L2_1 setting changed to   0.00 by Control 2
   01/01/1988: 02:15:00 Link L1_1 setting changed to   0.00 by Control 1
   01/01/1988: 02:15:00 Link L2_1 setting changed to   0.00 by Control 2
   01/01/1988: 02:15:06 Link L1_1 setting changed to   0.00 by Control 1
   01/01/1988: 02:15:06 Link L2_1 setting changed to   0.00 by Control 2
   01/01/1988: 02:15:13 Link L1_1 setting changed to   0.00 by Control 1
   01/01/1988: 02:15:13 Link L2_1 setting changed to   0.00 by Control 2
   01/01/1988: 02:15:19 Link L1_1 setting changed to   0.00 by Control 1
   01/01/1988: 02:15:19 Link L2_1 setting changed to   0.00 by Control 2
   01/01/1988: 02:15:25 Link L1_1 setting changed to   0.00 by Control 1
   01/01/1988: 02:15:25 Link L2_1 setting changed to   0.00 by Control 2
   01/01/1988: 02:15:32 Link L1_1 setting changed to   0.00 by Control 1
   01/01/1988: 02:15:32 Link L2_1 setting changed to   0.00 by Control 2
   01/01/1988: 02:15:38 Link L1_1 setting changed to   0.00 by Control 1
   01/01/1988: 02:15:38 Link L2_1 setting changed to   0.00 by Control 2
   01/01/1988: 02:15:44 Link L1_1 setting changed to   0.00 by Control 1
   01/01/1988: 02:15:44 Link L2_1 setting changed to   0.00 by Control 2
   01/01/1988: 02:15:51 Link L1_1 setting changed to   0.00 by Control 1
   01/01/1988: 02:15:51 Link L2_1 setting changed to   0.00 by Control 2
   01/01/1988: 02:15:57 Link L1_1 setting changed to   0.00 by Control 1
   01/01/1988: 02:15:57 Link L2_1 setting changed to   0.00 by Control 2
   01/01/1988: 02:16:03 Link L1_1 setting changed to   0.00 by Control 1
   01/01/1988: 02:16:03 Link L2_1 setting changed to   0.00 by Control 2
   01/01/1988: 02:16:10 Link L1_1 setting changed to   0.00 by Control 1
   01/01/1988: 02:16:10 Link L2_1 setting changed to   0.00 by Control 2
   01/01/1988: 02:16:16 Link L1_1 setting changed to   0.00 by Control 1
   01/01/1988: 02:16:16 Link L2_1 setting changed to   0.00 by Control 2
   01/01/1988: 02:16:22 Link L1_1 setting changed to   0.00 by Control 1
   01/01/1988: 02:16:22 Link L2_1 setting changed to   0.00 by Control 2
   01/01/1988: 02:16:29 Link L1_1 setting changed to   0.00 by Control 1
   01/01/1988: 02:16:29 Link L2_1 setting changed to   0.00 by Control 2
   01/01/1988: 02:16:35 Link L1_1 setting changed to   0.00 by Control 1
   01/01/1988: 02:16:35 Link L2_1 setting changed to   0.00 by Control 2
   01/01/1988: 02:16:41 Link L1_1 setting changed to   0.00 by Control 1
   01/01/1988: 02:16:41 Link L2_1 setting changed to   0.00 by Control 2
   01/01/1988: 02:16:48 Link L1_1 setting changed to   0.00 by Control 1
   01/01/1988: 02:16:48 Link L2_1 setting changed to   0.00 by Control 2
   01/01/1988: 02:16:54 Link L1_1 setting changed to   0.00 by Control 1
   01/01/1988: 02:16:54 Link L2_1 setting changed to   0.00 by Control 2
   01/01/1988: 02:17:00 Link L1_1 setting changed to   0.00 by Control 1
   01/01/1988: 02:17:00 Link L2_1 setting changed to   0.00 by Control 2
   01/01/1988: 02:17:07 Link L1_1 setting changed to   0.00 by Control 1
   01/01/1988: 02:17:07 Link L2_1 setting changed to   0.00 by Control 2
   01/01/1988: 02:17:13 Link L1_1 setting changed to   0.00 by Control 1
   01/01/1988: 02:17:13 Link L2_1 setting changed to   0.00 by Control 2
   01/01/1988: 02:17:19 Link L1_1 setting changed to   0.00 by Control 1
   01/01/1988: 02:17:19 Link L2_1 setting changed to   0.00 by Control 2
   01/01/1988: 02:17:26 Link L1_1 setting changed to   0.00 by Control 1
   01/01/1988: 02:17:26 Link L2_1 setting changed to   0.00 by Control 2
   01/01/1988: 02:17:32 Link L1_1 setting changed to   0.00 by Control 1
   01/01/1988: 02:17:32 Link L2_1 setting changed to   0.00 by Control 2
   01/01/1988: 02:17:38 Link L1_1 setting changed to   0.00 by Control 1
   01/01/1988: 02:17:38 Link L2_1 setting changed to   0.00 by Control 2
   01/01/1988: 02:17:45 Link L1_1 setting changed to   0.00 by Control 1
   01/01/1988: 02:17:45 Link L2_1 setting changed to   0.00 by Control 2
   01/01/1988: 02:17:51 Link L1_1 setting changed to   0.00 by Control 1
   01/01/1988: 02:17:51 Link L2_1 setting changed to   0.00 by Control 2
   01/01/1988: 02:17:57 Link L1_1 setting changed to   0.00 by Control 1
   01/01/1988: 02:17:57 Link L2_1 setting changed to   0.00 by Control 2
   01/01/1988: 02:18:04 Link L1_1 setting changed to   0.00 by Control 1
   01/01/1988: 02:18:04 Link L2_1 setting changed to   0.00 by Control 2
   01/01/1988: 02:18:10 Link L1_1 setting changed to   0.00 by Control 1
   01/01/1988: 02:18:10 Link L2_1 setting changed to   0.00 by Control 2
   01/01/1988: 02:18:16 Link L1_1 setting changed to   0.00 by Control 1
   01/01/1988: 02:18:16 Link L2_1 setting changed to   0.00 by Control 2
   01/01/1988: 02:18:23 Link L1_1 setting changed to   0.00 by Control 1
   01/01/1988: 02:18:23 Link L2_1 setting changed to   0.00 by Control 2
   01/01/1988: 02:18:29 Link L1_1 setting changed to   0.00 by Control 1
   01/01/1988: 02:18:29 Link L2_1 setting changed to   0.00 by Control 2
   01/01/1988: 02:18:35 Link L1_1 setting changed to   0.00 by Control 1
   01/01/1988: 02:18:35 Link L2_1 setting changed to   0.00 by Control 2
   01/01/1988: 02:18:42 Link L1_1 setting changed to   0.00 by Control 1
   01/01/1988: 02:18:42 Link L2_1 setting changed to   0.00 by Control 2
   01/01/1988: 02:18:48 Link L1_1 setting changed to   0.00 by Control 1
   01/01/1988: 02:18:48 Link L2_1 setting changed to   0.00 by Control 2
   01/01/1988: 02:18:54 Link L1_1 setting changed to   0.00 by Control 1
   01/01/1988: 02:18:54 Link L2_1 setting changed to   0.00 by Control 2
   01/01/1988: 02:19:01 Link L1_1 setting changed to   0.00 by Control 1
   01/01/1988: 02:19:01 Link L2_1 setting changed to   0.00 by Control 2
   01/01/1988: 02:19:07 Link L1_1 setting changed to   0.00 by Control 1
   01/01/1988: 02:19:07 Link L2_1 setting changed to   0.00 by Control 2
   01/01/1988: 02:19:13 Link L1_1 setting changed to   0.00 by Control 1
   01/01/1988: 02:19:13 Link L2_1 setting changed to   0.00 by Control 2
   01/01/1988: 02:19:20 Link L1_1 setting changed to   0.00 by Control 1
   01/01/1988: 02:19:20 Link L2_1 setting changed to   0.00 by Control 2
   01/01/1988: 02:19:26 Link L1_1 setting changed to   0.00 by Control 1
   01/01/1988: 02:19:26 Link L2_1 setting changed to   0.00 by Control 2
   01/01/1988: 02:19:32 Link L1_1 setting changed to   0.00 by Control 1
   01/01/1988: 02:19:32 Link L2_1 setting changed to   0.00 by Control 2
   01/01/1988: 02:19:39 Link L1_1 setting changed to   0.00 by Control 1
   01/01/1988: 02:19:39 Link L2_1 setting changed to   0.00 by Control 2
   01/01/1988: 02:19:45 Link L1_1 setting changed to   0.00 by Control 1
   01/01/1988: 02:19:45 Link L2_1 setting changed to   0.00 by Control 2
   01/01/1988: 02:19:51 Link L1_1 setting changed to   0.00 by Control 1
   01/01/1988: 02:19:51 Link L2_1 setting changed to   0.00 by Control 2
   01/01/1988: 02:19:58 Link L1_1 setting changed to   0.00 by Control 1
   01/01/1988: 02:19:58 Link L2_1 setting changed to   0.00 by Control 2
   01/01/1988: 02:20:04 Link L1_1 setting changed to   0.00 by Control 1
   01/01/1988: 02:20:04 Link L2_1 setting changed to   0.00 by Control 2
   01/01/1988: 02:20:10 Link L1_1 setting changed to   0.00 by Control 1
   01/01/1988: 02:20:10 Link L2_1 setting changed to   0.00 by Control 2
   01/01/1988: 02:20:17 Link L1_1 setting changed to   0.00 by Control 1
   01/01/1988: 02:20:17 Link L2_1 setting changed to   0.00 by Control 2
   01/01/1988: 02:20:23 Link L1_1 setting changed to   0.00 by Control 1
   01/01/1988: 02:20:23 Link L2_1 setting changed to   0.00 by Control 2
   01/01/1988: 02:20:30 Link L1_1 setting changed to   0.00 by Control 1
   01/01/1988: 02:20:30 Link L2_1 setting changed to   0.00 by Control 2
   01/01/1988: 02:20:36 Link L1_1 setting changed to   0.00 by Control 1
   01/01/1988: 02:20:36 Link L2_1 setting changed to   0.00 by Control 2
   01/01/1988: 02:20:42 Link L1_1 setting changed to   0.00 by Control 1
   01/01/1988: 02:20:42 Link L2_1 setting changed to   0.00 by Control 2
   01/01/1988: 02:20:49 Link L1_1 setting changed to   0.00 by Control 1
   01/01/1988: 02:20:49 Link L2_1 setting changed to   0.00 by Control 2
   01/01/1988: 02:20:55 Link L1_1 setting changed to   0.00 by Control 1
   01/01/1988: 02:20:55 Link L2_1 setting changed to   0.00 by Control 2
   01/01/1988: 02:21:01 Link L1_1 setting changed to   0.00 by Control 1
   01/01/1988: 02:21:01 Link L2_1 setting changed to   0.00 by Control 2
   01/01/1988: 02:21:08 Link L1_1 setting changed to   0.00 by Control 1
   01/01/1988: 02:21:08 Link L2_1 setting changed to   0.00 by Control 2
   01/01/1988: 02:21:14 Link L1_1 setting changed to   0.00 by Control 1
   01/01/1988: 02:21:14 Link L2_1 setting changed to   0.00 by Control 2
   01/01/1988: 02:21:20 Link L1_1 setting changed to   0.00 by Control 1
   01/01/1988: 02:21:20 Link L2_1 setting changed to   0.00 by Control 2
   01/01/1988: 02:21:27 Link L1_1 setting changed to   0.00 by Control 1
   01/01/1988: 02:21:27 Link L2_1 setting changed to   0.00 by Control 2
   01/01/1988: 02:21:33 Link L1_1 setting changed to   0.00 by Control 1
   01/01/1988: 02:21:33 Link L2_1 setting changed to   0.00 by Control 2
   01/01/1988: 02:21:39 Link L1_1 setting changed to   0.00 by Control 1
   01/01/1988: 02:21:39 Link L2_1 setting changed to   0.00 by Control 2
   01/01/1988: 02:21:46 Link L1_1 setting changed to   0.00 by Control 1
   01/01/1988: 02:21:46 Link L2_1 setting changed to   0.00 by Control 2
   01/01/1988: 02:21:52 Link L1_1 setting changed to   0.00 by Control 1
   01/01/1988: 02:21:52 Link L2_1 setting changed to   0.00 by Control 2
   01/01/1988: 02:21:58 Link L1_1 setting changed to   0.00 by Control 1
   01/01/1988: 02:21:58 Link L2_1 setting changed to   0.00 by Control 2
   01/01/1988: 02:22:05 Link L1_1 setting changed to   0.00 by Control 1
   01/01/1988: 02:22:05 Link L2_1 setting changed to   0.00 by Control 2
   01/01/1988: 02:22:11 Link L1_1 setting changed to   0.00 by Control 1
   01/01/1988: 02:22:11 Link L2_1 setting changed to   0.00 by Control 2
   01/01/1988: 02:22:17 Link L1_1 setting changed to   0.00 by Control 1
   01/01/1988: 02:22:17 Link L2_1 setting changed to   0.00 by Control 2
   01/01/1988: 02:22:24 Link L1_1 setting changed to   0.00 by Control 1
   01/01/1988: 02:22:24 Link L2_1 setting changed to   0.00 by Control 2
   01/01/1988: 02:22:30 Link L1_1 setting changed to   0.00 by Control 1
   01/01/1988: 02:22:30 Link L2_1 setting changed to   0.00 by Control 2
   01/01/1988: 02:22:36 Link L1_1 setting changed to   0.00 by Control 1
   01/01/1988: 02:22:36 Link L2_1 setting changed to   0.00 by Control 2
   01/01/1988: 02:22:43 Link L1_1 setting changed to   0.00 by Control 1
   01/01/1988: 02:22:43 Link L2_1 setting changed to   0.00 by Control 2
   01/01/1988: 02:22:49 Link L1_1 setting changed to   0.00 by Control 1
   01/01/1988: 02:22:49 Link L2_1 setting changed to   0.00 by Control 2
   01/01/1988: 02:22:55 Link L1_1 setting changed to   0.00 by Control 1
   01/01/1988: 02:22:55 Link L2_1 setting changed to   0.00 by Control 2
   01/01/1988: 02:23:02 Link L1_1 setting changed to   0.00 by Control 1
   01/01/1988: 02:23:02 Link L2_1 setting changed to   0.00 by Control 2
   01/01/1988: 02:23:08 Link L1_1 setting changed to   0.00 by Control 1
   01/01/1988: 02:23:08 Link L2_1 setting changed to   0.00 by Control 2
   01/01/1988: 02:23:14 Link L1_1 setting changed to   0.00 by Control 1
   01/01/1988: 02:23:14 Link L2_1 setting changed to   0.00 by Control 2
   01/01/1988: 02:23:21 Link L1_1 setting changed to   0.00 by Control 1
   01/01/1988: 02:23:21 Link L2_1 setting changed to   0.00 by Control 2
   01/01/1988: 02:23:27 Link L1_1 setting changed to   0.00 by Control 1
   01/01/1988: 02:23:27 Link L2_1 setting changed to   0.00 by Control 2
   01/01/1988: 02:23:34 Link L1_1 setting changed to   0.00 by Control 1
   01/01/1988: 02:23:34 Link L2_1 setting changed to   0.00 by Control 2
   01/01/1988: 02:23:40 Link L1_1 setting changed to   0.00 by Control 1
   01/01/1988: 02:23:40 Link L2_1 setting changed to   0.00 by Control 2
   01/01/1988: 02:23:46 Link L1_1 setting changed to   0.00 by Control 1
   01/01/1988: 02:23:46 Link L2_1 setting changed to   0.00 by Control 2
   01/01/1988: 02:23:53 Link L1_1 setting changed to   0.00 by Control 1
   01/01/1988: 02:23:53 Link L2_1 setting changed to   0.00 by Control 2
   01/01/1988: 02:23:59 Link L1_1 setting changed to   0.00 by Control 1
   01/01/1988: 02:23:59 Link L2_1 setting changed to   0.00 by Control 2
   01/01/1988: 02:24:05 Link L1_1 setting changed to   0.00 by Control 1
   01/01/1988: 02:24:05 Link L2_1 setting changed to   0.00 by Control 2
   01/01/1988: 02:24:12 Link L1_1 setting changed to   0.00 by Control 1
   01/01/1988: 02:24:12 Link L2_1 setting changed to   0.00 by Control 2
   01/01/1988: 02:24:18 Link L1_1 setting changed to   0.00 by Control 1
   01/01/1988: 02:24:18 Link L2_1 setting changed to   0.00 by Control 2
   01/01/1988: 02:24:24 Link L1_1 setting changed to   0.00 by Control 1
   01/01/1988: 02:24:24 Link L2_1 setting changed to   0.00 by Control 2
   01/01/1988: 02:24:31 Link L1_1 setting changed to   0.00 by Control 1
   01/01/1988: 02:24:31 Link L2_1 setting changed to   0.00 by Control 2
   01/01/1988: 02:24:37 Link L1_1 setting changed to   0.00 by Control 1
   01/01/1988: 02:24:37 Link L2_1 setting changed to   0.00 by Control 2
   01/01/1988: 02:24:43 Link L1_1 setting changed to   0.00 by Control 1
   01/01/1988: 02:24:43 Link L2_1 setting changed to   0.00 by Control 2
   01/01/1988: 02:24:50 Link L1_1 setting changed to   0.00 by Control 1
   01/01/1988: 02:24:50 Link L2_1 setting changed to   0.00 by Control 2
   01/01/1988: 02:24:56 Link L1_1 setting changed to   0.00 by Control 1
   01/01/1988: 02:24:56 Link L2_1 setting changed to   0.00 by Control 2
   01/01/1988: 02:25:02 Link L1_1 setting changed to   0.00 by Control 1
   01/01/1988: 02:25:02 Link L2_1 setting changed to   0.00 by Control 2
   01/01/1988: 02:25:09 Link L1_1 setting changed to   0.00 by Control 1
   01/01/1988: 02:25:09 Link L2_1 setting changed to   0.00 by Control 2
   01/01/1988: 02:25:15 Link L1_1 setting changed to   0.00 by Control 1
   01/01/1988: 02:25:15 Link L2_1 setting changed to   0.00 by Control 2
   01/01/1988: 02:25:21 Link L1_1 setting changed to   0.00 by Control 1
   01/01/1988: 02:25:21 Link L2_1 setting changed to   0.00 by Control 2
   01/01/1988: 02:25:28 Link L1_1 setting changed to   0.00 by Control 1
   01/01/1988: 02:25:28 Link L2_1 setting changed to   0.00 by Control 2
   01/01/1988: 02:25:34 Link L1_1 setting changed to   0.00 by Control 1
   01/01/1988: 02:25:34 Link L2_1 setting changed to   0.00 by Control 2
   01/01/1988: 02:25:40 Link L1_1 setting changed to   0.00 by Control 1
   01/01/1988: 02:25:40 Link L2_1 setting changed to   0.00 by Control 2
   01/01/1988: 02:25:47 Link L1_1 setting changed to   0.00 by Control 1
   01/01/1988: 02:25:47 Link L2_1 setting changed to   0.00 by Control 2
   01/01/1988: 02:25:53 Link L1_1 setting changed to   0.00 by Control 1
   01/01/1988: 02:25:53 Link L2_1 setting changed to   0.00 by Control 2
   01/01/1988: 02:26:00 Link L1_1 setting changed to   0.00 by Control 1
   01/01/1988: 02:26:00 Link L2_1 setting changed to   0.00 by Control 2
   01/01/1988: 02:26:06 Link L1_1 setting changed to   0.00 by Control 1
   01/01/1988: 02:26:06 Link L2_1 setting changed to   0.00 by Control 2
   01/01/1988: 02:26:12 Link L1_1 setting changed to   0.00 by Control 1
   01/01/1988: 02:26:12 Link L2_1 setting changed to   0.00 by Control 2
   01/01/1988: 02:26:19 Link L1_1 setting changed to   0.00 by Control 1
   01/01/1988: 02:26:19 Link L2_1 setting changed to   0.00 by Control 2
   01/01/1988: 02:26:25 Link L1_1 setting changed to   0.00 by Control 1
   01/01/1988: 02:26:25 Link L2_1 setting changed to   0.00 by Control 2
   01/01/1988: 02:26:31 Link L1_1 setting changed to   0.00 by Control 1
   01/01/1988: 02:26:31 Link L2_1 setting changed to   0.00 by Control 2
   01/01/1988: 02:26:38 Link L1_1 setting changed to   0.00 by Control 1
   01/01/1988: 02:26:38 Link L2_1 setting changed to   0.00 by Control 2
   01/01/1988: 02:26:44 Link L1_1 setting changed to   0.00 by Control 1
   01/01/1988: 02:26:44 Link L2_1 setting changed to   0.00 by Control 2
   01/01/1988: 02:26:50 Link L1_1 setting changed to   0.00 by Control 1
   01/01/1988: 02:26:50 Link L2_1 setting changed to   0.00 by Control 2
   01/01/1988: 02:26:57 Link L1_1 setting changed to   0.00 by Control 1
   01/01/1988: 02:26:57 Link L2_1 setting changed to   0.00 by Control 2
   01/01/1988: 02:27:03 Link L1_1 setting changed to   0.00 by Control 1
   01/01/1988: 02:27:03 Link L2_1 setting changed to   0.00 by Control 2
   01/01/1988: 02:27:09 Link L1_1 setting changed to   0.00 by Control 1
   01/01/1988: 02:27:09 Link L2_1 setting changed to   0.00 by Control 2
   01/01/1988: 02:27:16 Link L1_1 setting changed to   0.00 by Control 1
   01/01/1988: 02:27:16 Link L2_1 setting changed to   0.00 by Control 2
   01/01/1988: 02:27:22 Link L1_1 setting changed to   0.00 by Control 1
   01/01/1988: 02:27:22 Link L2_1 setting changed to   0.00 by Control 2
   01/01/1988: 02:27:28 Link L1_1 setting changed to   0.00 by Control 1
   01/01/1988: 02:27:28 Link L2_1 setting changed to   0.00 by Control 2
   01/01/1988: 02:27:35 Link L1_1 setting changed to   0.00 by Control 1
   01/01/1988: 02:27:35 Link L2_1 setting changed to   0.00 by Control 2
   01/01/1988: 02:27:41 Link L1_1 setting changed to   0.00 by Control 1
   01/01/1988: 02:27:41 Link L2_1 setting changed to   0.00 by Control 2
   01/01/1988: 02:27:47 Link L1_1 setting changed to   0.00 by Control 1
   01/01/1988: 02:27:47 Link L2_1 setting changed to   0.00 by Control 2
   01/01/1988: 02:27:54 Link L1_1 setting changed to   0.00 by Control 1
   01/01/1988: 02:27:54 Link L2_1 setting changed to   0.00 by Control 2
   01/01/1988: 02:28:00 Link L1_1 setting changed to   0.00 by Control 1
   01/01/1988: 02:28:00 Link L2_1 setting changed to   0.00 by Control 2
   01/01/1988: 02:28:07 Link L1_1 setting changed to   0.00 by Control 1
   01/01/1988: 02:28:07 Link L2_1 setting changed to   0.00 by Control 2
   01/01/1988: 02:28:13 Link L1_1 setting changed to   0.00 by Control 1
   01/01/1988: 02:28:13 Link L2_1 setting changed to   0.00 by Control 2
   01/01/1988: 02:28:19 Link L1_1 setting changed to   0.00 by Control 1
   01/01/1988: 02:28:19 Link L2_1 setting changed to   0.00 by Control 2
   01/01/1988: 02:28:26 Link L1_1 setting changed to   0.00 by Control 1
   01/01/1988: 02:28:26 Link L2_1 setting changed to   0.00 by Control 2
   01/01/1988: 02:28:32 Link L1_1 setting changed to   0.00 by Control 1
   01/01/1988: 02:28:32 Link L2_1 setting changed to   0.00 by Control 2
   01/01/1988: 02:28:38 Link L1_1 setting changed to   0.00 by Control 1
   01/01/1988: 02:28:38 Link L2_1 setting changed to   0.00 by Control 2
   01/01/1988: 02:28:45 Link L1_1 setting changed to   0.00 by Control 1
   01/01/1988: 02:28:45 Link L2_1 setting changed to   0.00 by Control 2
   01/01/1988: 02:28:51 Link L1_1 setting changed to   0.00 by Control 1
   01/01/1988: 02:28:51 Link L2_1 setting changed to   0.00 by Control 2
   01/01/1988: 02:28:57 Link L1_1 setting changed to   0.00 by Control 1
   01/01/1988: 02:28:57 Link L2_1 setting changed to   0.00 by Control 2
   01/01/1988: 02:29:04 Link L1_1 setting changed to   0.00 by Control 1
   01/01/1988: 02:29:04 Link L2_1 setting changed to   0.00 by Control 2
   01/01/1988: 02:29:10 Link L1_1 setting changed to   0.00 by Control 1
   01/01/1988: 02:29:10 Link L2_1 setting changed to   0.00 by Control 2
   01/01/1988: 02:29:16 Link L1_1 setting changed to   0.00 by Control 1
   01/01/1988: 02:29:16 Link L2_1 setting changed to   0.00 by Control 2
   01/01/1988: 02:29:23 Link L1_1 setting changed to   0.00 by Control 1
   01/01/1988: 02:29:23 Link L2_1 setting changed to   0.00 by Control 2
   01/01/1988: 02:29:29 Link L1_1 setting changed to   0.00 by Control 1
   01/01/1988: 02:29:29 Link L2_1 setting changed to   0.00 by Control 2
   01/01/1988: 02:29:35 Link L1_1 setting changed to   0.00 by Control 1
   01/01/1988: 02:29:35 Link L2_1 setting changed to   0.00 by Control 2
   01/01/1988: 02:29:42 Link L1_1 setting changed to   0.00 by Control 1
   01/01/1988: 02:29:42 Link L2_1 setting changed to   0.00 by Control 2
   01/01/1988: 02:29:48 Link L1_1 setting changed to   0.00 by Control 1
   01/01/1988: 02:29:48 Link L2_1 setting changed to   0.00 by Control 2
   01/01/1988: 02:29:55 Link L1_1 setting changed to   0.00 by Control 1
   01/01/1988: 02:29:55 Link L2_1 setting changed to   0.00 by Control 2
   01/01/1988: 02:30:01 Link L1_1 setting changed to   0.00 by Control 1
   01/01/1988: 02:30:01 Link L2_1 setting changed to   0.00 by Control 2
   01/01/1988: 02:30:07 Link L1_1 setting changed to   0.00 by Control 1
   01/01/1988: 02:30:07 Link L2_1 setting changed to   0.00 by Control 2
   01/01/1988: 02:30:14 Link L1_1 setting changed to   0.00 by Control 1
   01/01/1988: 02:30:14 Link L2_1 setting changed to   0.00 by Control 2
   01/01/1988: 02:30:20 Link L1_1 setting changed to   0.00 by Control 1
   01/01/1988: 02:30:20 Link L2_1 setting changed to   0.00 by Control 2
   01/01/1988: 02:30:26 Link L1_1 setting changed to   0.00 by Control 1
   01/01/1988: 02:30:26 Link L2_1 setting changed to   0.00 by Control 2
   01/01/1988: 02:30:33 Link L1_1 setting changed to   0.00 by Control 1
   01/01/1988: 02:30:33 Link L2_1 setting changed to   0.00 by Control 2
   01/01/1988: 02:30:39 Link L1_1 setting changed to   0.00 by Control 1
   01/01/1988: 02:30:39 Link L2_1 setting changed to   0.00 by Control 2
   01/01/1988: 02:30:45 Link L1_1 setting changed to   0.00 by Control 1
   01/01/1988: 02:30:45 Link L2_1 setting changed to   0.00 by Control 2
   01/01/1988: 02:30:52 Link L1_1 setting changed to   0.00 by Control 1
   01/01/1988: 02:30:52 Link L2_1 setting changed to   0.00 by Control 2
   01/01/1988: 02:30:58 Link L1_1 setting changed to   0.00 by Control 1
   01/01/1988: 02:30:58 Link L2_1 setting changed to   0.00 by Control 2
   01/01/1988: 02:31:04 Link L1_1 setting changed to   0.00 by Control 1
   01/01/1988: 02:31:04 Link L2_1 setting changed to   0.00 by Control 2
   01/01/1988: 02:31:11 Link L1_1 setting changed to   0.00 by Control 1
   01/01/1988: 02:31:11 Link L2_1 setting changed to   0.00 by Control 2
   01/01/1988: 02:31:17 Link L1_1 setting changed to   0.00 by Control 1
   01/01/1988: 02:31:17 Link L2_1 setting changed to   0.00 by Control 2
   01/01/1988: 02:31:23 Link L1_1 setting changed to   0.00 by Control 1
   01/01/1988: 02:31:23 Link L2_1 setting changed to   0.00 by Control 2
   01/01/1988: 02:31:30 Link L1_1 setting changed to   0.00 by Control 1
   01/01/1988: 02:31:30 Link L2_1 setting changed to   0.00 by Control 2
   01/01/1988: 02:31:36 Link L1_1 setting changed to   0.00 by Control 1
   01/01/1988: 02:31:36 Link L2_1 setting changed to   0.00 by Control 2
   01/01/1988: 02:31:43 Link L1_1 setting changed to   0.00 by Control 1
   01/01/1988: 02:31:43 Link L2_1 setting changed to   0.00 by Control 2
   01/01/1988: 02:31:49 Link L1_1 setting changed to   0.00 by Control 1
   01/01/1988: 02:31:49 Link L2_1 setting changed to   0.00 by Control 2
   01/01/1988: 02:31:55 Link L1_1 setting changed to   0.00 by Control 1
   01/01/1988: 02:31:55 Link L2_1 setting changed to   0.00 by Control 2
   01/01/1988: 02:32:02 Link L1_1 setting changed to   0.00 by Control 1
   01/01/1988: 02:32:02 Link L2_1 setting changed to   0.00 by Control 2
   01/01/1988: 02:32:08 Link L1_1 setting changed to   0.00 by Control 1
   01/01/1988: 02:32:08 Link L2_1 setting changed to   0.00 by Control 2
   01/01/1988: 02:32:14 Link L1_1 setting changed to   0.00 by Control 1
   01/01/1988: 02:32:14 Link L2_1 setting changed to   0.00 by Control 2
   01/01/1988: 02:32:21 Link L1_1 setting changed to   0.00 by Control 1
   01/01/1988: 02:32:21 Link L2_1 setting changed to   0.00 by Control 2
   01/01/1988: 02:32:27 Link L1_1 setting changed to   0.00 by Control 1
   01/01/1988: 02:32:27 Link L2_1 setting changed to   0.00 by Control 2
   01/01/1988: 02:32:33 Link L1_1 setting changed to   0.00 by Control 1
   01/01/1988: 02:32:33 Link L2_1 setting changed to   0.00 by Control 2
   01/01/1988: 02:32:40 Link L1_1 setting changed to   0.00 by Control 1
   01/01/1988: 02:32:40 Link L2_1 setting changed to   0.00 by Control 2
   01/01/1988: 02:32:46 Link L1_1 setting changed to   0.00 by Control 1
   01/01/1988: 02:32:46 Link L2_1 setting changed to   0.00 by Control 2
   01/01/1988: 02:32:52 Link L1_1 setting changed to   0.00 by Control 1
   01/01/1988: 02:32:52 Link L2_1 setting changed to   0.00 by Control 2
   01/01/1988: 02:32:59 Link L1_1 setting changed to   0.00 by Control 1
   01/01/1988: 02:32:59 Link L2_1 setting changed to   0.00 by Control 2
   01/01/1988: 02:33:05 Link L1_1 setting changed to   0.00 by Control 1
   01/01/1988: 02:33:05 Link L2_1 setting changed to   0.00 by Control 2
   01/01/1988: 02:33:11 Link L1_1 setting changed to   0.00 by Control 1
   01/01/1988: 02:33:11 Link L2_1 setting changed to   0.00 by Control 2
   01/01/1988: 02:33:18 Link L1_1 setting changed to   0.00 by Control 1
   01/01/1988: 02:33:18 Link L2_1 setting changed to   0.00 by Control 2
   01/01/1988: 02:33:24 Link L1_1 setting changed to   0.00 by Control 1
   01/01/1988: 02:33:24 Link L2_1 setting changed to   0.00 by Control 2
   01/01/1988: 02:33:31 Link L1_1 setting changed to   0.00 by Control 1
   01/01/1988: 02:33:31 Link L2_1 setting changed to   0.00 by Control 2
   01/01/1988: 02:33:37 Link L1_1 setting changed to   0.00 by Control 1
   01/01/1988: 02:33:37 Link L2_1 setting changed to   0.00 by Control 2
   01/01/1988: 02:33:43 Link L1_1 setting changed to   0.00 by Control 1
   01/01/1988: 02:33:43 Link L2_1 setting changed to   0.00 by Control 2
   01/01/1988: 02:33:50 Link L1_1 setting changed to   0.00 by Control 1
   01/01/1988: 02:33:50 Link L2_1 setting changed to   0.00 by Control 2
   01/01/1988: 02:33:56 Link L1_1 setting changed to   0.00 by Control 1
   01/01/1988: 02:33:56 Link L2_1 setting changed to   0.00 by Control 2
   01/01/1988: 02:34:02 Link L1_1 setting changed to   0.00 by Control 1
   01/01/1988: 02:34:02 Link L2_1 setting changed to   0.00 by Control 2
   01/01/1988: 02:34:09 Link L1_1 setting changed to   0.00 by Control 1
   01/01/1988: 02:34:09 Link L2_1 setting changed to   0.00 by Control 2
   01/01/1988: 02:34:15 Link L1_1 setting changed to   0.00 by Control 1
   01/01/1988: 02:34:15 Link L2_1 setting changed to   0.00 by Control 2
   01/01/1988: 02:34:21 Link L1_1 setting changed to   0.00 by Control 1
   01/01/1988: 02:34:21 Link L2_1 setting changed to   0.00 by Control 2
   01/01/1988: 02:34:28 Link L1_1 setting changed to   0.00 by Control 1
   01/01/1988: 02:34:28 Link L2_1 setting changed to   0.00 by Control 2
   01/01/1988: 02:34:34 Link L1_1 setting changed to   0.00 by Control 1
   01/01/1988: 02:34:34 Link L2_1 setting changed to   0.00 by Control 2
   01/01/1988: 02:34:40 Link L1_1 setting changed to   0.00 by Control 1
   01/01/1988: 02:34:40 Link L2_1 setting changed to   0.00 by Control 2
   01/01/1988: 02:34:47 Link L1_1 setting changed to   0.00 by Control 1
   01/01/1988: 02:34:47 Link L2_1 setting changed to   0.00 by Control 2
   01/01/1988: 02:34:53 Link L1_1 setting changed to   0.00 by Control 1
   01/01/1988: 02:34:53 Link L2_1 setting changed to   0.00 by Control 2
   01/01/1988: 02:34:59 Link L1_1 setting changed to   0.00 by Control 1
   01/01/1988: 02:34:59 Link L2_1 setting changed to   0.00 by Control 2
   01/01/1988: 02:35:06 Link L1_1 setting changed to   0.00 by Control 1
   01/01/1988: 02:35:06 Link L2_1 setting changed to   0.00 by Control 2
   01/01/1988: 02:35:12 Link L1_1 setting changed to   0.00 by Control 1
   01/01/1988: 02:35:12 Link L2_1 setting changed to   0.00 by Control 2
   01/01/1988: 02:35:19 Link L1_1 setting changed to   0.00 by Control 1
   01/01/1988: 02:35:19 Link L2_1 setting changed to   0.00 by Control 2
   01/01/1988: 02:35:25 Link L1_1 setting changed to   0.00 by Control 1
   01/01/1988: 02:35:25 Link L2_1 setting changed to   0.00 by Control 2
   01/01/1988: 02:35:31 Link L1_1 setting changed to   0.00 by Control 1
   01/01/1988: 02:35:31 Link L2_1 setting changed to   0.00 by Control 2
   01/01/1988: 02:35:38 Link L1_1 setting changed to   0.00 by Control 1
   01/01/1988: 02:35:38 Link L2_1 setting changed to   0.00 by Control 2
   01/01/1988: 02:35:44 Link L1_1 setting changed to   0.00 by Control 1
   01/01/1988: 02:35:44 Link L2_1 setting changed to   0.00 by Control 2
   01/01/1988: 02:35:50 Link L1_1 setting changed to   0.00 by Control 1
   01/01/1988: 02:35:50 Link L2_1 setting changed to   0.00 by Control 2
   01/01/1988: 02:35:57 Link L1_1 setting changed to   0.00 by Control 1
   01/01/1988: 02:35:57 Link L2_1 setting changed to   0.00 by Control 2
   01/01/1988: 02:36:03 Link L1_1 setting changed to   0.00 by Control 1
   01/01/1988: 02:36:03 Link L2_1 setting changed to   0.00 by Control 2
   01/01/1988: 02:36:09 Link L1_1 setting changed to   0.00 by Control 1
   01/01/1988: 02:36:09 Link L2_1 setting changed to   0.00 by Control 2
   01/01/1988: 02:36:16 Link L1_1 setting changed to   0.00 by Control 1
   01/01/1988: 02:36:16 Link L2_1 setting changed to   0.00 by Control 2
   01/01/1988: 02:36:22 Link L1_1 setting changed to   0.00 by Control 1
   01/01/1988: 02:36:22 Link L2_1 setting changed to   0.00 by Control 2
   01/01/1988: 02:36:28 Link L1_1 setting changed to   0.00 by Control 1
   01/01/1988: 02:36:28 Link L2_1 setting changed to   0.00 by Control 2
   01/01/1988: 02:36:35 Link L1_1 setting changed to   0.00 by Control 1
   01/01/1988: 02:36:35 Link L2_1 setting changed to   0.00 by Control 2
   01/01/1988: 02:36:41 Link L1_1 setting changed to   0.00 by Control 1
   01/01/1988: 02:36:41 Link L2_1 setting changed to   0.00 by Control 2
   01/01/1988: 02:36:47 Link L1_1 setting changed to   0.00 by Control 1
   01/01/1988: 02:36:47 Link L2_1 setting changed to   0.00 by Control 2
   01/01/1988: 02:36:54 Link L1_1 setting changed to   0.00 by Control 1
   01/01/1988: 02:36:54 Link L2_1 setting changed to   0.00 by Control 2
   01/01/1988: 02:37:00 Link L1_1 setting changed to   0.00 by Control 1
   01/01/1988: 02:37:00 Link L2_1 setting changed to   0.00 by Control 2
   01/01/1988: 02:37:07 Link L1_1 setting changed to   0.00 by Control 1
   01/01/1988: 02:37:07 Link L2_1 setting changed to   0.00 by Control 2
   01/01/1988: 02:37:13 Link L1_1 setting changed to   0.00 by Control 1
   01/01/1988: 02:37:13 Link L2_1 setting changed to   0.00 by Control 2
   01/01/1988: 02:37:19 Link L1_1 setting changed to   0.00 by Control 1
   01/01/1988: 02:37:19 Link L2_1 setting changed to   0.00 by Control 2
   01/01/1988: 02:37:26 Link L1_1 setting changed to   0.00 by Control 1
   01/01/1988: 02:37:26 Link L2_1 setting changed to   0.00 by Control 2
   01/01/1988: 02:37:32 Link L1_1 setting changed to   0.00 by Control 1
   01/01/1988: 02:37:32 Link L2_1 setting changed to   0.00 by Control 2
   01/01/1988: 02:37:38 Link L1_1 setting changed to   0.00 by Control 1
   01/01/1988: 02:37:38 Link L2_1 setting changed to   0.00 by Control 2
   01/01/1988: 02:37:45 Link L1_1 setting changed to   0.00 by Control 1
   01/01/1988: 02:37:45 Link L2_1 setting changed to   0.00 by Control 2
   01/01/1988: 02:37:51 Link L1_1 setting changed to   0.00 by Control 1
   01/01/1988: 02:37:51 Link L2_1 setting changed to   0.00 by Control 2
   01/01/1988: 02:37:57 Link L1_1 setting changed to   0.00 by Control 1
   01/01/1988: 02:37:57 Link L2_1 setting changed to   0.00 by Control 2
   01/01/1988: 02:38:04 Link L1_1 setting changed to   0.00 by Control 1
   01/01/1988: 02:38:04 Link L2_1 setting changed to   0.00 by Control 2
   01/01/1988: 02:38:10 Link L1_1 setting changed to   0.00 by Control 1
   01/01/1988: 02:38:10 Link L2_1 setting changed to   0.00 by Control 2
   01/01/1988: 02:38:16 Link L1_1 setting changed to   0.00 by Control 1
   01/01/1988: 02:38:16 Link L2_1 setting changed to   0.00 by Control 2
   01/01/1988: 02:38:23 Link L1_1 setting changed to   0.00 by Control 1
   01/01/1988: 02:38:23 Link L2_1 setting changed to   0.00 by Control 2
   01/01/1988: 02:38:29 Link L1_1 setting changed to   0.00 by Control 1
   01/01/1988: 02:38:29 Link L2_1 setting changed to   0.00 by Control 2
   01/01/1988: 02:38:35 Link L1_1 setting changed to   0.00 by Control 1
   01/01/1988: 02:38:35 Link L2_1 setting changed to   0.00 by Control 2
   01/01/1988: 02:38:42 Link L1_1 setting changed to   0.00 by Control 1
   01/01/1988: 02:38:42 Link L2_1 setting changed to   0.00 by Control 2
   01/01/1988: 02:38:48 Link L1_1 setting changed to   0.00 by Control 1
   01/01/1988: 02:38:48 Link L2_1 setting changed to   0.00 by Control 2
   01/01/1988: 02:38:55 Link L1_1 setting changed to   0.00 by Control 1
   01/01/1988: 02:38:55 Link L2_1 setting changed to   0.00 by Control 2
   01/01/1988: 02:39:01 Link L1_1 setting changed to   0.00 by Control 1
   01/01/1988: 02:39:01 Link L2_1 setting changed to   0.00 by Control 2
   01/01/1988: 02:39:07 Link L1_1 setting changed to   0.00 by Control 1
   01/01/1988: 02:39:07 Link L2_1 setting changed to   0.00 by Control 2
   01/01/1988: 02:39:14 Link L1_1 setting changed to   0.00 by Control 1
   01/01/1988: 02:39:14 Link L2_1 setting changed to   0.00 by Control 2
   01/01/1988: 02:39:20 Link L1_1 setting changed to   0.00 by Control 1
   01/01/1988: 02:39:20 Link L2_1 setting changed to   0.00 by Control 2
   01/01/1988: 02:39:26 Link L1_1 setting changed to   0.00 by Control 1
   01/01/1988: 02:39:26 Link L2_1 setting changed to   0.00 by Control 2
   01/01/1988: 02:39:33 Link L1_1 setting changed to   0.00 by Control 1
   01/01/1988: 02:39:33 Link L2_1 setting changed to   0.00 by Control 2
   01/01/1988: 02:39:39 Link L1_1 setting changed to   0.00 by Control 1
   01/01/1988: 02:39:39 Link L2_1 setting changed to   0.00 by Control 2
   01/01/1988: 02:39:45 Link L1_1 setting changed to   0.00 by Control 1
   01/01/1988: 02:39:45 Link L2_1 setting changed to   0.00 by Control 2
   01/01/1988: 02:39:52 Link L1_1 setting changed to   0.00 by Control 1
   01/01/1988: 02:39:52 Link L2_1 setting changed to   0.00 by Control 2
   01/01/1988: 02:39:58 Link L1_1 setting changed to   0.00 by Control 1
   01/01/1988: 02:39:58 Link L2_1 setting changed to   0.00 by Control 2
   01/01/1988: 02:40:04 Link L1_1 setting changed to   0.00 by Control 1
   01/01/1988: 02:40:04 Link L2_1 setting changed to   0.00 by Control 2
   01/01/1988: 02:40:11 Link L1_1 setting changed to   0.00 by Control 1
   01/01/1988: 02:40:11 Link L2_1 setting changed to   0.00 by Control 2
   01/01/1988: 02:40:17 Link L1_1 setting changed to   0.00 by Control 1
   01/01/1988: 02:40:17 Link L2_1 setting changed to   0.00 by Control 2
   01/01/1988: 02:40:23 Link L1_1 setting changed to   0.00 by Control 1
   01/01/1988: 02:40:23 Link L2_1 setting changed to   0.00 by Control 2
   01/01/1988: 02:40:30 Link L1_1 setting changed to   0.00 by Control 1
   01/01/1988: 02:40:30 Link L2_1 setting changed to   0.00 by Control 2
   01/01/1988: 02:40:36 Link L1_1 setting changed to   0.00 by Control 1
   01/01/1988: 02:40:36 Link L2_1 setting changed to   0.00 by Control 2
   01/01/1988: 02:40:43 Link L1_1 setting changed to   0.00 by Control 1
   01/01/1988: 02:40:43 Link L2_1 setting changed to   0.00 by Control 2
   01/01/1988: 02:40:49 Link L1_1 setting changed to   0.00 by Control 1
   01/01/1988: 02:40:49 Link L2_1 setting changed to   0.00 by Control 2
   01/01/1988: 02:40:55 Link L1_1 setting changed to   0.00 by Control 1
   01/01/1988: 02:40:55 Link L2_1 setting changed to   0.00 by Control 2
   01/01/1988: 02:41:02 Link L1_1 setting changed to   0.00 by Control 1
   01/01/1988: 02:41:02 Link L2_1 setting changed to   0.00 by Control 2
   01/01/1988: 02:41:08 Link L1_1 setting changed to   0.00 by Control 1
   01/01/1988: 02:41:08 Link L2_1 setting changed to   0.00 by Control 2
   01/01/1988: 02:41:14 Link L1_1 setting changed to   0.00 by Control 1
   01/01/1988: 02:41:14 Link L2_1 setting changed to   0.00 by Control 2
   01/01/1988: 02:41:21 Link L1_1 setting changed to   0.00 by Control 1
   01/01/1988: 02:41:21 Link L2_1 setting changed to   0.00 by Control 2
   01/01/1988: 02:41:27 Link L1_1 setting changed to   0.00 by Control 1
   01/01/1988: 02:41:27 Link L2_1 setting changed to   0.00 by Control 2
   01/01/1988: 02:41:33 Link L1_1 setting changed to   0.00 by Control 1
   01/01/1988: 02:41:33 Link L2_1 setting changed to   0.00 by Control 2
   01/01/1988: 02:41:40 Link L1_1 setting changed to   0.00 by Control 1
   01/01/1988: 02:41:40 Link L2_1 setting changed to   0.00 by Control 2
   01/01/1988: 02:41:46 Link L1_1 setting changed to   0.00 by Control 1
   01/01/1988: 02:41:46 Link L2_1 setting changed to   0.00 by Control 2
   01/01/1988: 02:41:52 Link L1_1 setting changed to   0.00 by Control 1
   01/01/1988: 02:41:52 Link L2_1 setting changed to   0.00 by Control 2
   01/01/1988: 02:41:59 Link L1_1 setting changed to   0.00 by Control 1
   01/01/1988: 02:41:59 Link L2_1 setting changed to   0.00 by Control 2
   01/01/1988: 02:42:05 Link L1_1 setting changed to   0.00 by Control 1
   01/01/1988: 02:42:05 Link L2_1 setting changed to   0.00 by Control 2
   01/01/1988: 02:42:11 Link L1_1 setting changed to   0.00 by Control 1
   01/01/1988: 02:42:11 Link L2_1 setting changed to   0.00 by Control 2
   01/01/1988: 02:42:18 Link L1_1 setting changed to   0.00 by Control 1
   01/01/1988: 02:42:18 Link L2_1 setting changed to   0.00 by Control 2
   01/01/1988: 02:42:24 Link L1_1 setting changed to   0.00 by Control 1
   01/01/1988: 02:42:24 Link L2_1 setting changed to   0.00 by Control 2
   01/01/1988: 02:42:30 Link L1_1 setting changed to   0.00 by Control 1
   01/01/1988: 02:42:30 Link L2_1 setting changed to   0.00 by Control 2
   01/01/1988: 02:42:37 Link L1_1 setting changed to   0.00 by Control 1
   01/01/1988: 02:42:37 Link L2_1 setting changed to   0.00 by Control 2
   01/01/1988: 02:42:43 Link L1_1 setting changed to   0.00 by Control 1
   01/01/1988: 02:42:43 Link L2_1 setting changed to   0.00 by Control 2
   01/01/1988: 02:42:50 Link L1_1 setting changed to   0.00 by Control 1
   01/01/1988: 02:42:50 Link L2_1 setting changed to   0.00 by Control 2
   01/01/1988: 02:42:56 Link L1_1 setting changed to   0.00 by Control 1
   01/01/1988: 02:42:56 Link L2_1 setting changed to   0.00 by Control 2
   01/01/1988: 02:43:02 Link L1_1 setting changed to   0.00 by Control 1
   01/01/1988: 02:43:02 Link L2_1 setting changed to   0.00 by Control 2
   01/01/1988: 02:43:09 Link L1_1 setting changed to   0.00 by Control 1
   01/01/1988: 02:43:09 Link L2_1 setting changed to   0.00 by Control 2
   01/01/1988: 02:43:15 Link L1_1 setting changed to   0.00 by Control 1
   01/01/1988: 02:43:15 Link L2_1 setting changed to   0.00 by Control 2
   01/01/1988: 02:43:21 Link L1_1 setting changed to   0.00 by Control 1
   01/01/1988: 02:43:21 Link L2_1 setting changed to   0.00 by Control 2
   01/01/1988: 02:43:28 Link L1_1 setting changed to   0.00 by Control 1
   01/01/1988: 02:43:28 Link L2_1 setting changed to   0.00 by Control 2
   01/01/1988: 02:43:34 Link L1_1 setting changed to   0.00 by Control 1
   01/01/1988: 02:43:34 Link L2_1 setting changed to   0.00 by Control 2
   01/01/1988: 02:43:40 Link L1_1 setting changed to   0.00 by Control 1
   01/01/1988: 02:43:40 Link L2_1 setting changed to   0.00 by Control 2
   01/01/1988: 02:43:47 Link L1_1 setting changed to   0.00 by Control 1
   01/01/1988: 02:43:47 Link L2_1 setting changed to   0.00 by Control 2
   01/01/1988: 02:43:53 Link L1_1 setting changed to   0.00 by Control 1
   01/01/1988: 02:43:53 Link L2_1 setting changed to   0.00 by Control 2
   01/01/1988: 02:43:59 Link L1_1 setting changed to   0.00 by Control 1
   01/01/1988: 02:43:59 Link L2_1 setting changed to   0.00 by Control 2
   01/01/1988: 02:44:06 Link L1_1 setting changed to   0.00 by Control 1
   01/01/1988: 02:44:06 Link L2_1 setting changed to   0.00 by Control 2
   01/01/1988: 02:44:12 Link L1_1 setting changed to   0.00 by Control 1
   01/01/1988: 02:44:12 Link L2_1 setting changed to   0.00 by Control 2
   01/01/1988: 02:44:18 Link L1_1 setting changed to   0.00 by Control 1
   01/01/1988: 02:44:18 Link L2_1 setting changed to   0.00 by Control 2
   01/01/1988: 02:44:25 Link L1_1 setting changed to   0.00 by Control 1
   01/01/1988: 02:44:25 Link L2_1 setting changed to   0.00 by Control 2
   01/01/1988: 02:44:31 Link L1_1 setting changed to   0.00 by Control 1
   01/01/1988: 02:44:31 Link L2_1 setting changed to   0.00 by Control 2
   01/01/1988: 02:44:38 Link L1_1 setting changed to   0.00 by Control 1
   01/01/1988: 02:44:38 Link L2_1 setting changed to   0.00 by Control 2
   01/01/1988: 02:44:44 Link L1_1 setting changed to   0.00 by Control 1
   01/01/1988: 02:44:44 Link L2_1 setting changed to   0.00 by Control 2
   01/01/1988: 02:44:50 Link L1_1 setting changed to   0.00 by Control 1
   01/01/1988: 02:44:50 Link L2_1 setting changed to   0.00 by Control 2
   01/01/1988: 02:44:57 Link L1_1 setting changed to   0.00 by Control 1
   01/01/1988: 02:44:57 Link L2_1 setting changed to   0.00 by Control 2
   01/01/1988: 02:45:03 Link L1_1 setting changed to   0.00 by Control 1
   01/01/1988: 02:45:03 Link L2_1 setting changed to   0.00 by Control 2
   01/01/1988: 02:45:09 Link L1_1 setting changed to   0.00 by Control 1
   01/01/1988: 02:45:09 Link L2_1 setting changed to   0.00 by Control 2
   01/01/1988: 02:45:16 Link L1_1 setting changed to   0.00 by Control 1
   01/01/1988: 02:45:16 Link L2_1 setting changed to   0.00 by Control 2
   01/01/1988: 02:45:22 Link L1_1 setting changed to   0.00 by Control 1
   01/01/1988: 02:45:22 Link L2_1 setting changed to   0.00 by Control 2
   01/01/1988: 02:45:28 Link L1_1 setting changed to   0.00 by Control 1
   01/01/1988: 02:45:28 Link L2_1 setting changed to   0.00 by Control 2
   01/01/1988: 02:45:35 Link L1_1 setting changed to   0.00 by Control 1
   01/01/1988: 02:45:35 Link L2_1 setting changed to   0.00 by Control 2
   01/01/1988: 02:45:41 Link L1_1 setting changed to   0.00 by Control 1
   01/01/1988: 02:45:41 Link L2_1 setting changed to   0.00 by Control 2
   01/01/1988: 02:45:47 Link L1_1 setting changed to   0.00 by Control 1
   01/01/1988: 02:45:47 Link L2_1 setting changed to   0.00 by Control 2
   01/01/1988: 02:45:54 Link L1_1 setting changed to   0.00 by Control 1
   01/01/1988: 02:45:54 Link L2_1 setting changed to   0.00 by Control 2
   01/01/1988: 02:46:00 Link L1_1 setting changed to   0.00 by Control 1
   01/01/1988: 02:46:00 Link L2_1 setting changed to   0.00 by Control 2
   01/01/1988: 02:46:06 Link L1_1 setting changed to   0.00 by Control 1
   01/01/1988: 02:46:06 Link L2_1 setting changed to   0.00 by Control 2
   01/01/1988: 02:46:13 Link L1_1 setting changed to   0.00 by Control 1
   01/01/1988: 02:46:13 Link L2_1 setting changed to   0.00 by Control 2
   01/01/1988: 02:46:19 Link L1_1 setting changed to   0.00 by Control 1
   01/01/1988: 02:46:19 Link L2_1 setting changed to   0.00 by Control 2
   01/01/1988: 02:46:25 Link L1_1 setting changed to   0.00 by Control 1
   01/01/1988: 02:46:25 Link L2_1 setting changed to   0.00 by Control 2
   01/01/1988: 02:46:32 Link L1_1 setting changed to   0.00 by Control 1
   01/01/1988: 02:46:32 Link L2_1 setting changed to   0.00 by Control 2
   01/01/1988: 02:46:38 Link L1_1 setting changed to   0.00 by Control 1
   01/01/1988: 02:46:38 Link L2_1 setting changed to   0.00 by Control 2
   01/01/1988: 02:46:45 Link L1_1 setting changed to   0.00 by Control 1
   01/01/1988: 02:46:45 Link L2_1 setting changed to   0.00 by Control 2
   01/01/1988: 02:46:51 Link L1_1 setting changed to   0.00 by Control 1
   01/01/1988: 02:46:51 Link L2_1 setting changed to   0.00 by Control 2
   01/01/1988: 02:46:57 Link L1_1 setting changed to   0.00 by Control 1
   01/01/1988: 02:46:57 Link L2_1 setting changed to   0.00 by Control 2
   01/01/1988: 02:47:04 Link L1_1 setting changed to   0.00 by Control 1
   01/01/1988: 02:47:04 Link L2_1 setting changed to   0.00 by Control 2
   01/01/1988: 02:47:10 Link L1_1 setting changed to   0.00 by Control 1
   01/01/1988: 02:47:10 Link L2_1 setting changed to   0.00 by Control 2
   01/01/1988: 02:47:16 Link L1_1 setting changed to   0.00 by Control 1
   01/01/1988: 02:47:16 Link L2_1 setting changed to   0.00 by Control 2
   01/01/1988: 02:47:23 Link L1_1 setting changed to   0.00 by Control 1
   01/01/1988: 02:47:23 Link L2_1 setting changed to   0.00 by Control 2
   01/01/1988: 02:47:29 Link L1_1 setting changed to   0.00 by Control 1
   01/01/1988: 02:47:29 Link L2_1 setting changed to   0.00 by Control 2
   01/01/1988: 02:47:35 Link L1_1 setting changed to   0.00 by Control 1
   01/01/1988: 02:47:35 Link L2_1 setting changed to   0.00 by Control 2
   01/01/1988: 02:47:42 Link L1_1 setting changed to   0.00 by Control 1
   01/01/1988: 02:47:42 Link L2_1 setting changed to   0.00 by Control 2
   01/01/1988: 02:47:48 Link L1_1 setting changed to   0.00 by Control 1
   01/01/1988: 02:47:48 Link L2_1 setting changed to   0.00 by Control 2
   01/01/1988: 02:47:54 Link L1_1 setting changed to   0.00 by Control 1
   01/01/1988: 02:47:54 Link L2_1 setting changed to   0.00 by Control 2
   01/01/1988: 02:48:01 Link L1_1 setting changed to   0.00 by Control 1
   01/01/1988: 02:48:01 Link L2_1 setting changed to   0.00 by Control 2
   01/01/1988: 02:48:07 Link L1_1 setting changed to   0.00 by Control 1
   01/01/1988: 02:48:07 Link L2_1 setting changed to   0.00 by Control 2
   01/01/1988: 02:48:13 Link L1_1 setting changed to   0.00 by Control 1
   01/01/1988: 02:48:13 Link L2_1 setting changed to   0.00 by Control 2
   01/01/1988: 02:48:20 Link L1_1 setting changed to   0.00 by Control 1
   01/01/1988: 02:48:20 Link L2_1 setting changed to   0.00 by Control 2
   01/01/1988: 02:48:26 Link L1_1 setting changed to   0.00 by Control 1
   01/01/1988: 02:48:26 Link L2_1 setting changed to   0.00 by Control 2
   01/01/1988: 02:48:32 Link L1_1 setting changed to   0.00 by Control 1
   01/01/1988: 02:48:32 Link L2_1 setting changed to   0.00 by Control 2
   01/01/1988: 02:48:39 Link L1_1 setting changed to   0.00 by Control 1
   01/01/1988: 02:48:39 Link L2_1 setting changed to   0.00 by Control 2
   01/01/1988: 02:48:45 Link L1_1 setting changed to   0.00 by Control 1
   01/01/1988: 02:48:45 Link L2_1 setting changed to   0.00 by Control 2
   01/01/1988: 02:48:51 Link L1_1 setting changed to   0.00 by Control 1
   01/01/1988: 02:48:51 Link L2_1 setting changed to   0.00 by Control 2
   01/01/1988: 02:48:58 Link L1_1 setting changed to   0.00 by Control 1
   01/01/1988: 02:48:58 Link L2_1 setting changed to   0.00 by Control 2
   01/01/1988: 02:49:04 Link L1_1 setting changed to   0.00 by Control 1
   01/01/1988: 02:49:04 Link L2_1 setting changed to   0.00 by Control 2
   01/01/1988: 02:49:11 Link L1_1 setting changed to   0.00 by Control 1
   01/01/1988: 02:49:11 Link L2_1 setting changed to   0.00 by Control 2
   01/01/1988: 02:49:17 Link L1_1 setting changed to   0.00 by Control 1
   01/01/1988: 02:49:17 Link L2_1 setting changed to   0.00 by Control 2
   01/01/1988: 02:49:23 Link L1_1 setting changed to   0.00 by Control 1
   01/01/1988: 02:49:23 Link L2_1 setting changed to   0.00 by Control 2
   01/01/1988: 02:49:30 Link L1_1 setting changed to   0.00 by Control 1
   01/01/1988: 02:49:30 Link L2_1 setting changed to   0.00 by Control 2
   01/01/1988: 02:49:36 Link L1_1 setting changed to   0.00 by Control 1
   01/01/1988: 02:49:36 Link L2_1 setting changed to   0.00 by Control 2
   01/01/1988: 02:49:42 Link L1_1 setting changed to   0.00 by Control 1
   01/01/1988: 02:49:42 Link L2_1 setting changed to   0.00 by Control 2
   01/01/1988: 02:49:49 Link L1_1 setting changed to   0.00 by Control 1
   01/01/1988: 02:49:49 Link L2_1 setting changed to   0.00 by Control 2
   01/01/1988: 02:49:55 Link L1_1 setting changed to   0.00 by Control 1
   01/01/1988: 02:49:55 Link L2_1 setting changed to   0.00 by Control 2
   01/01/1988: 02:50:01 Link L1_1 setting changed to   0.00 by Control 1
   01/01/1988: 02:50:01 Link L2_1 setting changed to   0.00 by Control 2
   01/01/1988: 02:50:08 Link L1_1 setting changed to   0.00 by Control 1
   01/01/1988: 02:50:08 Link L2_1 setting changed to   0.00 by Control 2
   01/01/1988: 02:50:14 Link L1_1 setting changed to   0.00 by Control 1
   01/01/1988: 02:50:14 Link L2_1 setting changed to   0.00 by Control 2
   01/01/1988: 02:50:20 Link L1_1 setting changed to   0.00 by Control 1
   01/01/1988: 02:50:20 Link L2_1 setting changed to   0.00 by Control 2
   01/01/1988: 02:50:27 Link L1_1 setting changed to   0.00 by Control 1
   01/01/1988: 02:50:27 Link L2_1 setting changed to   0.00 by Control 2
   01/01/1988: 02:50:33 Link L1_1 setting changed to   0.00 by Control 1
   01/01/1988: 02:50:33 Link L2_1 setting changed to   0.00 by Control 2
   01/01/1988: 02:50:39 Link L1_1 setting changed to   0.00 by Control 1
   01/01/1988: 02:50:39 Link L2_1 setting changed to   0.00 by Control 2
   01/01/1988: 02:50:46 Link L1_1 setting changed to   0.00 by Control 1
   01/01/1988: 02:50:46 Link L2_1 setting changed to   0.00 by Control 2
   01/01/1988: 02:50:52 Link L1_1 setting changed to   0.00 by Control 1
   01/01/1988: 02:50:52 Link L2_1 setting changed to   0.00 by Control 2
   01/01/1988: 02:50:58 Link L1_1 setting changed to   0.00 by Control 1
   01/01/1988: 02:50:58 Link L2_1 setting changed to   0.00 by Control 2
   01/01/1988: 02:51:05 Link L1_1 setting changed to   0.00 by Control 1
   01/01/1988: 02:51:05 Link L2_1 setting changed to   0.00 by Control 2
   01/01/1988: 02:51:11 Link L1_1 setting changed to   0.00 by Control 1
   01/01/1988: 02:51:11 Link L2_1 setting changed to   0.00 by Control 2
   01/01/1988: 02:51:17 Link L1_1 setting changed to   0.00 by Control 1
   01/01/1988: 02:51:17 Link L2_1 setting changed to   0.00 by Control 2
   01/01/1988: 02:51:24 Link L1_1 setting changed to   0.00 by Control 1
   01/01/1988: 02:51:24 Link L2_1 setting changed to   0.00 by Control 2
   01/01/1988: 02:51:30 Link L1_1 setting changed to   0.00 by Control 1
   01/01/1988: 02:51:30 Link L2_1 setting changed to   0.00 by Control 2
   01/01/1988: 02:51:37 Link L1_1 setting changed to   0.00 by Control 1
   01/01/1988: 02:51:37 Link L2_1 setting changed to   0.00 by Control 2
   01/01/1988: 02:51:43 Link L1_1 setting changed to   0.00 by Control 1
   01/01/1988: 02:51:43 Link L2_1 setting changed to   0.00 by Control 2
   01/01/1988: 02:51:49 Link L1_1 setting changed to   0.00 by Control 1
   01/01/1988: 02:51:49 Link L2_1 setting changed to   0.00 by Control 2
   01/01/1988: 02:51:56 Link L1_1 setting changed to   0.00 by Control 1
   01/01/1988: 02:51:56 Link L2_1 setting changed to   0.00 by Control 2
   01/01/1988: 02:52:02 Link L1_1 setting changed to   0.00 by Control 1
   01/01/1988: 02:52:02 Link L2_1 setting changed to   0.00 by Control 2
   01/01/1988: 02:52:08 Link L1_1 setting changed to   0.00 by Control 1
   01/01/1988: 02:52:08 Link L2_1 setting changed to   0.00 by Control 2
   01/01/1988: 02:52:15 Link L1_1 setting changed to   0.00 by Control 1
   01/01/1988: 02:52:15 Link L2_1 setting changed to   0.00 by Control 2
   01/01/1988: 02:52:21 Link L1_1 setting changed to   0.00 by Control 1
   01/01/1988: 02:52:21 Link L2_1 setting changed to   0.00 by Control 2
   01/01/1988: 02:52:27 Link L1_1 setting changed to   0.00 by Control 1
   01/01/1988: 02:52:27 Link L2_1 setting changed to   0.00 by Control 2
   01/01/1988: 02:52:34 Link L1_1 setting changed to   0.00 by Control 1
   01/01/1988: 02:52:34 Link L2_1 setting changed to   0.00 by Control 2
   01/01/1988: 02:52:40 Link L1_1 setting changed to   0.00 by Control 1
   01/01/1988: 02:52:40 Link L2_1 setting changed to   0.00 by Control 2
   01/01/1988: 02:52:46 Link L1_1 setting changed to   0.00 by Control 1
   01/01/1988: 02:52:46 Link L2_1 setting changed to   0.00 by Control 2
   01/01/1988: 02:52:53 Link L1_1 setting changed to   0.00 by Control 1
   01/01/1988: 02:52:53 Link L2_1 setting changed to   0.00 by Control 2
   01/01/1988: 02:52:59 Link L1_1 setting changed to   0.00 by Control 1
   01/01/1988: 02:52:59 Link L2_1 setting changed to   0.00 by Control 2
   01/01/1988: 02:53:05 Link L1_1 setting changed to   0.00 by Control 1
   01/01/1988: 02:53:05 Link L2_1 setting changed to   0.00 by Control 2
   01/01/1988: 02:53:12 Link L1_1 setting changed to   0.00 by Control 1
   01/01/1988: 02:53:12 Link L2_1 setting changed to   0.00 by Control 2
   01/01/1988: 02:53:18 Link L1_1 setting changed to   0.00 by Control 1
   01/01/1988: 02:53:18 Link L2_1 setting changed to   0.00 by Control 2
   01/01/1988: 02:53:24 Link L1_1 setting changed to   0.00 by Control 1
   01/01/1988: 02:53:24 Link L2_1 setting changed to   0.00 by Control 2
   01/01/1988: 02:53:31 Link L1_1 setting changed to   0.00 by Control 1
   01/01/1988: 02:53:31 Link L2_1 setting changed to   0.00 by Control 2
   01/01/1988: 02:53:37 Link L1_1 setting changed to   0.00 by Control 1
   01/01/1988: 02:53:37 Link L2_1 setting changed to   0.00 by Control 2
   01/01/1988: 02:53:43 Link L1_1 setting changed to   0.00 by Control 1
   01/01/1988: 02:53:43 Link L2_1 setting changed to   0.00 by Control 2
   01/01/1988: 02:53:50 Link L1_1 setting changed to   0.00 by Control 1
   01/01/1988: 02:53:50 Link L2_1 setting changed to   0.00 by Control 2
   01/01/1988: 02:53:56 Link L1_1 setting changed to   0.00 by Control 1
   01/01/1988: 02:53:56 Link L2_1 setting changed to   0.00 by Control 2
   01/01/1988: 02:54:02 Link L1_1 setting changed to   0.00 by Control 1
   01/01/1988: 02:54:02 Link L2_1 setting changed to   0.00 by Control 2
   01/01/1988: 02:54:09 Link L1_1 setting changed to   0.00 by Control 1
   01/01/1988: 02:54:09 Link L2_1 setting changed to   0.00 by Control 2
   01/01/1988: 02:54:15 Link L1_1 setting changed to   0.00 by Control 1
   01/01/1988: 02:54:15 Link L2_1 setting changed to   0.00 by Control 2
   01/01/1988: 02:54:22 Link L1_1 setting changed to   0.00 by Control 1
   01/01/1988: 02:54:22 Link L2_1 setting changed to   0.00 by Control 2
   01/01/1988: 02:54:28 Link L1_1 setting changed to   0.00 by Control 1
   01/01/1988: 02:54:28 Link L2_1 setting changed to   0.00 by Control 2
   01/01/1988: 02:54:34 Link L1_1 setting changed to   0.00 by Control 1
   01/01/1988: 02:54:34 Link L2_1 setting changed to   0.00 by Control 2
   01/01/1988: 02:54:41 Link L1_1 setting changed to   0.00 by Control 1
   01/01/1988: 02:54:41 Link L2_1 setting changed to   0.00 by Control 2
   01/01/1988: 02:54:47 Link L1_1 setting changed to   0.00 by Control 1
   01/01/1988: 02:54:47 Link L2_1 setting changed to   0.00 by Control 2
   01/01/1988: 02:54:53 Link L1_1 setting changed to   0.00 by Control 1
   01/01/1988: 02:54:53 Link L2_1 setting changed to   0.00 by Control 2
   01/01/1988: 02:55:00 Link L1_1 setting changed to   0.00 by Control 1
   01/01/1988: 02:55:00 Link L2_1 setting changed to   0.00 by Control 2
   01/01/1988: 02:55:06 Link L1_1 setting changed to   0.00 by Control 1
   01/01/1988: 02:55:06 Link L2_1 setting changed to   0.00 by Control 2
   01/01/1988: 02:55:12 Link L1_1 setting changed to   0.00 by Control 1
   01/01/1988: 02:55:12 Link L2_1 setting changed to   0.00 by Control 2
   01/01/1988: 02:55:19 Link L1_1 setting changed to   0.00 by Control 1
   01/01/1988: 02:55:19 Link L2_1 setting changed to   0.00 by Control 2
   01/01/1988: 02:55:25 Link L1_1 setting changed to   0.00 by Control 1
   01/01/1988: 02:55:25 Link L2_1 setting changed to   0.00 by Control 2
   01/01/1988: 02:55:31 Link L1_1 setting changed to   0.00 by Control 1
   01/01/1988: 02:55:31 Link L2_1 setting changed to   0.00 by Control 2
   01/01/1988: 02:55:38 Link L1_1 setting changed to   0.00 by Control 1
   01/01/1988: 02:55:38 Link L2_1 setting changed to   0.00 by Control 2
   01/01/1988: 02:55:44 Link L1_1 setting changed to   0.00 by Control 1
   01/01/1988: 02:55:44 Link L2_1 setting changed to   0.00 by Control 2
   01/01/1988: 02:55:50 Link L1_1 setting changed to   0.00 by Control 1
   01/01/1988: 02:55:50 Link L2_1 setting changed to   0.00 by Control 2
   01/01/1988: 02:55:57 Link L1_1 setting changed to   0.00 by Control 1
   01/01/1988: 02:55:57 Link L2_1 setting changed to   0.00 by Control 2
   01/01/1988: 02:56:03 Link L1_1 setting changed to   0.00 by Control 1
   01/01/1988: 02:56:03 Link L2_1 setting changed to   0.00 by Control 2
   01/01/1988: 02:56:09 Link L1_1 setting changed to   0.00 by Control 1
   01/01/1988: 02:56:09 Link L2_1 setting changed to   0.00 by Control 2
   01/01/1988: 02:56:16 Link L1_1 setting changed to   0.00 by Control 1
   01/01/1988: 02:56:16 Link L2_1 setting changed to   0.00 by Control 2
   01/01/1988: 02:56:22 Link L1_1 setting changed to   0.00 by Control 1
   01/01/1988: 02:56:22 Link L2_1 setting changed to   0.00 by Control 2
   01/01/1988: 02:56:28 Link L1_1 setting changed to   0.00 by Control 1
   01/01/1988: 02:56:28 Link L2_1 setting changed to   0.00 by Control 2
   01/01/1988: 02:56:35 Link L1_1 setting changed to   0.00 by Control 1
   01/01/1988: 02:56:35 Link L2_1 setting changed to   0.00 by Control 2
   01/01/1988: 02:56:41 Link L1_1 setting changed to   0.00 by Control 1
   01/01/1988: 02:56:41 Link L2_1 setting changed to   0.00 by Control 2
   01/01/1988: 02:56:47 Link L1_1 setting changed to   0.00 by Control 1
   01/01/1988: 02:56:47 Link L2_1 setting changed to   0.00 by Control 2
   01/01/1988: 02:56:54 Link L1_1 setting changed to   0.00 by Control 1
   01/01/1988: 02:56:54 Link L2_1 setting changed to   0.00 by Control 2
   01/01/1988: 02:57:00 Link L1_1 setting changed to   0.00 by Control 1
   01/01/1988: 02:57:00 Link L2_1 setting changed to   0.00 by Control 2
   01/01/1988: 02:57:06 Link L1_1 setting changed to   0.00 by Control 1
   01/01/1988: 02:57:06 Link L2_1 setting changed to   0.00 by Control 2
   01/01/1988: 02:57:13 Link L1_1 setting changed to   0.00 by Control 1
   01/01/1988: 02:57:13 Link L2_1 setting changed to   0.00 by Control 2
   01/01/1988: 02:57:19 Link L1_1 setting changed to   0.00 by Control 1
   01/01/1988: 02:57:19 Link L2_1 setting changed to   0.00 by Control 2
   01/01/1988: 02:57:26 Link L1_1 setting changed to   0.00 by Control 1
   01/01/1988: 02:57:26 Link L2_1 setting changed to   0.00 by Control 2
   01/01/1988: 02:57:32 Link L1_1 setting changed to   0.00 by Control 1
   01/01/1988: 02:57:32 Link L2_1 setting changed to   0.00 by Control 2
   01/01/1988: 02:57:38 Link L1_1 setting changed to   0.00 by Control 1
   01/01/1988: 02:57:38 Link L2_1 setting changed to   0.00 by Control 2
   01/01/1988: 02:57:45 Link L1_1 setting changed to   0.00 by Control 1
   01/01/1988: 02:57:45 Link L2_1 setting changed to   0.00 by Control 2
   01/01/1988: 02:57:51 Link L1_1 setting changed to   0.00 by Control 1
   01/01/1988: 02:57:51 Link L2_1 setting changed to   0.00 by Control 2
   01/01/1988: 02:57:57 Link L1_1 setting changed to   0.00 by Control 1
   01/01/1988: 02:57:57 Link L2_1 setting changed to   0.00 by Control 2
   01/01/1988: 02:58:04 Link L1_1 setting changed to   0.00 by Control 1
   01/01/1988: 02:58:04 Link L2_1 setting changed to   0.00 by Control 2
   01/01/1988: 02:58:10 Link L1_1 setting changed to   0.00 by Control 1
   01/01/1988: 02:58:10 Link L2_1 setting changed to   0.00 by Control 2
   01/01/1988: 02:58:16 Link L1_1 setting changed to   0.00 by Control 1
   01/01/1988: 02:58:16 Link L2_1 setting changed to   0.00 by Control 2
   01/01/1988: 02:58:23 Link L1_1 setting changed to   0.00 by Control 1
   01/01/1988: 02:58:23 Link L2_1 setting changed to   0.00 by Control 2
   01/01/1988: 02:58:29 Link L1_1 setting changed to   0.00 by Control 1
   01/01/1988: 02:58:29 Link L2_1 setting changed to   0.00 by Control 2
   01/01/1988: 02:58:35 Link L1_1 setting changed to   0.00 by Control 1
   01/01/1988: 02:58:35 Link L2_1 setting changed to   0.00 by Control 2
   01/01/1988: 02:58:42 Link L1_1 setting changed to   0.00 by Control 1
   01/01/1988: 02:58:42 Link L2_1 setting changed to   0.00 by Control 2
   01/01/1988: 02:58:48 Link L1_1 setting changed to   0.00 by Control 1
   01/01/1988: 02:58:48 Link L2_1 setting changed to   0.00 by Control 2
   01/01/1988: 02:58:54 Link L1_1 setting changed to   0.00 by Control 1
   01/01/1988: 02:58:54 Link L2_1 setting changed to   0.00 by Control 2
   01/01/1988: 02:59:01 Link L1_1 setting changed to   0.00 by Control 1
   01/01/1988: 02:59:01 Link L2_1 setting changed to   0.00 by Control 2
   01/01/1988: 02:59:07 Link L1_1 setting changed to   0.00 by Control 1
   01/01/1988: 02:59:07 Link L2_1 setting changed to   0.00 by Control 2
   01/01/1988: 02:59:13 Link L1_1 setting changed to   0.00 by Control 1
   01/01/1988: 02:59:13 Link L2_1 setting changed to   0.00 by Control 2
   01/01/1988: 02:59:20 Link L1_1 setting changed to   0.00 by Control 1
   01/01/1988: 02:59:20 Link L2_1 setting changed to   0.00 by Control 2
   01/01/1988: 02:59:26 Link L1_1 setting changed to   0.00 by Control 1
   01/01/1988: 02:59:26 Link L2_1 setting changed to   0.00 by Control 2
   01/01/1988: 02:59:32 Link L1_1 setting changed to   0.00 by Control 1
   01/01/1988: 02:59:32 Link L2_1 setting changed to   0.00 by Control 2
   01/01/1988: 02:59:39 Link L1_1 setting changed to   0.00 by Control 1
   01/01/1988: 02:59:39 Link L2_1 setting changed to   0.00 by Control 2
   01/01/1988: 02:59:45 Link L1_1 setting changed to   0.00 by Control 1
   01/01/1988: 02:59:45 Link L2_1 setting changed to   0.00 by Control 2
   01/01/1988: 02:59:51 Link L1_1 setting changed to   0.00 by Control 1
   01/01/1988: 02:59:51 Link L2_1 setting changed to   0.00 by Control 2
   01/01/1988: 02:59:58 Link L1_1 setting changed to   0.00 by Control 1
   01/01/1988: 02:59:58 Link L2_1 setting changed to   0.00 by Control 2
   01/01/1988: 03:00:04 Link L1_1 setting changed to   0.00 by Control 1
   01/01/1988: 03:00:04 Link L2_1 setting changed to   0.00 by Control 2
   01/01/1988: 03:00:10 Link L1_1 setting changed to   0.00 by Control 1
   01/01/1988: 03:00:10 Link L2_1 setting changed to   0.00 by Control 2
   01/01/1988: 03:00:17 Link L1_1 setting changed to   0.00 by Control 1
   01/01/1988: 03:00:17 Link L2_1 setting changed to   0.00 by Control 2
   01/01/1988: 03:00:23 Link L1_1 setting changed to   0.00 by Control 1
   01/01/1988: 03:00:23 Link L2_1 setting changed to   0.00 by Control 2
   01/01/1988: 03:00:29 Link L1_1 setting changed to   0.00 by Control 1
   01/01/1988: 03:00:29 Link L2_1 setting changed to   0.00 by Control 2
   01/01/1988: 03:00:36 Link L1_1 setting changed to   0.00 by Control 1
   01/01/1988: 03:00:36 Link L2_1 setting changed to   0.00 by Control 2
   01/01/1988: 03:00:42 Link L1_1 setting changed to   0.00 by Control 1
   01/01/1988: 03:00:42 Link L2_1 setting changed to   0.00 by Control 2
   01/01/1988: 03:00:48 Link L1_1 setting changed to   0.00 by Control 1
   01/01/1988: 03:00:48 Link L2_1 setting changed to   0.00 by Control 2
   01/01/1988: 03:00:55 Link L1_1 setting changed to   0.00 by Control 1
   01/01/1988: 03:00:55 Link L2_1 setting changed to   0.00 by Control 2
   01/01/1988: 03:01:01 Link L1_1 setting changed to   0.00 by Control 1
   01/01/1988: 03:01:01 Link L2_1 setting changed to   0.00 by Control 2
   01/01/1988: 03:01:08 Link L1_1 setting changed to   0.00 by Control 1
   01/01/1988: 03:01:08 Link L2_1 setting changed to   0.00 by Control 2
   01/01/1988: 03:01:14 Link L1_1 setting changed to   0.00 by Control 1
   01/01/1988: 03:01:14 Link L2_1 setting changed to   0.00 by Control 2
   01/01/1988: 03:01:20 Link L1_1 setting changed to   0.00 by Control 1
   01/01/1988: 03:01:20 Link L2_1 setting changed to   0.00 by Control 2
   01/01/1988: 03:01:27 Link L1_1 setting changed to   0.00 by Control 1
   01/01/1988: 03:01:27 Link L2_1 setting changed to   0.00 by Control 2
   01/01/1988: 03:01:33 Link L1_1 setting changed to   0.00 by Control 1
   01/01/1988: 03:01:33 Link L2_1 setting changed to   0.00 by Control 2
   01/01/1988: 03:01:39 Link L1_1 setting changed to   0.00 by Control 1
   01/01/1988: 03:01:39 Link L2_1 setting changed to   0.00 by Control 2
   01/01/1988: 03:01:46 Link L1_1 setting changed to   0.00 by Control 1
   01/01/1988: 03:01:46 Link L2_1 setting changed to   0.00 by Control 2
   01/01/1988: 03:01:52 Link L1_1 setting changed to   0.00 by Control 1
   01/01/1988: 03:01:52 Link L2_1 setting changed to   0.00 by Control 2
   01/01/1988: 03:01:58 Link L1_1 setting changed to   0.00 by Control 1
   01/01/1988: 03:01:58 Link L2_1 setting changed to   0.00 by Control 2
   01/01/1988: 03:02:05 Link L1_1 setting changed to   0.00 by Control 1
   01/01/1988: 03:02:05 Link L2_1 setting changed to   0.00 by Control 2
   01/01/1988: 03:02:11 Link L1_1 setting changed to   0.00 by Control 1
   01/01/1988: 03:02:11 Link L2_1 setting changed to   0.00 by Control 2
   01/01/1988: 03:02:17 Link L1_1 setting changed to   0.00 by Control 1
   01/01/1988: 03:02:17 Link L2_1 setting changed to   0.00 by Control 2
   01/01/1988: 03:02:24 Link L1_1 setting changed to   0.00 by Control 1
   01/01/1988: 03:02:24 Link L2_1 setting changed to   0.00 by Control 2
   01/01/1988: 03:02:30 Link L1_1 setting changed to   0.00 by Control 1
   01/01/1988: 03:02:30 Link L2_1 setting changed to   0.00 by Control 2
   01/01/1988: 03:02:36 Link L1_1 setting changed to   0.00 by Control 1
   01/01/1988: 03:02:36 Link L2_1 setting changed to   0.00 by Control 2
   01/01/1988: 03:02:43 Link L1_1 setting changed to   0.00 by Control 1
   01/01/1988: 03:02:43 Link L2_1 setting changed to   0.00 by Control 2
   01/01/1988: 03:02:49 Link L1_1 setting changed to   0.00 by Control 1
   01/01/1988: 03:02:49 Link L2_1 setting changed to   0.00 by Control 2
   01/01/1988: 03:02:55 Link L1_1 setting changed to   0.00 by Control 1
   01/01/1988: 03:02:55 Link L2_1 setting changed to   0.00 by Control 2
   01/01/1988: 03:03:02 Link L1_1 setting changed to   0.00 by Control 1
   01/01/1988: 03:03:02 Link L2_1 setting changed to   0.00 by Control 2
   01/01/1988: 03:03:08 Link L1_1 setting changed to   0.00 by Control 1
   01/01/1988: 03:03:08 Link L2_1 setting changed to   0.00 by Control 2
   01/01/1988: 03:03:14 Link L1_1 setting changed to   0.00 by Control 1
   01/01/1988: 03:03:14 Link L2_1 setting changed to   0.00 by Control 2
   01/01/1988: 03:03:21 Link L1_1 setting changed to   0.00 by Control 1
   01/01/1988: 03:03:21 Link L2_1 setting changed to   0.00 by Control 2
   01/01/1988: 03:03:27 Link L1_1 setting changed to   0.00 by Control 1
   01/01/1988: 03:03:27 Link L2_1 setting changed to   0.00 by Control 2
   01/01/1988: 03:03:33 Link L1_1 setting changed to   0.00 by Control 1
   01/01/1988: 03:03:33 Link L2_1 setting changed to   0.00 by Control 2
   01/01/1988: 03:03:40 Link L1_1 setting changed to   0.00 by Control 1
   01/01/1988: 03:03:40 Link L2_1 setting changed to   0.00 by Control 2
   01/01/1988: 03:03:46 Link L1_1 setting changed to   0.00 by Control 1
   01/01/1988: 03:03:46 Link L2_1 setting changed to   0.00 by Control 2
   01/01/1988: 03:03:53 Link L1_1 setting changed to   0.00 by Control 1
   01/01/1988: 03:03:53 Link L2_1 setting changed to   0.00 by Control 2
   01/01/1988: 03:03:59 Link L1_1 setting changed to   0.00 by Control 1
   01/01/1988: 03:03:59 Link L2_1 setting changed to   0.00 by Control 2
   01/01/1988: 03:04:05 Link L1_1 setting changed to   0.00 by Control 1
   01/01/1988: 03:04:05 Link L2_1 setting changed to   0.00 by Control 2
   01/01/1988: 03:04:12 Link L1_1 setting changed to   0.00 by Control 1
   01/01/1988: 03:04:12 Link L2_1 setting changed to   0.00 by Control 2
   01/01/1988: 03:04:18 Link L1_1 setting changed to   0.00 by Control 1
   01/01/1988: 03:04:18 Link L2_1 setting changed to   0.00 by Control 2
   01/01/1988: 03:04:24 Link L1_1 setting changed to   0.00 by Control 1
   01/01/1988: 03:04:24 Link L2_1 setting changed to   0.00 by Control 2
   01/01/1988: 03:04:31 Link L1_1 setting changed to   0.00 by Control 1
   01/01/1988: 03:04:31 Link L2_1 setting changed to   0.00 by Control 2
   01/01/1988: 03:04:37 Link L1_1 setting changed to   0.00 by Control 1
   01/01/1988: 03:04:37 Link L2_1 setting changed to   0.00 by Control 2
   01/01/1988: 03:04:43 Link L1_1 setting changed to   0.00 by Control 1
   01/01/1988: 03:04:43 Link L2_1 setting changed to   0.00 by Control 2
   01/01/1988: 03:04:50 Link L1_1 setting changed to   0.00 by Control 1
   01/01/1988: 03:04:50 Link L2_1 setting changed to   0.00 by Control 2
   01/01/1988: 03:04:56 Link L1_1 setting changed to   0.00 by Control 1
   01/01/1988: 03:04:56 Link L2_1 setting changed to   0.00 by Control 2
   01/01/1988: 03:05:03 Link L1_1 setting changed to   0.00 by Control 1
   01/01/1988: 03:05:03 Link L2_1 setting changed to   0.00 by Control 2
   01/01/1988: 03:05:09 Link L1_1 setting changed to   0.00 by Control 1
   01/01/1988: 03:05:09 Link L2_1 setting changed to   0.00 by Control 2
   01/01/1988: 03:05:15 Link L1_1 setting changed to   0.00 by Control 1
   01/01/1988: 03:05:15 Link L2_1 setting changed to   0.00 by Control 2
   01/01/1988: 03:05:22 Link L1_1 setting changed to   0.00 by Control 1
   01/01/1988: 03:05:22 Link L2_1 setting changed to   0.00 by Control 2
   01/01/1988: 03:05:28 Link L1_1 setting changed to   0.00 by Control 1
   01/01/1988: 03:05:28 Link L2_1 setting changed to   0.00 by Control 2
   01/01/1988: 03:05:34 Link L1_1 setting changed to   0.00 by Control 1
   01/01/1988: 03:05:34 Link L2_1 setting changed to   0.00 by Control 2
   01/01/1988: 03:05:41 Link L1_1 setting changed to   0.00 by Control 1
   01/01/1988: 03:05:41 Link L2_1 setting changed to   0.00 by Control 2
   01/01/1988: 03:05:47 Link L1_1 setting changed to   0.00 by Control 1
   01/01/1988: 03:05:47 Link L2_1 setting changed to   0.00 by Control 2
   01/01/1988: 03:05:54 Link L1_1 setting changed to   0.00 by Control 1
   01/01/1988: 03:05:54 Link L2_1 setting changed to   0.00 by Control 2
   01/01/1988: 03:06:00 Link L1_1 setting changed to   0.00 by Control 1
   01/01/1988: 03:06:00 Link L2_1 setting changed to   0.00 by Control 2
   01/01/1988: 03:06:06 Link L1_1 setting changed to   0.00 by Control 1
   01/01/1988: 03:06:06 Link L2_1 setting changed to   0.00 by Control 2
   01/01/1988: 03:06:13 Link L1_1 setting changed to   0.00 by Control 1
   01/01/1988: 03:06:13 Link L2_1 setting changed to   0.00 by Control 2
   01/01/1988: 03:06:19 Link L1_1 setting changed to   0.00 by Control 1
   01/01/1988: 03:06:19 Link L2_1 setting changed to   0.00 by Control 2
   01/01/1988: 03:06:26 Link L1_1 setting changed to   0.00 by Control 1
   01/01/1988: 03:06:26 Link L2_1 setting changed to   0.00 by Control 2
   01/01/1988: 03:06:32 Link L1_1 setting changed to   0.00 by Control 1
   01/01/1988: 03:06:32 Link L2_1 setting changed to   0.00 by Control 2
   01/01/1988: 03:06:38 Link L1_1 setting changed to   0.00 by Control 1
   01/01/1988: 03:06:38 Link L2_1 setting changed to   0.00 by Control 2
   01/01/1988: 03:06:45 Link L1_1 setting changed to   0.00 by Control 1
   01/01/1988: 03:06:45 Link L2_1 setting changed to   0.00 by Control 2
   01/01/1988: 03:06:51 Link L1_1 setting changed to   0.00 by Control 1
   01/01/1988: 03:06:51 Link L2_1 setting changed to   0.00 by Control 2
   01/01/1988: 03:06:58 Link L1_1 setting changed to   0.00 by Control 1
   01/01/1988: 03:06:58 Link L2_1 setting changed to   0.00 by Control 2
   01/01/1988: 03:07:04 Link L1_1 setting changed to   0.00 by Control 1
   01/01/1988: 03:07:04 Link L2_1 setting changed to   0.00 by Control 2
   01/01/1988: 03:07:11 Link L1_1 setting changed to   0.00 by Control 1
   01/01/1988: 03:07:11 Link L2_1 setting changed to   0.00 by Control 2
   01/01/1988: 03:07:17 Link L1_1 setting changed to   0.00 by Control 1
   01/01/1988: 03:07:17 Link L2_1 setting changed to   0.00 by Control 2
   01/01/1988: 03:07:23 Link L1_1 setting changed to   0.00 by Control 1
   01/01/1988: 03:07:23 Link L2_1 setting changed to   0.00 by Control 2
   01/01/1988: 03:07:30 Link L1_1 setting changed to   0.00 by Control 1
   01/01/1988: 03:07:30 Link L2_1 setting changed to   0.00 by Control 2
   01/01/1988: 03:07:36 Link L1_1 setting changed to   0.00 by Control 1
   01/01/1988: 03:07:36 Link L2_1 setting changed to   0.00 by Control 2
   01/01/1988: 03:07:43 Link L1_1 setting changed to   0.00 by Control 1
   01/01/1988: 03:07:43 Link L2_1 setting changed to   0.00 by Control 2
   01/01/1988: 03:07:49 Link L1_1 setting changed to   0.00 by Control 1
   01/01/1988: 03:07:49 Link L2_1 setting changed to   0.00 by Control 2
   01/01/1988: 03:07:56 Link L1_1 setting changed to   0.00 by Control 1
   01/01/1988: 03:07:56 Link L2_1 setting changed to   0.00 by Control 2
   01/01/1988: 03:08:02 Link L1_1 setting changed to   0.00 by Control 1
   01/01/1988: 03:08:02 Link L2_1 setting changed to   0.00 by Control 2
   01/01/1988: 03:08:08 Link L1_1 setting changed to   0.00 by Control 1
   01/01/1988: 03:08:08 Link L2_1 setting changed to   0.00 by Control 2
   01/01/1988: 03:08:15 Link L1_1 setting changed to   0.00 by Control 1
   01/01/1988: 03:08:15 Link L2_1 setting changed to   0.00 by Control 2
   01/01/1988: 03:08:21 Link L1_1 setting changed to   0.00 by Control 1
   01/01/1988: 03:08:21 Link L2_1 setting changed to   0.00 by Control 2
   01/01/1988: 03:08:28 Link L1_1 setting changed to   0.00 by Control 1
   01/01/1988: 03:08:28 Link L2_1 setting changed to   0.00 by Control 2
   01/01/1988: 03:08:34 Link L1_1 setting changed to   0.00 by Control 1
   01/01/1988: 03:08:34 Link L2_1 setting changed to   0.00 by Control 2
   01/01/1988: 03:08:41 Link L1_1 setting changed to   0.00 by Control 1
   01/01/1988: 03:08:41 Link L2_1 setting changed to   0.00 by Control 2
   01/01/1988: 03:08:47 Link L1_1 setting changed to   0.00 by Control 1
   01/01/1988: 03:08:47 Link L2_1 setting changed to   0.00 by Control 2
   01/01/1988: 03:08:54 Link L1_1 setting changed to   0.00 by Control 1
   01/01/1988: 03:08:54 Link L2_1 setting changed to   0.00 by Control 2
   01/01/1988: 03:09:00 Link L1_1 setting changed to   0.00 by Control 1
   01/01/1988: 03:09:00 Link L2_1 setting changed to   0.00 by Control 2
   01/01/1988: 03:09:07 Link L1_1 setting changed to   0.00 by Control 1
   01/01/1988: 03:09:07 Link L2_1 setting changed to   0.00 by Control 2
   01/01/1988: 03:09:13 Link L1_1 setting changed to   0.00 by Control 1
   01/01/1988: 03:09:13 Link L2_1 setting changed to   0.00 by Control 2
   01/01/1988: 03:09:20 Link L1_1 setting changed to   0.00 by Control 1
   01/01/1988: 03:09:20 Link L2_1 setting changed to   0.00 by Control 2
   01/01/1988: 03:09:26 Link L1_1 setting changed to   0.00 by Control 1
   01/01/1988: 03:09:26 Link L2_1 setting changed to   0.00 by Control 2
   01/01/1988: 03:09:33 Link L1_1 setting changed to   0.00 by Control 1
   01/01/1988: 03:09:33 Link L2_1 setting changed to   0.00 by Control 2
   01/01/1988: 03:09:39 Link L1_1 setting changed to   0.00 by Control 1
   01/01/1988: 03:09:39 Link L2_1 setting changed to   0.00 by Control 2
   01/01/1988: 03:09:46 Link L1_1 setting changed to   0.00 by Control 1
   01/01/1988: 03:09:46 Link L2_1 setting changed to   0.00 by Control 2
   01/01/1988: 03:09:52 Link L1_1 setting changed to   0.00 by Control 1
   01/01/1988: 03:09:52 Link L2_1 setting changed to   0.00 by Control 2
   01/01/1988: 03:09:59 Link L1_1 setting changed to   0.00 by Control 1
   01/01/1988: 03:09:59 Link L2_1 setting changed to   0.00 by Control 2
   01/01/1988: 03:10:05 Link L1_1 setting changed to   0.00 by Control 1
   01/01/1988: 03:10:05 Link L2_1 setting changed to   0.00 by Control 2
   01/01/1988: 03:10:12 Link L1_1 setting changed to   0.00 by Control 1
   01/01/1988: 03:10:12 Link L2_1 setting changed to   0.00 by Control 2
   01/01/1988: 03:10:18 Link L1_1 setting changed to   0.00 by Control 1
   01/01/1988: 03:10:18 Link L2_1 setting changed to   0.00 by Control 2
   01/01/1988: 03:10:25 Link L1_1 setting changed to   0.00 by Control 1
   01/01/1988: 03:10:25 Link L2_1 setting changed to   0.00 by Control 2
   01/01/1988: 03:10:31 Link L1_1 setting changed to   0.00 by Control 1
   01/01/1988: 03:10:31 Link L2_1 setting changed to   0.00 by Control 2
   01/01/1988: 03:10:38 Link L1_1 setting changed to   0.00 by Control 1
   01/01/1988: 03:10:38 Link L2_1 setting changed to   0.00 by Control 2
   01/01/1988: 03:10:44 Link L1_1 setting changed to   0.00 by Control 1
   01/01/1988: 03:10:44 Link L2_1 setting changed to   0.00 by Control 2
   01/01/1988: 03:10:51 Link L1_1 setting changed to   0.00 by Control 1
   01/01/1988: 03:10:51 Link L2_1 setting changed to   0.00 by Control 2
   01/01/1988: 03:10:57 Link L1_1 setting changed to   0.00 by Control 1
   01/01/1988: 03:10:57 Link L2_1 setting changed to   0.00 by Control 2
   01/01/1988: 03:11:04 Link L1_1 setting changed to   0.00 by Control 1
   01/01/1988: 03:11:04 Link L2_1 setting changed to   0.00 by Control 2
   01/01/1988: 03:11:10 Link L1_1 setting changed to   0.00 by Control 1
   01/01/1988: 03:11:10 Link L2_1 setting changed to   0.00 by Control 2
   01/01/1988: 03:11:17 Link L1_1 setting changed to   0.00 by Control 1
   01/01/1988: 03:11:17 Link L2_1 setting changed to   0.00 by Control 2
   01/01/1988: 03:11:24 Link L1_1 setting changed to   0.00 by Control 1
   01/01/1988: 03:11:24 Link L2_1 setting changed to   0.00 by Control 2
   01/01/1988: 03:11:30 Link L1_1 setting changed to   0.00 by Control 1
   01/01/1988: 03:11:30 Link L2_1 setting changed to   0.00 by Control 2
   01/01/1988: 03:11:37 Link L1_1 setting changed to   0.00 by Control 1
   01/01/1988: 03:11:37 Link L2_1 setting changed to   0.00 by Control 2
   01/01/1988: 03:11:43 Link L1_1 setting changed to   0.00 by Control 1
   01/01/1988: 03:11:43 Link L2_1 setting changed to   0.00 by Control 2
   01/01/1988: 03:11:50 Link L1_1 setting changed to   0.00 by Control 1
   01/01/1988: 03:11:50 Link L2_1 setting changed to   0.00 by Control 2
   01/01/1988: 03:11:57 Link L1_1 setting changed to   0.00 by Control 1
   01/01/1988: 03:11:57 Link L2_1 setting changed to   0.00 by Control 2
   01/01/1988: 03:12:03 Link L1_1 setting changed to   0.00 by Control 1
   01/01/1988: 03:12:03 Link L2_1 setting changed to   0.00 by Control 2
   01/01/1988: 03:12:10 Link L1_1 setting changed to   0.00 by Control 1
   01/01/1988: 03:12:10 Link L2_1 setting changed to   0.00 by Control 2
   01/01/1988: 03:12:16 Link L1_1 setting changed to   0.00 by Control 1
   01/01/1988: 03:12:16 Link L2_1 setting changed to   0.00 by Control 2
   01/01/1988: 03:12:23 Link L1_1 setting changed to   0.00 by Control 1
   01/01/1988: 03:12:23 Link L2_1 setting changed to   0.00 by Control 2
   01/01/1988: 03:12:30 Link L1_1 setting changed to   0.00 by Control 1
   01/01/1988: 03:12:30 Link L2_1 setting changed to   0.00 by Control 2
   01/01/1988: 03:12:36 Link L1_1 setting changed to   0.00 by Control 1
   01/01/1988: 03:12:36 Link L2_1 setting changed to   0.00 by Control 2
   01/01/1988: 03:12:43 Link L1_1 setting changed to   0.00 by Control 1
   01/01/1988: 03:12:43 Link L2_1 setting changed to   0.00 by Control 2
   01/01/1988: 03:12:50 Link L1_1 setting changed to   0.00 by Control 1
   01/01/1988: 03:12:50 Link L2_1 setting changed to   0.00 by Control 2
   01/01/1988: 03:12:56 Link L1_1 setting changed to   0.00 by Control 1
   01/01/1988: 03:12:56 Link L2_1 setting changed to   0.00 by Control 2
   01/01/1988: 03:13:03 Link L1_1 setting changed to   0.00 by Control 1
   01/01/1988: 03:13:03 Link L2_1 setting changed to   0.00 by Control 2
   01/01/1988: 03:13:10 Link L1_1 setting changed to   0.00 by Control 1
   01/01/1988: 03:13:10 Link L2_1 setting changed to   0.00 by Control 2
   01/01/1988: 03:13:16 Link L1_1 setting changed to   0.00 by Control 1
   01/01/1988: 03:13:16 Link L2_1 setting changed to   0.00 by Control 2
   01/01/1988: 03:13:23 Link L1_1 setting changed to   0.00 by Control 1
   01/01/1988: 03:13:23 Link L2_1 setting changed to   0.00 by Control 2
   01/01/1988: 03:13:30 Link L1_1 setting changed to   0.00 by Control 1
   01/01/1988: 03:13:30 Link L2_1 setting changed to   0.00 by Control 2
   01/01/1988: 03:13:36 Link L1_1 setting changed to   0.00 by Control 1
   01/01/1988: 03:13:36 Link L2_1 setting changed to   0.00 by Control 2
   01/01/1988: 03:13:43 Link L1_1 setting changed to   0.00 by Control 1
   01/01/1988: 03:13:43 Link L2_1 setting changed to   0.00 by Control 2
   01/01/1988: 03:13:50 Link L1_1 setting changed to   0.00 by Control 1
   01/01/1988: 03:13:50 Link L2_1 setting changed to   0.00 by Control 2
   01/01/1988: 03:13:56 Link L1_1 setting changed to   0.00 by Control 1
   01/01/1988: 03:13:56 Link L2_1 setting changed to   0.00 by Control 2
   01/01/1988: 03:14:03 Link L1_1 setting changed to   0.00 by Control 1
   01/01/1988: 03:14:03 Link L2_1 setting changed to   0.00 by Control 2
   01/01/1988: 03:14:10 Link L1_1 setting changed to   0.00 by Control 1
   01/01/1988: 03:14:10 Link L2_1 setting changed to   0.00 by Control 2
   01/01/1988: 03:14:16 Link L1_1 setting changed to   0.00 by Control 1
   01/01/1988: 03:14:16 Link L2_1 setting changed to   0.00 by Control 2
   01/01/1988: 03:14:23 Link L1_1 setting changed to   0.00 by Control 1
   01/01/1988: 03:14:23 Link L2_1 setting changed to   0.00 by Control 2
   01/01/1988: 03:14:30 Link L1_1 setting changed to   0.00 by Control 1
   01/01/1988: 03:14:30 Link L2_1 setting changed to   0.00 by Control 2
   01/01/1988: 03:14:37 Link L1_1 setting changed to   0.00 by Control 1
   01/01/1988: 03:14:37 Link L2_1 setting changed to   0.00 by Control 2
   01/01/1988: 03:14:43 Link L1_1 setting changed to   0.00 by Control 1
   01/01/1988: 03:14:43 Link L2_1 setting changed to   0.00 by Control 2
   01/01/1988: 03:14:50 Link L1_1 setting changed to   0.00 by Control 1
   01/01/1988: 03:14:50 Link L2_1 setting changed to   0.00 by Control 2
   01/01/1988: 03:14:57 Link L1_1 setting changed to   0.00 by Control 1
   01/01/1988: 03:14:57 Link L2_1 setting changed to   0.00 by Control 2
   01/01/1988: 03:15:04 Link L1_1 setting changed to   0.00 by Control 1
   01/01/1988: 03:15:04 Link L2_1 setting changed to   0.00 by Control 2
   01/01/1988: 03:15:11 Link L1_1 setting changed to   0.00 by Control 1
   01/01/1988: 03:15:11 Link L2_1 setting changed to   0.00 by Control 2
   01/01/1988: 03:15:17 Link L1_1 setting changed to   0.00 by Control 1
   01/01/1988: 03:15:17 Link L2_1 setting changed to   0.00 by Control 2
   01/01/1988: 03:15:24 Link L1_1 setting changed to   0.00 by Control 1
   01/01/1988: 03:15:24 Link L2_1 setting changed to   0.00 by Control 2
   01/01/1988: 03:15:31 Link L1_1 setting changed to   0.00 by Control 1
   01/01/1988: 03:15:31 Link L2_1 setting changed to   0.00 by Control 2
   01/01/1988: 03:15:38 Link L1_1 setting changed to   0.00 by Control 1
   01/01/1988: 03:15:38 Link L2_1 setting changed to   0.00 by Control 2
   01/01/1988: 03:15:45 Link L1_1 setting changed to   0.00 by Control 1
   01/01/1988: 03:15:45 Link L2_1 setting changed to   0.00 by Control 2
   01/01/1988: 03:15:51 Link L1_1 setting changed to   0.00 by Control 1
   01/01/1988: 03:15:51 Link L2_1 setting changed to   0.00 by Control 2
   01/01/1988: 03:15:58 Link L1_1 setting changed to   0.00 by Control 1
   01/01/1988: 03:15:58 Link L2_1 setting changed to   0.00 by Control 2
   01/01/1988: 03:16:05 Link L1_1 setting changed to   0.00 by Control 1
   01/01/1988: 03:16:05 Link L2_1 setting changed to   0.00 by Control 2
   01/01/1988: 03:16:12 Link L1_1 setting changed to   0.00 by Control 1
   01/01/1988: 03:16:12 Link L2_1 setting changed to   0.00 by Control 2
   01/01/1988: 03:16:19 Link L1_1 setting changed to   0.00 by Control 1
   01/01/1988: 03:16:19 Link L2_1 setting changed to   0.00 by Control 2
   01/01/1988: 03:16:26 Link L1_1 setting changed to   0.00 by Control 1
   01/01/1988: 03:16:26 Link L2_1 setting changed to   0.00 by Control 2
   01/01/1988: 03:16:33 Link L1_1 setting changed to   0.00 by Control 1
   01/01/1988: 03:16:33 Link L2_1 setting changed to   0.00 by Control 2
   01/01/1988: 03:16:40 Link L1_1 setting changed to   0.00 by Control 1
   01/01/1988: 03:16:40 Link L2_1 setting changed to   0.00 by Control 2
   01/01/1988: 03:16:46 Link L1_1 setting changed to   0.00 by Control 1
   01/01/1988: 03:16:46 Link L2_1 setting changed to   0.00 by Control 2
   01/01/1988: 03:16:53 Link L1_1 setting changed to   0.00 by Control 1
   01/01/1988: 03:16:53 Link L2_1 setting changed to   0.00 by Control 2
   01/01/1988: 03:17:00 Link L1_1 setting changed to   0.00 by Control 1
   01/01/1988: 03:17:00 Link L2_1 setting changed to   0.00 by Control 2
   01/01/1988: 03:17:07 Link L1_1 setting changed to   0.00 by Control 1
   01/01/1988: 03:17:07 Link L2_1 setting changed to   0.00 by Control 2
   01/01/1988: 03:17:14 Link L1_1 setting changed to   0.00 by Control 1
   01/01/1988: 03:17:14 Link L2_1 setting changed to   0.00 by Control 2
   01/01/1988: 03:17:21 Link L1_1 setting changed to   0.00 by Control 1
   01/01/1988: 03:17:21 Link L2_1 setting changed to   0.00 by Control 2
   01/01/1988: 03:17:28 Link L1_1 setting changed to   0.00 by Control 1
   01/01/1988: 03:17:28 Link L2_1 setting changed to   0.00 by Control 2
   01/01/1988: 03:17:35 Link L1_1 setting changed to   0.00 by Control 1
   01/01/1988: 03:17:35 Link L2_1 setting changed to   0.00 by Control 2
   01/01/1988: 03:17:42 Link L1_1 setting changed to   0.00 by Control 1
   01/01/1988: 03:17:42 Link L2_1 setting changed to   0.00 by Control 2
   01/01/1988: 03:17:49 Link L1_1 setting changed to   0.00 by Control 1
   01/01/1988: 03:17:49 Link L2_1 setting changed to   0.00 by Control 2
   01/01/1988: 03:17:56 Link L1_1 setting changed to   0.00 by Control 1
   01/01/1988: 03:17:56 Link L2_1 setting changed to   0.00 by Control 2
   01/01/1988: 03:18:03 Link L1_1 setting changed to   0.00 by Control 1
   01/01/1988: 03:18:03 Link L2_1 setting changed to   0.00 by Control 2
   01/01/1988: 03:18:10 Link L1_1 setting changed to   0.00 by Control 1
   01/01/1988: 03:18:10 Link L2_1 setting changed to   0.00 by Control 2
   01/01/1988: 03:18:17 Link L1_1 setting changed to   0.00 by Control 1
   01/01/1988: 03:18:17 Link L2_1 setting changed to   0.00 by Control 2
   01/01/1988: 03:18:24 Link L1_1 setting changed to   0.00 by Control 1
   01/01/1988: 03:18:24 Link L2_1 setting changed to   0.00 by Control 2
   01/01/1988: 03:18:31 Link L1_1 setting changed to   0.00 by Control 1
   01/01/1988: 03:18:31 Link L2_1 setting changed to   0.00 by Control 2
   01/01/1988: 03:18:38 Link L1_1 setting changed to   0.00 by Control 1
   01/01/1988: 03:18:38 Link L2_1 setting changed to   0.00 by Control 2
   01/01/1988: 03:18:45 Link L1_1 setting changed to   0.00 by Control 1
   01/01/1988: 03:18:45 Link L2_1 setting changed to   0.00 by Control 2
   01/01/1988: 03:18:52 Link L1_1 setting changed to   0.00 by Control 1
   01/01/1988: 03:18:52 Link L2_1 setting changed to   0.00 by Control 2
   01/01/1988: 03:18:59 Link L1_1 setting changed to   0.00 by Control 1
   01/01/1988: 03:18:59 Link L2_1 setting changed to   0.00 by Control 2
   01/01/1988: 03:19:06 Link L1_1 setting changed to   0.00 by Control 1
   01/01/1988: 03:19:06 Link L2_1 setting changed to   0.00 by Control 2
   01/01/1988: 03:19:13 Link L1_1 setting changed to   0.00 by Control 1
   01/01/1988: 03:19:13 Link L2_1 setting changed to   0.00 by Control 2
   01/01/1988: 03:19:20 Link L1_1 setting changed to   0.00 by Control 1
   01/01/1988: 03:19:20 Link L2_1 setting changed to   0.00 by Control 2
   01/01/1988: 03:19:28 Link L1_1 setting changed to   0.00 by Control 1
   01/01/1988: 03:19:28 Link L2_1 setting changed to   0.00 by Control 2
   01/01/1988: 03:19:35 Link L1_1 setting changed to   0.00 by Control 1
   01/01/1988: 03:19:35 Link L2_1 setting changed to   0.00 by Control 2
   01/01/1988: 03:19:42 Link L1_1 setting changed to   0.00 by Control 1
   01/01/1988: 03:19:42 Link L2_1 setting changed to   0.00 by Control 2
   01/01/1988: 03:19:49 Link L1_1 setting changed to   0.00 by Control 1
   01/01/1988: 03:19:49 Link L2_1 setting changed to   0.00 by Control 2
   01/01/1988: 03:19:56 Link L1_1 setting changed to   0.00 by Control 1
   01/01/1988: 03:19:56 Link L2_1 setting changed to   0.00 by Control 2
   01/01/1988: 03:20:03 Link L1_1 setting changed to   0.00 by Control 1
   01/01/1988: 03:20:03 Link L2_1 setting changed to   0.00 by Control 2
   01/01/1988: 03:20:10 Link L1_1 setting changed to   0.00 by Control 1
   01/01/1988: 03:20:10 Link L2_1 setting changed to   0.00 by Control 2
   01/01/1988: 03:20:17 Link L1_1 setting changed to   0.00 by Control 1
   01/01/1988: 03:20:17 Link L2_1 setting changed to   0.00 by Control 2
   01/01/1988: 03:20:25 Link L1_1 setting changed to   0.00 by Control 1
   01/01/1988: 03:20:25 Link L2_1 setting changed to   0.00 by Control 2
   01/01/1988: 03:20:32 Link L1_1 setting changed to   0.00 by Control 1
   01/01/1988: 03:20:32 Link L2_1 setting changed to   0.00 by Control 2
   01/01/1988: 03:20:39 Link L1_1 setting changed to   0.00 by Control 1
   01/01/1988: 03:20:39 Link L2_1 setting changed to   0.00 by Control 2
   01/01/1988: 03:20:46 Link L1_1 setting changed to   0.00 by Control 1
   01/01/1988: 03:20:46 Link L2_1 setting changed to   0.00 by Control 2
   01/01/1988: 03:20:53 Link L1_1 setting changed to   0.00 by Control 1
   01/01/1988: 03:20:53 Link L2_1 setting changed to   0.00 by Control 2
   01/01/1988: 03:21:01 Link L1_1 setting changed to   0.00 by Control 1
   01/01/1988: 03:21:01 Link L2_1 setting changed to   0.00 by Control 2
   01/01/1988: 03:21:08 Link L1_1 setting changed to   0.00 by Control 1
   01/01/1988: 03:21:08 Link L2_1 setting changed to   0.00 by Control 2
   01/01/1988: 03:21:15 Link L1_1 setting changed to   0.00 by Control 1
   01/01/1988: 03:21:15 Link L2_1 setting changed to   0.00 by Control 2
   01/01/1988: 03:21:22 Link L1_1 setting changed to   0.00 by Control 1
   01/01/1988: 03:21:22 Link L2_1 setting changed to   0.00 by Control 2
   01/01/1988: 03:21:30 Link L1_1 setting changed to   0.00 by Control 1
   01/01/1988: 03:21:30 Link L2_1 setting changed to   0.00 by Control 2
   01/01/1988: 03:21:37 Link L1_1 setting changed to   0.00 by Control 1
   01/01/1988: 03:21:37 Link L2_1 setting changed to   0.00 by Control 2
   01/01/1988: 03:21:44 Link L1_1 setting changed to   0.00 by Control 1
   01/01/1988: 03:21:44 Link L2_1 setting changed to   0.00 by Control 2
   01/01/1988: 03:21:51 Link L1_1 setting changed to   0.00 by Control 1
   01/01/1988: 03:21:51 Link L2_1 setting changed to   0.00 by Control 2
   01/01/1988: 03:21:59 Link L1_1 setting changed to   0.00 by Control 1
   01/01/1988: 03:21:59 Link L2_1 setting changed to   0.00 by Control 2
   01/01/1988: 03:22:06 Link L1_1 setting changed to   0.00 by Control 1
   01/01/1988: 03:22:06 Link L2_1 setting changed to   0.00 by Control 2
   01/01/1988: 03:22:13 Link L1_1 setting changed to   0.00 by Control 1
   01/01/1988: 03:22:13 Link L2_1 setting changed to   0.00 by Control 2
   01/01/1988: 03:22:21 Link L1_1 setting changed to   0.00 by Control 1
   01/01/1988: 03:22:21 Link L2_1 setting changed to   0.00 by Control 2
   01/01/1988: 03:22:28 Link L1_1 setting changed to   0.00 by Control 1
   01/01/1988: 03:22:28 Link L2_1 setting changed to   0.00 by Control 2
   01/01/1988: 03:22:35 Link L1_1 setting changed to   0.00 by Control 1
   01/01/1988: 03:22:35 Link L2_1 setting changed to   0.00 by Control 2
   01/01/1988: 03:22:43 Link L1_1 setting changed to   0.00 by Control 1
   01/01/1988: 03:22:43 Link L2_1 setting changed to   0.00 by Control 2
   01/01/1988: 03:22:50 Link L1_1 setting changed to   0.00 by Control 1
   01/01/1988: 03:22:50 Link L2_1 setting changed to   0.00 by Control 2
   01/01/1988: 03:22:57 Link L1_1 setting changed to   0.00 by Control 1
   01/01/1988: 03:22:57 Link L2_1 setting changed to   0.00 by Control 2
   01/01/1988: 03:23:05 Link L1_1 setting changed to   0.00 by Control 1
   01/01/1988: 03:23:05 Link L2_1 setting changed to   0.00 by Control 2
   01/01/1988: 03:23:12 Link L1_1 setting changed to   0.00 by Control 1
   01/01/1988: 03:23:12 Link L2_1 setting changed to   0.00 by Control 2
   01/01/1988: 03:23:19 Link L1_1 setting changed to   0.00 by Control 1
   01/01/1988: 03:23:19 Link L2_1 setting changed to   0.00 by Control 2
   01/01/1988: 03:23:27 Link L1_1 setting changed to   0.00 by Control 1
   01/01/1988: 03:23:27 Link L2_1 setting changed to   0.00 by Control 2
   01/01/1988: 03:23:34 Link L1_1 setting changed to   0.00 by Control 1
   01/01/1988: 03:23:34 Link L2_1 setting changed to   0.00 by Control 2
   01/01/1988: 03:23:42 Link L1_1 setting changed to   0.00 by Control 1
   01/01/1988: 03:23:42 Link L2_1 setting changed to   0.00 by Control 2
   01/01/1988: 03:23:49 Link L1_1 setting changed to   0.00 by Control 1
   01/01/1988: 03:23:49 Link L2_1 setting changed to   0.00 by Control 2
   01/01/1988: 03:23:57 Link L1_1 setting changed to   0.00 by Control 1
   01/01/1988: 03:23:57 Link L2_1 setting changed to   0.00 by Control 2
   01/01/1988: 03:24:04 Link L1_1 setting changed to   0.00 by Control 1
   01/01/1988: 03:24:04 Link L2_1 setting changed to   0.00 by Control 2
   01/01/1988: 03:24:11 Link L1_1 setting changed to   0.00 by Control 1
   01/01/1988: 03:24:11 Link L2_1 setting changed to   0.00 by Control 2
   01/01/1988: 03:24:19 Link L1_1 setting changed to   0.00 by Control 1
   01/01/1988: 03:24:19 Link L2_1 setting changed to   0.00 by Control 2
   01/01/1988: 03:24:26 Link L1_1 setting changed to   0.00 by Control 1
   01/01/1988: 03:24:26 Link L2_1 setting changed to   0.00 by Control 2
   01/01/1988: 03:24:34 Link L1_1 setting changed to   0.00 by Control 1
   01/01/1988: 03:24:34 Link L2_1 setting changed to   0.00 by Control 2
   01/01/1988: 03:24:41 Link L1_1 setting changed to   0.00 by Control 1
   01/01/1988: 03:24:41 Link L2_1 setting changed to   0.00 by Control 2
   01/01/1988: 03:24:49 Link L1_1 setting changed to   0.00 by Control 1
   01/01/1988: 03:24:49 Link L2_1 setting changed to   0.00 by Control 2
   01/01/1988: 03:24:56 Link L1_1 setting changed to   0.00 by Control 1
   01/01/1988: 03:24:56 Link L2_1 setting changed to   0.00 by Control 2
   01/01/1988: 03:25:04 Link L1_1 setting changed to   0.00 by Control 1
   01/01/1988: 03:25:04 Link L2_1 setting changed to   0.00 by Control 2
   01/01/1988: 03:25:11 Link L1_1 setting changed to   0.00 by Control 1
   01/01/1988: 03:25:11 Link L2_1 setting changed to   0.00 by Control 2
   01/01/1988: 03:25:19 Link L1_1 setting changed to   0.00 by Control 1
   01/01/1988: 03:25:19 Link L2_1 setting changed to   0.00 by Control 2
   01/01/1988: 03:25:26 Link L1_1 setting changed to   0.00 by Control 1
   01/01/1988: 03:25:26 Link L2_1 setting changed to   0.00 by Control 2
   01/01/1988: 03:25:34 Link L1_1 setting changed to   0.00 by Control 1
   01/01/1988: 03:25:34 Link L2_1 setting changed to   0.00 by Control 2
   01/01/1988: 03:25:41 Link L1_1 setting changed to   0.00 by Control 1
   01/01/1988: 03:25:41 Link L2_1 setting changed to   0.00 by Control 2
   01/01/1988: 03:25:49 Link L1_1 setting changed to   0.00 by Control 1
   01/01/1988: 03:25:49 Link L2_1 setting changed to   0.00 by Control 2
   01/01/1988: 03:25:57 Link L1_1 setting changed to   0.00 by Control 1
   01/01/1988: 03:25:57 Link L2_1 setting changed to   0.00 by Control 2
   01/01/1988: 03:26:04 Link L1_1 setting changed to   0.00 by Control 1
   01/01/1988: 03:26:04 Link L2_1 setting changed to   0.00 by Control 2
   01/01/1988: 03:26:12 Link L1_1 setting changed to   0.00 by Control 1
   01/01/1988: 03:26:12 Link L2_1 setting changed to   0.00 by Control 2
   01/01/1988: 03:26:19 Link L1_1 setting changed to   0.00 by Control 1
   01/01/1988: 03:26:19 Link L2_1 setting changed to   0.00 by Control 2
   01/01/1988: 03:26:27 Link L1_1 setting changed to   0.00 by Control 1
   01/01/1988: 03:26:27 Link L2_1 setting changed to   0.00 by Control 2
   01/01/1988: 03:26:35 Link L1_1 setting changed to   0.00 by Control 1
   01/01/1988: 03:26:35 Link L2_1 setting changed to   0.00 by Control 2
   01/01/1988: 03:26:42 Link L1_1 setting changed to   0.00 by Control 1
   01/01/1988: 03:26:42 Link L2_1 setting changed to   0.00 by Control 2
   01/01/1988: 03:26:50 Link L1_1 setting changed to   0.00 by Control 1
   01/01/1988: 03:26:50 Link L2_1 setting changed to   0.00 by Control 2
   01/01/1988: 03:26:57 Link L1_1 setting changed to   0.00 by Control 1
   01/01/1988: 03:26:57 Link L2_1 setting changed to   0.00 by Control 2
   01/01/1988: 03:27:05 Link L1_1 setting changed to   0.00 by Control 1
   01/01/1988: 03:27:05 Link L2_1 setting changed to   0.00 by Control 2
   01/01/1988: 03:27:13 Link L1_1 setting changed to   0.00 by Control 1
   01/01/1988: 03:27:13 Link L2_1 setting changed to   0.00 by Control 2
   01/01/1988: 03:27:20 Link L1_1 setting changed to   0.00 by Control 1
   01/01/1988: 03:27:20 Link L2_1 setting changed to   0.00 by Control 2
   01/01/1988: 03:27:28 Link L1_1 setting changed to   0.00 by Control 1
   01/01/1988: 03:27:28 Link L2_1 setting changed to   0.00 by Control 2
   01/01/1988: 03:27:36 Link L1_1 setting changed to   0.00 by Control 1
   01/01/1988: 03:27:36 Link L2_1 setting changed to   0.00 by Control 2
   01/01/1988: 03:27:43 Link L1_1 setting changed to   0.00 by Control 1
   01/01/1988: 03:27:43 Link L2_1 setting changed to   0.00 by Control 2
   01/01/1988: 03:27:51 Link L1_1 setting changed to   0.00 by Control 1
   01/01/1988: 03:27:51 Link L2_1 setting changed to   0.00 by Control 2
   01/01/1988: 03:27:59 Link L1_1 setting changed to   0.00 by Control 1
   01/01/1988: 03:27:59 Link L2_1 setting changed to   0.00 by Control 2
   01/01/1988: 03:28:07 Link L1_1 setting changed to   0.00 by Control 1
   01/01/1988: 03:28:07 Link L2_1 setting changed to   0.00 by Control 2
   01/01/1988: 03:28:14 Link L1_1 setting changed to   0.00 by Control 1
   01/01/1988: 03:28:14 Link L2_1 setting changed to   0.00 by Control 2
   01/01/1988: 03:28:22 Link L1_1 setting changed to   0.00 by Control 1
   01/01/1988: 03:28:22 Link L2_1 setting changed to   0.00 by Control 2
   01/01/1988: 03:28:30 Link L1_1 setting changed to   0.00 by Control 1
   01/01/1988: 03:28:30 Link L2_1 setting changed to   0.00 by Control 2
   01/01/1988: 03:28:37 Link L1_1 setting changed to   0.00 by Control 1
   01/01/1988: 03:28:37 Link L2_1 setting changed to   0.00 by Control 2
   01/01/1988: 03:28:45 Link L1_1 setting changed to   0.00 by Control 1
   01/01/1988: 03:28:45 Link L2_1 setting changed to   0.00 by Control 2
   01/01/1988: 03:28:53 Link L1_1 setting changed to   0.00 by Control 1
   01/01/1988: 03:28:53 Link L2_1 setting changed to   0.00 by Control 2
   01/01/1988: 03:29:01 Link L1_1 setting changed to   0.00 by Control 1
   01/01/1988: 03:29:01 Link L2_1 setting changed to   0.00 by Control 2
   01/01/1988: 03:29:09 Link L1_1 setting changed to   0.00 by Control 1
   01/01/1988: 03:29:09 Link L2_1 setting changed to   0.00 by Control 2
   01/01/1988: 03:29:16 Link L1_1 setting changed to   0.00 by Control 1
   01/01/1988: 03:29:16 Link L2_1 setting changed to   0.00 by Control 2
   01/01/1988: 03:29:24 Link L1_1 setting changed to   0.00 by Control 1
   01/01/1988: 03:29:24 Link L2_1 setting changed to   0.00 by Control 2
   01/01/1988: 03:29:32 Link L1_1 setting changed to   0.00 by Control 1
   01/01/1988: 03:29:32 Link L2_1 setting changed to   0.00 by Control 2
   01/01/1988: 03:29:40 Link L1_1 setting changed to   0.00 by Control 1
   01/01/1988: 03:29:40 Link L2_1 setting changed to   0.00 by Control 2
   01/01/1988: 03:29:48 Link L1_1 setting changed to   0.00 by Control 1
   01/01/1988: 03:29:48 Link L2_1 setting changed to   0.00 by Control 2
   01/01/1988: 03:29:55 Link L1_1 setting changed to   0.00 by Control 1
   01/01/1988: 03:29:55 Link L2_1 setting changed to   0.00 by Control 2
   01/01/1988: 03:30:03 Link L1_1 setting changed to   0.00 by Control 1
   01/01/1988: 03:30:03 Link L2_1 setting changed to   0.00 by Control 2
   01/01/1988: 03:30:11 Link L1_1 setting changed to   0.00 by Control 1
   01/01/1988: 03:30:11 Link L2_1 setting changed to   0.00 by Control 2
   01/01/1988: 03:30:19 Link L1_1 setting changed to   0.00 by Control 1
   01/01/1988: 03:30:19 Link L2_1 setting changed to   0.00 by Control 2
   01/01/1988: 03:30:27 Link L1_1 setting changed to   0.00 by Control 1
   01/01/1988: 03:30:27 Link L2_1 setting changed to   0.00 by Control 2
   01/01/1988: 03:30:35 Link L1_1 setting changed to   0.00 by Control 1
   01/01/1988: 03:30:35 Link L2_1 setting changed to   0.00 by Control 2
   01/01/1988: 03:30:43 Link L1_1 setting changed to   0.00 by Control 1
   01/01/1988: 03:30:43 Link L2_1 setting changed to   0.00 by Control 2
   01/01/1988: 03:30:51 Link L1_1 setting changed to   0.00 by Control 1
   01/01/1988: 03:30:51 Link L2_1 setting changed to   0.00 by Control 2
   01/01/1988: 03:30:58 Link L1_1 setting changed to   0.00 by Control 1
   01/01/1988: 03:30:58 Link L2_1 setting changed to   0.00 by Control 2
   01/01/1988: 03:31:06 Link L1_1 setting changed to   0.00 by Control 1
   01/01/1988: 03:31:06 Link L2_1 setting changed to   0.00 by Control 2
   01/01/1988: 03:31:14 Link L1_1 setting changed to   0.00 by Control 1
   01/01/1988: 03:31:14 Link L2_1 setting changed to   0.00 by Control 2
   01/01/1988: 03:31:22 Link L1_1 setting changed to   0.00 by Control 1
   01/01/1988: 03:31:22 Link L2_1 setting changed to   0.00 by Control 2
   01/01/1988: 03:31:30 Link L1_1 setting changed to   0.00 by Control 1
   01/01/1988: 03:31:30 Link L2_1 setting changed to   0.00 by Control 2
   01/01/1988: 03:31:38 Link L1_1 setting changed to   0.00 by Control 1
   01/01/1988: 03:31:38 Link L2_1 setting changed to   0.00 by Control 2
   01/01/1988: 03:31:46 Link L1_1 setting changed to   0.00 by Control 1
   01/01/1988: 03:31:46 Link L2_1 setting changed to   0.00 by Control 2
   01/01/1988: 03:31:54 Link L1_1 setting changed to   0.00 by Control 1
   01/01/1988: 03:31:54 Link L2_1 setting changed to   0.00 by Control 2
   01/01/1988: 03:32:02 Link L1_1 setting changed to   0.00 by Control 1
   01/01/1988: 03:32:02 Link L2_1 setting changed to   0.00 by Control 2
   01/01/1988: 03:32:10 Link L1_1 setting changed to   0.00 by Control 1
   01/01/1988: 03:32:10 Link L2_1 setting changed to   0.00 by Control 2
   01/01/1988: 03:32:18 Link L1_1 setting changed to   0.00 by Control 1
   01/01/1988: 03:32:18 Link L2_1 setting changed to   0.00 by Control 2
   01/01/1988: 03:32:26 Link L1_1 setting changed to   0.00 by Control 1
   01/01/1988: 03:32:26 Link L2_1 setting changed to   0.00 by Control 2
   01/01/1988: 03:32:34 Link L1_1 setting changed to   0.00 by Control 1
   01/01/1988: 03:32:34 Link L2_1 setting changed to   0.00 by Control 2
   01/01/1988: 03:32:42 Link L1_1 setting changed to   0.00 by Control 1
   01/01/1988: 03:32:42 Link L2_1 setting changed to   0.00 by Control 2
   01/01/1988: 03:32:50 Link L1_1 setting changed to   0.00 by Control 1
   01/01/1988: 03:32:50 Link L2_1 setting changed to   0.00 by Control 2
   01/01/1988: 03:32:58 Link L1_1 setting changed to   0.00 by Control 1
   01/01/1988: 03:32:58 Link L2_1 setting changed to   0.00 by Control 2
   01/01/1988: 03:33:06 Link L1_1 setting changed to   0.00 by Control 1
   01/01/1988: 03:33:06 Link L2_1 setting changed to   0.00 by Control 2
   01/01/1988: 03:33:14 Link L1_1 setting changed to   0.00 by Control 1
   01/01/1988: 03:33:14 Link L2_1 setting changed to   0.00 by Control 2
   01/01/1988: 03:33:22 Link L1_1 setting changed to   0.00 by Control 1
   01/01/1988: 03:33:22 Link L2_1 setting changed to   0.00 by Control 2
   01/01/1988: 03:33:30 Link L1_1 setting changed to   0.00 by Control 1
   01/01/1988: 03:33:30 Link L2_1 setting changed to   0.00 by Control 2
   01/01/1988: 03:33:38 Link L1_1 setting changed to   0.00 by Control 1
   01/01/1988: 03:33:38 Link L2_1 setting changed to   0.00 by Control 2
   01/01/1988: 03:33:46 Link L1_1 setting changed to   0.00 by Control 1
   01/01/1988: 03:33:46 Link L2_1 setting changed to   0.00 by Control 2
   01/01/1988: 03:33:55 Link L1_1 setting changed to   0.00 by Control 1
   01/01/1988: 03:33:55 Link L2_1 setting changed to   0.00 by Control 2
   01/01/1988: 03:34:03 Link L1_1 setting changed to   0.00 by Control 1
   01/01/1988: 03:34:03 Link L2_1 setting changed to   0.00 by Control 2
   01/01/1988: 03:34:11 Link L1_1 setting changed to   0.00 by Control 1
   01/01/1988: 03:34:11 Link L2_1 setting changed to   0.00 by Control 2
   01/01/1988: 03:34:19 Link L1_1 setting changed to   0.00 by Control 1
   01/01/1988: 03:34:19 Link L2_1 setting changed to   0.00 by Control 2
   01/01/1988: 03:34:27 Link L1_1 setting changed to   0.00 by Control 1
   01/01/1988: 03:34:27 Link L2_1 setting changed to   0.00 by Control 2
   01/01/1988: 03:34:35 Link L1_1 setting changed to   0.00 by Control 1
   01/01/1988: 03:34:35 Link L2_1 setting changed to   0.00 by Control 2
   01/01/1988: 03:34:43 Link L1_1 setting changed to   0.00 by Control 1
   01/01/1988: 03:34:43 Link L2_1 setting changed to   0.00 by Control 2
   01/01/1988: 03:34:51 Link L1_1 setting changed to   0.00 by Control 1
   01/01/1988: 03:34:51 Link L2_1 setting changed to   0.00 by Control 2
   01/01/1988: 03:34:59 Link L1_1 setting changed to   0.00 by Control 1
   01/01/1988: 03:34:59 Link L2_1 setting changed to   0.00 by Control 2
   01/01/1988: 03:35:08 Link L1_1 setting changed to   0.00 by Control 1
   01/01/1988: 03:35:08 Link L2_1 setting changed to   0.00 by Control 2
   01/01/1988: 03:35:16 Link L1_1 setting changed to   0.00 by Control 1
   01/01/1988: 03:35:16 Link L2_1 setting changed to   0.00 by Control 2
   01/01/1988: 03:35:24 Link L1_1 setting changed to   0.00 by Control 1
   01/01/1988: 03:35:24 Link L2_1 setting changed to   0.00 by Control 2
   01/01/1988: 03:35:32 Link L1_1 setting changed to   0.00 by Control 1
   01/01/1988: 03:35:32 Link L2_1 setting changed to   0.00 by Control 2
   01/01/1988: 03:35:40 Link L1_1 setting changed to   0.00 by Control 1
   01/01/1988: 03:35:40 Link L2_1 setting changed to   0.00 by Control 2
   01/01/1988: 03:35:48 Link L1_1 setting changed to   0.00 by Control 1
   01/01/1988: 03:35:48 Link L2_1 setting changed to   0.00 by Control 2
   01/01/1988: 03:35:57 Link L1_1 setting changed to   0.00 by Control 1
   01/01/1988: 03:35:57 Link L2_1 setting changed to   0.00 by Control 2
   01/01/1988: 03:36:05 Link L1_1 setting changed to   0.00 by Control 1
   01/01/1988: 03:36:05 Link L2_1 setting changed to   0.00 by Control 2
   01/01/1988: 03:36:13 Link L1_1 setting changed to   0.00 by Control 1
   01/01/1988: 03:36:13 Link L2_1 setting changed to   0.00 by Control 2
   01/01/1988: 03:36:21 Link L1_1 setting changed to   0.00 by Control 1
   01/01/1988: 03:36:21 Link L2_1 setting changed to   0.00 by Control 2
   01/01/1988: 03:36:30 Link L1_1 setting changed to   0.00 by Control 1
   01/01/1988: 03:36:30 Link L2_1 setting changed to   0.00 by Control 2
   01/01/1988: 03:36:38 Link L1_1 setting changed to   0.00 by Control 1
   01/01/1988: 03:36:38 Link L2_1 setting changed to   0.00 by Control 2
   01/01/1988: 03:36:46 Link L1_1 setting changed to   0.00 by Control 1
   01/01/1988: 03:36:46 Link L2_1 setting changed to   0.00 by Control 2
   01/01/1988: 03:36:54 Link L1_1 setting changed to   0.00 by Control 1
   01/01/1988: 03:36:54 Link L2_1 setting changed to   0.00 by Control 2
   01/01/1988: 03:37:02 Link L1_1 setting changed to   0.00 by Control 1
   01/01/1988: 03:37:02 Link L2_1 setting changed to   0.00 by Control 2
   01/01/1988: 03:37:11 Link L1_1 setting changed to   0.00 by Control 1
   01/01/1988: 03:37:11 Link L2_1 setting changed to   0.00 by Control 2
   01/01/1988: 03:37:19 Link L1_1 setting changed to   0.00 by Control 1
   01/01/1988: 03:37:19 Link L2_1 setting changed to   0.00 by Control 2
   01/01/1988: 03:37:27 Link L1_1 setting changed to   0.00 by Control 1
   01/01/1988: 03:37:27 Link L2_1 setting changed to   0.00 by Control 2
   01/01/1988: 03:37:36 Link L1_1 setting changed to   0.00 by Control 1
   01/01/1988: 03:37:36 Link L2_1 setting changed to   0.00 by Control 2
   01/01/1988: 03:37:44 Link L1_1 setting changed to   0.00 by Control 1
   01/01/1988: 03:37:44 Link L2_1 setting changed to   0.00 by Control 2
   01/01/1988: 03:37:52 Link L1_1 setting changed to   0.00 by Control 1
   01/01/1988: 03:37:52 Link L2_1 setting changed to   0.00 by Control 2
   01/01/1988: 03:38:00 Link L1_1 setting changed to   0.00 by Control 1
   01/01/1988: 03:38:00 Link L2_1 setting changed to   0.00 by Control 2
   01/01/1988: 03:38:09 Link L1_1 setting changed to   0.00 by Control 1
   01/01/1988: 03:38:09 Link L2_1 setting changed to   0.00 by Control 2
   01/01/1988: 03:38:17 Link L1_1 setting changed to   0.00 by Control 1
   01/01/1988: 03:38:17 Link L2_1 setting changed to   0.00 by Control 2
   01/01/1988: 03:38:25 Link L1_1 setting changed to   0.00 by Control 1
   01/01/1988: 03:38:25 Link L2_1 setting changed to   0.00 by Control 2
   01/01/1988: 03:38:34 Link L1_1 setting changed to   0.00 by Control 1
   01/01/1988: 03:38:34 Link L2_1 setting changed to   0.00 by Control 2
   01/01/1988: 03:38:42 Link L1_1 setting changed to   0.00 by Control 1
   01/01/1988: 03:38:42 Link L2_1 setting changed to   0.00 by Control 2
   01/01/1988: 03:38:50 Link L1_1 setting changed to   0.00 by Control 1
   01/01/1988: 03:38:50 Link L2_1 setting changed to   0.00 by Control 2
   01/01/1988: 03:38:59 Link L1_1 setting changed to   0.00 by Control 1
   01/01/1988: 03:38:59 Link L2_1 setting changed to   0.00 by Control 2
   01/01/1988: 03:39:07 Link L1_1 setting changed to   0.00 by Control 1
   01/01/1988: 03:39:07 Link L2_1 setting changed to   0.00 by Control 2
   01/01/1988: 03:39:15 Link L1_1 setting changed to   0.00 by Control 1
   01/01/1988: 03:39:15 Link L2_1 setting changed to   0.00 by Control 2
   01/01/1988: 03:39:24 Link L1_1 setting changed to   0.00 by Control 1
   01/01/1988: 03:39:24 Link L2_1 setting changed to   0.00 by Control 2
   01/01/1988: 03:39:28 Link L1_1 setting changed to   0.00 by Control 1
   01/01/1988: 03:39:28 Link L2_1 setting changed to   0.00 by Control 2
   01/01/1988: 03:39:36 Link L1_1 setting changed to   0.00 by Control 1
   01/01/1988: 03:39:36 Link L2_1 setting changed to   0.00 by Control 2
   01/01/1988: 03:39:44 Link L1_1 setting changed to   0.00 by Control 1
   01/01/1988: 03:39:44 Link L2_1 setting changed to   0.00 by Control 2
   01/01/1988: 03:39:52 Link L1_1 setting changed to   0.00 by Control 1
   01/01/1988: 03:39:52 Link L2_1 setting changed to   0.00 by Control 2
   01/01/1988: 03:40:01 Link L1_1 setting changed to   0.00 by Control 1
   01/01/1988: 03:40:01 Link L2_1 setting changed to   0.00 by Control 2
   01/01/1988: 03:40:09 Link L1_1 setting changed to   0.00 by Control 1
   01/01/1988: 03:40:09 Link L2_1 setting changed to   0.00 by Control 2
   01/01/1988: 03:40:18 Link L1_1 setting changed to   0.00 by Control 1
   01/01/1988: 03:40:18 Link L2_1 setting changed to   0.00 by Control 2
   01/01/1988: 03:40:26 Link L1_1 setting changed to   0.00 by Control 1
   01/01/1988: 03:40:26 Link L2_1 setting changed to   0.00 by Control 2
   01/01/1988: 03:40:30 Link L1_1 setting changed to   0.00 by Control 1
   01/01/1988: 03:40:30 Link L2_1 setting changed to   0.00 by Control 2
   01/01/1988: 03:40:37 Link L1_1 setting changed to   0.00 by Control 1
   01/01/1988: 03:40:37 Link L2_1 setting changed to   0.00 by Control 2
   01/01/1988: 03:40:46 Link L1_1 setting changed to   0.00 by Control 1
   01/01/1988: 03:40:46 Link L2_1 setting changed to   0.00 by Control 2
   01/01/1988: 03:40:50 Link L1_1 setting changed to   0.00 by Control 1
   01/01/1988: 03:40:50 Link L2_1 setting changed to   0.00 by Control 2
   01/01/1988: 03:40:58 Link L1_1 setting changed to   0.00 by Control 1
   01/01/1988: 03:40:58 Link L2_1 setting changed to   0.00 by Control 2
   01/01/1988: 03:41:07 Link L1_1 setting changed to   0.00 by Control 1
   01/01/1988: 03:41:07 Link L2_1 setting changed to   0.00 by Control 2
   01/01/1988: 03:41:15 Link L1_1 setting changed to   0.00 by Control 1
   01/01/1988: 03:41:15 Link L2_1 setting changed to   0.00 by Control 2
   01/01/1988: 03:41:24 Link L1_1 setting changed to   0.00 by Control 1
   01/01/1988: 03:41:24 Link L2_1 setting changed to   0.00 by Control 2
   01/01/1988: 03:41:32 Link L1_1 setting changed to   0.00 by Control 1
   01/01/1988: 03:41:32 Link L2_1 setting changed to   0.00 by Control 2
   01/01/1988: 03:41:36 Link L1_1 setting changed to   0.00 by Control 1
   01/01/1988: 03:41:36 Link L2_1 setting changed to   0.00 by Control 2
   01/01/1988: 03:41:43 Link L1_1 setting changed to   0.00 by Control 1
   01/01/1988: 03:41:43 Link L2_1 setting changed to   0.00 by Control 2
   01/01/1988: 03:41:51 Link L1_1 setting changed to   0.00 by Control 1
   01/01/1988: 03:41:51 Link L2_1 setting changed to   0.00 by Control 2
   01/01/1988: 03:42:00 Link L1_1 setting changed to   0.00 by Control 1
   01/01/1988: 03:42:00 Link L2_1 setting changed to   0.00 by Control 2
   01/01/1988: 03:42:08 Link L1_1 setting changed to   0.00 by Control 1
   01/01/1988: 03:42:08 Link L2_1 setting changed to   0.00 by Control 2
   01/01/1988: 03:42:17 Link L1_1 setting changed to   0.00 by Control 1
   01/01/1988: 03:42:17 Link L2_1 setting changed to   0.00 by Control 2
   01/01/1988: 03:42:25 Link L1_1 setting changed to   0.00 by Control 1
   01/01/1988: 03:42:25 Link L2_1 setting changed to   0.00 by Control 2
   01/01/1988: 03:42:34 Link L1_1 setting changed to   0.00 by Control 1
   01/01/1988: 03:42:34 Link L2_1 setting changed to   0.00 by Control 2
   01/01/1988: 03:42:42 Link L1_1 setting changed to   0.00 by Control 1
   01/01/1988: 03:42:42 Link L2_1 setting changed to   0.00 by Control 2
   01/01/1988: 03:42:51 Link L1_1 setting changed to   0.00 by Control 1
   01/01/1988: 03:42:51 Link L2_1 setting changed to   0.00 by Control 2
   01/01/1988: 03:43:00 Link L1_1 setting changed to   0.00 by Control 1
   01/01/1988: 03:43:00 Link L2_1 setting changed to   0.00 by Control 2
   01/01/1988: 03:43:08 Link L1_1 setting changed to   0.00 by Control 1
   01/01/1988: 03:43:08 Link L2_1 setting changed to   0.00 by Control 2
   01/01/1988: 03:43:17 Link L1_1 setting changed to   0.00 by Control 1
   01/01/1988: 03:43:17 Link L2_1 setting changed to   0.00 by Control 2
   01/01/1988: 03:43:25 Link L1_1 setting changed to   0.00 by Control 1
   01/01/1988: 03:43:25 Link L2_1 setting changed to   0.00 by Control 2
   01/01/1988: 03:43:34 Link L1_1 setting changed to   0.00 by Control 1
   01/01/1988: 03:43:34 Link L2_1 setting changed to   0.00 by Control 2
   01/01/1988: 03:43:42 Link L1_1 setting changed to   0.00 by Control 1
   01/01/1988: 03:43:42 Link L2_1 setting changed to   0.00 by Control 2
   01/01/1988: 03:43:51 Link L1_1 setting changed to   0.00 by Control 1
   01/01/1988: 03:43:51 Link L2_1 setting changed to   0.00 by Control 2
   01/01/1988: 03:44:00 Link L1_1 setting changed to   0.00 by Control 1
   01/01/1988: 03:44:00 Link L2_1 setting changed to   0.00 by Control 2
   01/01/1988: 03:44:08 Link L1_1 setting changed to   0.00 by Control 1
   01/01/1988: 03:44:08 Link L2_1 setting changed to   0.00 by Control 2
   01/01/1988: 03:44:17 Link L1_1 setting changed to   0.00 by Control 1
   01/01/1988: 03:44:17 Link L2_1 setting changed to   0.00 by Control 2
   01/01/1988: 03:44:25 Link L1_1 setting changed to   0.00 by Control 1
   01/01/1988: 03:44:25 Link L2_1 setting changed to   0.00 by Control 2
   01/01/1988: 03:44:34 Link L1_1 setting changed to   0.00 by Control 1
   01/01/1988: 03:44:34 Link L2_1 setting changed to   0.00 by Control 2
   01/01/1988: 03:44:43 Link L1_1 setting changed to   0.00 by Control 1
   01/01/1988: 03:44:43 Link L2_1 setting changed to   0.00 by Control 2
   01/01/1988: 03:44:51 Link L1_1 setting changed to   0.00 by Control 1
   01/01/1988: 03:44:51 Link L2_1 setting changed to   0.00 by Control 2
   01/01/1988: 03:45:00 Link L1_1 setting changed to   0.00 by Control 1
   01/01/1988: 03:45:00 Link L2_1 setting changed to   0.00 by Control 2
   01/01/1988: 03:45:08 Link L1_1 setting changed to   0.00 by Control 1
   01/01/1988: 03:45:08 Link L2_1 setting changed to   0.00 by Control 2
   01/01/1988: 03:45:17 Link L1_1 setting changed to   0.00 by Control 1
   01/01/1988: 03:45:17 Link L2_1 setting changed to   0.00 by Control 2
   01/01/1988: 03:45:26 Link L1_1 setting changed to   0.00 by Control 1
   01/01/1988: 03:45:26 Link L2_1 setting changed to   0.00 by Control 2
   01/01/1988: 03:45:34 Link L1_1 setting changed to   0.00 by Control 1
   01/01/1988: 03:45:34 Link L2_1 setting changed to   0.00 by Control 2
   01/01/1988: 03:45:43 Link L1_1 setting changed to   0.00 by Control 1
   01/01/1988: 03:45:43 Link L2_1 setting changed to   0.00 by Control 2
   01/01/1988: 03:45:52 Link L1_1 setting changed to   0.00 by Control 1
   01/01/1988: 03:45:52 Link L2_1 setting changed to   0.00 by Control 2
   01/01/1988: 03:46:01 Link L1_1 setting changed to   0.00 by Control 1
   01/01/1988: 03:46:01 Link L2_1 setting changed to   0.00 by Control 2
   01/01/1988: 03:46:09 Link L1_1 setting changed to   0.00 by Control 1
   01/01/1988: 03:46:09 Link L2_1 setting changed to   0.00 by Control 2
   01/01/1988: 03:46:18 Link L1_1 setting changed to   0.00 by Control 1
   01/01/1988: 03:46:18 Link L2_1 setting changed to   0.00 by Control 2
   01/01/1988: 03:46:27 Link L1_1 setting changed to   0.00 by Control 1
   01/01/1988: 03:46:27 Link L2_1 setting changed to   0.00 by Control 2
   01/01/1988: 03:46:35 Link L1_1 setting changed to   0.00 by Control 1
   01/01/1988: 03:46:35 Link L2_1 setting changed to   0.00 by Control 2
   01/01/1988: 03:46:44 Link L1_1 setting changed to   0.00 by Control 1
   01/01/1988: 03:46:44 Link L2_1 setting changed to   0.00 by Control 2
   01/01/1988: 03:46:53 Link L1_1 setting changed to   0.00 by Control 1
   01/01/1988: 03:46:53 Link L2_1 setting changed to   0.00 by Control 2
   01/01/1988: 03:47:02 Link L1_1 setting changed to   0.00 by Control 1
   01/01/1988: 03:47:02 Link L2_1 setting changed to   0.00 by Control 2
   01/01/1988: 03:47:10 Link L1_1 setting changed to   0.00 by Control 1
   01/01/1988: 03:47:10 Link L2_1 setting changed to   0.00 by Control 2
   01/01/1988: 03:47:19 Link L1_1 setting changed to   0.00 by Control 1
   01/01/1988: 03:47:19 Link L2_1 setting changed to   0.00 by Control 2
   01/01/1988: 03:47:28 Link L1_1 setting changed to   0.00 by Control 1
   01/01/1988: 03:47:28 Link L2_1 setting changed to   0.00 by Control 2
   01/01/1988: 03:47:37 Link L1_1 setting changed to   0.00 by Control 1
   01/01/1988: 03:47:37 Link L2_1 setting changed to   0.00 by Control 2
   01/01/1988: 03:47:45 Link L1_1 setting changed to   0.00 by Control 1
   01/01/1988: 03:47:45 Link L2_1 setting changed to   0.00 by Control 2
   01/01/1988: 03:47:54 Link L1_1 setting changed to   0.00 by Control 1
   01/01/1988: 03:47:54 Link L2_1 setting changed to   0.00 by Control 2
   01/01/1988: 03:48:03 Link L1_1 setting changed to   0.00 by Control 1
   01/01/1988: 03:48:03 Link L2_1 setting changed to   0.00 by Control 2
   01/01/1988: 03:48:12 Link L1_1 setting changed to   0.00 by Control 1
   01/01/1988: 03:48:12 Link L2_1 setting changed to   0.00 by Control 2
   01/01/1988: 03:48:20 Link L1_1 setting changed to   0.00 by Control 1
   01/01/1988: 03:48:20 Link L2_1 setting changed to   0.00 by Control 2
   01/01/1988: 03:48:29 Link L1_1 setting changed to   0.00 by Control 1
   01/01/1988: 03:48:29 Link L2_1 setting changed to   0.00 by Control 2
   01/01/1988: 03:48:38 Link L1_1 setting changed to   0.00 by Control 1
   01/01/1988: 03:48:38 Link L2_1 setting changed to   0.00 by Control 2
   01/01/1988: 03:48:47 Link L1_1 setting changed to   0.00 by Control 1
   01/01/1988: 03:48:47 Link L2_1 setting changed to   0.00 by Control 2
   01/01/1988: 03:48:56 Link L1_1 setting changed to   0.00 by Control 1
   01/01/1988: 03:48:56 Link L2_1 setting changed to   0.00 by Control 2
   01/01/1988: 03:49:05 Link L1_1 setting changed to   0.00 by Control 1
   01/01/1988: 03:49:05 Link L2_1 setting changed to   0.00 by Control 2
   01/01/1988: 03:49:13 Link L1_1 setting changed to   0.00 by Control 1
   01/01/1988: 03:49:13 Link L2_1 setting changed to   0.00 by Control 2
   01/01/1988: 03:49:22 Link L1_1 setting changed to   0.00 by Control 1
   01/01/1988: 03:49:22 Link L2_1 setting changed to   0.00 by Control 2
   01/01/1988: 03:49:31 Link L1_1 setting changed to   0.00 by Control 1
   01/01/1988: 03:49:31 Link L2_1 setting changed to   0.00 by Control 2
   01/01/1988: 03:49:40 Link L1_1 setting changed to   0.00 by Control 1
   01/01/1988: 03:49:40 Link L2_1 setting changed to   0.00 by Control 2
   01/01/1988: 03:49:49 Link L1_1 setting changed to   0.00 by Control 1
   01/01/1988: 03:49:49 Link L2_1 setting changed to   0.00 by Control 2
   01/01/1988: 03:49:58 Link L1_1 setting changed to   0.00 by Control 1
   01/01/1988: 03:49:58 Link L2_1 setting changed to   0.00 by Control 2
   01/01/1988: 03:50:07 Link L1_1 setting changed to   0.00 by Control 1
   01/01/1988: 03:50:07 Link L2_1 setting changed to   0.00 by Control 2
   01/01/1988: 03:50:16 Link L1_1 setting changed to   0.00 by Control 1
   01/01/1988: 03:50:16 Link L2_1 setting changed to   0.00 by Control 2
   01/01/1988: 03:50:24 Link L1_1 setting changed to   0.00 by Control 1
   01/01/1988: 03:50:24 Link L2_1 setting changed to   0.00 by Control 2
   01/01/1988: 03:50:33 Link L1_1 setting changed to   0.00 by Control 1
   01/01/1988: 03:50:33 Link L2_1 setting changed to   0.00 by Control 2
   01/01/1988: 03:50:42 Link L1_1 setting changed to   0.00 by Control 1
   01/01/1988: 03:50:42 Link L2_1 setting changed to   0.00 by Control 2
   01/01/1988: 03:50:51 Link L1_1 setting changed to   0.00 by Control 1
   01/01/1988: 03:50:51 Link L2_1 setting changed to   0.00 by Control 2
   01/01/1988: 03:51:00 Link L1_1 setting changed to   0.00 by Control 1
   01/01/1988: 03:51:00 Link L2_1 setting changed to   0.00 by Control 2
   01/01/1988: 03:51:09 Link L1_1 setting changed to   0.00 by Control 1
   01/01/1988: 03:51:09 Link L2_1 setting changed to   0.00 by Control 2
   01/01/1988: 03:51:18 Link L1_1 setting changed to   0.00 by Control 1
   01/01/1988: 03:51:18 Link L2_1 setting changed to   0.00 by Control 2
   01/01/1988: 03:51:27 Link L1_1 setting changed to   0.00 by Control 1
   01/01/1988: 03:51:27 Link L2_1 setting changed to   0.00 by Control 2
   01/01/1988: 03:51:36 Link L1_1 setting changed to   0.00 by Control 1
   01/01/1988: 03:51:36 Link L2_1 setting changed to   0.00 by Control 2
   01/01/1988: 03:51:45 Link L1_1 setting changed to   0.00 by Control 1
   01/01/1988: 03:51:45 Link L2_1 setting changed to   0.00 by Control 2
   01/01/1988: 03:51:54 Link L1_1 setting changed to   0.00 by Control 1
   01/01/1988: 03:51:54 Link L2_1 setting changed to   0.00 by Control 2
   01/01/1988: 03:52:03 Link L1_1 setting changed to   0.00 by Control 1
   01/01/1988: 03:52:03 Link L2_1 setting changed to   0.00 by Control 2
   01/01/1988: 03:52:12 Link L1_1 setting changed to   0.00 by Control 1
   01/01/1988: 03:52:12 Link L2_1 setting changed to   0.00 by Control 2
   01/01/1988: 03:52:21 Link L1_1 setting changed to   0.00 by Control 1
   01/01/1988: 03:52:21 Link L2_1 setting changed to   0.00 by Control 2
   01/01/1988: 03:52:30 Link L1_1 setting changed to   0.00 by Control 1
   01/01/1988: 03:52:30 Link L2_1 setting changed to   0.00 by Control 2
   01/01/1988: 03:52:39 Link L1_1 setting changed to   0.00 by Control 1
   01/01/1988: 03:52:39 Link L2_1 setting changed to   0.00 by Control 2
   01/01/1988: 03:52:48 Link L1_1 setting changed to   0.00 by Control 1
   01/01/1988: 03:52:48 Link L2_1 setting changed to   0.00 by Control 2
   01/01/1988: 03:52:57 Link L1_1 setting changed to   0.00 by Control 1
   01/01/1988: 03:52:57 Link L2_1 setting changed to   0.00 by Control 2
   01/01/1988: 03:53:06 Link L1_1 setting changed to   0.00 by Control 1
   01/01/1988: 03:53:06 Link L2_1 setting changed to   0.00 by Control 2
   01/01/1988: 03:53:15 Link L1_1 setting changed to   0.00 by Control 1
   01/01/1988: 03:53:15 Link L2_1 setting changed to   0.00 by Control 2
   01/01/1988: 03:53:24 Link L1_1 setting changed to   0.00 by Control 1
   01/01/1988: 03:53:24 Link L2_1 setting changed to   0.00 by Control 2
   01/01/1988: 03:53:33 Link L1_1 setting changed to   0.00 by Control 1
   01/01/1988: 03:53:33 Link L2_1 setting changed to   0.00 by Control 2
   01/01/1988: 03:53:42 Link L1_1 setting changed to   0.00 by Control 1
   01/01/1988: 03:53:42 Link L2_1 setting changed to   0.00 by Control 2
   01/01/1988: 03:53:51 Link L1_1 setting changed to   0.00 by Control 1
   01/01/1988: 03:53:51 Link L2_1 setting changed to   0.00 by Control 2
   01/01/1988: 03:54:00 Link L1_1 setting changed to   0.00 by Control 1
   01/01/1988: 03:54:00 Link L2_1 setting changed to   0.00 by Control 2
   01/01/1988: 03:54:09 Link L1_1 setting changed to   0.00 by Control 1
   01/01/1988: 03:54:09 Link L2_1 setting changed to   0.00 by Control 2
   01/01/1988: 03:54:18 Link L1_1 setting changed to   0.00 by Control 1
   01/01/1988: 03:54:18 Link L2_1 setting changed to   0.00 by Control 2
   01/01/1988: 03:54:27 Link L1_1 setting changed to   0.00 by Control 1
   01/01/1988: 03:54:27 Link L2_1 setting changed to   0.00 by Control 2
   01/01/1988: 03:54:37 Link L1_1 setting changed to   0.00 by Control 1
   01/01/1988: 03:54:37 Link L2_1 setting changed to   0.00 by Control 2
   01/01/1988: 03:54:46 Link L1_1 setting changed to   0.00 by Control 1
   01/01/1988: 03:54:46 Link L2_1 setting changed to   0.00 by Control 2
   01/01/1988: 03:54:55 Link L1_1 setting changed to   0.00 by Control 1
   01/01/1988: 03:54:55 Link L2_1 setting changed to   0.00 by Control 2
   01/01/1988: 03:55:04 Link L1_1 setting changed to   0.00 by Control 1
   01/01/1988: 03:55:04 Link L2_1 setting changed to   0.00 by Control 2
   01/01/1988: 03:55:13 Link L1_1 setting changed to   0.00 by Control 1
   01/01/1988: 03:55:13 Link L2_1 setting changed to   0.00 by Control 2
   01/01/1988: 03:55:22 Link L1_1 setting changed to   0.00 by Control 1
   01/01/1988: 03:55:22 Link L2_1 setting changed to   0.00 by Control 2
   01/01/1988: 03:55:31 Link L1_1 setting changed to   0.00 by Control 1
   01/01/1988: 03:55:31 Link L2_1 setting changed to   0.00 by Control 2
   01/01/1988: 03:55:40 Link L1_1 setting changed to   0.00 by Control 1
   01/01/1988: 03:55:40 Link L2_1 setting changed to   0.00 by Control 2
   01/01/1988: 03:55:49 Link L1_1 setting changed to   0.00 by Control 1
   01/01/1988: 03:55:49 Link L2_1 setting changed to   0.00 by Control 2
   01/01/1988: 03:55:59 Link L1_1 setting changed to   0.00 by Control 1
   01/01/1988: 03:55:59 Link L2_1 setting changed to   0.00 by Control 2
   01/01/1988: 03:56:08 Link L1_1 setting changed to   0.00 by Control 1
   01/01/1988: 03:56:08 Link L2_1 setting changed to   0.00 by Control 2
   01/01/1988: 03:56:17 Link L1_1 setting changed to   0.00 by Control 1
   01/01/1988: 03:56:17 Link L2_1 setting changed to   0.00 by Control 2
   01/01/1988: 03:56:26 Link L1_1 setting changed to   0.00 by Control 1
   01/01/1988: 03:56:26 Link L2_1 setting changed to   0.00 by Control 2
   01/01/1988: 03:56:35 Link L1_1 setting changed to   0.00 by Control 1
   01/01/1988: 03:56:35 Link L2_1 setting changed to   0.00 by Control 2
   01/01/1988: 03:56:44 Link L1_1 setting changed to   0.00 by Control 1
   01/01/1988: 03:56:44 Link L2_1 setting changed to   0.00 by Control 2
   01/01/1988: 03:56:54 Link L1_1 setting changed to   0.00 by Control 1
   01/01/1988: 03:56:54 Link L2_1 setting changed to   0.00 by Control 2
   01/01/1988: 03:57:03 Link L1_1 setting changed to   0.00 by Control 1
   01/01/1988: 03:57:03 Link L2_1 setting changed to   0.00 by Control 2
   01/01/1988: 03:57:12 Link L1_1 setting changed to   0.00 by Control 1
   01/01/1988: 03:57:12 Link L2_1 setting changed to   0.00 by Control 2
   01/01/1988: 03:57:21 Link L1_1 setting changed to   0.00 by Control 1
   01/01/1988: 03:57:21 Link L2_1 setting changed to   0.00 by Control 2
   01/01/1988: 03:57:30 Link L1_1 setting changed to   0.00 by Control 1
   01/01/1988: 03:57:30 Link L2_1 setting changed to   0.00 by Control 2
   01/01/1988: 03:57:40 Link L1_1 setting changed to   0.00 by Control 1
   01/01/1988: 03:57:40 Link L2_1 setting changed to   0.00 by Control 2
   01/01/1988: 03:57:49 Link L1_1 setting changed to   0.00 by Control 1
   01/01/1988: 03:57:49 Link L2_1 setting changed to   0.00 by Control 2
   01/01/1988: 03:57:58 Link L1_1 setting changed to   0.00 by Control 1
   01/01/1988: 03:57:58 Link L2_1 setting changed to   0.00 by Control 2
   01/01/1988: 03:58:07 Link L1_1 setting changed to   0.00 by Control 1
   01/01/1988: 03:58:07 Link L2_1 setting changed to   0.00 by Control 2
   01/01/1988: 03:58:17 Link L1_1 setting changed to   0.00 by Control 1
   01/01/1988: 03:58:17 Link L2_1 setting changed to   0.00 by Control 2
   01/01/1988: 03:58:26 Link L1_1 setting changed to   0.00 by Control 1
   01/01/1988: 03:58:26 Link L2_1 setting changed to   0.00 by Control 2
   01/01/1988: 03:58:35 Link L1_1 setting changed to   0.00 by Control 1
   01/01/1988: 03:58:35 Link L2_1 setting changed to   0.00 by Control 2
   01/01/1988: 03:58:44 Link L1_1 setting changed to   0.00 by Control 1
   01/01/1988: 03:58:44 Link L2_1 setting changed to   0.00 by Control 2
   01/01/1988: 03:58:54 Link L1_1 setting changed to   0.00 by Control 1
   01/01/1988: 03:58:54 Link L2_1 setting changed to   0.00 by Control 2
   01/01/1988: 03:59:03 Link L1_1 setting changed to   0.00 by Control 1
   01/01/1988: 03:59:03 Link L2_1 setting changed to   0.00 by Control 2
   01/01/1988: 03:59:12 Link L1_1 setting changed to   0.00 by Control 1
   01/01/1988: 03:59:12 Link L2_1 setting changed to   0.00 by Control 2
   01/01/1988: 03:59:21 Link L1_1 setting changed to   0.00 by Control 1
   01/01/1988: 03:59:21 Link L2_1 setting changed to   0.00 by Control 2
   01/01/1988: 03:59:31 Link L1_1 setting changed to   0.00 by Control 1
   01/01/1988: 03:59:31 Link L2_1 setting changed to   0.00 by Control 2
   01/01/1988: 03:59:40 Link L1_1 setting changed to   0.00 by Control 1
   01/01/1988: 03:59:40 Link L2_1 setting changed to   0.00 by Control 2
   01/01/1988: 03:59:49 Link L1_1 setting changed to   0.00 by Control 1
   01/01/1988: 03:59:49 Link L2_1 setting changed to   0.00 by Control 2
   01/01/1988: 03:59:59 Link L1_1 setting changed to   0.00 by Control 1
   01/01/1988: 03:59:59 Link L2_1 setting changed to   0.00 by Control 2
   01/01/1988: 04:00:08 Link L1_1 setting changed to   0.00 by Control 1
   01/01/1988: 04:00:08 Link L2_1 setting changed to   0.00 by Control 2
   01/01/1988: 04:00:17 Link L1_1 setting changed to   0.00 by Control 1
   01/01/1988: 04:00:17 Link L2_1 setting changed to   0.00 by Control 2
   01/01/1988: 04:00:27 Link L1_1 setting changed to   0.00 by Control 1
   01/01/1988: 04:00:27 Link L2_1 setting changed to   0.00 by Control 2
   01/01/1988: 04:00:36 Link L1_1 setting changed to   0.00 by Control 1
   01/01/1988: 04:00:36 Link L2_1 setting changed to   0.00 by Control 2
   01/01/1988: 04:00:45 Link L1_1 setting changed to   0.00 by Control 1
   01/01/1988: 04:00:45 Link L2_1 setting changed to   0.00 by Control 2
   01/01/1988: 04:00:55 Link L1_1 setting changed to   0.00 by Control 1
   01/01/1988: 04:00:55 Link L2_1 setting changed to   0.00 by Control 2
   01/01/1988: 04:01:04 Link L1_1 setting changed to   0.00 by Control 1
   01/01/1988: 04:01:04 Link L2_1 setting changed to   0.00 by Control 2
   01/01/1988: 04:01:13 Link L1_1 setting changed to   0.00 by Control 1
   01/01/1988: 04:01:13 Link L2_1 setting changed to   0.00 by Control 2
   01/01/1988: 04:01:23 Link L1_1 setting changed to   0.00 by Control 1
   01/01/1988: 04:01:23 Link L2_1 setting changed to   0.00 by Control 2
   01/01/1988: 04:01:32 Link L1_1 setting changed to   0.00 by Control 1
   01/01/1988: 04:01:32 Link L2_1 setting changed to   0.00 by Control 2
   01/01/1988: 04:01:41 Link L1_1 setting changed to   0.00 by Control 1
   01/01/1988: 04:01:41 Link L2_1 setting changed to   0.00 by Control 2
   01/01/1988: 04:01:51 Link L1_1 setting changed to   0.00 by Control 1
   01/01/1988: 04:01:51 Link L2_1 setting changed to   0.00 by Control 2
   01/01/1988: 04:02:00 Link L1_1 setting changed to   0.00 by Control 1
   01/01/1988: 04:02:00 Link L2_1 setting changed to   0.00 by Control 2
   01/01/1988: 04:02:10 Link L1_1 setting changed to   0.00 by Control 1
   01/01/1988: 04:02:10 Link L2_1 setting changed to   0.00 by Control 2
   01/01/1988: 04:02:19 Link L1_1 setting changed to   0.00 by Control 1
   01/01/1988: 04:02:19 Link L2_1 setting changed to   0.00 by Control 2
   01/01/1988: 04:02:28 Link L1_1 setting changed to   0.00 by Control 1
   01/01/1988: 04:02:28 Link L2_1 setting changed to   0.00 by Control 2
   01/01/1988: 04:02:38 Link L1_1 setting changed to   0.00 by Control 1
   01/01/1988: 04:02:38 Link L2_1 setting changed to   0.00 by Control 2
   01/01/1988: 04:02:47 Link L1_1 setting changed to   0.00 by Control 1
   01/01/1988: 04:02:47 Link L2_1 setting changed to   0.00 by Control 2
   01/01/1988: 04:02:57 Link L1_1 setting changed to   0.00 by Control 1
   01/01/1988: 04:02:57 Link L2_1 setting changed to   0.00 by Control 2
   01/01/1988: 04:03:06 Link L1_1 setting changed to   0.00 by Control 1
   01/01/1988: 04:03:06 Link L2_1 setting changed to   0.00 by Control 2
   01/01/1988: 04:03:16 Link L1_1 setting changed to   0.00 by Control 1
   01/01/1988: 04:03:16 Link L2_1 setting changed to   0.00 by Control 2
   01/01/1988: 04:03:25 Link L1_1 setting changed to   0.00 by Control 1
   01/01/1988: 04:03:25 Link L2_1 setting changed to   0.00 by Control 2
   01/01/1988: 04:03:34 Link L1_1 setting changed to   0.00 by Control 1
   01/01/1988: 04:03:34 Link L2_1 setting changed to   0.00 by Control 2
   01/01/1988: 04:03:44 Link L1_1 setting changed to   0.00 by Control 1
   01/01/1988: 04:03:44 Link L2_1 setting changed to   0.00 by Control 2
   01/01/1988: 04:03:53 Link L1_1 setting changed to   0.00 by Control 1
   01/01/1988: 04:03:53 Link L2_1 setting changed to   0.00 by Control 2
   01/01/1988: 04:04:03 Link L1_1 setting changed to   0.00 by Control 1
   01/01/1988: 04:04:03 Link L2_1 setting changed to   0.00 by Control 2
   01/01/1988: 04:04:12 Link L1_1 setting changed to   0.00 by Control 1
   01/01/1988: 04:04:12 Link L2_1 setting changed to   0.00 by Control 2
   01/01/1988: 04:04:22 Link L1_1 setting changed to   0.00 by Control 1
   01/01/1988: 04:04:22 Link L2_1 setting changed to   0.00 by Control 2
   01/01/1988: 04:04:31 Link L1_1 setting changed to   0.00 by Control 1
   01/01/1988: 04:04:31 Link L2_1 setting changed to   0.00 by Control 2
   01/01/1988: 04:04:41 Link L1_1 setting changed to   0.00 by Control 1
   01/01/1988: 04:04:41 Link L2_1 setting changed to   0.00 by Control 2
   01/01/1988: 04:04:50 Link L1_1 setting changed to   0.00 by Control 1
   01/01/1988: 04:04:50 Link L2_1 setting changed to   0.00 by Control 2
   01/01/1988: 04:05:00 Link L1_1 setting changed to   0.00 by Control 1
   01/01/1988: 04:05:00 Link L2_1 setting changed to   0.00 by Control 2
   01/01/1988: 04:05:09 Link L1_1 setting changed to   0.00 by Control 1
   01/01/1988: 04:05:09 Link L2_1 setting changed to   0.00 by Control 2
   01/01/1988: 04:05:19 Link L1_1 setting changed to   0.00 by Control 1
   01/01/1988: 04:05:19 Link L2_1 setting changed to   0.00 by Control 2
   01/01/1988: 04:05:28 Link L1_1 setting changed to   0.00 by Control 1
   01/01/1988: 04:05:28 Link L2_1 setting changed to   0.00 by Control 2
   01/01/1988: 04:05:38 Link L1_1 setting changed to   0.00 by Control 1
   01/01/1988: 04:05:38 Link L2_1 setting changed to   0.00 by Control 2
   01/01/1988: 04:05:47 Link L1_1 setting changed to   0.00 by Control 1
   01/01/1988: 04:05:47 Link L2_1 setting changed to   0.00 by Control 2
   01/01/1988: 04:05:57 Link L1_1 setting changed to   0.00 by Control 1
   01/01/1988: 04:05:57 Link L2_1 setting changed to   0.00 by Control 2
   01/01/1988: 04:06:06 Link L1_1 setting changed to   0.00 by Control 1
   01/01/1988: 04:06:06 Link L2_1 setting changed to   0.00 by Control 2
   01/01/1988: 04:06:16 Link L1_1 setting changed to   0.00 by Control 1
   01/01/1988: 04:06:16 Link L2_1 setting changed to   0.00 by Control 2
   01/01/1988: 04:06:26 Link L1_1 setting changed to   0.00 by Control 1
   01/01/1988: 04:06:26 Link L2_1 setting changed to   0.00 by Control 2
   01/01/1988: 04:06:35 Link L1_1 setting changed to   0.00 by Control 1
   01/01/1988: 04:06:35 Link L2_1 setting changed to   0.00 by Control 2
   01/01/1988: 04:06:45 Link L1_1 setting changed to   0.00 by Control 1
   01/01/1988: 04:06:45 Link L2_1 setting changed to   0.00 by Control 2
   01/01/1988: 04:06:54 Link L1_1 setting changed to   0.00 by Control 1
   01/01/1988: 04:06:54 Link L2_1 setting changed to   0.00 by Control 2
   01/01/1988: 04:07:04 Link L1_1 setting changed to   0.00 by Control 1
   01/01/1988: 04:07:04 Link L2_1 setting changed to   0.00 by Control 2
   01/01/1988: 04:07:13 Link L1_1 setting changed to   0.00 by Control 1
   01/01/1988: 04:07:13 Link L2_1 setting changed to   0.00 by Control 2
   01/01/1988: 04:07:23 Link L1_1 setting changed to   0.00 by Control 1
   01/01/1988: 04:07:23 Link L2_1 setting changed to   0.00 by Control 2
   01/01/1988: 04:07:33 Link L1_1 setting changed to   0.00 by Control 1
   01/01/1988: 04:07:33 Link L2_1 setting changed to   0.00 by Control 2
   01/01/1988: 04:07:42 Link L1_1 setting changed to   0.00 by Control 1
   01/01/1988: 04:07:42 Link L2_1 setting changed to   0.00 by Control 2
   01/01/1988: 04:07:52 Link L1_1 setting changed to   0.00 by Control 1
   01/01/1988: 04:07:52 Link L2_1 setting changed to   0.00 by Control 2
   01/01/1988: 04:08:01 Link L1_1 setting changed to   0.00 by Control 1
   01/01/1988: 04:08:01 Link L2_1 setting changed to   0.00 by Control 2
   01/01/1988: 04:08:11 Link L1_1 setting changed to   0.00 by Control 1
   01/01/1988: 04:08:11 Link L2_1 setting changed to   0.00 by Control 2
   01/01/1988: 04:08:21 Link L1_1 setting changed to   0.00 by Control 1
   01/01/1988: 04:08:21 Link L2_1 setting changed to   0.00 by Control 2
   01/01/1988: 04:08:30 Link L1_1 setting changed to   0.00 by Control 1
   01/01/1988: 04:08:30 Link L2_1 setting changed to   0.00 by Control 2
   01/01/1988: 04:08:40 Link L1_1 setting changed to   0.00 by Control 1
   01/01/1988: 04:08:40 Link L2_1 setting changed to   0.00 by Control 2
   01/01/1988: 04:08:50 Link L1_1 setting changed to   0.00 by Control 1
   01/01/1988: 04:08:50 Link L2_1 setting changed to   0.00 by Control 2
   01/01/1988: 04:08:59 Link L1_1 setting changed to   0.00 by Control 1
   01/01/1988: 04:08:59 Link L2_1 setting changed to   0.00 by Control 2
   01/01/1988: 04:09:09 Link L1_1 setting changed to   0.00 by Control 1
   01/01/1988: 04:09:09 Link L2_1 setting changed to   0.00 by Control 2
   01/01/1988: 04:09:19 Link L1_1 setting changed to   0.00 by Control 1
   01/01/1988: 04:09:19 Link L2_1 setting changed to   0.00 by Control 2
   01/01/1988: 04:09:28 Link L1_1 setting changed to   0.00 by Control 1
   01/01/1988: 04:09:28 Link L2_1 setting changed to   0.00 by Control 2
   01/01/1988: 04:09:38 Link L1_1 setting changed to   0.00 by Control 1
   01/01/1988: 04:09:38 Link L2_1 setting changed to   0.00 by Control 2
   01/01/1988: 04:09:48 Link L1_1 setting changed to   0.00 by Control 1
   01/01/1988: 04:09:48 Link L2_1 setting changed to   0.00 by Control 2
   01/01/1988: 04:09:57 Link L1_1 setting changed to   0.00 by Control 1
   01/01/1988: 04:09:57 Link L2_1 setting changed to   0.00 by Control 2
   01/01/1988: 04:10:07 Link L1_1 setting changed to   0.00 by Control 1
   01/01/1988: 04:10:07 Link L2_1 setting changed to   0.00 by Control 2
   01/01/1988: 04:10:17 Link L1_1 setting changed to   0.00 by Control 1
   01/01/1988: 04:10:17 Link L2_1 setting changed to   0.00 by Control 2
   01/01/1988: 04:10:26 Link L1_1 setting changed to   0.00 by Control 1
   01/01/1988: 04:10:26 Link L2_1 setting changed to   0.00 by Control 2
   01/01/1988: 04:10:36 Link L1_1 setting changed to   0.00 by Control 1
   01/01/1988: 04:10:36 Link L2_1 setting changed to   0.00 by Control 2
   01/01/1988: 04:10:46 Link L1_1 setting changed to   0.00 by Control 1
   01/01/1988: 04:10:46 Link L2_1 setting changed to   0.00 by Control 2
   01/01/1988: 04:10:56 Link L1_1 setting changed to   0.00 by Control 1
   01/01/1988: 04:10:56 Link L2_1 setting changed to   0.00 by Control 2
   01/01/1988: 04:11:05 Link L1_1 setting changed to   0.00 by Control 1
   01/01/1988: 04:11:05 Link L2_1 setting changed to   0.00 by Control 2
   01/01/1988: 04:11:15 Link L1_1 setting changed to   0.00 by Control 1
   01/01/1988: 04:11:15 Link L2_1 setting changed to   0.00 by Control 2
   01/01/1988: 04:11:25 Link L1_1 setting changed to   0.00 by Control 1
   01/01/1988: 04:11:25 Link L2_1 setting changed to   0.00 by Control 2
   01/01/1988: 04:11:35 Link L1_1 setting changed to   0.00 by Control 1
   01/01/1988: 04:11:35 Link L2_1 setting changed to   0.00 by Control 2
   01/01/1988: 04:11:44 Link L1_1 setting changed to   0.00 by Control 1
   01/01/1988: 04:11:44 Link L2_1 setting changed to   0.00 by Control 2
   01/01/1988: 04:11:54 Link L1_1 setting changed to   0.00 by Control 1
   01/01/1988: 04:11:54 Link L2_1 setting changed to   0.00 by Control 2
   01/01/1988: 04:12:04 Link L1_1 setting changed to   0.00 by Control 1
   01/01/1988: 04:12:04 Link L2_1 setting changed to   0.00 by Control 2
   01/01/1988: 04:12:14 Link L1_1 setting changed to   0.00 by Control 1
   01/01/1988: 04:12:14 Link L2_1 setting changed to   0.00 by Control 2
   01/01/1988: 04:12:23 Link L1_1 setting changed to   0.00 by Control 1
   01/01/1988: 04:12:23 Link L2_1 setting changed to   0.00 by Control 2
   01/01/1988: 04:12:33 Link L1_1 setting changed to   0.00 by Control 1
   01/01/1988: 04:12:33 Link L2_1 setting changed to   0.00 by Control 2
   01/01/1988: 04:12:43 Link L1_1 setting changed to   0.00 by Control 1
   01/01/1988: 04:12:43 Link L2_1 setting changed to   0.00 by Control 2
   01/01/1988: 04:12:53 Link L1_1 setting changed to   0.00 by Control 1
   01/01/1988: 04:12:53 Link L2_1 setting changed to   0.00 by Control 2
   01/01/1988: 04:13:03 Link L1_1 setting changed to   0.00 by Control 1
   01/01/1988: 04:13:03 Link L2_1 setting changed to   0.00 by Control 2
   01/01/1988: 04:13:12 Link L1_1 setting changed to   0.00 by Control 1
   01/01/1988: 04:13:12 Link L2_1 setting changed to   0.00 by Control 2
   01/01/1988: 04:13:22 Link L1_1 setting changed to   0.00 by Control 1
   01/01/1988: 04:13:22 Link L2_1 setting changed to   0.00 by Control 2
   01/01/1988: 04:13:32 Link L1_1 setting changed to   0.00 by Control 1
   01/01/1988: 04:13:32 Link L2_1 setting changed to   0.00 by Control 2
   01/01/1988: 04:13:42 Link L1_1 setting changed to   0.00 by Control 1
   01/01/1988: 04:13:42 Link L2_1 setting changed to   0.00 by Control 2
   01/01/1988: 04:13:52 Link L1_1 setting changed to   0.00 by Control 1
   01/01/1988: 04:13:52 Link L2_1 setting changed to   0.00 by Control 2
   01/01/1988: 04:14:02 Link L1_1 setting changed to   0.00 by Control 1
   01/01/1988: 04:14:02 Link L2_1 setting changed to   0.00 by Control 2
   01/01/1988: 04:14:11 Link L1_1 setting changed to   0.00 by Control 1
   01/01/1988: 04:14:11 Link L2_1 setting changed to   0.00 by Control 2
   01/01/1988: 04:14:21 Link L1_1 setting changed to   0.00 by Control 1
   01/01/1988: 04:14:21 Link L2_1 setting changed to   0.00 by Control 2
   01/01/1988: 04:14:31 Link L1_1 setting changed to   0.00 by Control 1
   01/01/1988: 04:14:31 Link L2_1 setting changed to   0.00 by Control 2
   01/01/1988: 04:14:41 Link L1_1 setting changed to   0.00 by Control 1
   01/01/1988: 04:14:41 Link L2_1 setting changed to   0.00 by Control 2
   01/01/1988: 04:14:51 Link L1_1 setting changed to   0.00 by Control 1
   01/01/1988: 04:14:51 Link L2_1 setting changed to   0.00 by Control 2
   01/01/1988: 04:15:01 Link L1_1 setting changed to   0.00 by Control 1
   01/01/1988: 04:15:01 Link L2_1 setting changed to   0.00 by Control 2
   01/01/1988: 04:15:11 Link L1_1 setting changed to   0.00 by Control 1
   01/01/1988: 04:15:11 Link L2_1 setting changed to   0.00 by Control 2
   01/01/1988: 04:15:21 Link L1_1 setting changed to   0.00 by Control 1
   01/01/1988: 04:15:21 Link L2_1 setting changed to   0.00 by Control 2
   01/01/1988: 04:15:30 Link L1_1 setting changed to   0.00 by Control 1
   01/01/1988: 04:15:30 Link L2_1 setting changed to   0.00 by Control 2
   01/01/1988: 04:15:40 Link L1_1 setting changed to   0.00 by Control 1
   01/01/1988: 04:15:40 Link L2_1 setting changed to   0.00 by Control 2
   01/01/1988: 04:15:50 Link L1_1 setting changed to   0.00 by Control 1
   01/01/1988: 04:15:50 Link L2_1 setting changed to   0.00 by Control 2
   01/01/1988: 04:16:00 Link L1_1 setting changed to   0.00 by Control 1
   01/01/1988: 04:16:00 Link L2_1 setting changed to   0.00 by Control 2
   01/01/1988: 04:16:10 Link L1_1 setting changed to   0.00 by Control 1
   01/01/1988: 04:16:10 Link L2_1 setting changed to   0.00 by Control 2
   01/01/1988: 04:16:20 Link L1_1 setting changed to   0.00 by Control 1
   01/01/1988: 04:16:20 Link L2_1 setting changed to   0.00 by Control 2
   01/01/1988: 04:16:30 Link L1_1 setting changed to   0.00 by Control 1
   01/01/1988: 04:16:30 Link L2_1 setting changed to   0.00 by Control 2
   01/01/1988: 04:16:40 Link L1_1 setting changed to   0.00 by Control 1
   01/01/1988: 04:16:40 Link L2_1 setting changed to   0.00 by Control 2
   01/01/1988: 04:16:50 Link L1_1 setting changed to   0.00 by Control 1
   01/01/1988: 04:16:50 Link L2_1 setting changed to   0.00 by Control 2
   01/01/1988: 04:17:00 Link L1_1 setting changed to   0.00 by Control 1
   01/01/1988: 04:17:00 Link L2_1 setting changed to   0.00 by Control 2
   01/01/1988: 04:17:10 Link L1_1 setting changed to   0.00 by Control 1
   01/01/1988: 04:17:10 Link L2_1 setting changed to   0.00 by Control 2
   01/01/1988: 04:17:20 Link L1_1 setting changed to   0.00 by Control 1
   01/01/1988: 04:17:20 Link L2_1 setting changed to   0.00 by Control 2
   01/01/1988: 04:17:30 Link L1_1 setting changed to   0.00 by Control 1
   01/01/1988: 04:17:30 Link L2_1 setting changed to   0.00 by Control 2
   01/01/1988: 04:17:40 Link L1_1 setting changed to   0.00 by Control 1
   01/01/1988: 04:17:40 Link L2_1 setting changed to   0.00 by Control 2
   01/01/1988: 04:17:50 Link L1_1 setting changed to   0.00 by Control 1
   01/01/1988: 04:17:50 Link L2_1 setting changed to   0.00 by Control 2
   01/01/1988: 04:18:00 Link L1_1 setting changed to   0.00 by Control 1
   01/01/1988: 04:18:00 Link L2_1 setting changed to   0.00 by Control 2
   01/01/1988: 04:18:10 Link L1_1 setting changed to   0.00 by Control 1
   01/01/1988: 04:18:10 Link L2_1 setting changed to   0.00 by Control 2
   01/01/1988: 04:18:20 Link L1_1 setting changed to   0.00 by Control 1
   01/01/1988: 04:18:20 Link L2_1 setting changed to   0.00 by Control 2
   01/01/1988: 04:18:30 Link L1_1 setting changed to   0.00 by Control 1
   01/01/1988: 04:18:30 Link L2_1 setting changed to   0.00 by Control 2
   01/01/1988: 04:18:40 Link L1_1 setting changed to   0.00 by Control 1
   01/01/1988: 04:18:40 Link L2_1 setting changed to   0.00 by Control 2
   01/01/1988: 04:18:50 Link L1_1 setting changed to   0.00 by Control 1
   01/01/1988: 04:18:50 Link L2_1 setting changed to   0.00 by Control 2
   01/01/1988: 04:19:00 Link L1_1 setting changed to   0.00 by Control 1
   01/01/1988: 04:19:00 Link L2_1 setting changed to   0.00 by Control 2
   01/01/1988: 04:19:10 Link L1_1 setting changed to   0.00 by Control 1
   01/01/1988: 04:19:10 Link L2_1 setting changed to   0.00 by Control 2
   01/01/1988: 04:19:20 Link L1_1 setting changed to   0.00 by Control 1
   01/01/1988: 04:19:20 Link L2_1 setting changed to   0.00 by Control 2
   01/01/1988: 04:19:30 Link L1_1 setting changed to   0.00 by Control 1
   01/01/1988: 04:19:30 Link L2_1 setting changed to   0.00 by Control 2
   01/01/1988: 04:19:40 Link L1_1 setting changed to   0.00 by Control 1
   01/01/1988: 04:19:40 Link L2_1 setting changed to   0.00 by Control 2
   01/01/1988: 04:19:50 Link L1_1 setting changed to   0.00 by Control 1
   01/01/1988: 04:19:50 Link L2_1 setting changed to   0.00 by Control 2
   01/01/1988: 04:20:00 Link L1_1 setting changed to   0.00 by Control 1
   01/01/1988: 04:20:00 Link L2_1 setting changed to   0.00 by Control 2
   01/01/1988: 04:20:10 Link L1_1 setting changed to   0.00 by Control 1
   01/01/1988: 04:20:10 Link L2_1 setting changed to   0.00 by Control 2
   01/01/1988: 04:20:20 Link L1_1 setting changed to   0.00 by Control 1
   01/01/1988: 04:20:20 Link L2_1 setting changed to   0.00 by Control 2
   01/01/1988: 04:20:30 Link L1_1 setting changed to   0.00 by Control 1
   01/01/1988: 04:20:30 Link L2_1 setting changed to   0.00 by Control 2
   01/01/1988: 04:20:40 Link L1_1 setting changed to   0.00 by Control 1
   01/01/1988: 04:20:40 Link L2_1 setting changed to   0.00 by Control 2
   01/01/1988: 04:20:50 Link L1_1 setting changed to   0.00 by Control 1
   01/01/1988: 04:20:50 Link L2_1 setting changed to   0.00 by Control 2
   01/01/1988: 04:21:00 Link L1_1 setting changed to   0.00 by Control 1
   01/01/1988: 04:21:00 Link L2_1 setting changed to   0.00 by Control 2
   01/01/1988: 04:21:10 Link L1_1 setting changed to   0.00 by Control 1
   01/01/1988: 04:21:10 Link L2_1 setting changed to   0.00 by Control 2
   01/01/1988: 04:21:20 Link L1_1 setting changed to   0.00 by Control 1
   01/01/1988: 04:21:20 Link L2_1 setting changed to   0.00 by Control 2
   01/01/1988: 04:21:30 Link L1_1 setting changed to   0.00 by Control 1
   01/01/1988: 04:21:30 Link L2_1 setting changed to   0.00 by Control 2
   01/01/1988: 04:21:40 Link L1_1 setting changed to   0.00 by Control 1
   01/01/1988: 04:21:40 Link L2_1 setting changed to   0.00 by Control 2
   01/01/1988: 04:21:50 Link L1_1 setting changed to   0.00 by Control 1
   01/01/1988: 04:21:50 Link L2_1 setting changed to   0.00 by Control 2
   01/01/1988: 04:22:00 Link L1_1 setting changed to   0.00 by Control 1
   01/01/1988: 04:22:00 Link L2_1 setting changed to   0.00 by Control 2
   01/01/1988: 04:22:10 Link L1_1 setting changed to   0.00 by Control 1
   01/01/1988: 04:22:10 Link L2_1 setting changed to   0.00 by Control 2
   01/01/1988: 04:22:20 Link L1_1 setting changed to   0.00 by Control 1
   01/01/1988: 04:22:20 Link L2_1 setting changed to   0.00 by Control 2
   01/01/1988: 04:22:30 Link L1_1 setting changed to   0.00 by Control 1
   01/01/1988: 04:22:30 Link L2_1 setting changed to   0.00 by Control 2
   01/01/1988: 04:22:40 Link L1_1 setting changed to   0.00 by Control 1
   01/01/1988: 04:22:40 Link L2_1 setting changed to   0.00 by Control 2
   01/01/1988: 04:22:50 Link L1_1 setting changed to   0.00 by Control 1
   01/01/1988: 04:22:50 Link L2_1 setting changed to   0.00 by Control 2
   01/01/1988: 04:23:00 Link L1_1 setting changed to   0.00 by Control 1
   01/01/1988: 04:23:00 Link L2_1 setting changed to   0.00 by Control 2
   01/01/1988: 04:23:10 Link L1_1 setting changed to   0.00 by Control 1
   01/01/1988: 04:23:10 Link L2_1 setting changed to   0.00 by Control 2
   01/01/1988: 04:23:20 Link L1_1 setting changed to   0.00 by Control 1
   01/01/1988: 04:23:20 Link L2_1 setting changed to   0.00 by Control 2
   01/01/1988: 04:23:30 Link L1_1 setting changed to   0.00 by Control 1
   01/01/1988: 04:23:30 Link L2_1 setting changed to   0.00 by Control 2
   01/01/1988: 04:23:40 Link L1_1 setting changed to   0.00 by Control 1
   01/01/1988: 04:23:40 Link L2_1 setting changed to   0.00 by Control 2
   01/01/1988: 04:23:50 Link L1_1 setting changed to   0.00 by Control 1
   01/01/1988: 04:23:50 Link L2_1 setting changed to   0.00 by Control 2
   01/01/1988: 04:24:00 Link L1_1 setting changed to   0.00 by Control 1
   01/01/1988: 04:24:00 Link L2_1 setting changed to   0.00 by Control 2
   01/01/1988: 04:24:10 Link L1_1 setting changed to   0.00 by Control 1
   01/01/1988: 04:24:10 Link L2_1 setting changed to   0.00 by Control 2
   01/01/1988: 04:24:20 Link L1_1 setting changed to   0.00 by Control 1
   01/01/1988: 04:24:20 Link L2_1 setting changed to   0.00 by Control 2
   01/01/1988: 04:24:30 Link L1_1 setting changed to   0.00 by Control 1
   01/01/1988: 04:24:30 Link L2_1 setting changed to   0.00 by Control 2
   01/01/1988: 04:24:40 Link L1_1 setting changed to   0.00 by Control 1
   01/01/1988: 04:24:40 Link L2_1 setting changed to   0.00 by Control 2
   01/01/1988: 04:24:50 Link L1_1 setting changed to   0.00 by Control 1
   01/01/1988: 04:24:50 Link L2_1 setting changed to   0.00 by Control 2
   01/01/1988: 04:25:00 Link L1_1 setting changed to   0.00 by Control 1
   01/01/1988: 04:25:00 Link L2_1 setting changed to   0.00 by Control 2
   01/01/1988: 04:25:10 Link L1_1 setting changed to   0.00 by Control 1
   01/01/1988: 04:25:10 Link L2_1 setting changed to   0.00 by Control 2
   01/01/1988: 04:25:20 Link L1_1 setting changed to   0.00 by Control 1
   01/01/1988: 04:25:20 Link L2_1 setting changed to   0.00 by Control 2
   01/01/1988: 04:25:30 Link L1_1 setting changed to   0.00 by Control 1
   01/01/1988: 04:25:30 Link L2_1 setting changed to   0.00 by Control 2
   01/01/1988: 04:25:40 Link L1_1 setting changed to   0.00 by Control 1
   01/01/1988: 04:25:40 Link L2_1 setting changed to   0.00 by Control 2
   01/01/1988: 04:25:50 Link L1_1 setting changed to   0.00 by Control 1
   01/01/1988: 04:25:50 Link L2_1 setting changed to   0.00 by Control 2
   01/01/1988: 04:26:00 Link L1_1 setting changed to   0.00 by Control 1
   01/01/1988: 04:26:00 Link L2_1 setting changed to   0.00 by Control 2
   01/01/1988: 04:26:10 Link L1_1 setting changed to   0.00 by Control 1
   01/01/1988: 04:26:10 Link L2_1 setting changed to   0.00 by Control 2
   01/01/1988: 04:26:20 Link L1_1 setting changed to   0.00 by Control 1
   01/01/1988: 04:26:20 Link L2_1 setting changed to   0.00 by Control 2
   01/01/1988: 04:26:30 Link L1_1 setting changed to   0.00 by Control 1
   01/01/1988: 04:26:30 Link L2_1 setting changed to   0.00 by Control 2
   01/01/1988: 04:26:40 Link L1_1 setting changed to   0.00 by Control 1
   01/01/1988: 04:26:40 Link L2_1 setting changed to   0.00 by Control 2
   01/01/1988: 04:26:50 Link L1_1 setting changed to   0.00 by Control 1
   01/01/1988: 04:26:50 Link L2_1 setting changed to   0.00 by Control 2
   01/01/1988: 04:27:00 Link L1_1 setting changed to   0.00 by Control 1
   01/01/1988: 04:27:00 Link L2_1 setting changed to   0.00 by Control 2
   01/01/1988: 04:27:10 Link L1_1 setting changed to   0.00 by Control 1
   01/01/1988: 04:27:10 Link L2_1 setting changed to   0.00 by Control 2
   01/01/1988: 04:27:20 Link L1_1 setting changed to   0.00 by Control 1
   01/01/1988: 04:27:20 Link L2_1 setting changed to   0.00 by Control 2
   01/01/1988: 04:27:30 Link L1_1 setting changed to   0.00 by Control 1
   01/01/1988: 04:27:30 Link L2_1 setting changed to   0.00 by Control 2
   01/01/1988: 04:27:40 Link L1_1 setting changed to   0.00 by Control 1
   01/01/1988: 04:27:40 Link L2_1 setting changed to   0.00 by Control 2
   01/01/1988: 04:27:50 Link L1_1 setting changed to   0.00 by Control 1
   01/01/1988: 04:27:50 Link L2_1 setting changed to   0.00 by Control 2
   01/01/1988: 04:28:00 Link L1_1 setting changed to   0.00 by Control 1
   01/01/1988: 04:28:00 Link L2_1 setting changed to   0.00 by Control 2
   01/01/1988: 04:28:10 Link L1_1 setting changed to   0.00 by Control 1
   01/01/1988: 04:28:10 Link L2_1 setting changed to   0.00 by Control 2
   01/01/1988: 04:28:20 Link L1_1 setting changed to   0.00 by Control 1
   01/01/1988: 04:28:20 Link L2_1 setting changed to   0.00 by Control 2
   01/01/1988: 04:28:30 Link L1_1 setting changed to   0.00 by Control 1
   01/01/1988: 04:28:30 Link L2_1 setting changed to   0.00 by Control 2
   01/01/1988: 04:28:40 Link L1_1 setting changed to   0.00 by Control 1
   01/01/1988: 04:28:40 Link L2_1 setting changed to   0.00 by Control 2
   01/01/1988: 04:28:50 Link L1_1 setting changed to   0.00 by Control 1
   01/01/1988: 04:28:50 Link L2_1 setting changed to   0.00 by Control 2
   01/01/1988: 04:29:00 Link L1_1 setting changed to   0.00 by Control 1
   01/01/1988: 04:29:00 Link L2_1 setting changed to   0.00 by Control 2
   01/01/1988: 04:29:10 Link L1_1 setting changed to   0.00 by Control 1
   01/01/1988: 04:29:10 Link L2_1 setting changed to   0.00 by Control 2
   01/01/1988: 04:29:20 Link L1_1 setting changed to   0.00 by Control 1
   01/01/1988: 04:29:20 Link L2_1 setting changed to   0.00 by Control 2
   01/01/1988: 04:29:30 Link L1_1 setting changed to   0.00 by Control 1
   01/01/1988: 04:29:30 Link L2_1 setting changed to   0.00 by Control 2
   01/01/1988: 04:29:40 Link L1_1 setting changed to   0.00 by Control 1
   01/01/1988: 04:29:40 Link L2_1 setting changed to   0.00 by Control 2
   01/01/1988: 04:29:50 Link L1_1 setting changed to   0.00 by Control 1
   01/01/1988: 04:29:50 Link L2_1 setting changed to   0.00 by Control 2
   01/01/1988: 04:30:00 Link L1_1 setting changed to   0.00 by Control 1
   01/01/1988: 04:30:00 Link L2_1 setting changed to   0.00 by Control 2
   01/01/1988: 04:30:10 Link L1_1 setting changed to   0.00 by Control 1
   01/01/1988: 04:30:10 Link L2_1 setting changed to   0.00 by Control 2
   01/01/1988: 04:30:20 Link L1_1 setting changed to   0.00 by Control 1
   01/01/1988: 04:30:20 Link L2_1 setting changed to   0.00 by Control 2
   01/01/1988: 04:30:30 Link L1_1 setting changed to   0.00 by Control 1
   01/01/1988: 04:30:30 Link L2_1 setting changed to   0.00 by Control 2
   01/01/1988: 04:30:40 Link L1_1 setting changed to   0.00 by Control 1
   01/01/1988: 04:30:40 Link L2_1 setting changed to   0.00 by Control 2
   01/01/1988: 04:30:50 Link L1_1 setting changed to   0.00 by Control 1
   01/01/1988: 04:30:50 Link L2_1 setting changed to   0.00 by Control 2
   01/01/1988: 04:31:00 Link L1_1 setting changed to   0.00 by Control 1
   01/01/1988: 04:31:00 Link L2_1 setting changed to   0.00 by Control 2
   01/01/1988: 04:31:10 Link L1_1 setting changed to   0.00 by Control 1
   01/01/1988: 04:31:10 Link L2_1 setting changed to   0.00 by Control 2
   01/01/1988: 04:31:20 Link L1_1 setting changed to   0.00 by Control 1
   01/01/1988: 04:31:20 Link L2_1 setting changed to   0.00 by Control 2
   01/01/1988: 04:31:30 Link L1_1 setting changed to   0.00 by Control 1
   01/01/1988: 04:31:30 Link L2_1 setting changed to   0.00 by Control 2
   01/01/1988: 04:31:40 Link L1_1 setting changed to   0.00 by Control 1
   01/01/1988: 04:31:40 Link L2_1 setting changed to   0.00 by Control 2
   01/01/1988: 04:31:50 Link L1_1 setting changed to   0.00 by Control 1
   01/01/1988: 04:31:50 Link L2_1 setting changed to   0.00 by Control 2
   01/01/1988: 04:32:00 Link L1_1 setting changed to   0.00 by Control 1
   01/01/1988: 04:32:00 Link L2_1 setting changed to   0.00 by Control 2
   01/01/1988: 04:32:10 Link L1_1 setting changed to   0.00 by Control 1
   01/01/1988: 04:32:10 Link L2_1 setting changed to   0.00 by Control 2
   01/01/1988: 04:32:20 Link L1_1 setting changed to   0.00 by Control 1
   01/01/1988: 04:32:20 Link L2_1 setting changed to   0.00 by Control 2
   01/01/1988: 04:32:30 Link L1_1 setting changed to   0.00 by Control 1
   01/01/1988: 04:32:30 Link L2_1 setting changed to   0.00 by Control 2
   01/01/1988: 04:32:40 Link L1_1 setting changed to   0.00 by Control 1
   01/01/1988: 04:32:40 Link L2_1 setting changed to   0.00 by Control 2
   01/01/1988: 04:32:50 Link L1_1 setting changed to   0.00 by Control 1
   01/01/1988: 04:32:50 Link L2_1 setting changed to   0.00 by Control 2
   01/01/1988: 04:33:00 Link L1_1 setting changed to   0.00 by Control 1
   01/01/1988: 04:33:00 Link L2_1 setting changed to   0.00 by Control 2
   01/01/1988: 04:33:10 Link L1_1 setting changed to   0.00 by Control 1
   01/01/1988: 04:33:10 Link L2_1 setting changed to   0.00 by Control 2
   01/01/1988: 04:33:20 Link L1_1 setting changed to   0.00 by Control 1
   01/01/1988: 04:33:20 Link L2_1 setting changed to   0.00 by Control 2
   01/01/1988: 04:33:30 Link L1_1 setting changed to   0.00 by Control 1
   01/01/1988: 04:33:30 Link L2_1 setting changed to   0.00 by Control 2
   01/01/1988: 04:33:40 Link L1_1 setting changed to   0.00 by Control 1
   01/01/1988: 04:33:40 Link L2_1 setting changed to   0.00 by Control 2
   01/01/1988: 04:33:50 Link L1_1 setting changed to   0.00 by Control 1
   01/01/1988: 04:33:50 Link L2_1 setting changed to   0.00 by Control 2
   01/01/1988: 04:34:00 Link L1_1 setting changed to   0.00 by Control 1
   01/01/1988: 04:34:00 Link L2_1 setting changed to   0.00 by Control 2
   01/01/1988: 04:34:10 Link L1_1 setting changed to   0.00 by Control 1
   01/01/1988: 04:34:10 Link L2_1 setting changed to   0.00 by Control 2
   01/01/1988: 04:34:20 Link L1_1 setting changed to   0.00 by Control 1
   01/01/1988: 04:34:20 Link L2_1 setting changed to   0.00 by Control 2
   01/01/1988: 04:34:30 Link L1_1 setting changed to   0.00 by Control 1
   01/01/1988: 04:34:30 Link L2_1 setting changed to   0.00 by Control 2
   01/01/1988: 04:34:40 Link L1_1 setting changed to   0.00 by Control 1
   01/01/1988: 04:34:40 Link L2_1 setting changed to   0.00 by Control 2
   01/01/1988: 04:34:50 Link L1_1 setting changed to   0.00 by Control 1
   01/01/1988: 04:34:50 Link L2_1 setting changed to   0.00 by Control 2
   01/01/1988: 04:35:00 Link L1_1 setting changed to   0.00 by Control 1
   01/01/1988: 04:35:00 Link L2_1 setting changed to   0.00 by Control 2
   01/01/1988: 04:35:10 Link L1_1 setting changed to   0.00 by Control 1
   01/01/1988: 04:35:10 Link L2_1 setting changed to   0.00 by Control 2
   01/01/1988: 04:35:20 Link L1_1 setting changed to   0.00 by Control 1
   01/01/1988: 04:35:20 Link L2_1 setting changed to   0.00 by Control 2
   01/01/1988: 04:35:30 Link L1_1 setting changed to   0.00 by Control 1
   01/01/1988: 04:35:30 Link L2_1 setting changed to   0.00 by Control 2
   01/01/1988: 04:35:40 Link L1_1 setting changed to   0.00 by Control 1
   01/01/1988: 04:35:40 Link L2_1 setting changed to   0.00 by Control 2
   01/01/1988: 04:35:50 Link L1_1 setting changed to   0.00 by Control 1
   01/01/1988: 04:35:50 Link L2_1 setting changed to   0.00 by Control 2
   01/01/1988: 04:36:00 Link L1_1 setting changed to   0.00 by Control 1
   01/01/1988: 04:36:00 Link L2_1 setting changed to   0.00 by Control 2
   01/01/1988: 04:36:10 Link L1_1 setting changed to   0.00 by Control 1
   01/01/1988: 04:36:10 Link L2_1 setting changed to   0.00 by Control 2
   01/01/1988: 04:36:20 Link L1_1 setting changed to   0.00 by Control 1
   01/01/1988: 04:36:20 Link L2_1 setting changed to   0.00 by Control 2
   01/01/1988: 04:36:30 Link L1_1 setting changed to   0.00 by Control 1
   01/01/1988: 04:36:30 Link L2_1 setting changed to   0.00 by Control 2
   01/01/1988: 04:36:40 Link L1_1 setting changed to   0.00 by Control 1
   01/01/1988: 04:36:40 Link L2_1 setting changed to   0.00 by Control 2
   01/01/1988: 04:36:50 Link L1_1 setting changed to   0.00 by Control 1
   01/01/1988: 04:36:50 Link L2_1 setting changed to   0.00 by Control 2
   01/01/1988: 04:37:00 Link L1_1 setting changed to   0.00 by Control 1
   01/01/1988: 04:37:00 Link L2_1 setting changed to   0.00 by Control 2
   01/01/1988: 04:37:10 Link L1_1 setting changed to   0.00 by Control 1
   01/01/1988: 04:37:10 Link L2_1 setting changed to   0.00 by Control 2
   01/01/1988: 04:37:20 Link L1_1 setting changed to   0.00 by Control 1
   01/01/1988: 04:37:20 Link L2_1 setting changed to   0.00 by Control 2
   01/01/1988: 04:37:30 Link L1_1 setting changed to   0.00 by Control 1
   01/01/1988: 04:37:30 Link L2_1 setting changed to   0.00 by Control 2
   01/01/1988: 04:37:40 Link L1_1 setting changed to   0.00 by Control 1
   01/01/1988: 04:37:40 Link L2_1 setting changed to   0.00 by Control 2
   01/01/1988: 04:37:50 Link L1_1 setting changed to   0.00 by Control 1
   01/01/1988: 04:37:50 Link L2_1 setting changed to   0.00 by Control 2
   01/01/1988: 04:38:00 Link L1_1 setting changed to   0.00 by Control 1
   01/01/1988: 04:38:00 Link L2_1 setting changed to   0.00 by Control 2
   01/01/1988: 04:38:10 Link L1_1 setting changed to   0.00 by Control 1
   01/01/1988: 04:38:10 Link L2_1 setting changed to   0.00 by Control 2
   01/01/1988: 04:38:20 Link L1_1 setting changed to   0.00 by Control 1
   01/01/1988: 04:38:20 Link L2_1 setting changed to   0.00 by Control 2
   01/01/1988: 04:38:30 Link L1_1 setting changed to   0.00 by Control 1
   01/01/1988: 04:38:30 Link L2_1 setting changed to   0.00 by Control 2
   01/01/1988: 04:38:40 Link L1_1 setting changed to   0.00 by Control 1
   01/01/1988: 04:38:40 Link L2_1 setting changed to   0.00 by Control 2
   01/01/1988: 04:38:50 Link L1_1 setting changed to   0.00 by Control 1
   01/01/1988: 04:38:50 Link L2_1 setting changed to   0.00 by Control 2
   01/01/1988: 04:39:00 Link L1_1 setting changed to   0.00 by Control 1
   01/01/1988: 04:39:00 Link L2_1 setting changed to   0.00 by Control 2
   01/01/1988: 04:39:10 Link L1_1 setting changed to   0.00 by Control 1
   01/01/1988: 04:39:10 Link L2_1 setting changed to   0.00 by Control 2
   01/01/1988: 04:39:20 Link L1_1 setting changed to   0.00 by Control 1
   01/01/1988: 04:39:20 Link L2_1 setting changed to   0.00 by Control 2
   01/01/1988: 04:39:30 Link L1_1 setting changed to   0.00 by Control 1
   01/01/1988: 04:39:30 Link L2_1 setting changed to   0.00 by Control 2
   01/01/1988: 04:39:40 Link L1_1 setting changed to   0.00 by Control 1
   01/01/1988: 04:39:40 Link L2_1 setting changed to   0.00 by Control 2
   01/01/1988: 04:39:50 Link L1_1 setting changed to   0.00 by Control 1
   01/01/1988: 04:39:50 Link L2_1 setting changed to   0.00 by Control 2
   01/01/1988: 04:40:00 Link L1_1 setting changed to   0.00 by Control 1
   01/01/1988: 04:40:00 Link L2_1 setting changed to   0.00 by Control 2
   01/01/1988: 04:40:10 Link L1_1 setting changed to   0.00 by Control 1
   01/01/1988: 04:40:10 Link L2_1 setting changed to   0.00 by Control 2
   01/01/1988: 04:40:20 Link L1_1 setting changed to   0.00 by Control 1
   01/01/1988: 04:40:20 Link L2_1 setting changed to   0.00 by Control 2
   01/01/1988: 04:40:30 Link L1_1 setting changed to   0.00 by Control 1
   01/01/1988: 04:40:30 Link L2_1 setting changed to   0.00 by Control 2
   01/01/1988: 04:40:40 Link L1_1 setting changed to   0.00 by Control 1
   01/01/1988: 04:40:40 Link L2_1 setting changed to   0.00 by Control 2
   01/01/1988: 04:40:50 Link L1_1 setting changed to   0.00 by Control 1
   01/01/1988: 04:40:50 Link L2_1 setting changed to   0.00 by Control 2
   01/01/1988: 04:41:00 Link L1_1 setting changed to   0.00 by Control 1
   01/01/1988: 04:41:00 Link L2_1 setting changed to   0.00 by Control 2
   01/01/1988: 04:41:10 Link L1_1 setting changed to   0.00 by Control 1
   01/01/1988: 04:41:10 Link L2_1 setting changed to   0.00 by Control 2
   01/01/1988: 04:41:20 Link L1_1 setting changed to   0.00 by Control 1
   01/01/1988: 04:41:20 Link L2_1 setting changed to   0.00 by Control 2
   01/01/1988: 04:41:30 Link L1_1 setting changed to   0.00 by Control 1
   01/01/1988: 04:41:30 Link L2_1 setting changed to   0.00 by Control 2
   01/01/1988: 04:41:40 Link L1_1 setting changed to   0.00 by Control 1
   01/01/1988: 04:41:40 Link L2_1 setting changed to   0.00 by Control 2
   01/01/1988: 04:41:50 Link L1_1 setting changed to   0.00 by Control 1
   01/01/1988: 04:41:50 Link L2_1 setting changed to   0.00 by Control 2
   01/01/1988: 04:42:00 Link L1_1 setting changed to   0.00 by Control 1
   01/01/1988: 04:42:00 Link L2_1 setting changed to   0.00 by Control 2
   01/01/1988: 04:42:10 Link L1_1 setting changed to   0.00 by Control 1
   01/01/1988: 04:42:10 Link L2_1 setting changed to   0.00 by Control 2
   01/01/1988: 04:42:20 Link L1_1 setting changed to   0.00 by Control 1
   01/01/1988: 04:42:20 Link L2_1 setting changed to   0.00 by Control 2
   01/01/1988: 04:42:30 Link L1_1 setting changed to   0.00 by Control 1
   01/01/1988: 04:42:30 Link L2_1 setting changed to   0.00 by Control 2
   01/01/1988: 04:42:40 Link L1_1 setting changed to   0.00 by Control 1
   01/01/1988: 04:42:40 Link L2_1 setting changed to   0.00 by Control 2
   01/01/1988: 04:42:50 Link L1_1 setting changed to   0.00 by Control 1
   01/01/1988: 04:42:50 Link L2_1 setting changed to   0.00 by Control 2
   01/01/1988: 04:43:00 Link L1_1 setting changed to   0.00 by Control 1
   01/01/1988: 04:43:00 Link L2_1 setting changed to   0.00 by Control 2
   01/01/1988: 04:43:10 Link L1_1 setting changed to   0.00 by Control 1
   01/01/1988: 04:43:10 Link L2_1 setting changed to   0.00 by Control 2
   01/01/1988: 04:43:20 Link L1_1 setting changed to   0.00 by Control 1
   01/01/1988: 04:43:20 Link L2_1 setting changed to   0.00 by Control 2
   01/01/1988: 04:43:30 Link L1_1 setting changed to   0.00 by Control 1
   01/01/1988: 04:43:30 Link L2_1 setting changed to   0.00 by Control 2
   01/01/1988: 04:43:40 Link L1_1 setting changed to   0.00 by Control 1
   01/01/1988: 04:43:40 Link L2_1 setting changed to   0.00 by Control 2
   01/01/1988: 04:43:50 Link L1_1 setting changed to   0.00 by Control 1
   01/01/1988: 04:43:50 Link L2_1 setting changed to   0.00 by Control 2
   01/01/1988: 04:44:00 Link L1_1 setting changed to   0.00 by Control 1
   01/01/1988: 04:44:00 Link L2_1 setting changed to   0.00 by Control 2
   01/01/1988: 04:44:10 Link L1_1 setting changed to   0.00 by Control 1
   01/01/1988: 04:44:10 Link L2_1 setting changed to   0.00 by Control 2
   01/01/1988: 04:44:20 Link L1_1 setting changed to   0.00 by Control 1
   01/01/1988: 04:44:20 Link L2_1 setting changed to   0.00 by Control 2
   01/01/1988: 04:44:30 Link L1_1 setting changed to   0.00 by Control 1
   01/01/1988: 04:44:30 Link L2_1 setting changed to   0.00 by Control 2
   01/01/1988: 04:44:40 Link L1_1 setting changed to   0.00 by Control 1
   01/01/1988: 04:44:40 Link L2_1 setting changed to   0.00 by Control 2
   01/01/1988: 04:44:50 Link L1_1 setting changed to   0.00 by Control 1
   01/01/1988: 04:44:50 Link L2_1 setting changed to   0.00 by Control 2
   01/01/1988: 04:45:00 Link L1_1 setting changed to   0.00 by Control 1
   01/01/1988: 04:45:00 Link L2_1 setting changed to   0.00 by Control 2
   01/01/1988: 04:45:10 Link L1_1 setting changed to   0.00 by Control 1
   01/01/1988: 04:45:10 Link L2_1 setting changed to   0.00 by Control 2
   01/01/1988: 04:45:20 Link L1_1 setting changed to   0.00 by Control 1
   01/01/1988: 04:45:20 Link L2_1 setting changed to   0.00 by Control 2
   01/01/1988: 04:45:30 Link L1_1 setting changed to   0.00 by Control 1
   01/01/1988: 04:45:30 Link L2_1 setting changed to   0.00 by Control 2
   01/01/1988: 04:45:40 Link L1_1 setting changed to   0.00 by Control 1
   01/01/1988: 04:45:40 Link L2_1 setting changed to   0.00 by Control 2
   01/01/1988: 04:45:50 Link L1_1 setting changed to   0.00 by Control 1
   01/01/1988: 04:45:50 Link L2_1 setting changed to   0.00 by Control 2
   01/01/1988: 04:46:00 Link L1_1 setting changed to   0.00 by Control 1
   01/01/1988: 04:46:00 Link L2_1 setting changed to   0.00 by Control 2
   01/01/1988: 04:46:10 Link L1_1 setting changed to   0.00 by Control 1
   01/01/1988: 04:46:10 Link L2_1 setting changed to   0.00 by Control 2
   01/01/1988: 04:46:20 Link L1_1 setting changed to   0.00 by Control 1
   01/01/1988: 04:46:20 Link L2_1 setting changed to   0.00 by Control 2
   01/01/1988: 04:46:30 Link L1_1 setting changed to   0.00 by Control 1
   01/01/1988: 04:46:30 Link L2_1 setting changed to   0.00 by Control 2
   01/01/1988: 04:46:40 Link L1_1 setting changed to   0.00 by Control 1
   01/01/1988: 04:46:40 Link L2_1 setting changed to   0.00 by Control 2
   01/01/1988: 04:46:50 Link L1_1 setting changed to   0.00 by Control 1
   01/01/1988: 04:46:50 Link L2_1 setting changed to   0.00 by Control 2
   01/01/1988: 04:47:00 Link L1_1 setting changed to   0.00 by Control 1
   01/01/1988: 04:47:00 Link L2_1 setting changed to   0.00 by Control 2
   01/01/1988: 04:47:10 Link L1_1 setting changed to   0.00 by Control 1
   01/01/1988: 04:47:10 Link L2_1 setting changed to   0.00 by Control 2
   01/01/1988: 04:47:20 Link L1_1 setting changed to   0.00 by Control 1
   01/01/1988: 04:47:20 Link L2_1 setting changed to   0.00 by Control 2
   01/01/1988: 04:47:30 Link L1_1 setting changed to   0.00 by Control 1
   01/01/1988: 04:47:30 Link L2_1 setting changed to   0.00 by Control 2
   01/01/1988: 04:47:40 Link L1_1 setting changed to   0.00 by Control 1
   01/01/1988: 04:47:40 Link L2_1 setting changed to   0.00 by Control 2
   01/01/1988: 04:47:50 Link L1_1 setting changed to   0.00 by Control 1
   01/01/1988: 04:47:50 Link L2_1 setting changed to   0.00 by Control 2
   01/01/1988: 04:48:00 Link L1_1 setting changed to   0.00 by Control 1
   01/01/1988: 04:48:00 Link L2_1 setting changed to   0.00 by Control 2
   01/01/1988: 04:48:10 Link L1_1 setting changed to   0.00 by Control 1
   01/01/1988: 04:48:10 Link L2_1 setting changed to   0.00 by Control 2
   01/01/1988: 04:48:20 Link L1_1 setting changed to   0.00 by Control 1
   01/01/1988: 04:48:20 Link L2_1 setting changed to   0.00 by Control 2
   01/01/1988: 04:48:30 Link L1_1 setting changed to   0.00 by Control 1
   01/01/1988: 04:48:30 Link L2_1 setting changed to   0.00 by Control 2
   01/01/1988: 04:48:40 Link L1_1 setting changed to   0.00 by Control 1
   01/01/1988: 04:48:40 Link L2_1 setting changed to   0.00 by Control 2
   01/01/1988: 04:48:50 Link L1_1 setting changed to   0.00 by Control 1
   01/01/1988: 04:48:50 Link L2_1 setting changed to   0.00 by Control 2
   01/01/1988: 04:49:00 Link L1_1 setting changed to   0.00 by Control 1
   01/01/1988: 04:49:00 Link L2_1 setting changed to   0.00 by Control 2
   01/01/1988: 04:49:10 Link L1_1 setting changed to   0.00 by Control 1
   01/01/1988: 04:49:10 Link L2_1 setting changed to   0.00 by Control 2
   01/01/1988: 04:49:20 Link L1_1 setting changed to   0.00 by Control 1
   01/01/1988: 04:49:20 Link L2_1 setting changed to   0.00 by Control 2
   01/01/1988: 04:49:30 Link L1_1 setting changed to   0.00 by Control 1
   01/01/1988: 04:49:30 Link L2_1 setting changed to   0.00 by Control 2
   01/01/1988: 04:49:40 Link L1_1 setting changed to   0.00 by Control 1
   01/01/1988: 04:49:40 Link L2_1 setting changed to   0.00 by Control 2
   01/01/1988: 04:49:50 Link L1_1 setting changed to   0.00 by Control 1
   01/01/1988: 04:49:50 Link L2_1 setting changed to   0.00 by Control 2
   01/01/1988: 04:50:00 Link L1_1 setting changed to   0.00 by Control 1
   01/01/1988: 04:50:00 Link L2_1 setting changed to   0.00 by Control 2
   01/01/1988: 04:50:10 Link L1_1 setting changed to   0.00 by Control 1
   01/01/1988: 04:50:10 Link L2_1 setting changed to   0.00 by Control 2
   01/01/1988: 04:50:20 Link L1_1 setting changed to   0.00 by Control 1
   01/01/1988: 04:50:20 Link L2_1 setting changed to   0.00 by Control 2
   01/01/1988: 04:50:30 Link L1_1 setting changed to   0.00 by Control 1
   01/01/1988: 04:50:30 Link L2_1 setting changed to   0.00 by Control 2
   01/01/1988: 04:50:40 Link L1_1 setting changed to   0.00 by Control 1
   01/01/1988: 04:50:40 Link L2_1 setting changed to   0.00 by Control 2
   01/01/1988: 04:50:50 Link L1_1 setting changed to   0.00 by Control 1
   01/01/1988: 04:50:50 Link L2_1 setting changed to   0.00 by Control 2
   01/01/1988: 04:51:00 Link L1_1 setting changed to   0.00 by Control 1
   01/01/1988: 04:51:00 Link L2_1 setting changed to   0.00 by Control 2
   01/01/1988: 04:51:10 Link L1_1 setting changed to   0.00 by Control 1
   01/01/1988: 04:51:10 Link L2_1 setting changed to   0.00 by Control 2
   01/01/1988: 04:51:20 Link L1_1 setting changed to   0.00 by Control 1
   01/01/1988: 04:51:20 Link L2_1 setting changed to   0.00 by Control 2
   01/01/1988: 04:51:30 Link L1_1 setting changed to   0.00 by Control 1
   01/01/1988: 04:51:30 Link L2_1 setting changed to   0.00 by Control 2
   01/01/1988: 04:51:40 Link L1_1 setting changed to   0.00 by Control 1
   01/01/1988: 04:51:40 Link L2_1 setting changed to   0.00 by Control 2
   01/01/1988: 04:51:50 Link L1_1 setting changed to   0.00 by Control 1
   01/01/1988: 04:51:50 Link L2_1 setting changed to   0.00 by Control 2
   01/01/1988: 04:52:00 Link L1_1 setting changed to   0.00 by Control 1
   01/01/1988: 04:52:00 Link L2_1 setting changed to   0.00 by Control 2
   01/01/1988: 04:52:10 Link L1_1 setting changed to   0.00 by Control 1
   01/01/1988: 04:52:10 Link L2_1 setting changed to   0.00 by Control 2
   01/01/1988: 04:52:20 Link L1_1 setting changed to   0.00 by Control 1
   01/01/1988: 04:52:20 Link L2_1 setting changed to   0.00 by Control 2
   01/01/1988: 04:52:30 Link L1_1 setting changed to   0.00 by Control 1
   01/01/1988: 04:52:30 Link L2_1 setting changed to   0.00 by Control 2
   01/01/1988: 04:52:40 Link L1_1 setting changed to   0.00 by Control 1
   01/01/1988: 04:52:40 Link L2_1 setting changed to   0.00 by Control 2
   01/01/1988: 04:52:50 Link L1_1 setting changed to   0.00 by Control 1
   01/01/1988: 04:52:50 Link L2_1 setting changed to   0.00 by Control 2
   01/01/1988: 04:53:00 Link L1_1 setting changed to   0.00 by Control 1
   01/01/1988: 04:53:00 Link L2_1 setting changed to   0.00 by Control 2
   01/01/1988: 04:53:10 Link L1_1 setting changed to   0.00 by Control 1
   01/01/1988: 04:53:10 Link L2_1 setting changed to   0.00 by Control 2
   01/01/1988: 04:53:20 Link L1_1 setting changed to   0.00 by Control 1
   01/01/1988: 04:53:20 Link L2_1 setting changed to   0.00 by Control 2
   01/01/1988: 04:53:30 Link L1_1 setting changed to   0.00 by Control 1
   01/01/1988: 04:53:30 Link L2_1 setting changed to   0.00 by Control 2
   01/01/1988: 04:53:40 Link L1_1 setting changed to   0.00 by Control 1
   01/01/1988: 04:53:40 Link L2_1 setting changed to   0.00 by Control 2
   01/01/1988: 04:53:50 Link L1_1 setting changed to   0.00 by Control 1
   01/01/1988: 04:53:50 Link L2_1 setting changed to   0.00 by Control 2
   01/01/1988: 04:54:00 Link L1_1 setting changed to   0.00 by Control 1
   01/01/1988: 04:54:00 Link L2_1 setting changed to   0.00 by Control 2
   01/01/1988: 04:54:10 Link L1_1 setting changed to   0.00 by Control 1
   01/01/1988: 04:54:10 Link L2_1 setting changed to   0.00 by Control 2
   01/01/1988: 04:54:20 Link L1_1 setting changed to   0.00 by Control 1
   01/01/1988: 04:54:20 Link L2_1 setting changed to   0.00 by Control 2
   01/01/1988: 04:54:30 Link L1_1 setting changed to   0.00 by Control 1
   01/01/1988: 04:54:30 Link L2_1 setting changed to   0.00 by Control 2
   01/01/1988: 04:54:40 Link L1_1 setting changed to   0.00 by Control 1
   01/01/1988: 04:54:40 Link L2_1 setting changed to   0.00 by Control 2
   01/01/1988: 04:54:50 Link L1_1 setting changed to   0.00 by Control 1
   01/01/1988: 04:54:50 Link L2_1 setting changed to   0.00 by Control 2
   01/01/1988: 04:55:00 Link L1_1 setting changed to   0.00 by Control 1
   01/01/1988: 04:55:00 Link L2_1 setting changed to   0.00 by Control 2
   01/01/1988: 04:55:10 Link L1_1 setting changed to   0.00 by Control 1
   01/01/1988: 04:55:10 Link L2_1 setting changed to   0.00 by Control 2
   01/01/1988: 04:55:20 Link L1_1 setting changed to   0.00 by Control 1
   01/01/1988: 04:55:20 Link L2_1 setting changed to   0.00 by Control 2
   01/01/1988: 04:55:30 Link L1_1 setting changed to   0.00 by Control 1
   01/01/1988: 04:55:30 Link L2_1 setting changed to   0.00 by Control 2
   01/01/1988: 04:55:40 Link L1_1 setting changed to   0.00 by Control 1
   01/01/1988: 04:55:40 Link L2_1 setting changed to   0.00 by Control 2
   01/01/1988: 04:55:50 Link L1_1 setting changed to   0.00 by Control 1
   01/01/1988: 04:55:50 Link L2_1 setting changed to   0.00 by Control 2
   01/01/1988: 04:56:00 Link L1_1 setting changed to   0.00 by Control 1
   01/01/1988: 04:56:00 Link L2_1 setting changed to   0.00 by Control 2
   01/01/1988: 04:56:10 Link L1_1 setting changed to   0.00 by Control 1
   01/01/1988: 04:56:10 Link L2_1 setting changed to   0.00 by Control 2
   01/01/1988: 04:56:20 Link L1_1 setting changed to   0.00 by Control 1
   01/01/1988: 04:56:20 Link L2_1 setting changed to   0.00 by Control 2
   01/01/1988: 04:56:30 Link L1_1 setting changed to   0.00 by Control 1
   01/01/1988: 04:56:30 Link L2_1 setting changed to   0.00 by Control 2
   01/01/1988: 04:56:40 Link L1_1 setting changed to   0.00 by Control 1
   01/01/1988: 04:56:40 Link L2_1 setting changed to   0.00 by Control 2
   01/01/1988: 04:56:50 Link L1_1 setting changed to   0.00 by Control 1
   01/01/1988: 04:56:50 Link L2_1 setting changed to   0.00 by Control 2
   01/01/1988: 04:57:00 Link L1_1 setting changed to   0.00 by Control 1
   01/01/1988: 04:57:00 Link L2_1 setting changed to   0.00 by Control 2
   01/01/1988: 04:57:10 Link L1_1 setting changed to   0.00 by Control 1
   01/01/1988: 04:57:10 Link L2_1 setting changed to   0.00 by Control 2
   01/01/1988: 04:57:20 Link L1_1 setting changed to   0.00 by Control 1
   01/01/1988: 04:57:20 Link L2_1 setting changed to   0.00 by Control 2
   01/01/1988: 04:57:30 Link L1_1 setting changed to   0.00 by Control 1
   01/01/1988: 04:57:30 Link L2_1 setting changed to   0.00 by Control 2
   01/01/1988: 04:57:40 Link L1_1 setting changed to   0.00 by Control 1
   01/01/1988: 04:57:40 Link L2_1 setting changed to   0.00 by Control 2
   01/01/1988: 04:57:50 Link L1_1 setting changed to   0.00 by Control 1
   01/01/1988: 04:57:50 Link L2_1 setting changed to   0.00 by Control 2
   01/01/1988: 04:58:00 Link L1_1 setting changed to   0.00 by Control 1
   01/01/1988: 04:58:00 Link L2_1 setting changed to   0.00 by Control 2
   01/01/1988: 04:58:10 Link L1_1 setting changed to   0.00 by Control 1
   01/01/1988: 04:58:10 Link L2_1 setting changed to   0.00 by Control 2
   01/01/1988: 04:58:20 Link L1_1 setting changed to   0.00 by Control 1
   01/01/1988: 04:58:20 Link L2_1 setting changed to   0.00 by Control 2
   01/01/1988: 04:58:30 Link L1_1 setting changed to   0.00 by Control 1
   01/01/1988: 04:58:30 Link L2_1 setting changed to   0.00 by Control 2
   01/01/1988: 04:58:40 Link L1_1 setting changed to   0.00 by Control 1
   01/01/1988: 04:58:40 Link L2_1 setting changed to   0.00 by Control 2
   01/01/1988: 04:58:50 Link L1_1 setting changed to   0.00 by Control 1
   01/01/1988: 04:58:50 Link L2_1 setting changed to   0.00 by Control 2
   01/01/1988: 04:59:00 Link L1_1 setting changed to   0.00 by Control 1
   01/01/1988: 04:59:00 Link L2_1 setting changed to   0.00 by Control 2
   01/01/1988: 04:59:10 Link L1_1 setting changed to   0.00 by Control 1
   01/01/1988: 04:59:10 Link L2_1 setting changed to   0.00 by Control 2
   01/01/1988: 04:59:20 Link L1_1 setting changed to   0.00 by Control 1
   01/01/1988: 04:59:20 Link L2_1 setting changed to   0.00 by Control 2
   01/01/1988: 04:59:30 Link L1_1 setting changed to   0.00 by Control 1
   01/01/1988: 04:59:30 Link L2_1 setting changed to   0.00 by Control 2
   01/01/1988: 04:59:40 Link L1_1 setting changed to   0.00 by Control 1
   01/01/1988: 04:59:40 Link L2_1 setting changed to   0.00 by Control 2
   01/01/1988: 04:59:50 Link L1_1 setting changed to   0.00 by Control 1
   01/01/1988: 04:59:50 Link L2_1 setting changed to   0.00 by Control 2
   01/01/1988: 05:00:00 Link L1_1 setting changed to   0.00 by Control 1
   01/01/1988: 05:00:00 Link L2_1 setting changed to   0.00 by Control 2
   01/01/1988: 05:00:10 Link L1_1 setting changed to   0.00 by Control 1
   01/01/1988: 05:00:10 Link L2_1 setting changed to   0.00 by Control 2
   01/01/1988: 05:00:20 Link L1_1 setting changed to   0.00 by Control 1
   01/01/1988: 05:00:20 Link L2_1 setting changed to   0.00 by Control 2
   01/01/1988: 05:00:30 Link L1_1 setting changed to   0.00 by Control 1
   01/01/1988: 05:00:30 Link L2_1 setting changed to   0.00 by Control 2
   01/01/1988: 05:00:40 Link L1_1 setting changed to   0.00 by Control 1
   01/01/1988: 05:00:40 Link L2_1 setting changed to   0.00 by Control 2
   01/01/1988: 05:00:50 Link L1_1 setting changed to   0.00 by Control 1
   01/01/1988: 05:00:50 Link L2_1 setting changed to   0.00 by Control 2
   01/01/1988: 05:01:00 Link L1_1 setting changed to   0.00 by Control 1
   01/01/1988: 05:01:00 Link L2_1 setting changed to   0.00 by Control 2
   01/01/1988: 05:01:10 Link L1_1 setting changed to   0.00 by Control 1
   01/01/1988: 05:01:10 Link L2_1 setting changed to   0.00 by Control 2
   01/01/1988: 05:01:20 Link L1_1 setting changed to   0.00 by Control 1
   01/01/1988: 05:01:20 Link L2_1 setting changed to   0.00 by Control 2
   01/01/1988: 05:01:30 Link L1_1 setting changed to   0.00 by Control 1
   01/01/1988: 05:01:30 Link L2_1 setting changed to   0.00 by Control 2
   01/01/1988: 05:01:40 Link L1_1 setting changed to   0.00 by Control 1
   01/01/1988: 05:01:40 Link L2_1 setting changed to   0.00 by Control 2
   01/01/1988: 05:01:50 Link L1_1 setting changed to   0.00 by Control 1
   01/01/1988: 05:01:50 Link L2_1 setting changed to   0.00 by Control 2
   01/01/1988: 05:02:00 Link L1_1 setting changed to   0.00 by Control 1
   01/01/1988: 05:02:00 Link L2_1 setting changed to   0.00 by Control 2
   01/01/1988: 05:02:10 Link L1_1 setting changed to   0.00 by Control 1
   01/01/1988: 05:02:10 Link L2_1 setting changed to   0.00 by Control 2
   01/01/1988: 05:02:20 Link L1_1 setting changed to   0.00 by Control 1
   01/01/1988: 05:02:20 Link L2_1 setting changed to   0.00 by Control 2
   01/01/1988: 05:02:30 Link L1_1 setting changed to   0.00 by Control 1
   01/01/1988: 05:02:30 Link L2_1 setting changed to   0.00 by Control 2
   01/01/1988: 05:02:40 Link L1_1 setting changed to   0.00 by Control 1
   01/01/1988: 05:02:40 Link L2_1 setting changed to   0.00 by Control 2
   01/01/1988: 05:02:50 Link L1_1 setting changed to   0.00 by Control 1
   01/01/1988: 05:02:50 Link L2_1 setting changed to   0.00 by Control 2
   01/01/1988: 05:03:00 Link L1_1 setting changed to   0.00 by Control 1
   01/01/1988: 05:03:00 Link L2_1 setting changed to   0.00 by Control 2
   01/01/1988: 05:03:10 Link L1_1 setting changed to   0.00 by Control 1
   01/01/1988: 05:03:10 Link L2_1 setting changed to   0.00 by Control 2
   01/01/1988: 05:03:20 Link L1_1 setting changed to   0.00 by Control 1
   01/01/1988: 05:03:20 Link L2_1 setting changed to   0.00 by Control 2
   01/01/1988: 05:03:30 Link L1_1 setting changed to   0.00 by Control 1
   01/01/1988: 05:03:30 Link L2_1 setting changed to   0.00 by Control 2
   01/01/1988: 05:03:40 Link L1_1 setting changed to   0.00 by Control 1
   01/01/1988: 05:03:40 Link L2_1 setting changed to   0.00 by Control 2
   01/01/1988: 05:03:50 Link L1_1 setting changed to   0.00 by Control 1
   01/01/1988: 05:03:50 Link L2_1 setting changed to   0.00 by Control 2
   01/01/1988: 05:04:00 Link L1_1 setting changed to   0.00 by Control 1
   01/01/1988: 05:04:00 Link L2_1 setting changed to   0.00 by Control 2
   01/01/1988: 05:04:10 Link L1_1 setting changed to   0.00 by Control 1
   01/01/1988: 05:04:10 Link L2_1 setting changed to   0.00 by Control 2
   01/01/1988: 05:04:20 Link L1_1 setting changed to   0.00 by Control 1
   01/01/1988: 05:04:20 Link L2_1 setting changed to   0.00 by Control 2
   01/01/1988: 05:04:30 Link L1_1 setting changed to   0.00 by Control 1
   01/01/1988: 05:04:30 Link L2_1 setting changed to   0.00 by Control 2
   01/01/1988: 05:04:40 Link L1_1 setting changed to   0.00 by Control 1
   01/01/1988: 05:04:40 Link L2_1 setting changed to   0.00 by Control 2
   01/01/1988: 05:04:50 Link L1_1 setting changed to   0.00 by Control 1
   01/01/1988: 05:04:50 Link L2_1 setting changed to   0.00 by Control 2
   01/01/1988: 05:05:00 Link L1_1 setting changed to   0.00 by Control 1
   01/01/1988: 05:05:00 Link L2_1 setting changed to   0.00 by Control 2
   01/01/1988: 05:05:10 Link L1_1 setting changed to   0.00 by Control 1
   01/01/1988: 05:05:10 Link L2_1 setting changed to   0.00 by Control 2
   01/01/1988: 05:05:20 Link L1_1 setting changed to   0.00 by Control 1
   01/01/1988: 05:05:20 Link L2_1 setting changed to   0.00 by Control 2
   01/01/1988: 05:05:30 Link L1_1 setting changed to   0.00 by Control 1
   01/01/1988: 05:05:30 Link L2_1 setting changed to   0.00 by Control 2
   01/01/1988: 05:05:40 Link L1_1 setting changed to   0.00 by Control 1
   01/01/1988: 05:05:40 Link L2_1 setting changed to   0.00 by Control 2
   01/01/1988: 05:05:50 Link L1_1 setting changed to   0.00 by Control 1
   01/01/1988: 05:05:50 Link L2_1 setting changed to   0.00 by Control 2
   01/01/1988: 05:06:00 Link L1_1 setting changed to   0.00 by Control 1
   01/01/1988: 05:06:00 Link L2_1 setting changed to   0.00 by Control 2
   01/01/1988: 05:06:10 Link L1_1 setting changed to   0.00 by Control 1
   01/01/1988: 05:06:10 Link L2_1 setting changed to   0.00 by Control 2
   01/01/1988: 05:06:20 Link L1_1 setting changed to   0.00 by Control 1
   01/01/1988: 05:06:20 Link L2_1 setting changed to   0.00 by Control 2
   01/01/1988: 05:06:30 Link L1_1 setting changed to   0.00 by Control 1
   01/01/1988: 05:06:30 Link L2_1 setting changed to   0.00 by Control 2
   01/01/1988: 05:06:40 Link L1_1 setting changed to   0.00 by Control 1
   01/01/1988: 05:06:40 Link L2_1 setting changed to   0.00 by Control 2
   01/01/1988: 05:06:50 Link L1_1 setting changed to   0.00 by Control 1
   01/01/1988: 05:06:50 Link L2_1 setting changed to   0.00 by Control 2
   01/01/1988: 05:07:00 Link L1_1 setting changed to   0.00 by Control 1
   01/01/1988: 05:07:00 Link L2_1 setting changed to   0.00 by Control 2
   01/01/1988: 05:07:10 Link L1_1 setting changed to   0.00 by Control 1
   01/01/1988: 05:07:10 Link L2_1 setting changed to   0.00 by Control 2
   01/01/1988: 05:07:20 Link L1_1 setting changed to   0.00 by Control 1
   01/01/1988: 05:07:20 Link L2_1 setting changed to   0.00 by Control 2
   01/01/1988: 05:07:30 Link L1_1 setting changed to   0.00 by Control 1
   01/01/1988: 05:07:30 Link L2_1 setting changed to   0.00 by Control 2
   01/01/1988: 05:07:40 Link L1_1 setting changed to   0.00 by Control 1
   01/01/1988: 05:07:40 Link L2_1 setting changed to   0.00 by Control 2
   01/01/1988: 05:07:50 Link L1_1 setting changed to   0.00 by Control 1
   01/01/1988: 05:07:50 Link L2_1 setting changed to   0.00 by Control 2
   01/01/1988: 05:08:00 Link L1_1 setting changed to   0.00 by Control 1
   01/01/1988: 05:08:00 Link L2_1 setting changed to   0.00 by Control 2
   01/01/1988: 05:08:10 Link L1_1 setting changed to   0.00 by Control 1
   01/01/1988: 05:08:10 Link L2_1 setting changed to   0.00 by Control 2
   01/01/1988: 05:08:20 Link L1_1 setting changed to   0.00 by Control 1
   01/01/1988: 05:08:20 Link L2_1 setting changed to   0.00 by Control 2
   01/01/1988: 05:08:30 Link L1_1 setting changed to   0.00 by Control 1
   01/01/1988: 05:08:30 Link L2_1 setting changed to   0.00 by Control 2
   01/01/1988: 05:08:40 Link L1_1 setting changed to   0.00 by Control 1
   01/01/1988: 05:08:40 Link L2_1 setting changed to   0.00 by Control 2
   01/01/1988: 05:08:50 Link L1_1 setting changed to   0.00 by Control 1
   01/01/1988: 05:08:50 Link L2_1 setting changed to   0.00 by Control 2
   01/01/1988: 05:09:00 Link L1_1 setting changed to   0.00 by Control 1
   01/01/1988: 05:09:00 Link L2_1 setting changed to   0.00 by Control 2
   01/01/1988: 05:09:10 Link L1_1 setting changed to   0.00 by Control 1
   01/01/1988: 05:09:10 Link L2_1 setting changed to   0.00 by Control 2
   01/01/1988: 05:09:20 Link L1_1 setting changed to   0.00 by Control 1
   01/01/1988: 05:09:20 Link L2_1 setting changed to   0.00 by Control 2
   01/01/1988: 05:09:30 Link L1_1 setting changed to   0.00 by Control 1
   01/01/1988: 05:09:30 Link L2_1 setting changed to   0.00 by Control 2
   01/01/1988: 05:09:40 Link L1_1 setting changed to   0.00 by Control 1
   01/01/1988: 05:09:40 Link L2_1 setting changed to   0.00 by Control 2
   01/01/1988: 05:09:50 Link L1_1 setting changed to   0.00 by Control 1
   01/01/1988: 05:09:50 Link L2_1 setting changed to   0.00 by Control 2
   01/01/1988: 05:10:00 Link L1_1 setting changed to   0.00 by Control 1
   01/01/1988: 05:10:00 Link L2_1 setting changed to   0.00 by Control 2
   01/01/1988: 05:10:10 Link L1_1 setting changed to   0.00 by Control 1
   01/01/1988: 05:10:10 Link L2_1 setting changed to   0.00 by Control 2
   01/01/1988: 05:10:20 Link L1_1 setting changed to   0.00 by Control 1
   01/01/1988: 05:10:20 Link L2_1 setting changed to   0.00 by Control 2
   01/01/1988: 05:10:30 Link L1_1 setting changed to   0.00 by Control 1
   01/01/1988: 05:10:30 Link L2_1 setting changed to   0.00 by Control 2
   01/01/1988: 05:10:40 Link L1_1 setting changed to   0.00 by Control 1
   01/01/1988: 05:10:40 Link L2_1 setting changed to   0.00 by Control 2
   01/01/1988: 05:10:50 Link L1_1 setting changed to   0.00 by Control 1
   01/01/1988: 05:10:50 Link L2_1 setting changed to   0.00 by Control 2
   01/01/1988: 05:11:00 Link L1_1 setting changed to   0.00 by Control 1
   01/01/1988: 05:11:00 Link L2_1 setting changed to   0.00 by Control 2
   01/01/1988: 05:11:10 Link L1_1 setting changed to   0.00 by Control 1
   01/01/1988: 05:11:10 Link L2_1 setting changed to   0.00 by Control 2
   01/01/1988: 05:11:20 Link L1_1 setting changed to   0.00 by Control 1
   01/01/1988: 05:11:20 Link L2_1 setting changed to   0.00 by Control 2
   01/01/1988: 05:11:30 Link L1_1 setting changed to   0.00 by Control 1
   01/01/1988: 05:11:30 Link L2_1 setting changed to   0.00 by Control 2
   01/01/1988: 05:11:40 Link L1_1 setting changed to   0.00 by Control 1
   01/01/1988: 05:11:40 Link L2_1 setting changed to   0.00 by Control 2
   01/01/1988: 05:11:50 Link L1_1 setting changed to   0.00 by Control 1
   01/01/1988: 05:11:50 Link L2_1 setting changed to   0.00 by Control 2
   01/01/1988: 05:12:00 Link L1_1 setting changed to   0.00 by Control 1
   01/01/1988: 05:12:00 Link L2_1 setting changed to   0.00 by Control 2
   01/01/1988: 05:12:10 Link L1_1 setting changed to   0.00 by Control 1
   01/01/1988: 05:12:10 Link L2_1 setting changed to   0.00 by Control 2
   01/01/1988: 05:12:20 Link L1_1 setting changed to   0.00 by Control 1
   01/01/1988: 05:12:20 Link L2_1 setting changed to   0.00 by Control 2
   01/01/1988: 05:12:30 Link L1_1 setting changed to   0.00 by Control 1
   01/01/1988: 05:12:30 Link L2_1 setting changed to   0.00 by Control 2
   01/01/1988: 05:12:40 Link L1_1 setting changed to   0.00 by Control 1
   01/01/1988: 05:12:40 Link L2_1 setting changed to   0.00 by Control 2
   01/01/1988: 05:12:50 Link L1_1 setting changed to   0.00 by Control 1
   01/01/1988: 05:12:50 Link L2_1 setting changed to   0.00 by Control 2
   01/01/1988: 05:13:00 Link L1_1 setting changed to   0.00 by Control 1
   01/01/1988: 05:13:00 Link L2_1 setting changed to   0.00 by Control 2
   01/01/1988: 05:13:10 Link L1_1 setting changed to   0.00 by Control 1
   01/01/1988: 05:13:10 Link L2_1 setting changed to   0.00 by Control 2
   01/01/1988: 05:13:20 Link L1_1 setting changed to   0.00 by Control 1
   01/01/1988: 05:13:20 Link L2_1 setting changed to   0.00 by Control 2
   01/01/1988: 05:13:30 Link L1_1 setting changed to   0.00 by Control 1
   01/01/1988: 05:13:30 Link L2_1 setting changed to   0.00 by Control 2
   01/01/1988: 05:13:40 Link L1_1 setting changed to   0.00 by Control 1
   01/01/1988: 05:13:40 Link L2_1 setting changed to   0.00 by Control 2
   01/01/1988: 05:13:50 Link L1_1 setting changed to   0.00 by Control 1
   01/01/1988: 05:13:50 Link L2_1 setting changed to   0.00 by Control 2
   01/01/1988: 05:14:00 Link L1_1 setting changed to   0.00 by Control 1
   01/01/1988: 05:14:00 Link L2_1 setting changed to   0.00 by Control 2
   01/01/1988: 05:14:10 Link L1_1 setting changed to   0.00 by Control 1
   01/01/1988: 05:14:10 Link L2_1 setting changed to   0.00 by Control 2
   01/01/1988: 05:14:20 Link L1_1 setting changed to   0.00 by Control 1
   01/01/1988: 05:14:20 Link L2_1 setting changed to   0.00 by Control 2
   01/01/1988: 05:14:30 Link L1_1 setting changed to   0.00 by Control 1
   01/01/1988: 05:14:30 Link L2_1 setting changed to   0.00 by Control 2
   01/01/1988: 05:14:40 Link L1_1 setting changed to   0.00 by Control 1
   01/01/1988: 05:14:40 Link L2_1 setting changed to   0.00 by Control 2
   01/01/1988: 05:14:50 Link L1_1 setting changed to   0.00 by Control 1
   01/01/1988: 05:14:50 Link L2_1 setting changed to   0.00 by Control 2
   01/01/1988: 05:15:00 Link L1_1 setting changed to   0.00 by Control 1
   01/01/1988: 05:15:00 Link L2_1 setting changed to   0.00 by Control 2
   01/01/1988: 05:15:10 Link L1_1 setting changed to   0.00 by Control 1
   01/01/1988: 05:15:10 Link L2_1 setting changed to   0.00 by Control 2
   01/01/1988: 05:15:20 Link L1_1 setting changed to   0.00 by Control 1
   01/01/1988: 05:15:20 Link L2_1 setting changed to   0.00 by Control 2
   01/01/1988: 05:15:30 Link L1_1 setting changed to   0.00 by Control 1
   01/01/1988: 05:15:30 Link L2_1 setting changed to   0.00 by Control 2
   01/01/1988: 05:15:40 Link L1_1 setting changed to   0.00 by Control 1
   01/01/1988: 05:15:40 Link L2_1 setting changed to   0.00 by Control 2
   01/01/1988: 05:15:50 Link L1_1 setting changed to   0.00 by Control 1
   01/01/1988: 05:15:50 Link L2_1 setting changed to   0.00 by Control 2
   01/01/1988: 05:16:00 Link L1_1 setting changed to   0.00 by Control 1
   01/01/1988: 05:16:00 Link L2_1 setting changed to   0.00 by Control 2
   01/01/1988: 05:16:10 Link L1_1 setting changed to   0.00 by Control 1
   01/01/1988: 05:16:10 Link L2_1 setting changed to   0.00 by Control 2
   01/01/1988: 05:16:20 Link L1_1 setting changed to   0.00 by Control 1
   01/01/1988: 05:16:20 Link L2_1 setting changed to   0.00 by Control 2
   01/01/1988: 05:16:30 Link L1_1 setting changed to   0.00 by Control 1
   01/01/1988: 05:16:30 Link L2_1 setting changed to   0.00 by Control 2
   01/01/1988: 05:16:40 Link L1_1 setting changed to   0.00 by Control 1
   01/01/1988: 05:16:40 Link L2_1 setting changed to   0.00 by Control 2
   01/01/1988: 05:16:50 Link L1_1 setting changed to   0.00 by Control 1
   01/01/1988: 05:16:50 Link L2_1 setting changed to   0.00 by Control 2
   01/01/1988: 05:17:00 Link L1_1 setting changed to   0.00 by Control 1
   01/01/1988: 05:17:00 Link L2_1 setting changed to   0.00 by Control 2
   01/01/1988: 05:17:10 Link L1_1 setting changed to   0.00 by Control 1
   01/01/1988: 05:17:10 Link L2_1 setting changed to   0.00 by Control 2
   01/01/1988: 05:17:20 Link L1_1 setting changed to   0.00 by Control 1
   01/01/1988: 05:17:20 Link L2_1 setting changed to   0.00 by Control 2
   01/01/1988: 05:17:30 Link L1_1 setting changed to   0.00 by Control 1
   01/01/1988: 05:17:30 Link L2_1 setting changed to   0.00 by Control 2
   01/01/1988: 05:17:40 Link L1_1 setting changed to   0.00 by Control 1
   01/01/1988: 05:17:40 Link L2_1 setting changed to   0.00 by Control 2
   01/01/1988: 05:17:50 Link L1_1 setting changed to   0.00 by Control 1
   01/01/1988: 05:17:50 Link L2_1 setting changed to   0.00 by Control 2
   01/01/1988: 05:18:00 Link L1_1 setting changed to   0.00 by Control 1
   01/01/1988: 05:18:00 Link L2_1 setting changed to   0.00 by Control 2
   01/01/1988: 05:18:10 Link L1_1 setting changed to   0.00 by Control 1
   01/01/1988: 05:18:10 Link L2_1 setting changed to   0.00 by Control 2
   01/01/1988: 05:18:20 Link L1_1 setting changed to   0.00 by Control 1
   01/01/1988: 05:18:20 Link L2_1 setting changed to   0.00 by Control 2
   01/01/1988: 05:18:30 Link L1_1 setting changed to   0.00 by Control 1
   01/01/1988: 05:18:30 Link L2_1 setting changed to   0.00 by Control 2
   01/01/1988: 05:18:40 Link L1_1 setting changed to   0.00 by Control 1
   01/01/1988: 05:18:40 Link L2_1 setting changed to   0.00 by Control 2
   01/01/1988: 05:18:50 Link L1_1 setting changed to   0.00 by Control 1
   01/01/1988: 05:18:50 Link L2_1 setting changed to   0.00 by Control 2
   01/01/1988: 05:19:00 Link L1_1 setting changed to   0.00 by Control 1
   01/01/1988: 05:19:00 Link L2_1 setting changed to   0.00 by Control 2
   01/01/1988: 05:19:10 Link L1_1 setting changed to   0.00 by Control 1
   01/01/1988: 05:19:10 Link L2_1 setting changed to   0.00 by Control 2
   01/01/1988: 05:19:20 Link L1_1 setting changed to   0.00 by Control 1
   01/01/1988: 05:19:20 Link L2_1 setting changed to   0.00 by Control 2
   01/01/1988: 05:19:30 Link L1_1 setting changed to   0.00 by Control 1
   01/01/1988: 05:19:30 Link L2_1 setting changed to   0.00 by Control 2
   01/01/1988: 05:19:40 Link L1_1 setting changed to   0.00 by Control 1
   01/01/1988: 05:19:40 Link L2_1 setting changed to   0.00 by Control 2
   01/01/1988: 05:19:50 Link L1_1 setting changed to   0.00 by Control 1
   01/01/1988: 05:19:50 Link L2_1 setting changed to   0.00 by Control 2
   01/01/1988: 05:20:00 Link L1_1 setting changed to   0.00 by Control 1
   01/01/1988: 05:20:00 Link L2_1 setting changed to   0.00 by Control 2
   01/01/1988: 05:20:10 Link L1_1 setting changed to   0.00 by Control 1
   01/01/1988: 05:20:10 Link L2_1 setting changed to   0.00 by Control 2
   01/01/1988: 05:20:20 Link L1_1 setting changed to   0.00 by Control 1
   01/01/1988: 05:20:20 Link L2_1 setting changed to   0.00 by Control 2
   01/01/1988: 05:20:30 Link L1_1 setting changed to   0.00 by Control 1
   01/01/1988: 05:20:30 Link L2_1 setting changed to   0.00 by Control 2
   01/01/1988: 05:20:40 Link L1_1 setting changed to   0.00 by Control 1
   01/01/1988: 05:20:40 Link L2_1 setting changed to   0.00 by Control 2
   01/01/1988: 05:20:50 Link L1_1 setting changed to   0.00 by Control 1
   01/01/1988: 05:20:50 Link L2_1 setting changed to   0.00 by Control 2
   01/01/1988: 05:21:00 Link L1_1 setting changed to   0.00 by Control 1
   01/01/1988: 05:21:00 Link L2_1 setting changed to   0.00 by Control 2
   01/01/1988: 05:21:10 Link L1_1 setting changed to   0.00 by Control 1
   01/01/1988: 05:21:10 Link L2_1 setting changed to   0.00 by Control 2
   01/01/1988: 05:21:20 Link L1_1 setting changed to   0.00 by Control 1
   01/01/1988: 05:21:20 Link L2_1 setting changed to   0.00 by Control 2
   01/01/1988: 05:21:30 Link L1_1 setting changed to   0.00 by Control 1
   01/01/1988: 05:21:30 Link L2_1 setting changed to   0.00 by Control 2
   01/01/1988: 05:21:40 Link L1_1 setting changed to   0.00 by Control 1
   01/01/1988: 05:21:40 Link L2_1 setting changed to   0.00 by Control 2
   01/01/1988: 05:21:50 Link L1_1 setting changed to   0.00 by Control 1
   01/01/1988: 05:21:50 Link L2_1 setting changed to   0.00 by Control 2
   01/01/1988: 05:22:00 Link L1_1 setting changed to   0.00 by Control 1
   01/01/1988: 05:22:00 Link L2_1 setting changed to   0.00 by Control 2
   01/01/1988: 05:22:10 Link L1_1 setting changed to   0.00 by Control 1
   01/01/1988: 05:22:10 Link L2_1 setting changed to   0.00 by Control 2
   01/01/1988: 05:22:20 Link L1_1 setting changed to   0.00 by Control 1
   01/01/1988: 05:22:20 Link L2_1 setting changed to   0.00 by Control 2
   01/01/1988: 05:22:30 Link L1_1 setting changed to   0.00 by Control 1
   01/01/1988: 05:22:30 Link L2_1 setting changed to   0.00 by Control 2
   01/01/1988: 05:22:40 Link L1_1 setting changed to   0.00 by Control 1
   01/01/1988: 05:22:40 Link L2_1 setting changed to   0.00 by Control 2
   01/01/1988: 05:22:50 Link L1_1 setting changed to   0.00 by Control 1
   01/01/1988: 05:22:50 Link L2_1 setting changed to   0.00 by Control 2
   01/01/1988: 05:23:00 Link L1_1 setting changed to   0.00 by Control 1
   01/01/1988: 05:23:00 Link L2_1 setting changed to   0.00 by Control 2
   01/01/1988: 05:23:10 Link L1_1 setting changed to   0.00 by Control 1
   01/01/1988: 05:23:10 Link L2_1 setting changed to   0.00 by Control 2
   01/01/1988: 05:23:20 Link L1_1 setting changed to   0.00 by Control 1
   01/01/1988: 05:23:20 Link L2_1 setting changed to   0.00 by Control 2
   01/01/1988: 05:23:30 Link L1_1 setting changed to   0.00 by Control 1
   01/01/1988: 05:23:30 Link L2_1 setting changed to   0.00 by Control 2
   01/01/1988: 05:23:40 Link L1_1 setting changed to   0.00 by Control 1
   01/01/1988: 05:23:40 Link L2_1 setting changed to   0.00 by Control 2
   01/01/1988: 05:23:50 Link L1_1 setting changed to   0.00 by Control 1
   01/01/1988: 05:23:50 Link L2_1 setting changed to   0.00 by Control 2
   01/01/1988: 05:24:00 Link L1_1 setting changed to   0.00 by Control 1
   01/01/1988: 05:24:00 Link L2_1 setting changed to   0.00 by Control 2
   01/01/1988: 05:24:10 Link L1_1 setting changed to   0.00 by Control 1
   01/01/1988: 05:24:10 Link L2_1 setting changed to   0.00 by Control 2
   01/01/1988: 05:24:20 Link L1_1 setting changed to   0.00 by Control 1
   01/01/1988: 05:24:20 Link L2_1 setting changed to   0.00 by Control 2
   01/01/1988: 05:24:30 Link L1_1 setting changed to   0.00 by Control 1
   01/01/1988: 05:24:30 Link L2_1 setting changed to   0.00 by Control 2
   01/01/1988: 05:24:40 Link L1_1 setting changed to   0.00 by Control 1
   01/01/1988: 05:24:40 Link L2_1 setting changed to   0.00 by Control 2
   01/01/1988: 05:24:50 Link L1_1 setting changed to   0.00 by Control 1
   01/01/1988: 05:24:50 Link L2_1 setting changed to   0.00 by Control 2
   01/01/1988: 05:25:00 Link L1_1 setting changed to   0.00 by Control 1
   01/01/1988: 05:25:00 Link L2_1 setting changed to   0.00 by Control 2
   01/01/1988: 05:25:10 Link L1_1 setting changed to   0.00 by Control 1
   01/01/1988: 05:25:10 Link L2_1 setting changed to   0.00 by Control 2
   01/01/1988: 05:25:20 Link L1_1 setting changed to   0.00 by Control 1
   01/01/1988: 05:25:20 Link L2_1 setting changed to   0.00 by Control 2
   01/01/1988: 05:25:30 Link L1_1 setting changed to   0.00 by Control 1
   01/01/1988: 05:25:30 Link L2_1 setting changed to   0.00 by Control 2
   01/01/1988: 05:25:40 Link L1_1 setting changed to   0.00 by Control 1
   01/01/1988: 05:25:40 Link L2_1 setting changed to   0.00 by Control 2
   01/01/1988: 05:25:50 Link L1_1 setting changed to   0.00 by Control 1
   01/01/1988: 05:25:50 Link L2_1 setting changed to   0.00 by Control 2
   01/01/1988: 05:26:00 Link L1_1 setting changed to   0.00 by Control 1
   01/01/1988: 05:26:00 Link L2_1 setting changed to   0.00 by Control 2
   01/01/1988: 05:26:10 Link L1_1 setting changed to   0.00 by Control 1
   01/01/1988: 05:26:10 Link L2_1 setting changed to   0.00 by Control 2
   01/01/1988: 05:26:20 Link L1_1 setting changed to   0.00 by Control 1
   01/01/1988: 05:26:20 Link L2_1 setting changed to   0.00 by Control 2
   01/01/1988: 05:26:30 Link L1_1 setting changed to   0.00 by Control 1
   01/01/1988: 05:26:30 Link L2_1 setting changed to   0.00 by Control 2
   01/01/1988: 05:26:40 Link L1_1 setting changed to   0.00 by Control 1
   01/01/1988: 05:26:40 Link L2_1 setting changed to   0.00 by Control 2
   01/01/1988: 05:26:50 Link L1_1 setting changed to   0.00 by Control 1
   01/01/1988: 05:26:50 Link L2_1 setting changed to   0.00 by Control 2
   01/01/1988: 05:27:00 Link L1_1 setting changed to   0.00 by Control 1
   01/01/1988: 05:27:00 Link L2_1 setting changed to   0.00 by Control 2
   01/01/1988: 05:27:10 Link L1_1 setting changed to   0.00 by Control 1
   01/01/1988: 05:27:10 Link L2_1 setting changed to   0.00 by Control 2
   01/01/1988: 05:27:20 Link L1_1 setting changed to   0.00 by Control 1
   01/01/1988: 05:27:20 Link L2_1 setting changed to   0.00 by Control 2
   01/01/1988: 05:27:30 Link L1_1 setting changed to   0.00 by Control 1
   01/01/1988: 05:27:30 Link L2_1 setting changed to   0.00 by Control 2
   01/01/1988: 05:27:40 Link L1_1 setting changed to   0.00 by Control 1
   01/01/1988: 05:27:40 Link L2_1 setting changed to   0.00 by Control 2
   01/01/1988: 05:27:50 Link L1_1 setting changed to   0.00 by Control 1
   01/01/1988: 05:27:50 Link L2_1 setting changed to   0.00 by Control 2
   01/01/1988: 05:28:00 Link L1_1 setting changed to   0.00 by Control 1
   01/01/1988: 05:28:00 Link L2_1 setting changed to   0.00 by Control 2
   01/01/1988: 05:28:10 Link L1_1 setting changed to   0.00 by Control 1
   01/01/1988: 05:28:10 Link L2_1 setting changed to   0.00 by Control 2
   01/01/1988: 05:28:20 Link L1_1 setting changed to   0.00 by Control 1
   01/01/1988: 05:28:20 Link L2_1 setting changed to   0.00 by Control 2
   01/01/1988: 05:28:30 Link L1_1 setting changed to   0.00 by Control 1
   01/01/1988: 05:28:30 Link L2_1 setting changed to   0.00 by Control 2
   01/01/1988: 05:28:40 Link L1_1 setting changed to   0.00 by Control 1
   01/01/1988: 05:28:40 Link L2_1 setting changed to   0.00 by Control 2
   01/01/1988: 05:28:50 Link L1_1 setting changed to   0.00 by Control 1
   01/01/1988: 05:28:50 Link L2_1 setting changed to   0.00 by Control 2
   01/01/1988: 05:29:00 Link L1_1 setting changed to   0.00 by Control 1
   01/01/1988: 05:29:00 Link L2_1 setting changed to   0.00 by Control 2
   01/01/1988: 05:29:10 Link L1_1 setting changed to   0.00 by Control 1
   01/01/1988: 05:29:10 Link L2_1 setting changed to   0.00 by Control 2
   01/01/1988: 05:29:20 Link L1_1 setting changed to   0.00 by Control 1
   01/01/1988: 05:29:20 Link L2_1 setting changed to   0.00 by Control 2
   01/01/1988: 05:29:30 Link L1_1 setting changed to   0.00 by Control 1
   01/01/1988: 05:29:30 Link L2_1 setting changed to   0.00 by Control 2
   01/01/1988: 05:29:40 Link L1_1 setting changed to   0.00 by Control 1
   01/01/1988: 05:29:40 Link L2_1 setting changed to   0.00 by Control 2
   01/01/1988: 05:29:50 Link L1_1 setting changed to   0.00 by Control 1
   01/01/1988: 05:29:50 Link L2_1 setting changed to   0.00 by Control 2
   01/01/1988: 05:30:00 Link L1_1 setting changed to   0.00 by Control 1
   01/01/1988: 05:30:00 Link L2_1 setting changed to   0.00 by Control 2
   01/01/1988: 05:30:10 Link L1_1 setting changed to   0.00 by Control 1
   01/01/1988: 05:30:10 Link L2_1 setting changed to   0.00 by Control 2
   01/01/1988: 05:30:20 Link L1_1 setting changed to   0.00 by Control 1
   01/01/1988: 05:30:20 Link L2_1 setting changed to   0.00 by Control 2
   01/01/1988: 05:30:30 Link L1_1 setting changed to   0.00 by Control 1
   01/01/1988: 05:30:30 Link L2_1 setting changed to   0.00 by Control 2
   01/01/1988: 05:30:40 Link L1_1 setting changed to   0.00 by Control 1
   01/01/1988: 05:30:40 Link L2_1 setting changed to   0.00 by Control 2
   01/01/1988: 05:30:50 Link L1_1 setting changed to   0.00 by Control 1
   01/01/1988: 05:30:50 Link L2_1 setting changed to   0.00 by Control 2
   01/01/1988: 05:31:00 Link L1_1 setting changed to   0.00 by Control 1
   01/01/1988: 05:31:00 Link L2_1 setting changed to   0.00 by Control 2
   01/01/1988: 05:31:10 Link L1_1 setting changed to   0.00 by Control 1
   01/01/1988: 05:31:10 Link L2_1 setting changed to   0.00 by Control 2
   01/01/1988: 05:31:20 Link L1_1 setting changed to   0.00 by Control 1
   01/01/1988: 05:31:20 Link L2_1 setting changed to   0.00 by Control 2
   01/01/1988: 05:31:30 Link L1_1 setting changed to   0.00 by Control 1
   01/01/1988: 05:31:30 Link L2_1 setting changed to   0.00 by Control 2
   01/01/1988: 05:31:40 Link L1_1 setting changed to   0.00 by Control 1
   01/01/1988: 05:31:40 Link L2_1 setting changed to   0.00 by Control 2
   01/01/1988: 05:31:50 Link L1_1 setting changed to   0.00 by Control 1
   01/01/1988: 05:31:50 Link L2_1 setting changed to   0.00 by Control 2
   01/01/1988: 05:32:00 Link L1_1 setting changed to   0.00 by Control 1
   01/01/1988: 05:32:00 Link L2_1 setting changed to   0.00 by Control 2
   01/01/1988: 05:32:10 Link L1_1 setting changed to   0.00 by Control 1
   01/01/1988: 05:32:10 Link L2_1 setting changed to   0.00 by Control 2
   01/01/1988: 05:32:20 Link L1_1 setting changed to   0.00 by Control 1
   01/01/1988: 05:32:20 Link L2_1 setting changed to   0.00 by Control 2
   01/01/1988: 05:32:30 Link L1_1 setting changed to   0.00 by Control 1
   01/01/1988: 05:32:30 Link L2_1 setting changed to   0.00 by Control 2
   01/01/1988: 05:32:40 Link L1_1 setting changed to   0.00 by Control 1
   01/01/1988: 05:32:40 Link L2_1 setting changed to   0.00 by Control 2
   01/01/1988: 05:32:50 Link L1_1 setting changed to   0.00 by Control 1
   01/01/1988: 05:32:50 Link L2_1 setting changed to   0.00 by Control 2
   01/01/1988: 05:33:00 Link L1_1 setting changed to   0.00 by Control 1
   01/01/1988: 05:33:00 Link L2_1 setting changed to   0.00 by Control 2
   01/01/1988: 05:33:10 Link L1_1 setting changed to   0.00 by Control 1
   01/01/1988: 05:33:10 Link L2_1 setting changed to   0.00 by Control 2
   01/01/1988: 05:33:20 Link L1_1 setting changed to   0.00 by Control 1
   01/01/1988: 05:33:20 Link L2_1 setting changed to   0.00 by Control 2
   01/01/1988: 05:33:30 Link L1_1 setting changed to   0.00 by Control 1
   01/01/1988: 05:33:30 Link L2_1 setting changed to   0.00 by Control 2
   01/01/1988: 05:33:40 Link L1_1 setting changed to   0.00 by Control 1
   01/01/1988: 05:33:40 Link L2_1 setting changed to   0.00 by Control 2
   01/01/1988: 05:33:50 Link L1_1 setting changed to   0.00 by Control 1
   01/01/1988: 05:33:50 Link L2_1 setting changed to   0.00 by Control 2
   01/01/1988: 05:34:00 Link L1_1 setting changed to   0.00 by Control 1
   01/01/1988: 05:34:00 Link L2_1 setting changed to   0.00 by Control 2
   01/01/1988: 05:34:10 Link L1_1 setting changed to   0.00 by Control 1
   01/01/1988: 05:34:10 Link L2_1 setting changed to   0.00 by Control 2
   01/01/1988: 05:34:20 Link L1_1 setting changed to   0.00 by Control 1
   01/01/1988: 05:34:20 Link L2_1 setting changed to   0.00 by Control 2
   01/01/1988: 05:34:30 Link L1_1 setting changed to   0.00 by Control 1
   01/01/1988: 05:34:30 Link L2_1 setting changed to   0.00 by Control 2
   01/01/1988: 05:34:40 Link L1_1 setting changed to   0.00 by Control 1
   01/01/1988: 05:34:40 Link L2_1 setting changed to   0.00 by Control 2
   01/01/1988: 05:34:50 Link L1_1 setting changed to   0.00 by Control 1
   01/01/1988: 05:34:50 Link L2_1 setting changed to   0.00 by Control 2
   01/01/1988: 05:35:00 Link L1_1 setting changed to   0.00 by Control 1
   01/01/1988: 05:35:00 Link L2_1 setting changed to   0.00 by Control 2
   01/01/1988: 05:35:10 Link L1_1 setting changed to   0.00 by Control 1
   01/01/1988: 05:35:10 Link L2_1 setting changed to   0.00 by Control 2
   01/01/1988: 05:35:20 Link L1_1 setting changed to   0.00 by Control 1
   01/01/1988: 05:35:20 Link L2_1 setting changed to   0.00 by Control 2
   01/01/1988: 05:35:30 Link L1_1 setting changed to   0.00 by Control 1
   01/01/1988: 05:35:30 Link L2_1 setting changed to   0.00 by Control 2
   01/01/1988: 05:35:40 Link L1_1 setting changed to   0.00 by Control 1
   01/01/1988: 05:35:40 Link L2_1 setting changed to   0.00 by Control 2
   01/01/1988: 05:35:50 Link L1_1 setting changed to   0.00 by Control 1
   01/01/1988: 05:35:50 Link L2_1 setting changed to   0.00 by Control 2
   01/01/1988: 05:36:00 Link L1_1 setting changed to   0.00 by Control 1
   01/01/1988: 05:36:00 Link L2_1 setting changed to   0.00 by Control 2
   01/01/1988: 05:36:10 Link L1_1 setting changed to   0.00 by Control 1
   01/01/1988: 05:36:10 Link L2_1 setting changed to   0.00 by Control 2
   01/01/1988: 05:36:20 Link L1_1 setting changed to   0.00 by Control 1
   01/01/1988: 05:36:20 Link L2_1 setting changed to   0.00 by Control 2
   01/01/1988: 05:36:30 Link L1_1 setting changed to   0.00 by Control 1
   01/01/1988: 05:36:30 Link L2_1 setting changed to   0.00 by Control 2
   01/01/1988: 05:36:40 Link L1_1 setting changed to   0.00 by Control 1
   01/01/1988: 05:36:40 Link L2_1 setting changed to   0.00 by Control 2
   01/01/1988: 05:36:50 Link L1_1 setting changed to   0.00 by Control 1
   01/01/1988: 05:36:50 Link L2_1 setting changed to   0.00 by Control 2
   01/01/1988: 05:37:00 Link L1_1 setting changed to   0.00 by Control 1
   01/01/1988: 05:37:00 Link L2_1 setting changed to   0.00 by Control 2
   01/01/1988: 05:37:10 Link L1_1 setting changed to   0.00 by Control 1
   01/01/1988: 05:37:10 Link L2_1 setting changed to   0.00 by Control 2
   01/01/1988: 05:37:20 Link L1_1 setting changed to   0.00 by Control 1
   01/01/1988: 05:37:20 Link L2_1 setting changed to   0.00 by Control 2
   01/01/1988: 05:37:30 Link L1_1 setting changed to   0.00 by Control 1
   01/01/1988: 05:37:30 Link L2_1 setting changed to   0.00 by Control 2
   01/01/1988: 05:37:40 Link L1_1 setting changed to   0.00 by Control 1
   01/01/1988: 05:37:40 Link L2_1 setting changed to   0.00 by Control 2
   01/01/1988: 05:37:50 Link L1_1 setting changed to   0.00 by Control 1
   01/01/1988: 05:37:50 Link L2_1 setting changed to   0.00 by Control 2
   01/01/1988: 05:38:00 Link L1_1 setting changed to   0.00 by Control 1
   01/01/1988: 05:38:00 Link L2_1 setting changed to   0.00 by Control 2
   01/01/1988: 05:38:10 Link L1_1 setting changed to   0.00 by Control 1
   01/01/1988: 05:38:10 Link L2_1 setting changed to   0.00 by Control 2
   01/01/1988: 05:38:20 Link L1_1 setting changed to   0.00 by Control 1
   01/01/1988: 05:38:20 Link L2_1 setting changed to   0.00 by Control 2
   01/01/1988: 05:38:30 Link L1_1 setting changed to   0.00 by Control 1
   01/01/1988: 05:38:30 Link L2_1 setting changed to   0.00 by Control 2
   01/01/1988: 05:38:40 Link L1_1 setting changed to   0.00 by Control 1
   01/01/1988: 05:38:40 Link L2_1 setting changed to   0.00 by Control 2
   01/01/1988: 05:38:50 Link L1_1 setting changed to   0.00 by Control 1
   01/01/1988: 05:38:50 Link L2_1 setting changed to   0.00 by Control 2
   01/01/1988: 05:39:00 Link L1_1 setting changed to   0.00 by Control 1
   01/01/1988: 05:39:00 Link L2_1 setting changed to   0.00 by Control 2
   01/01/1988: 05:39:10 Link L1_1 setting changed to   0.00 by Control 1
   01/01/1988: 05:39:10 Link L2_1 setting changed to   0.00 by Control 2
   01/01/1988: 05:39:20 Link L1_1 setting changed to   0.00 by Control 1
   01/01/1988: 05:39:20 Link L2_1 setting changed to   0.00 by Control 2
   01/01/1988: 05:39:30 Link L1_1 setting changed to   0.00 by Control 1
   01/01/1988: 05:39:30 Link L2_1 setting changed to   0.00 by Control 2
   01/01/1988: 05:39:40 Link L1_1 setting changed to   0.00 by Control 1
   01/01/1988: 05:39:40 Link L2_1 setting changed to   0.00 by Control 2
   01/01/1988: 05:39:50 Link L1_1 setting changed to   0.00 by Control 1
   01/01/1988: 05:39:50 Link L2_1 setting changed to   0.00 by Control 2
   01/01/1988: 05:40:00 Link L1_1 setting changed to   0.00 by Control 1
   01/01/1988: 05:40:00 Link L2_1 setting changed to   0.00 by Control 2
   01/01/1988: 05:40:10 Link L1_1 setting changed to   0.00 by Control 1
   01/01/1988: 05:40:10 Link L2_1 setting changed to   0.00 by Control 2
   01/01/1988: 05:40:20 Link L1_1 setting changed to   0.00 by Control 1
   01/01/1988: 05:40:20 Link L2_1 setting changed to   0.00 by Control 2
   01/01/1988: 05:40:30 Link L1_1 setting changed to   0.00 by Control 1
   01/01/1988: 05:40:30 Link L2_1 setting changed to   0.00 by Control 2
   01/01/1988: 05:40:40 Link L1_1 setting changed to   0.00 by Control 1
   01/01/1988: 05:40:40 Link L2_1 setting changed to   0.00 by Control 2
   01/01/1988: 05:40:50 Link L1_1 setting changed to   0.00 by Control 1
   01/01/1988: 05:40:50 Link L2_1 setting changed to   0.00 by Control 2
   01/01/1988: 05:41:00 Link L1_1 setting changed to   0.00 by Control 1
   01/01/1988: 05:41:00 Link L2_1 setting changed to   0.00 by Control 2
   01/01/1988: 05:41:10 Link L1_1 setting changed to   0.00 by Control 1
   01/01/1988: 05:41:10 Link L2_1 setting changed to   0.00 by Control 2
   01/01/1988: 05:41:20 Link L1_1 setting changed to   0.00 by Control 1
   01/01/1988: 05:41:20 Link L2_1 setting changed to   0.00 by Control 2
   01/01/1988: 05:41:30 Link L1_1 setting changed to   0.00 by Control 1
   01/01/1988: 05:41:30 Link L2_1 setting changed to   0.00 by Control 2
   01/01/1988: 05:41:40 Link L1_1 setting changed to   0.00 by Control 1
   01/01/1988: 05:41:40 Link L2_1 setting changed to   0.00 by Control 2
   01/01/1988: 05:41:50 Link L1_1 setting changed to   0.00 by Control 1
   01/01/1988: 05:41:50 Link L2_1 setting changed to   0.00 by Control 2
   01/01/1988: 05:42:00 Link L1_1 setting changed to   0.00 by Control 1
   01/01/1988: 05:42:00 Link L2_1 setting changed to   0.00 by Control 2
   01/01/1988: 05:42:10 Link L1_1 setting changed to   0.00 by Control 1
   01/01/1988: 05:42:10 Link L2_1 setting changed to   0.00 by Control 2
   01/01/1988: 05:42:20 Link L1_1 setting changed to   0.00 by Control 1
   01/01/1988: 05:42:20 Link L2_1 setting changed to   0.00 by Control 2
   01/01/1988: 05:42:30 Link L1_1 setting changed to   0.00 by Control 1
   01/01/1988: 05:42:30 Link L2_1 setting changed to   0.00 by Control 2
   01/01/1988: 05:42:40 Link L1_1 setting changed to   0.00 by Control 1
   01/01/1988: 05:42:40 Link L2_1 setting changed to   0.00 by Control 2
   01/01/1988: 05:42:50 Link L1_1 setting changed to   0.00 by Control 1
   01/01/1988: 05:42:50 Link L2_1 setting changed to   0.00 by Control 2
   01/01/1988: 05:43:00 Link L1_1 setting changed to   0.00 by Control 1
   01/01/1988: 05:43:00 Link L2_1 setting changed to   0.00 by Control 2
   01/01/1988: 05:43:10 Link L1_1 setting changed to   0.00 by Control 1
   01/01/1988: 05:43:10 Link L2_1 setting changed to   0.00 by Control 2
   01/01/1988: 05:43:20 Link L1_1 setting changed to   0.00 by Control 1
   01/01/1988: 05:43:20 Link L2_1 setting changed to   0.00 by Control 2
   01/01/1988: 05:43:30 Link L1_1 setting changed to   0.00 by Control 1
   01/01/1988: 05:43:30 Link L2_1 setting changed to   0.00 by Control 2
   01/01/1988: 05:43:40 Link L1_1 setting changed to   0.00 by Control 1
   01/01/1988: 05:43:40 Link L2_1 setting changed to   0.00 by Control 2
   01/01/1988: 05:43:50 Link L1_1 setting changed to   0.00 by Control 1
   01/01/1988: 05:43:50 Link L2_1 setting changed to   0.00 by Control 2
   01/01/1988: 05:44:00 Link L1_1 setting changed to   0.00 by Control 1
   01/01/1988: 05:44:00 Link L2_1 setting changed to   0.00 by Control 2
   01/01/1988: 05:44:10 Link L1_1 setting changed to   0.00 by Control 1
   01/01/1988: 05:44:10 Link L2_1 setting changed to   0.00 by Control 2
   01/01/1988: 05:44:20 Link L1_1 setting changed to   0.00 by Control 1
   01/01/1988: 05:44:20 Link L2_1 setting changed to   0.00 by Control 2
   01/01/1988: 05:44:30 Link L1_1 setting changed to   0.00 by Control 1
   01/01/1988: 05:44:30 Link L2_1 setting changed to   0.00 by Control 2
   01/01/1988: 05:44:40 Link L1_1 setting changed to   0.00 by Control 1
   01/01/1988: 05:44:40 Link L2_1 setting changed to   0.00 by Control 2
   01/01/1988: 05:44:50 Link L1_1 setting changed to   0.00 by Control 1
   01/01/1988: 05:44:50 Link L2_1 setting changed to   0.00 by Control 2
   01/01/1988: 05:45:00 Link L1_1 setting changed to   0.00 by Control 1
   01/01/1988: 05:45:00 Link L2_1 setting changed to   0.00 by Control 2
   01/01/1988: 05:45:10 Link L1_1 setting changed to   0.00 by Control 1
   01/01/1988: 05:45:10 Link L2_1 setting changed to   0.00 by Control 2
   01/01/1988: 05:45:20 Link L1_1 setting changed to   0.00 by Control 1
   01/01/1988: 05:45:20 Link L2_1 setting changed to   0.00 by Control 2
   01/01/1988: 05:45:30 Link L1_1 setting changed to   0.00 by Control 1
   01/01/1988: 05:45:30 Link L2_1 setting changed to   0.00 by Control 2
   01/01/1988: 05:45:40 Link L1_1 setting changed to   0.00 by Control 1
   01/01/1988: 05:45:40 Link L2_1 setting changed to   0.00 by Control 2
   01/01/1988: 05:45:50 Link L1_1 setting changed to   0.00 by Control 1
   01/01/1988: 05:45:50 Link L2_1 setting changed to   0.00 by Control 2
   01/01/1988: 05:46:00 Link L1_1 setting changed to   0.00 by Control 1
   01/01/1988: 05:46:00 Link L2_1 setting changed to   0.00 by Control 2
   01/01/1988: 05:46:10 Link L1_1 setting changed to   0.00 by Control 1
   01/01/1988: 05:46:10 Link L2_1 setting changed to   0.00 by Control 2
   01/01/1988: 05:46:20 Link L1_1 setting changed to   0.00 by Control 1
   01/01/1988: 05:46:20 Link L2_1 setting changed to   0.00 by Control 2
   01/01/1988: 05:46:30 Link L1_1 setting changed to   0.00 by Control 1
   01/01/1988: 05:46:30 Link L2_1 setting changed to   0.00 by Control 2
   01/01/1988: 05:46:40 Link L1_1 setting changed to   0.00 by Control 1
   01/01/1988: 05:46:40 Link L2_1 setting changed to   0.00 by Control 2
   01/01/1988: 05:46:50 Link L1_1 setting changed to   0.00 by Control 1
   01/01/1988: 05:46:50 Link L2_1 setting changed to   0.00 by Control 2
   01/01/1988: 05:47:00 Link L1_1 setting changed to   0.00 by Control 1
   01/01/1988: 05:47:00 Link L2_1 setting changed to   0.00 by Control 2
   01/01/1988: 05:47:10 Link L1_1 setting changed to   0.00 by Control 1
   01/01/1988: 05:47:10 Link L2_1 setting changed to   0.00 by Control 2
   01/01/1988: 05:47:20 Link L1_1 setting changed to   0.00 by Control 1
   01/01/1988: 05:47:20 Link L2_1 setting changed to   0.00 by Control 2
   01/01/1988: 05:47:30 Link L1_1 setting changed to   0.00 by Control 1
   01/01/1988: 05:47:30 Link L2_1 setting changed to   0.00 by Control 2
   01/01/1988: 05:47:40 Link L1_1 setting changed to   0.00 by Control 1
   01/01/1988: 05:47:40 Link L2_1 setting changed to   0.00 by Control 2
   01/01/1988: 05:47:50 Link L1_1 setting changed to   0.00 by Control 1
   01/01/1988: 05:47:50 Link L2_1 setting changed to   0.00 by Control 2
   01/01/1988: 05:48:00 Link L1_1 setting changed to   0.00 by Control 1
   01/01/1988: 05:48:00 Link L2_1 setting changed to   0.00 by Control 2
   01/01/1988: 05:48:10 Link L1_1 setting changed to   0.00 by Control 1
   01/01/1988: 05:48:10 Link L2_1 setting changed to   0.00 by Control 2
   01/01/1988: 05:48:20 Link L1_1 setting changed to   0.00 by Control 1
   01/01/1988: 05:48:20 Link L2_1 setting changed to   0.00 by Control 2
   01/01/1988: 05:48:30 Link L1_1 setting changed to   0.00 by Control 1
   01/01/1988: 05:48:30 Link L2_1 setting changed to   0.00 by Control 2
   01/01/1988: 05:48:40 Link L1_1 setting changed to   0.00 by Control 1
   01/01/1988: 05:48:40 Link L2_1 setting changed to   0.00 by Control 2
   01/01/1988: 05:48:50 Link L1_1 setting changed to   0.00 by Control 1
   01/01/1988: 05:48:50 Link L2_1 setting changed to   0.00 by Control 2
   01/01/1988: 05:49:00 Link L1_1 setting changed to   0.00 by Control 1
   01/01/1988: 05:49:00 Link L2_1 setting changed to   0.00 by Control 2
   01/01/1988: 05:49:10 Link L1_1 setting changed to   0.00 by Control 1
   01/01/1988: 05:49:10 Link L2_1 setting changed to   0.00 by Control 2
   01/01/1988: 05:49:20 Link L1_1 setting changed to   0.00 by Control 1
   01/01/1988: 05:49:20 Link L2_1 setting changed to   0.00 by Control 2
   01/01/1988: 05:49:30 Link L1_1 setting changed to   0.00 by Control 1
   01/01/1988: 05:49:30 Link L2_1 setting changed to   0.00 by Control 2
   01/01/1988: 05:49:40 Link L1_1 setting changed to   0.00 by Control 1
   01/01/1988: 05:49:40 Link L2_1 setting changed to   0.00 by Control 2
   01/01/1988: 05:49:50 Link L1_1 setting changed to   0.00 by Control 1
   01/01/1988: 05:49:50 Link L2_1 setting changed to   0.00 by Control 2
   01/01/1988: 05:50:00 Link L1_1 setting changed to   0.00 by Control 1
   01/01/1988: 05:50:00 Link L2_1 setting changed to   0.00 by Control 2
   01/01/1988: 05:50:10 Link L1_1 setting changed to   0.00 by Control 1
   01/01/1988: 05:50:10 Link L2_1 setting changed to   0.00 by Control 2
   01/01/1988: 05:50:20 Link L1_1 setting changed to   0.00 by Control 1
   01/01/1988: 05:50:20 Link L2_1 setting changed to   0.00 by Control 2
   01/01/1988: 05:50:30 Link L1_1 setting changed to   0.00 by Control 1
   01/01/1988: 05:50:30 Link L2_1 setting changed to   0.00 by Control 2
   01/01/1988: 05:50:40 Link L1_1 setting changed to   0.00 by Control 1
   01/01/1988: 05:50:40 Link L2_1 setting changed to   0.00 by Control 2
   01/01/1988: 05:50:50 Link L1_1 setting changed to   0.00 by Control 1
   01/01/1988: 05:50:50 Link L2_1 setting changed to   0.00 by Control 2
   01/01/1988: 05:51:00 Link L1_1 setting changed to   0.00 by Control 1
   01/01/1988: 05:51:00 Link L2_1 setting changed to   0.00 by Control 2
   01/01/1988: 05:51:10 Link L1_1 setting changed to   0.00 by Control 1
   01/01/1988: 05:51:10 Link L2_1 setting changed to   0.00 by Control 2
   01/01/1988: 05:51:20 Link L1_1 setting changed to   0.00 by Control 1
   01/01/1988: 05:51:20 Link L2_1 setting changed to   0.00 by Control 2
   01/01/1988: 05:51:30 Link L1_1 setting changed to   0.00 by Control 1
   01/01/1988: 05:51:30 Link L2_1 setting changed to   0.00 by Control 2
   01/01/1988: 05:51:40 Link L1_1 setting changed to   0.00 by Control 1
   01/01/1988: 05:51:40 Link L2_1 setting changed to   0.00 by Control 2
   01/01/1988: 05:51:50 Link L1_1 setting changed to   0.00 by Control 1
   01/01/1988: 05:51:50 Link L2_1 setting changed to   0.00 by Control 2
   01/01/1988: 05:52:00 Link L1_1 setting changed to   0.00 by Control 1
   01/01/1988: 05:52:00 Link L2_1 setting changed to   0.00 by Control 2
   01/01/1988: 05:52:10 Link L1_1 setting changed to   0.00 by Control 1
   01/01/1988: 05:52:10 Link L2_1 setting changed to   0.00 by Control 2
   01/01/1988: 05:52:20 Link L1_1 setting changed to   0.00 by Control 1
   01/01/1988: 05:52:20 Link L2_1 setting changed to   0.00 by Control 2
   01/01/1988: 05:52:30 Link L1_1 setting changed to   0.00 by Control 1
   01/01/1988: 05:52:30 Link L2_1 setting changed to   0.00 by Control 2
   01/01/1988: 05:52:40 Link L1_1 setting changed to   0.00 by Control 1
   01/01/1988: 05:52:40 Link L2_1 setting changed to   0.00 by Control 2
   01/01/1988: 05:52:50 Link L1_1 setting changed to   0.00 by Control 1
   01/01/1988: 05:52:50 Link L2_1 setting changed to   0.00 by Control 2
   01/01/1988: 05:53:00 Link L1_1 setting changed to   0.00 by Control 1
   01/01/1988: 05:53:00 Link L2_1 setting changed to   0.00 by Control 2
   01/01/1988: 05:53:10 Link L1_1 setting changed to   0.00 by Control 1
   01/01/1988: 05:53:10 Link L2_1 setting changed to   0.00 by Control 2
   01/01/1988: 05:53:20 Link L1_1 setting changed to   0.00 by Control 1
   01/01/1988: 05:53:20 Link L2_1 setting changed to   0.00 by Control 2
   01/01/1988: 05:53:30 Link L1_1 setting changed to   0.00 by Control 1
   01/01/1988: 05:53:30 Link L2_1 setting changed to   0.00 by Control 2
   01/01/1988: 05:53:40 Link L1_1 setting changed to   0.00 by Control 1
   01/01/1988: 05:53:40 Link L2_1 setting changed to   0.00 by Control 2
   01/01/1988: 05:53:50 Link L1_1 setting changed to   0.00 by Control 1
   01/01/1988: 05:53:50 Link L2_1 setting changed to   0.00 by Control 2
   01/01/1988: 05:54:00 Link L1_1 setting changed to   0.00 by Control 1
   01/01/1988: 05:54:00 Link L2_1 setting changed to   0.00 by Control 2
   01/01/1988: 05:54:10 Link L1_1 setting changed to   0.00 by Control 1
   01/01/1988: 05:54:10 Link L2_1 setting changed to   0.00 by Control 2
   01/01/1988: 05:54:20 Link L1_1 setting changed to   0.00 by Control 1
   01/01/1988: 05:54:20 Link L2_1 setting changed to   0.00 by Control 2
   01/01/1988: 05:54:30 Link L1_1 setting changed to   0.00 by Control 1
   01/01/1988: 05:54:30 Link L2_1 setting changed to   0.00 by Control 2
   01/01/1988: 05:54:40 Link L1_1 setting changed to   0.00 by Control 1
   01/01/1988: 05:54:40 Link L2_1 setting changed to   0.00 by Control 2
   01/01/1988: 05:54:50 Link L1_1 setting changed to   0.00 by Control 1
   01/01/1988: 05:54:50 Link L2_1 setting changed to   0.00 by Control 2
   01/01/1988: 05:55:00 Link L1_1 setting changed to   0.00 by Control 1
   01/01/1988: 05:55:00 Link L2_1 setting changed to   0.00 by Control 2
   01/01/1988: 05:55:10 Link L1_1 setting changed to   0.00 by Control 1
   01/01/1988: 05:55:10 Link L2_1 setting changed to   0.00 by Control 2
   01/01/1988: 05:55:20 Link L1_1 setting changed to   0.00 by Control 1
   01/01/1988: 05:55:20 Link L2_1 setting changed to   0.00 by Control 2
   01/01/1988: 05:55:30 Link L1_1 setting changed to   0.00 by Control 1
   01/01/1988: 05:55:30 Link L2_1 setting changed to   0.00 by Control 2
   01/01/1988: 05:55:40 Link L1_1 setting changed to   0.00 by Control 1
   01/01/1988: 05:55:40 Link L2_1 setting changed to   0.00 by Control 2
   01/01/1988: 05:55:50 Link L1_1 setting changed to   0.00 by Control 1
   01/01/1988: 05:55:50 Link L2_1 setting changed to   0.00 by Control 2
   01/01/1988: 05:56:00 Link L1_1 setting changed to   0.00 by Control 1
   01/01/1988: 05:56:00 Link L2_1 setting changed to   0.00 by Control 2
   01/01/1988: 05:56:10 Link L1_1 setting changed to   0.00 by Control 1
   01/01/1988: 05:56:10 Link L2_1 setting changed to   0.00 by Control 2
   01/01/1988: 05:56:20 Link L1_1 setting changed to   0.00 by Control 1
   01/01/1988: 05:56:20 Link L2_1 setting changed to   0.00 by Control 2
   01/01/1988: 05:56:30 Link L1_1 setting changed to   0.00 by Control 1
   01/01/1988: 05:56:30 Link L2_1 setting changed to   0.00 by Control 2
   01/01/1988: 05:56:40 Link L1_1 setting changed to   0.00 by Control 1
   01/01/1988: 05:56:40 Link L2_1 setting changed to   0.00 by Control 2
   01/01/1988: 05:56:50 Link L1_1 setting changed to   0.00 by Control 1
   01/01/1988: 05:56:50 Link L2_1 setting changed to   0.00 by Control 2
   01/01/1988: 05:57:00 Link L1_1 setting changed to   0.00 by Control 1
   01/01/1988: 05:57:00 Link L2_1 setting changed to   0.00 by Control 2
   01/01/1988: 05:57:10 Link L1_1 setting changed to   0.00 by Control 1
   01/01/1988: 05:57:10 Link L2_1 setting changed to   0.00 by Control 2
   01/01/1988: 05:57:20 Link L1_1 setting changed to   0.00 by Control 1
   01/01/1988: 05:57:20 Link L2_1 setting changed to   0.00 by Control 2
   01/01/1988: 05:57:30 Link L1_1 setting changed to   0.00 by Control 1
   01/01/1988: 05:57:30 Link L2_1 setting changed to   0.00 by Control 2
   01/01/1988: 05:57:40 Link L1_1 setting changed to   0.00 by Control 1
   01/01/1988: 05:57:40 Link L2_1 setting changed to   0.00 by Control 2
   01/01/1988: 05:57:50 Link L1_1 setting changed to   0.00 by Control 1
   01/01/1988: 05:57:50 Link L2_1 setting changed to   0.00 by Control 2
   01/01/1988: 05:58:00 Link L1_1 setting changed to   0.00 by Control 1
   01/01/1988: 05:58:00 Link L2_1 setting changed to   0.00 by Control 2
   01/01/1988: 05:58:10 Link L1_1 setting changed to   0.00 by Control 1
   01/01/1988: 05:58:10 Link L2_1 setting changed to   0.00 by Control 2
   01/01/1988: 05:58:20 Link L1_1 setting changed to   0.00 by Control 1
   01/01/1988: 05:58:20 Link L2_1 setting changed to   0.00 by Control 2
   01/01/1988: 05:58:30 Link L1_1 setting changed to   0.00 by Control 1
   01/01/1988: 05:58:30 Link L2_1 setting changed to   0.00 by Control 2
   01/01/1988: 05:58:40 Link L1_1 setting changed to   0.00 by Control 1
   01/01/1988: 05:58:40 Link L2_1 setting changed to   0.00 by Control 2
   01/01/1988: 05:58:50 Link L1_1 setting changed to   0.00 by Control 1
   01/01/1988: 05:58:50 Link L2_1 setting changed to   0.00 by Control 2
   01/01/1988: 05:59:00 Link L1_1 setting changed to   0.00 by Control 1
   01/01/1988: 05:59:00 Link L2_1 setting changed to   0.00 by Control 2
   01/01/1988: 05:59:10 Link L1_1 setting changed to   0.00 by Control 1
   01/01/1988: 05:59:10 Link L2_1 setting changed to   0.00 by Control 2
   01/01/1988: 05:59:20 Link L1_1 setting changed to   0.00 by Control 1
   01/01/1988: 05:59:20 Link L2_1 setting changed to   0.00 by Control 2
   01/01/1988: 05:59:30 Link L1_1 setting changed to   0.00 by Control 1
   01/01/1988: 05:59:30 Link L2_1 setting changed to   0.00 by Control 2
   01/01/1988: 05:59:40 Link L1_1 setting changed to   0.00 by Control 1
   01/01/1988: 05:59:40 Link L2_1 setting changed to   0.00 by Control 2
   01/01/1988: 05:59:50 Link L1_1 setting changed to   0.00 by Control 1
   01/01/1988: 05:59:50 Link L2_1 setting changed to   0.00 by Control 2
   01/01/1988: 06:00:00 Link L1_1 setting changed to   0.00 by Control 1
   01/01/1988: 06:00:00 Link L2_1 setting changed to   0.00 by Control 2

  
  **************************        Volume        Volume
  Flow Routing Continuity        hectare-m      10^6 ltr
  **************************     ---------     ---------
  Dry Weather Inflow .......         3.326        33.264
  Wet Weather Inflow .......         0.000         0.000
  Groundwater Inflow .......         0.000         0.000
  RDII Inflow ..............         0.000         0.000
  External Inflow ..........        87.249       872.502
  External Outflow .........        53.627       536.275
  Flooding Loss ............         0.000         0.000
  Evaporation Loss .........         0.003         0.026
  Exfiltration Loss ........         0.000         0.000
  Initial Stored Volume ....         6.835        68.346
  Final Stored Volume ......        51.317       513.177
  Continuity Error (%) .....        -7.737
  
  
  **************************           TSS
  Quality Routing Continuity            kg
  **************************    ----------
  Dry Weather Inflow .......       332.640
  Wet Weather Inflow .......         0.000
  Groundwater Inflow .......         0.000
  RDII Inflow ..............         0.000
  External Inflow ..........    473806.997
  External Outflow .........     98343.048
  Flooding Loss ............         0.000
  Exfiltration Loss ........         0.000
  Mass Reacted .............         0.000
  Initial Stored Mass ......         0.000
  Final Stored Mass ........    388811.385
  Continuity Error (%) .....        -2.745
  
  
  *************************
  Highest Continuity Errors
  *************************
  Node 81309E (100.00%)
  Node Tank2_1 (88.75%)
  Node 10309 (62.88%)
  Node 16009E (50.04%)
  Node 10309E (39.85%)
  
  
  ***************************
  Time-Step Critical Elements
  ***************************
  Link 1570C (67.83%)
  
  
  ********************************
  Highest Flow Instability Indexes
  ********************************
  Link OR1@82309D-82308D (72)
  Link 1602D (47)
  Link 1630 (1)
  
  
  *********************************
  Most Frequent Nonconverging Nodes
  *********************************
  Node 10208 (31.42%)
  Node 10208A (31.42%)
  Node 10208B (31.42%)
  Node 10208C (31.42%)
  Node 10208D (31.42%)
  
  
  *************************
  Routing Time Step Summary
  *************************
  Minimum Time Step           :     0.45 sec
  Average Time Step           :     8.04 sec
  Maximum Time Step           :    10.00 sec
  % of Time in Steady State   :     0.00
  Average Iterations per Step :     5.19
  % of Steps Not Converging   :    31.42
  Time Step Frequencies       :
     10.000 -  1.585 sec      :    99.96 %
      1.585 -  0.251 sec      :     0.04 %
      0.251 -  0.040 sec      :     0.00 %
      0.040 -  0.006 sec      :     0.00 %
      0.006 -  0.001 sec      :     0.00 %
  
  
  ******************
  Node Depth Summary
  ******************
  
  ---------------------------------------------------------------------------------
                                 Average  Maximum  Maximum  Time of Max    Reported
                                   Depth    Depth      HGL   Occurrence   Max Depth
  Node                 Type       Meters   Meters   Meters  days hr:min      Meters
  ---------------------------------------------------------------------------------
  10309                JUNCTION     1.89     3.15   104.75     0  04:42        3.15
  10309A               JUNCTION     0.75     1.35   102.95     0  03:29        1.35
  10309B               JUNCTION     0.94     1.37   102.97     0  03:21        1.37
  10309C               JUNCTION     0.90     1.25   102.85     0  03:06        1.25
  10309D               JUNCTION     0.85     1.37   102.97     0  03:22        1.37
  10309E               JUNCTION     0.10     0.34   101.94     0  06:00        0.34
  15009                JUNCTION     0.60     0.91   112.41     0  03:11        0.91
  15009A               JUNCTION     0.60     0.91   112.41     0  03:11        0.91
  15009B               JUNCTION     0.93     1.19   112.69     0  03:05        1.19
  15009C               JUNCTION     0.28     0.39   111.89     0  03:00        0.39
  15009D               JUNCTION     0.60     0.91   112.41     0  03:11        0.91
  15009E               JUNCTION     0.10     0.17   121.17     0  05:41        0.17
  16009                JUNCTION     1.69     2.75   104.75     0  04:47        2.75
  16009A               JUNCTION     1.03     1.53   103.53     0  03:10        1.53
  16009B               JUNCTION     1.11     1.52   103.52     0  03:11        1.52
  16009C               JUNCTION     1.03     1.39   103.39     0  03:01        1.39
  16009D               JUNCTION     1.00     1.52   103.52     0  03:12        1.52
  16009E               JUNCTION     0.18     0.40   102.40     0  06:00        0.40
  16109                JUNCTION     1.26     1.96   104.76     0  04:52        1.96
  16109A               JUNCTION     0.80     1.19   103.99     0  03:03        1.19
  16109B               JUNCTION     0.62     0.91   103.71     0  03:05        0.91
  16109C               JUNCTION     0.32     0.59   103.39     0  03:05        0.59
  16109D               JUNCTION     0.79     1.19   103.99     0  03:03        1.19
  16109E               JUNCTION     0.10     0.14   102.94     0  06:00        0.14
  80408                JUNCTION     0.71     1.18   121.18     0  00:44        1.18
  80408A               JUNCTION     0.52     0.90   125.50     0  00:24        0.90
  80408B               JUNCTION     0.80     0.90   125.50     0  00:24        0.90
  80408C               JUNCTION     0.48     0.53   125.13     0  00:21        0.53
  80408D               JUNCTION     0.51     0.90   125.50     0  00:24        0.90
  80608                JUNCTION     0.69     1.01   119.31     0  03:00        1.01
  80608A               JUNCTION     0.69     1.01   119.31     0  03:00        1.01
  80608B               JUNCTION     0.94     1.00   119.30     0  06:00        1.00
  80608C               JUNCTION     0.55     0.59   118.89     0  06:00        0.59
  80608D               JUNCTION     0.69     1.00   119.30     0  03:00        1.00
  81009                JUNCTION     0.64     0.99   129.19     0  00:55        0.99
  81009A               JUNCTION     0.64     0.99   129.19     0  00:55        0.99
  81009B               JUNCTION     0.65     1.00   129.20     0  00:57        1.00
  81009C               JUNCTION     0.64     0.99   129.19     0  00:56        0.99
  81009D               JUNCTION     0.64     0.99   129.19     0  00:55        0.99
  81009E               JUNCTION     0.66     0.98   129.18     0  00:53        0.98
  81309                JUNCTION     0.71     1.04   118.54     0  02:17        1.04
  81309A               JUNCTION     0.71     1.04   118.54     0  02:17        1.04
  81309B               JUNCTION     0.68     0.98   118.48     0  03:01        0.98
  81309C               JUNCTION     0.77     1.13   118.63     0  03:02        1.13
  81309D               JUNCTION     0.71     1.04   118.54     0  02:17        1.04
  81309E               JUNCTION     2.40     3.56   121.06     0  06:00        3.56
  82308D               JUNCTION     1.97    20.20   132.50     0  01:30       10.52
  82309                JUNCTION     1.61     2.42   114.72     0  02:28        2.42
  82309A               JUNCTION     1.68     2.42   114.72     0  02:25        2.42
  82309B               JUNCTION     1.38     1.84   114.14     0  02:33        1.84
  82309C               JUNCTION     1.42     1.68   113.98     0  03:00        1.68
  10208                OUTFALL      0.42     0.73    90.63     0  04:42        0.73
  10208A               OUTFALL      4.50     4.50    94.40     0  00:00        4.50
  10208B               OUTFALL      0.89     1.32    91.22     0  03:21        1.32
  10208C               OUTFALL      0.84     1.19    91.09     0  03:06        1.19
  10208D               OUTFALL      0.80     1.32    91.22     0  03:22        1.32
  10208E               OUTFALL      0.08     0.28    90.18     0  06:00        0.28
  Tank1_1              STORAGE      1.67     2.42   114.72     0  02:30        2.42
  Tank2_1              STORAGE      5.05     7.07   119.37     0  03:19        7.07
  Tank3_1              STORAGE      0.89     1.10   119.40     0  03:35        1.10
  Tank4_1              STORAGE      0.52     0.88   125.48     0  00:30        0.88
  
  
  *******************
  Node Inflow Summary
  *******************
  
  -------------------------------------------------------------------------------------------------
                                  Maximum  Maximum                  Lateral       Total        Flow
                                  Lateral    Total  Time of Max      Inflow      Inflow     Balance
                                   Inflow   Inflow   Occurrence      Volume      Volume       Error
  Node                 Type           LPS      LPS  days hr:min    10^6 ltr    10^6 ltr     Percent
  -------------------------------------------------------------------------------------------------
  10309                JUNCTION      0.00  9962.96     0  02:08           0        88.8     169.429
  10309A               JUNCTION      0.00 13453.08     0  03:11           0         133      13.466
  10309B               JUNCTION      0.00 13359.13     0  03:12           0         155       4.736
  10309C               JUNCTION      0.00 10409.17     0  03:02           0         113       3.185
  10309D               JUNCTION      0.00 13403.52     0  03:12           0         131       3.184
  10309E               JUNCTION      0.00   333.61     0  06:00           0           2      66.244
  15009                JUNCTION      0.00  5085.89     0  02:50           0        53.1       3.762
  15009A               JUNCTION      0.00  5087.44     0  02:50           0        53.1       4.927
  15009B               JUNCTION      0.00  8543.56     0  02:56           0         119       6.536
  15009C               JUNCTION      0.00 10433.06     0  03:00           0         115       0.378
  15009D               JUNCTION      0.00  5085.99     0  02:50           0        53.1       4.737
  15009E               JUNCTION      0.00   380.45     0  03:18           0        5.16      33.707
  16009                JUNCTION      0.00 13075.21     0  02:38           0         123      38.507
  16009A               JUNCTION      0.00 13479.77     0  03:05           0         138       4.022
  16009B               JUNCTION      0.00 13413.21     0  03:05           0         165       6.379
  16009C               JUNCTION      0.00 10430.57     0  03:00           0         119       0.482
  16009D               JUNCTION      0.00 13463.32     0  03:06           0         137       4.295
  16009E               JUNCTION      0.00   353.72     0  05:51           0           4     100.167
  16109                JUNCTION      0.00  9369.13     0  03:05           0        92.5       0.000
  16109A               JUNCTION      0.00  8567.12     0  02:52           0        90.6       0.000
  16109B               JUNCTION      0.00  4990.88     0  03:00           0        57.4       0.000
  16109C               JUNCTION      0.00  1203.26     0  01:31           0        4.94       0.000
  16109D               JUNCTION      0.00  8571.26     0  02:56           0        89.6       0.000
  16109E               JUNCTION      0.00   100.00     0  00:14           0         2.1       0.000
  80408                JUNCTION   4521.00  4521.00     0  00:15          49          49      -0.726
  80408A               JUNCTION   4520.00  4520.00     0  00:15          49          49      -0.656
  80408B               JUNCTION   4500.00  4500.00     0  00:15        95.1        95.1       1.545
  80408C               JUNCTION   1500.00  1500.00     0  00:00        32.4        32.4       2.066
  80408D               JUNCTION   4500.00  4500.00     0  00:15        48.6        48.6      -0.757
  80608                JUNCTION      0.00  4627.46     0  00:59           0        49.4       1.799
  80608A               JUNCTION      0.00  4749.62     0  00:32           0        49.3       1.614
  80608B               JUNCTION      0.00  4728.88     0  00:32           0        93.7       8.510
  80608C               JUNCTION      0.00  1578.11     0  00:32           0        31.7      12.042
  80608D               JUNCTION      0.00  4728.88     0  00:32           0          49       1.532
  81009                JUNCTION   5000.00  5000.00     0  00:15          54          54      -1.583
  81009A               JUNCTION   5000.00  5000.00     0  00:15          54          54      -1.583
  81009B               JUNCTION   5000.00  5000.00     0  00:15          54          54      -1.580
  81009C               JUNCTION   5000.00  5000.00     0  00:15          54          54      -1.763
  81009D               JUNCTION   5000.00  5000.00     0  00:15          54          54      -1.582
  81009E               JUNCTION   5000.00  5000.00     0  00:15          54          54      -3.617
  81309                JUNCTION      0.00  5248.35     0  01:25           0        54.9       3.354
  81309A               JUNCTION      0.00  5248.94     0  01:25           0        54.9       3.359
  81309B               JUNCTION      0.00  5176.64     0  01:34           0        54.8       4.103
  81309C               JUNCTION      0.00  5276.78     0  01:24           0          55       5.322
  81309D               JUNCTION      0.00  5247.70     0  01:26           0        54.9       3.362
  81309E               JUNCTION      0.00  5350.48     0  01:02           0        57.157063203.507 ltr
  82308D               JUNCTION      0.00  9738.00     0  01:31           0        1.22       0.000
  82309                JUNCTION   4000.00  8520.96     0  03:00        43.2        91.7      -0.880
  82309A               JUNCTION   4000.00  8518.94     0  03:00        43.2        91.7       1.266
  82309B               JUNCTION   4000.00  8498.94     0  03:00        43.2         130       4.703
  82309C               JUNCTION   4000.00  5497.38     0  03:00        43.2        71.5      13.374
  10208                OUTFALL       0.00  2993.15     0  04:42           0          33       0.000
  10208A               OUTFALL       0.00 12924.43     0  03:29           0         117       0.000
  10208B               OUTFALL       0.00 13239.01     0  03:21           0         148       0.000
  10208C               OUTFALL       0.00 10323.42     0  03:06           0         110       0.000
  10208D               OUTFALL       0.00 13258.15     0  03:22           0         127       0.000
  10208E               OUTFALL       0.00   281.74     0  06:00           0         1.2       0.000
  Tank1_1              STORAGE    4000.00 25448.01     0  01:31        43.2        92.8       1.697
  Tank2_1              STORAGE    4000.00  8730.02     0  01:26        43.2        88.5     788.651
  Tank3_1              STORAGE       0.00  4736.75     0  00:39           0        51.5      13.594
  Tank4_1              STORAGE    4500.00  4500.00     0  00:15        48.6        48.6      -0.805
  
  
  **********************
  Node Surcharge Summary
  **********************
  
  Surcharging occurs when water rises above the top of the highest conduit.
  ---------------------------------------------------------------------
                                               Max. Height   Min. Depth
                                   Hours       Above Crown    Below Rim
  Node                 Type      Surcharged         Meters       Meters
  ---------------------------------------------------------------------
  82308D               JUNCTION        2.53         18.196       22.504
  
  
  *********************
  Node Flooding Summary
  *********************
  
  No nodes were flooded.
  
  
  **********************
  Storage Volume Summary
  **********************
  
  ------------------------------------------------------------------------------------------------
                         Average    Avg   Evap  Exfil     Maximum    Max    Time of Max    Maximum
                          Volume   Pcnt   Pcnt   Pcnt      Volume   Pcnt     Occurrence    Outflow
  Storage Unit           1000 m³   Full   Loss   Loss     1000 m³   Full    days hr:min        LPS
  ------------------------------------------------------------------------------------------------
  Tank1_1                  1.338    3.9    0.0    0.0       1.934    5.7       0  02:30   16446.65
  Tank2_1                  0.076   24.0    0.0    0.0       0.106   33.7       0  03:19    1787.73
  Tank3_1                  0.011    5.3    0.0    0.0       0.013    6.6       0  03:35    4730.02
  Tank4_1                  0.524    3.9    0.0    0.0       0.880    6.6       0  00:30    4736.75
  
  
  ***********************
  Outfall Loading Summary
  ***********************
  
  -------------------------------------------------------------------------
                         Flow       Avg       Max       Total         Total
                         Freq      Flow      Flow      Volume           TSS
  Outfall Node           Pcnt       LPS       LPS    10^6 ltr            kg
  -------------------------------------------------------------------------
  10208                 84.40   1659.16   2993.15      32.966     98125.340
  10208A                80.45   6757.12  12924.43     116.935         0.625
  10208B                91.21   7770.66  13239.01     148.015         0.000
  10208C                92.22   6104.99  10323.42     109.803       245.245
  10208D                86.26   7132.73  13258.15     127.353         0.000
  10208E                68.09     66.63    281.74       1.201         0.000
  -------------------------------------------------------------------------
  System                83.77  29491.29  51374.21     536.272     98371.210
  
  
  ********************
  Link Flow Summary
  ********************
  
  -----------------------------------------------------------------------------
                                 Maximum  Time of Max   Maximum    Max/    Max/
                                  |Flow|   Occurrence   |Veloc|    Full    Full
  Link                 Type          LPS  days hr:min     m/sec    Flow   Depth
  -----------------------------------------------------------------------------
  1030                 CONDUIT   2993.15     0  04:42      0.26    0.02    0.22
  1030A                CONDUIT  12924.43     0  03:29      0.50    0.01    0.32
  1030B                CONDUIT  13239.01     0  03:21      2.44    0.01    0.15
  1030C                CONDUIT  10323.42     0  03:06      2.30    0.01    0.14
  1030D                CONDUIT  13258.15     0  03:22      2.44    0.01    0.15
  1030E                CONDUIT    281.74     0  06:00      0.97    0.00    0.03
  1570                 CONDUIT   4959.96     0  03:11      1.27    0.06    0.31
  1570A                CONDUIT   4962.99     0  03:11      1.27    0.06    0.22
  1570B                CONDUIT   8494.80     0  03:05      2.05    0.10    0.25
  1570C                CONDUIT  10430.57     0  03:00      4.27    0.01    0.16
  1570D                CONDUIT   4964.48     0  03:11      1.32    0.06    0.22
  1570E                CONDUIT    260.91     0  05:41      0.74    0.00    0.05
  1600                 CONDUIT   8390.16     0  02:37      1.89    0.08    0.39
  1600A                CONDUIT   8537.55     0  03:03      1.87    0.09    0.23
  1600B                CONDUIT   4918.42     0  03:05      1.20    0.05    0.20
  1600C                CONDUIT   1212.90     0  03:29      0.60    0.01    0.16
  1600D                CONDUIT   8516.79     0  03:04      1.87    0.09    0.23
  1600E                CONDUIT     93.74     0  06:00      0.46    0.00    0.04
  1602                 CONDUIT   9369.13     0  03:05      1.36    0.32    0.38
  1602A                CONDUIT   8567.12     0  02:52      1.34    0.29    0.36
  1602B                CONDUIT   4990.88     0  03:00      1.14    0.17    0.27
  1602C                CONDUIT      1.00     0  00:01      0.10    0.00    0.23
  1602D                CONDUIT   8571.26     0  02:56      1.34    0.29    0.36
  1602E                CONDUIT    100.00     0  00:14      0.34    0.00    0.51
  1630                 CONDUIT   9962.96     0  02:08      1.99    0.01    0.33
  1630A                CONDUIT  13453.08     0  03:11      3.14    0.01    0.16
  1630B                CONDUIT  13359.13     0  03:12      2.21    0.01    0.16
  1630C                CONDUIT  10409.17     0  03:02      2.35    0.01    0.15
  1630D                CONDUIT  13403.52     0  03:12      2.29    0.01    0.16
  1630E                CONDUIT    333.61     0  06:00      0.82    0.00    0.04
  8040                 CONDUIT   4627.46     0  00:59      2.43    0.16    0.26
  8040A                CONDUIT   4749.62     0  00:32      3.24    0.10    0.23
  8040B                CONDUIT   4728.88     0  00:32      3.24    0.10    0.23
  8040C                CONDUIT   1578.11     0  00:32      3.24    0.03    0.13
  8040D                CONDUIT   4728.88     0  00:32      3.24    0.10    0.23
  8040E                CONDUIT   4736.75     0  00:39      3.16    0.10    0.22
  8060                 CONDUIT   4520.96     0  03:00      2.08    0.13    0.23
  8060A                CONDUIT   4518.96     0  03:00      2.07    0.13    0.23
  8060B                CONDUIT   4500.00     0  06:00      2.07    0.13    0.23
  8060C                CONDUIT   1500.00     0  06:00      1.50    0.04    0.13
  8060D                CONDUIT   4498.92     0  03:00      2.07    0.13    0.23
  8060E                CONDUIT   4730.02     0  01:26      2.04    0.13    0.64
  8100                 CONDUIT   5248.35     0  01:25      2.67    0.10    0.22
  8100A                CONDUIT   5248.94     0  01:25      2.67    0.10    0.22
  8100B                CONDUIT   5176.64     0  01:34      2.71    0.10    0.21
  8100C                CONDUIT   5276.78     0  01:24      2.67    0.10    0.23
  8100D                CONDUIT   5247.70     0  01:26      2.67    0.10    0.22
  8100E                CONDUIT   5350.48     0  01:02      2.65    0.10    0.44
  8130                 CONDUIT   5085.89     0  02:50      2.28    0.11    0.22
  8130A                CONDUIT   5087.44     0  02:50      2.28    0.11    0.22
  8130B                CONDUIT   4988.51     0  03:01      1.71    0.11    0.24
  8130C                CONDUIT   4943.42     0  03:02      2.80    0.10    0.17
  8130D                CONDUIT   5085.99     0  02:50      2.27    0.11    0.22
  8130E                CONDUIT     98.37     0  05:41      0.02    0.00    0.41
  L1_1                 PUMP         0.00     0  00:00              0.00
  L2_1                 PUMP         0.00     0  00:00              0.00
  L3_1                 PUMP         0.00     0  00:00              0.00
  L4_1                 PUMP       380.45     0  03:18              0.85
  OR1@82309B-15009B    ORIFICE   3599.64     0  01:52                          
  OR1@82309D-82308D    ORIFICE  17068.28     0  01:31                      1.00
  WEIR1@82309C-15009C  WEIR      5491.74     0  03:00                      0.68
  
  
  ***************************
  Flow Classification Summary
  ***************************
  
  -------------------------------------------------------------------------------------
                      Adjusted    ---------- Fraction of Time in Flow Class ---------- 
                       /Actual         Up    Down  Sub   Sup   Up    Down  Norm  Inlet 
  Conduit               Length    Dry  Dry   Dry   Crit  Crit  Crit  Crit  Ltd   Ctrl  
  -------------------------------------------------------------------------------------
  1030                    1.00   0.05  0.00  0.00  0.95  0.00  0.00  0.00  0.00  0.00
  1030A                   1.00   0.00  0.15  0.00  0.85  0.00  0.00  0.00  0.85  0.00
  1030B                   1.00   0.03  0.00  0.00  0.97  0.00  0.00  0.00  0.00  0.00
  1030C                   1.00   0.02  0.00  0.00  0.98  0.00  0.00  0.00  0.00  0.00
  1030D                   1.00   0.05  0.00  0.00  0.95  0.00  0.00  0.00  0.00  0.00
  1030E                   1.00   0.05  0.00  0.00  0.95  0.00  0.00  0.00  0.00  0.00
  1570                    1.00   0.00  0.00  0.00  1.00  0.00  0.00  0.00  0.85  0.00
  1570A                   1.00   0.00  0.00  0.00  1.00  0.00  0.00  0.00  0.85  0.00
  1570B                   1.00   0.00  0.00  0.00  0.88  0.12  0.00  0.00  0.75  0.00
  1570C                   1.56   0.00  0.00  0.00  0.06  0.94  0.00  0.00  1.00  0.00
  1570D                   1.00   0.00  0.00  0.00  1.00  0.00  0.00  0.00  0.84  0.00
  1570E                   1.00   0.00  0.23  0.00  0.77  0.00  0.00  0.00  0.77  0.00
  1600                    1.00   0.00  0.00  0.00  0.91  0.09  0.00  0.00  0.17  0.00
  1600A                   1.00   0.00  0.00  0.00  0.91  0.09  0.00  0.00  0.75  0.00
  1600B                   1.00   0.00  0.00  0.00  1.00  0.00  0.00  0.00  0.96  0.00
  1600C                   1.00   0.00  0.00  0.00  1.00  0.00  0.00  0.00  0.54  0.00
  1600D                   1.00   0.00  0.00  0.00  0.91  0.09  0.00  0.00  0.74  0.00
  1600E                   1.00   0.00  0.00  0.00  1.00  0.00  0.00  0.00  0.61  0.00
  1602                    1.00   0.00  0.00  0.00  1.00  0.00  0.00  0.00  0.41  0.00
  1602A                   1.00   0.00  0.00  0.00  1.00  0.00  0.00  0.00  0.00  0.00
  1602B                   1.00   0.00  0.00  0.00  1.00  0.00  0.00  0.00  0.00  0.00
  1602C                   1.00   0.00  0.00  0.00  1.00  0.00  0.00  0.00  0.00  0.00
  1602D                   1.00   0.00  0.00  0.00  1.00  0.00  0.00  0.00  0.00  0.00
  1602E                   1.00   0.00  0.00  0.00  1.00  0.00  0.00  0.00  0.00  0.00
  1630                    1.00   0.00  0.00  0.00  0.90  0.10  0.00  0.00  0.02  0.00
  1630A                   1.00   0.00  0.00  0.00  0.75  0.25  0.00  0.00  0.28  0.00
  1630B                   1.00   0.00  0.00  0.00  0.84  0.16  0.00  0.00  0.00  0.00
  1630C                   1.00   0.00  0.00  0.00  0.91  0.09  0.00  0.00  0.15  0.00
  1630D                   1.00   0.00  0.00  0.00  0.85  0.15  0.00  0.00  0.19  0.00
  1630E                   1.00   0.00  0.00  0.00  1.00  0.00  0.00  0.00  0.00  0.00
  8040                    1.00   0.00  0.00  0.00  0.95  0.05  0.00  0.00  0.48  0.00
  8040A                   1.00   0.00  0.00  0.00  0.88  0.12  0.00  0.00  0.88  0.00
  8040B                   1.00   0.00  0.00  0.00  0.88  0.12  0.00  0.00  0.88  0.00
  8040C                   1.00   0.00  0.00  0.00  0.87  0.13  0.00  0.00  0.87  0.00
  8040D                   1.00   0.00  0.00  0.00  0.88  0.12  0.00  0.00  0.88  0.00
  8040E                   1.00   0.00  0.00  0.00  0.87  0.13  0.00  0.00  0.87  0.00
  8060                    1.00   0.00  0.00  0.00  0.00  0.00  0.00  1.00  0.00  0.00
  8060A                   1.00   0.00  0.00  0.00  0.00  0.00  0.00  1.00  0.00  0.00
  8060B                   1.00   0.00  0.00  0.00  0.00  0.00  0.00  1.00  0.00  0.00
  8060C                   1.00   0.00  0.00  0.00  0.00  0.00  0.00  1.00  0.00  0.00
  8060D                   1.00   0.00  0.00  0.00  0.00  0.00  0.00  1.00  0.00  0.00
  8060E                   1.00   0.00  0.00  0.00  0.77  0.00  0.00  0.23  0.28  0.00
  8100                    1.00   0.00  0.00  0.00  0.86  0.14  0.00  0.00  0.76  0.00
  8100A                   1.00   0.00  0.00  0.00  0.86  0.14  0.00  0.00  0.76  0.00
  8100B                   1.00   0.00  0.00  0.00  0.84  0.16  0.00  0.00  0.70  0.00
  8100C                   1.00   0.00  0.00  0.00  0.86  0.14  0.00  0.00  0.77  0.00
  8100D                   1.00   0.00  0.00  0.00  0.86  0.14  0.00  0.00  0.76  0.00
  8100E                   1.00   0.00  0.00  0.00  0.87  0.13  0.00  0.00  0.83  0.00
  8130                    1.00   0.00  0.00  0.00  0.82  0.18  0.00  0.00  0.43  0.00
  8130A                   1.00   0.00  0.00  0.00  0.82  0.18  0.00  0.00  0.43  0.00
  8130B                   1.00   0.00  0.00  0.00  1.00  0.00  0.00  0.00  1.00  0.00
  8130C                   1.00   0.00  0.00  0.00  0.19  0.81  0.00  0.00  0.00  0.00
  8130D                   1.00   0.00  0.00  0.00  0.83  0.17  0.00  0.00  0.43  0.00
  8130E                   1.00   0.00  0.23  0.00  0.77  0.00  0.00  0.00  0.77  0.00
  
  
  *************************
  Conduit Surcharge Summary
  *************************
  
  ----------------------------------------------------------------------------
                                                           Hours        Hours 
                         --------- Hours Full --------   Above Full   Capacity
  Conduit                Both Ends  Upstream  Dnstream   Normal Flow   Limited
  ----------------------------------------------------------------------------
  1602E                       0.01      3.67      0.01      0.01         0.01
  8060E                       0.01      0.01      3.17      0.01         0.01
  
  
  ***************
  Pumping Summary
  ***************
  
  ---------------------------------------------------------------------------------------------------------
                                                  Min       Avg       Max     Total     Power    % Time Off
                        Percent   Number of      Flow      Flow      Flow    Volume     Usage    Pump Curve
  Pump                 Utilized   Start-Ups       LPS       LPS       LPS  10^6 ltr     Kw-hr    Low   High
  ---------------------------------------------------------------------------------------------------------
  L1_1                     0.00           0      0.00      0.00      0.00     0.000      0.00    0.0    0.0
  L2_1                     0.00           0      0.00      0.00      0.00     0.000      0.00    0.0    0.0
  L3_1                     0.00           0      0.00      0.00      0.00     0.000      0.00    0.0    0.0
  L4_1                    77.35           1      0.00    295.56    380.45     5.158     33.02    0.0    0.0
  
  
  ***************************
  Link Pollutant Load Summary
  ***************************
  
  ----------------------------------
                                 TSS
  Link                            kg
  ----------------------------------
  1030                     9.813e+04
  1030A                        0.625
  1030B                        0.000
  1030C                      245.245
  1030D                        0.000
  1030E                        0.000
  1570                         0.000
  1570A                        0.000
  1570B                        0.000
  1570C                      305.319
  1570D                        0.000
  1570E                        0.000
  1600                     3.619e+05
  1600A                        2.063
  1600B                        0.000
  1600C                       12.567
  1600D                        0.000
  1600E                        0.000
  1602                     4.610e+05
  1602A                        2.080
  1602B                        0.000
  1602C                        0.028
  1602D                        0.000
  1602E                        0.000
  1630                     2.629e+05
  1630A                        1.992
  1630B                        0.000
  1630C                      300.736
  1630D                        0.000
  1630E                        0.000
  8040                     4.812e+05
  8040A                        2.347
  8040B                        0.000
  8040C                      317.514
  8040D                        0.000
  8040E                        0.000
  8060                     4.731e+05
  8060A                        2.283
  8060B                        0.000
  8060C                      283.385
  8060D                        0.000
  8060E                        0.000
  8100                         0.000
  8100A                        0.000
  8100B                        0.000
  8100C                        0.000
  8100D                        0.000
  8100E                        0.000
  8130                         0.000
  8130A                        0.000
  8130B                        0.000
  8130C                        0.000
  8130D                        0.000
  8130E                        0.000
  L1_1                         0.000
  L2_1                         0.000
  L3_1                         0.000
  L4_1                         0.000
  OR1@82309B-15009B            0.000
  OR1@82309D-82308D            0.000
  WEIR1@82309C-15009C        303.247
  

  Analysis begun on:  Tue Aug  5 12:57:45 2025
  Analysis ended on:  Tue Aug  5 12:57:45 2025
  Total elapsed time: < 1 sec