
  EPA STORM WATER MANAGEMENT MODEL - VERSION 5.2 (Build 5.2.4)
  ------------------------------------------------------------

  Scenario Run :  BASE 
  This is the ending Arc Map file for Chapter 7 of the InfoSWMM training notes. 
  It is the same as the ending Arc Map File for Chapter 8. InfoSWMM Training Guide. 
  WARNING 04: minimum elevation drop used for Conduit 124
  WARNING 04: minimum elevation drop used for Conduit 195
  WARNING 02: maximum depth increased for Node MH_368
  
  *************
  Element Count
  *************
  Number of rain gages ...... 1
  Number of subcatchments ... 16
  Number of nodes ........... 369
  Number of links ........... 378
  Number of pollutants ...... 0
  Number of land uses ....... 0
  
  
  ****************
  Raingage Summary
  ****************
                                                      Data       Recording
  Name                 Data Source                    Type       Interval 
  ------------------------------------------------------------------------
  RAINGAGE-1           RAINFALL                       INTENSITY   15 min.
  
  
  ********************
  Subcatchment Summary
  ********************
  Name                       Area     Width   %Imperv    %Slope Rain Gage            Outlet              
  -----------------------------------------------------------------------------------------------------------
  SUB_040                    0.80     50.60     25.00    0.0080 RAINGAGE-1           MH_040              
  SUB_047                    0.15     22.10     70.00    0.0080 RAINGAGE-1           MH_047              
  SUB_075                    0.87     52.60     85.00    0.0070 RAINGAGE-1           MH_075              
  SUB_085                    0.23     27.20     80.00    0.0010 RAINGAGE-1           MH_085              
  SUB_127                    0.14     20.70     17.50    0.0110 RAINGAGE-1           MH_127              
  SUB_128                    5.28    129.60      2.50    0.0080 RAINGAGE-1           MH_128              
  SUB_165                    0.32     31.80     50.00    0.0170 RAINGAGE-1           MH_165              
  SUB_166                    0.12     19.80     90.00    0.0080 RAINGAGE-1           MH_166              
  SUB_189                    0.26     28.90     75.00    0.0090 RAINGAGE-1           MH_189              
  SUB_223                    0.23     26.80     45.00    0.0160 RAINGAGE-1           MH_223              
  SUB_249                    0.26     28.70     35.00    0.0090 RAINGAGE-1           MH_249              
  SUB_251                    0.17     23.20     44.00    0.0080 RAINGAGE-1           MH_251              
  SUB_273                    0.17     23.60     12.00    0.0010 RAINGAGE-1           MH_273              
  SUB_305                    0.06     13.60     68.00    0.0060 RAINGAGE-1           MH_305              
  SUB_306                    0.06     13.30     28.00    0.0010 RAINGAGE-1           MH_306              
  SUB_348                    0.21     25.80     28.00    0.0070 RAINGAGE-1           MH_348              
  
  
  ************
  Node Summary
  ************
                                           Invert      Max.    Ponded    External
  Name                 Type                 Elev.     Depth      Area    Inflow  
  -------------------------------------------------------------------------------
  MH_000               JUNCTION             13.00      2.56       0.0
  MH_008               JUNCTION             12.77      2.80       0.0
  MH_009               JUNCTION             12.64      2.11       0.0
  MH_010               JUNCTION             12.55      2.66       0.0
  MH_011               JUNCTION             10.19      2.06       0.0
  MH_012               JUNCTION             10.25      2.00       0.0
  MH_013               JUNCTION             21.27      0.68       0.0    Yes
  MH_014               JUNCTION             21.14      1.10       0.0
  MH_015               JUNCTION             20.91      0.34       0.0
  MH_016               JUNCTION             20.19      1.06       0.0
  MH_017               JUNCTION             19.46      2.15       0.0
  MH_018               JUNCTION             18.92      1.65       0.0    Yes
  MH_019               JUNCTION             18.68      1.57       0.0
  MH_020               JUNCTION             19.92      1.32       0.0    Yes
  MH_021               JUNCTION             20.45      0.75       0.0    Yes
  MH_022               JUNCTION             17.06      1.69       0.0    Yes
  MH_023               JUNCTION             18.84      1.26       0.0    Yes
  MH_024               JUNCTION             18.33      1.36       0.0    Yes
  MH_025               JUNCTION             19.47      2.26       0.0
  MH_026               JUNCTION             15.24      1.80       0.0
  MH_027               JUNCTION             14.93      1.84       0.0    Yes
  MH_028               JUNCTION             14.17      1.11       0.0
  MH_029               JUNCTION             17.43      0.82       0.0    Yes
  MH_030               JUNCTION             18.13      0.62       0.0    Yes
  MH_031               JUNCTION             16.84      1.73       0.0    Yes
  MH_032               JUNCTION             17.78      1.32       0.0
  MH_033               JUNCTION             18.98      1.65       0.0
  MH_034               JUNCTION             19.27      1.19       0.0    Yes
  MH_035               JUNCTION             19.30      1.20       0.0
  MH_036               JUNCTION             13.10      1.65       0.0
  MH_037               JUNCTION             16.04      1.04       0.0    Yes
  MH_038               JUNCTION             13.17      1.58       0.0
  MH_039               JUNCTION             13.90      2.44       0.0    Yes
  MH_040               JUNCTION             12.50      2.25       0.0
  MH_041               JUNCTION             16.64      1.49       0.0    Yes
  MH_042               JUNCTION             16.92      0.82       0.0    Yes
  MH_043               JUNCTION             17.11      3.13       0.0    Yes
  MH_044               JUNCTION             17.76      2.50       0.0    Yes
  MH_045               JUNCTION             19.10      1.21       0.0
  MH_046               JUNCTION             12.62      1.63       0.0    Yes
  MH_047               JUNCTION             12.22      2.03       0.0
  MH_048               JUNCTION             16.26      1.38       0.0    Yes
  MH_049               JUNCTION             16.42      1.51       0.0
  MH_050               JUNCTION             19.60      1.38       0.0    Yes
  MH_051               JUNCTION             16.33      1.92       0.0    Yes
  MH_052               JUNCTION             16.64      1.61       0.0    Yes
  MH_053               JUNCTION             15.85      2.81       0.0    Yes
  MH_054               JUNCTION             17.25      0.50       0.0    Yes
  MH_055               JUNCTION             17.55      0.64       0.0    Yes
  MH_056               JUNCTION             17.82      0.74       0.0    Yes
  MH_057               JUNCTION             15.71      2.04       0.0    Yes
  MH_058               JUNCTION             15.09      4.15       0.0    Yes
  MH_059               JUNCTION             16.20      2.05       0.0    Yes
  MH_060               JUNCTION             17.14      1.11       0.0    Yes
  MH_061               JUNCTION             17.20      1.29       0.0    Yes
  MH_062               JUNCTION             17.00      1.50       0.0    Yes
  MH_063               JUNCTION             17.51      1.24       0.0    Yes
  MH_064               JUNCTION             18.09      0.66       0.0    Yes
  MH_065               JUNCTION             18.29      1.45       0.0    Yes
  MH_066               JUNCTION             17.67      1.43       0.0    Yes
  MH_067               JUNCTION             14.71      2.45       0.0    Yes
  MH_068               JUNCTION             13.85      2.50       0.0    Yes
  MH_069               JUNCTION             12.66      1.69       0.0    Yes
  MH_070               JUNCTION             13.28      2.31       0.0    Yes
  MH_071               JUNCTION             12.24      1.51       0.0    Yes
  MH_072               JUNCTION             12.12      1.63       0.0    Yes
  MH_073               JUNCTION             12.29      1.46       0.0
  MH_074               JUNCTION             11.68      1.56       0.0    Yes
  MH_075               JUNCTION             11.73      2.02       0.0
  MH_076               JUNCTION             15.77      1.24       0.0    Yes
  MH_077               JUNCTION             16.32      1.94       0.0    Yes
  MH_078               JUNCTION             16.94      1.74       0.0    Yes
  MH_079               JUNCTION             16.57      1.72       0.0    Yes
  MH_080               JUNCTION             17.07      1.23       0.0    Yes
  MH_081               JUNCTION             16.09      1.15       0.0    Yes
  MH_082               JUNCTION             11.08      1.67       0.0    Yes
  MH_083               JUNCTION             10.98      1.77       0.0
  MH_084               JUNCTION             11.16      1.62       0.0
  MH_085               JUNCTION             10.63      2.12       0.0
  MH_086               JUNCTION             14.89      1.08       0.0    Yes
  MH_087               JUNCTION             15.22      2.53       0.0    Yes
  MH_088               JUNCTION             15.29      2.46       0.0    Yes
  MH_089               JUNCTION             15.96      1.79       0.0
  MH_090               JUNCTION             17.09      0.41       0.0    Yes
  MH_091               JUNCTION             16.74      1.18       0.0    Yes
  MH_092               JUNCTION             15.40      0.84       0.0    Yes
  MH_093               JUNCTION             15.89      0.38       0.0    Yes
  MH_094               JUNCTION             16.04      1.09       0.0    Yes
  MH_095               JUNCTION             10.81      1.94       0.0    Yes
  MH_096               JUNCTION             14.22      1.11       0.0    Yes
  MH_097               JUNCTION             16.20      1.43       0.0    Yes
  MH_098               JUNCTION             14.67      2.60       0.0    Yes
  MH_099               JUNCTION             14.87      3.02       0.0    Yes
  MH_100               JUNCTION             14.36      1.89       0.0    Yes
  MH_101               JUNCTION             13.64      1.58       0.0    Yes
  MH_102               JUNCTION             13.70      1.51       0.0
  MH_103               JUNCTION             13.62      1.60       0.0
  MH_104               JUNCTION             13.19      2.38       0.0
  MH_105               JUNCTION             14.01      1.51       0.0
  MH_106               JUNCTION             12.99      2.64       0.0
  MH_107               JUNCTION             12.60      0.97       0.0
  MH_108               JUNCTION             13.30      2.41       0.0    Yes
  MH_109               JUNCTION             14.55      1.47       0.0    Yes
  MH_110               JUNCTION             14.14      2.10       0.0    Yes
  MH_111               JUNCTION             14.35      1.85       0.0    Yes
  MH_112               JUNCTION             11.63      3.13       0.0
  MH_113               JUNCTION             12.16      3.11       0.0
  MH_114               JUNCTION             13.08      2.25       0.0
  MH_115               JUNCTION             13.27      3.08       0.0
  MH_116               JUNCTION             13.47      2.67       0.0
  MH_117               JUNCTION             14.08      1.78       0.0
  MH_118               JUNCTION             12.28      2.98       0.0
  MH_119               JUNCTION              9.72      2.00       0.0    Yes
  MH_120               JUNCTION              9.82      1.90       0.0
  MH_121               JUNCTION             10.56      2.07       0.0
  MH_122               JUNCTION             10.56      1.84       0.0
  MH_123               JUNCTION             10.57      1.84       0.0
  MH_124               JUNCTION             10.58      1.67       0.0
  MH_125               JUNCTION             10.59      1.66       0.0
  MH_126               JUNCTION             10.46      1.79       0.0    Yes
  MH_127               JUNCTION              9.15      2.59       0.0
  MH_128               JUNCTION              9.98      2.43       0.0
  MH_129               JUNCTION              9.60      2.65       0.0
  MH_130               JUNCTION             10.25      1.94       0.0
  MH_131               JUNCTION             11.98      2.14       0.0    Yes
  MH_132               JUNCTION             12.98      1.07       0.0
  MH_133               JUNCTION             13.73      4.00       0.0    Yes
  MH_134               JUNCTION             15.51      0.70       0.0    Yes
  MH_135               JUNCTION             16.01      1.00       0.0    Yes
  MH_136               JUNCTION             16.80      1.29       0.0    Yes
  MH_137               JUNCTION             17.18      0.57       0.0    Yes
  MH_138               JUNCTION             15.08      1.97       0.0    Yes
  MH_139               JUNCTION             16.65      1.28       0.0    Yes
  MH_140               JUNCTION             14.23      1.20       0.0
  MH_141               JUNCTION             14.58      1.02       0.0    Yes
  MH_142               JUNCTION             14.67      1.04       0.0
  MH_143               JUNCTION             14.79      0.92       0.0
  MH_144               JUNCTION             14.92      0.83       0.0
  MH_145               JUNCTION             15.03      0.79       0.0
  MH_146               JUNCTION             15.17      0.69       0.0
  MH_147               JUNCTION             13.96      1.45       0.0
  MH_148               JUNCTION             13.38      1.55       0.0    Yes
  MH_149               JUNCTION             12.88      1.87       0.0    Yes
  MH_150               JUNCTION             12.72      2.83       0.0    Yes
  MH_151               JUNCTION             13.50      3.24       0.0    Yes
  MH_152               JUNCTION             12.89      2.73       0.0
  MH_153               JUNCTION             13.68      2.22       0.0
  MH_154               JUNCTION             14.19      2.43       0.0
  MH_155               JUNCTION             14.59      2.15       0.0
  MH_156               JUNCTION             14.70      0.96       0.0
  MH_157               JUNCTION             11.70      1.77       0.0    Yes
  MH_158               JUNCTION             13.87      2.67       0.0    Yes
  MH_159               JUNCTION             14.76      1.96       0.0
  MH_160               JUNCTION             14.97      1.12       0.0
  MH_161               JUNCTION              8.94      1.96       0.0
  MH_162               JUNCTION              9.00      1.90       0.0
  MH_163               JUNCTION              8.99      1.94       0.0    Yes
  MH_164               JUNCTION              9.34      1.86       0.0    Yes
  MH_165               JUNCTION              8.33      2.57       0.0
  MH_166               JUNCTION              8.79      2.45       0.0
  MH_167               JUNCTION             10.69      1.19       0.0    Yes
  MH_168               JUNCTION             13.03      1.20       0.0    Yes
  MH_169               JUNCTION             15.42      1.16       0.0    Yes
  MH_170               JUNCTION             16.54      1.57       0.0    Yes
  MH_171               JUNCTION             17.01      1.11       0.0    Yes
  MH_172               JUNCTION             15.05      2.62       0.0    Yes
  MH_173               JUNCTION             15.65      1.40       0.0    Yes
  MH_174               JUNCTION             16.35      0.70       0.0
  MH_175               JUNCTION             13.83      2.86       0.0    Yes
  MH_176               JUNCTION             13.03      1.46       0.0    Yes
  MH_177               JUNCTION             11.83      1.56       0.0    Yes
  MH_178               JUNCTION             12.38      2.30       0.0    Yes
  MH_179               JUNCTION             13.76      0.99       0.0    Yes
  MH_180               JUNCTION              8.40      1.62       0.0    Yes
  MH_181               JUNCTION              9.65      1.08       0.0
  MH_182               JUNCTION              9.40      1.27       0.0    Yes
  MH_183               JUNCTION              9.00      1.26       0.0    Yes
  MH_184               JUNCTION              7.74      1.52       0.0    Yes
  MH_185               JUNCTION              8.21      1.16       0.0
  MH_186               JUNCTION             10.39      1.36       0.0    Yes
  MH_187               JUNCTION              7.94      1.30       0.0    Yes
  MH_188               JUNCTION              8.03      1.21       0.0
  MH_189               JUNCTION              7.45      1.79       0.0
  MH_190               JUNCTION             12.27      1.34       0.0    Yes
  MH_191               JUNCTION             13.75      0.83       0.0    Yes
  MH_192               JUNCTION             13.75      0.98       0.0
  MH_193               JUNCTION             11.19      1.06       0.0
  MH_194               JUNCTION             14.91      0.83       0.0    Yes
  MH_195               JUNCTION             14.44      4.09       0.0    Yes
  MH_196               JUNCTION             16.84      0.91       0.0    Yes
  MH_197               JUNCTION             14.67      3.58       0.0    Yes
  MH_198               JUNCTION             15.93      0.94       0.0    Yes
  MH_199               JUNCTION             16.40      1.20       0.0
  MH_200               JUNCTION             16.38      1.86       0.0    Yes
  MH_201               JUNCTION             16.53      1.30       0.0    Yes
  MH_202               JUNCTION             16.65      1.29       0.0    Yes
  MH_203               JUNCTION             14.14      3.51       0.0    Yes
  MH_204               JUNCTION             15.80      1.95       0.0    Yes
  MH_205               JUNCTION             15.13      1.90       0.0    Yes
  MH_206               JUNCTION             13.47      2.23       0.0    Yes
  MH_207               JUNCTION             14.81      1.29       0.0    Yes
  MH_208               JUNCTION             11.40      1.36       0.0    Yes
  MH_209               JUNCTION             10.79      1.54       0.0    Yes
  MH_210               JUNCTION             10.74      2.01       0.0    Yes
  MH_211               JUNCTION             13.13      1.13       0.0    Yes
  MH_212               JUNCTION             13.70      0.84       0.0    Yes
  MH_213               JUNCTION              8.08      3.17       0.0    Yes
  MH_214               JUNCTION             12.50      1.38       0.0
  MH_215               JUNCTION             12.90      0.98       0.0
  MH_216               JUNCTION             11.64      1.22       0.0    Yes
  MH_217               JUNCTION             11.42      1.16       0.0
  MH_218               JUNCTION              6.95      1.43       0.0    Yes
  MH_219               JUNCTION              6.83      1.81       0.0
  MH_220               JUNCTION              6.99      1.66       0.0
  MH_221               JUNCTION              7.24      1.47       0.0    Yes
  MH_222               JUNCTION              7.50      1.75       0.0    Yes
  MH_223               JUNCTION              6.21      2.43       0.0
  MH_224               JUNCTION             13.57      1.32       0.0    Yes
  MH_225               JUNCTION             15.56      2.19       0.0    Yes
  MH_226               JUNCTION             15.87      2.86       0.0    Yes
  MH_227               JUNCTION             15.94      2.34       0.0    Yes
  MH_228               JUNCTION             16.06      2.04       0.0    Yes
  MH_229               JUNCTION             15.40      1.73       0.0    Yes
  MH_230               JUNCTION             13.61      3.02       0.0    Yes
  MH_231               JUNCTION             12.39      3.37       0.0    Yes
  MH_232               JUNCTION             12.01      2.76       0.0    Yes
  MH_233               JUNCTION             14.71      1.80       0.0    Yes
  MH_234               JUNCTION             14.27      2.45       0.0
  MH_235               JUNCTION             11.89      3.32       0.0    Yes
  MH_236               JUNCTION             11.57      2.94       0.0
  MH_237               JUNCTION             12.89      1.58       0.0    Yes
  MH_238               JUNCTION             12.54      1.83       0.0    Yes
  MH_239               JUNCTION             10.36      1.73       0.0    Yes
  MH_240               JUNCTION              8.80      4.34       0.0    Yes
  MH_241               JUNCTION              9.07      4.17       0.0    Yes
  MH_242               JUNCTION              9.33      2.76       0.0    Yes
  MH_243               JUNCTION              9.65      2.12       0.0
  MH_244               JUNCTION              7.55      1.99       0.0
  MH_245               JUNCTION              5.30      1.45       0.0
  MH_246               JUNCTION              6.29      1.46       0.0    Yes
  MH_247               JUNCTION              5.86      1.88       0.0
  MH_248               JUNCTION              4.82      1.88       0.0
  MH_249               JUNCTION              4.92      1.82       0.0
  MH_250               JUNCTION              4.84      1.86       0.0
  MH_251               JUNCTION              5.49      2.26       0.0
  MH_252               JUNCTION             12.25      1.43       0.0    Yes
  MH_253               JUNCTION             17.20      1.29       0.0    Yes
  MH_254               JUNCTION             14.40      2.84       0.0
  MH_255               JUNCTION             14.34      2.90       0.0    Yes
  MH_256               JUNCTION             14.96      3.28       0.0    Yes
  MH_257               JUNCTION             15.13      2.99       0.0    Yes
  MH_258               JUNCTION             13.19      1.09       0.0    Yes
  MH_259               JUNCTION             14.02      3.06       0.0
  MH_260               JUNCTION             11.20      3.06       0.0    Yes
  MH_261               JUNCTION             11.39      3.22       0.0
  MH_262               JUNCTION             12.03      2.24       0.0    Yes
  MH_263               JUNCTION             13.56      1.51       0.0    Yes
  MH_264               JUNCTION             10.04      2.21       0.0    Yes
  MH_265               JUNCTION              9.38      2.59       0.0
  MH_266               JUNCTION              8.67      2.08       0.0    Yes
  MH_267               JUNCTION              8.15      1.89       0.0
  MH_268               JUNCTION              5.12      1.63       0.0    Yes
  MH_269               JUNCTION              5.27      1.48       0.0
  MH_270               JUNCTION              5.46      1.24       0.0
  MH_271               JUNCTION              4.61      1.64       0.0    Yes
  MH_272               JUNCTION              4.73      1.52       0.0
  MH_273               JUNCTION              4.25      2.00       0.0
  MH_274               JUNCTION              4.28      1.97       0.0
  MH_275               JUNCTION              4.54      2.20       0.0
  MH_276               JUNCTION             10.73      1.00       0.0    Yes
  MH_277               JUNCTION             16.31      2.19       0.0    Yes
  MH_278               JUNCTION             14.78      2.75       0.0    Yes
  MH_279               JUNCTION             15.40      1.78       0.0    Yes
  MH_280               JUNCTION             14.94      2.75       0.0
  MH_281               JUNCTION             15.54      2.50       0.0    Yes
  MH_282               JUNCTION             15.66      2.44       0.0    Yes
  MH_283               JUNCTION             15.24      1.28       0.0
  MH_284               JUNCTION             14.89      2.70       0.0
  MH_285               JUNCTION             13.95      2.72       0.0    Yes
  MH_286               JUNCTION             13.81      3.24       0.0    Yes
  MH_287               JUNCTION             15.34      1.29       0.0    Yes
  MH_288               JUNCTION             14.93      1.55       0.0
  MH_289               JUNCTION             14.19      1.51       0.0
  MH_290               JUNCTION             14.34      1.46       0.0
  MH_291               JUNCTION             14.48      1.42       0.0
  MH_292               JUNCTION             14.44      1.50       0.0
  MH_293               JUNCTION             14.55      1.56       0.0
  MH_294               JUNCTION             14.64      1.46       0.0
  MH_295               JUNCTION             14.08      1.52       0.0
  MH_296               JUNCTION             14.17      1.44       0.0
  MH_297               JUNCTION             13.11      2.26       0.0
  MH_298               JUNCTION             13.35      2.15       0.0
  MH_299               JUNCTION             13.34      2.16       0.0
  MH_300               JUNCTION             13.54      1.96       0.0
  MH_301               JUNCTION             12.36      2.79       0.0    Yes
  MH_302               JUNCTION             13.66      1.84       0.0
  MH_303               JUNCTION             10.51      1.71       0.0    Yes
  MH_304               JUNCTION              4.26      1.49       0.0    Yes
  MH_305               JUNCTION              3.99      2.27       0.0
  MH_306               JUNCTION              4.15      2.51       0.0
  MH_307               JUNCTION              4.40      0.85       0.0
  MH_308               JUNCTION              4.15      1.11       0.0
  MH_309               JUNCTION              5.34      1.49       0.0
  MH_310               JUNCTION              3.27      1.98       0.0
  MH_311               JUNCTION              3.60      2.15       0.0
  MH_312               JUNCTION              3.60      2.15       0.0
  MH_313               JUNCTION             13.59      1.04       0.0    Yes
  MH_314               JUNCTION             10.82      1.07       0.0    Yes
  MH_315               JUNCTION              7.01      0.61       0.0    Yes
  MH_316               JUNCTION              5.85      1.77       0.0    Yes
  MH_317               JUNCTION              5.42      1.29       0.0    Yes
  MH_318               JUNCTION              4.64      1.15       0.0    Yes
  MH_319               JUNCTION              5.33      1.38       0.0    Yes
  MH_320               JUNCTION              6.06      1.25       0.0    Yes
  MH_321               JUNCTION              6.37      0.94       0.0    Yes
  MH_322               JUNCTION              5.08      1.62       0.0
  MH_323               JUNCTION              3.40      1.85       0.0
  MH_325               JUNCTION             16.95      1.54       0.0    Yes
  MH_326               JUNCTION             16.20      2.04       0.0    Yes
  MH_327               JUNCTION             14.59      1.59       0.0    Yes
  MH_328               JUNCTION             14.32      0.93       0.0
  MH_329               JUNCTION             14.67      0.74       0.0    Yes
  MH_330               JUNCTION             14.59      0.75       0.0    Yes
  MH_331               JUNCTION             14.17      1.81       0.0
  MH_332               JUNCTION             14.03      1.55       0.0
  MH_333               JUNCTION             14.04      1.46       0.0    Yes
  MH_334               JUNCTION             12.32      1.37       0.0    Yes
  MH_335               JUNCTION             11.60      1.61       0.0    Yes
  MH_336               JUNCTION             12.86      2.39       0.0    Yes
  MH_337               JUNCTION             13.36      2.39       0.0    Yes
  MH_338               JUNCTION              3.94      1.32       0.0
  MH_339               JUNCTION              4.06      1.69       0.0
  MH_340               JUNCTION              3.83      1.44       0.0
  MH_341               JUNCTION              3.29      1.97       0.0
  MH_342               JUNCTION              2.98      2.43       0.0
  MH_343               JUNCTION             13.04      1.81       0.0    Yes
  MH_344               JUNCTION             14.30      1.94       0.0
  MH_345               JUNCTION             14.95      1.79       0.0    Yes
  MH_346               JUNCTION             14.52      1.82       0.0    Yes
  MH_347               JUNCTION             14.29      1.67       0.0    Yes
  MH_348               JUNCTION             15.83      1.40       0.0    Yes
  MH_349               JUNCTION             16.27      0.73       0.0    Yes
  MH_350               JUNCTION             16.58      0.41       0.0    Yes
  MH_351               JUNCTION             15.63      1.25       0.0    Yes
  MH_352               JUNCTION             15.38      2.02       0.0    Yes
  MH_353               JUNCTION             15.24      2.25       0.0    Yes
  MH_354               JUNCTION             14.95      2.05       0.0    Yes
  MH_355               JUNCTION             15.03      0.93       0.0    Yes
  MH_356               JUNCTION             15.37      0.88       0.0    Yes
  MH_357               JUNCTION             14.69      1.76       0.0
  MH_358               JUNCTION             15.54      0.73       0.0    Yes
  MH_359               JUNCTION             15.71      1.10       0.0    Yes
  MH_360               JUNCTION             15.23      0.83       0.0    Yes
  MH_361               JUNCTION              2.43      2.32       0.0
  MH_362               JUNCTION              2.25      2.00       0.0
  MH_363               JUNCTION              3.73      1.51       0.0
  MH_364               JUNCTION              3.70      1.20       0.0
  MH_365               JUNCTION              3.80      1.34       0.0
  MH_366               JUNCTION              3.61      1.10       0.0
  MH_367               JUNCTION              3.41      0.86       0.0
  MH_368               JUNCTION              3.36      1.10       0.0
  MH_369               JUNCTION              3.52      0.88       0.0
  MH_370               JUNCTION              1.50      2.75       0.0
  MH_371               JUNCTION              1.43      2.19       0.0
  MH_372               JUNCTION              2.67      1.58       0.0
  MH_373               JUNCTION              2.64      1.62       0.0
  OF_374               OUTFALL               3.22      0.65       0.0
  OF_375               OUTFALL               1.05      1.07       0.0
  WW-1                 STORAGE               1.00      6.00       0.0
  
  
  ************
  Link Summary
  ************
  Name             From Node        To Node          Type            Length    %Slope Roughness
  ---------------------------------------------------------------------------------------------
  1                MH_000           MH_008           CONDUIT           54.7    0.4205    0.0130
  10               MH_012           MH_011           CONDUIT            6.1    0.9837    0.0130
  100              MH_100           MH_102           CONDUIT           89.0    0.7416    0.0130
  101              MH_101           MH_108           CONDUIT           92.0    0.3696    0.0130
  102              MH_101           MH_103           CONDUIT            5.0    1.8003    0.0130
  103              MH_102           MH_101           CONDUIT            6.0    0.6667    0.0130
  104              MH_103           MH_106           CONDUIT          100.2    0.6288    0.0130
  105              MH_104           MH_106           CONDUIT            5.0    3.0014    0.0130
  106              MH_104           MH_000           CONDUIT           44.9    0.4232    0.0130
  107              MH_105           MH_108           CONDUIT            9.0    0.6667    0.0130
  108              MH_106           MH_107           CONDUIT           50.2    0.7769    0.0130
  109              MH_107           MH_113           CONDUIT           71.2    0.6039    0.0130
  110              MH_108           MH_104           CONDUIT            6.0    1.8336    0.0130
  111              MH_109           MH_126           CONDUIT          118.0    3.2899    0.0130
  112              MH_110           MH_158           CONDUIT           58.0    0.4655    0.0130
  113              MH_111           MH_110           CONDUIT           32.0    0.6563    0.0130
  114              MH_112           MH_130           CONDUIT           63.4    2.1772    0.0130
  115              MH_113           MH_112           CONDUIT           20.6    2.5251    0.0130
  116              MH_114           MH_118           CONDUIT           16.3    4.9139    0.0130
  117              MH_115           MH_114           CONDUIT           13.4    1.4181    0.0130
  118              MH_116           MH_115           CONDUIT           16.5    1.1516    0.0130
  119              MH_117           MH_116           CONDUIT           49.0    1.1429    0.0130
  120              MH_118           MH_112           CONDUIT           13.3    2.9336    0.0130
  121              MH_119           MH_164           CONDUIT           41.0    0.9025    0.0130
  122              MH_120           MH_127           CONDUIT            5.0    1.8003    0.0130
  123              MH_121           MH_126           CONDUIT           22.0    0.3636    0.0130
  124              MH_122           MH_121           CONDUIT            3.0    0.0102    0.0130
  125              MH_123           MH_128           CONDUIT            5.0    5.4079    0.0130
  126              MH_124           MH_126           CONDUIT           11.0    1.0001    0.0130
  127              MH_125           MH_129           CONDUIT            8.9    3.5978    0.0130
  128              MH_126           MH_012           CONDUIT           21.4    0.9814    0.0130
  129              MH_127           MH_166           CONDUIT           36.8    0.9647    0.0130
  13               MH_013           MH_014           CONDUIT           49.0    0.2449    0.0130
  130              MH_128           MH_129           CONDUIT           23.0    1.6089    0.0130
  131              MH_129           MH_127           CONDUIT           70.8    0.6356    0.0130
  132              MH_130           MH_129           CONDUIT            9.8    2.3476    0.0130
  133              MH_131           MH_124           CONDUIT          112.0    1.2501    0.0130
  134              MH_132           MH_167           CONDUIT           65.0    3.4636    0.0130
  135              MH_133           MH_131           CONDUIT          140.0    1.2501    0.0130
  136              MH_134           MH_132           CONDUIT           73.0    3.4678    0.0130
  137              MH_135           MH_169           CONDUIT           84.0    0.6786    0.0130
  138              MH_136           MH_139           CONDUIT           22.0    0.5455    0.0130
  139              MH_137           MH_136           CONDUIT           58.0    0.6207    0.0130
  14               MH_014           MH_015           CONDUIT           25.0    0.7600    0.0130
  140              MH_138           MH_100           CONDUIT          107.0    0.5608    0.0130
  141              MH_139           MH_097           CONDUIT           67.0    0.6567    0.0130
  142              MH_140           MH_147           CONDUIT            7.0    3.2875    0.0130
  143              MH_141           MH_140           CONDUIT           16.0    2.1880    0.0130
  144              MH_142           MH_141           CONDUIT            6.0    0.8334    0.0130
  145              MH_143           MH_142           CONDUIT            5.0    2.2005    0.0130
  146              MH_144           MH_143           CONDUIT            5.0    2.0004    0.0130
  147              MH_145           MH_144           CONDUIT            6.0    1.8336    0.0130
  148              MH_146           MH_145           CONDUIT            5.0    2.6009    0.0130
  149              MH_147           MH_148           CONDUIT           32.0    1.7815    0.0130
  15               MH_015           MH_016           CONDUIT          102.0    0.7080    0.0130
  150              MH_148           MH_149           CONDUIT           59.0    0.8475    0.0130
  151              MH_149           MH_150           CONDUIT           66.0    0.1212    0.0130
  152              MH_150           MH_009           CONDUIT           20.2    0.3960    0.0130
  153              MH_151           MH_152           CONDUIT           50.0    1.2001    0.0130
  154              MH_152           MH_150           CONDUIT           10.0    0.9000    0.0130
  155              MH_153           MH_151           CONDUIT           22.0    0.8182    0.0130
  156              MH_154           MH_117           CONDUIT           21.9    0.1370    0.0130
  157              MH_155           MH_154           CONDUIT           29.0    1.2760    0.0130
  158              MH_156           MH_155           CONDUIT           44.0    0.2045    0.0130
  159              MH_157           MH_163           CONDUIT           94.0    2.6818    0.0130
  16               MH_016           MH_017           CONDUIT          103.0    0.7080    0.0130
  160              MH_158           MH_153           CONDUIT           18.0    1.0556    0.0130
  161              MH_159           MH_155           CONDUIT           30.1    0.3987    0.0130
  162              MH_160           MH_159           CONDUIT           33.2    0.6024    0.0130
  163              MH_161           MH_180           CONDUIT           53.0    0.9812    0.0130
  164              MH_162           MH_165           CONDUIT            5.0    0.6000    0.0130
  165              MH_163           MH_161           CONDUIT            5.0    0.8000    0.0130
  166              MH_164           MH_163           CONDUIT           33.0    1.0607    0.0130
  167              MH_165           MH_189           CONDUIT           97.1    0.9063    0.0130
  168              MH_166           MH_165           CONDUIT           39.3    0.9797    0.0130
  169              MH_167           MH_164           CONDUIT           51.0    2.1770    0.0130
  17               MH_017           MH_019           CONDUIT          110.0    0.7080    0.0130
  170              MH_168           MH_193           CONDUIT          105.0    1.7527    0.0130
  171              MH_169           MH_194           CONDUIT           79.0    0.6329    0.0130
  172              MH_170           MH_204           CONDUIT           29.0    2.4490    0.0130
  173              MH_171           MH_170           CONDUIT           28.0    1.6431    0.0130
  174              MH_172           MH_203           CONDUIT            8.0   11.1945    0.0130
  175              MH_173           MH_138           CONDUIT           63.0    1.0001    0.0130
  176              MH_173           MH_147           CONDUIT           96.0    1.7607    0.0130
  177              MH_173           MH_175           CONDUIT           81.8    1.3693    0.0130
  178              MH_174           MH_173           CONDUIT            5.0    1.6002    0.0130
  179              MH_175           MH_176           CONDUIT          153.0    0.5229    0.0130
  18               MH_018           MH_022           CONDUIT           92.0    1.9351    0.0130
  180              MH_176           MH_178           CONDUIT          107.0    0.6075    0.0130
  181              MH_177           MH_210           CONDUIT           87.0    1.2530    0.0130
  182              MH_178           MH_177           CONDUIT           41.0    1.2684    0.0130
  183              MH_179           MH_157           CONDUIT           75.0    2.7477    0.0130
  184              MH_180           MH_187           CONDUIT           44.0    1.0001    0.0130
  185              MH_181           MH_182           CONDUIT            8.0    2.8762    0.0130
  186              MH_182           MH_183           CONDUIT           11.0    3.4566    0.0130
  187              MH_183           MH_187           CONDUIT           36.0    2.1950    0.0130
  188              MH_184           MH_222           CONDUIT           23.0    0.9566    0.0130
  189              MH_185           MH_184           CONDUIT           14.0    1.5716    0.0130
  19               MH_019           MH_018           CONDUIT           31.0   -0.9033    0.0130
  190              MH_186           MH_185           CONDUIT           76.0    2.8301    0.0130
  191              MH_187           MH_184           CONDUIT           24.0    0.7917    0.0130
  192              MH_188           MH_189           CONDUIT            5.0    2.0004    0.0130
  193              MH_189           MH_223           CONDUIT           99.0    1.2223    0.0130
  194              MH_190           MH_193           CONDUIT           25.0    4.3240    0.0130
  195              MH_191           MH_192           CONDUIT           20.0    0.0015    0.0130
  196              MH_192           MH_190           CONDUIT           12.0   12.1725    0.0130
  197              MH_193           MH_186           CONDUIT           17.0    4.2981    0.0130
  198              MH_194           MH_224           CONDUIT           91.0    1.4727    0.0130
  199              MH_195           MH_203           CONDUIT           93.0    0.2796    0.0130
  20               MH_020           MH_023           CONDUIT           64.0    1.6721    0.0130
  200              MH_196           MH_204           CONDUIT           29.0    3.4503    0.0130
  201              MH_197           MH_195           CONDUIT           55.0    0.4000    0.0130
  202              MH_198           MH_205           CONDUIT           54.0    1.4816    0.0130
  203              MH_199           MH_198           CONDUIT           36.0    1.2223    0.0130
  204              MH_200           MH_228           CONDUIT           46.0    0.6957    0.0130
  205              MH_201           MH_200           CONDUIT           25.0    0.5600    0.0130
  206              MH_202           MH_201           CONDUIT           17.0    0.6471    0.0130
  207              MH_203           MH_175           CONDUIT           55.0    0.5636    0.0130
  208              MH_204           MH_172           CONDUIT           44.0    1.6366    0.0130
  209              MH_205           MH_230           CONDUIT           47.0    3.2357    0.0130
  21               MH_021           MH_020           CONDUIT           44.0    1.2046    0.0130
  210              MH_206           MH_232           CONDUIT           79.0    1.7978    0.0130
  211              MH_207           MH_231           CONDUIT           87.0    1.6554    0.0130
  212              MH_208           MH_209           CONDUIT          107.0    0.5608    0.0130
  213              MH_209           MH_243           CONDUIT           76.0    1.4870    0.0130
  214              MH_210           MH_240           CONDUIT          101.0    1.3962    0.0130
  215              MH_211           MH_216           CONDUIT           40.0    3.7276    0.0130
  216              MH_212           MH_211           CONDUIT            5.0    3.4020    0.0130
  217              MH_213           MH_220           CONDUIT           68.0    1.2648    0.0130
  218              MH_214           MH_217           CONDUIT           44.0    2.4553    0.0130
  219              MH_215           MH_214           CONDUIT            5.0    2.0004    0.0130
  22               MH_022           MH_027           CONDUIT           92.0    2.2723    0.0130
  220              MH_216           MH_181           CONDUIT           52.0    3.7334    0.0130
  221              MH_217           MH_221           CONDUIT           73.0    5.4464    0.0130
  222              MH_218           MH_246           CONDUIT           64.0    1.0157    0.0130
  223              MH_219           MH_223           CONDUIT            5.0   -0.8000    0.0130
  224              MH_220           MH_218           CONDUIT            5.0    0.2000    0.0130
  225              MH_220           MH_223           CONDUIT            5.0    3.0014    0.0130
  226              MH_221           MH_220           CONDUIT           25.0    0.9600    0.0130
  227              MH_222           MH_221           CONDUIT           25.0    1.0001    0.0130
  228              MH_223           MH_251           CONDUIT           62.8    1.0988    0.0130
  229              MH_224           MH_252           CONDUIT           91.0    1.4177    0.0130
  23               MH_023           MH_030           CONDUIT           61.0    1.1312    0.0130
  230              MH_225           MH_257           CONDUIT           48.0    0.8959    0.0130
  231              MH_226           MH_225           CONDUIT           39.0    0.7180    0.0130
  232              MH_227           MH_225           CONDUIT           61.0    0.3771    0.0130
  233              MH_228           MH_227           CONDUIT           22.0    0.4546    0.0130
  234              MH_229           MH_234           CONDUIT           96.0    1.1772    0.0130
  235              MH_230           MH_231           CONDUIT           49.0    2.4293    0.0130
  236              MH_231           MH_232           CONDUIT           18.0    2.0004    0.0130
  237              MH_232           MH_235           CONDUIT           23.0    0.3913    0.0130
  238              MH_233           MH_236           CONDUIT           93.0    2.3555    0.0130
  239              MH_234           MH_258           CONDUIT           85.0    1.1883    0.0130
  24               MH_024           MH_022           CONDUIT           67.0    1.7167    0.0130
  240              MH_235           MH_236           CONDUIT           66.0    0.4849    0.0130
  241              MH_236           MH_261           CONDUIT           41.0    0.4390    0.0130
  242              MH_237           MH_208           CONDUIT           67.0    2.1796    0.0130
  243              MH_238           MH_239           CONDUIT           84.0    2.5842    0.0130
  244              MH_239           MH_243           CONDUIT           87.0    0.8161    0.0130
  245              MH_240           MH_213           CONDUIT           93.6    0.7693    0.0130
  246              MH_241           MH_240           CONDUIT           33.0    0.8182    0.0130
  247              MH_242           MH_266           CONDUIT           67.0    0.7164    0.0130
  248              MH_242           MH_241           CONDUIT           69.0    0.3768    0.0130
  249              MH_243           MH_242           CONDUIT           20.0    1.5502    0.0130
  25               MH_025           MH_035           CONDUIT           37.0    0.4595    0.0130
  250              MH_244           MH_247           CONDUIT           81.0    2.0375    0.0130
  251              MH_245           MH_269           CONDUIT            5.0    0.2000    0.0130
  252              MH_246           MH_245           CONDUIT           86.0    1.1280    0.0130
  253              MH_247           MH_245           CONDUIT           60.0    0.9000    0.0130
  254              MH_248           MH_274           CONDUIT          108.6    0.4972    0.0130
  255              MH_249           MH_250           CONDUIT            5.4    1.2964    0.0130
  256              MH_249           MH_248           CONDUIT            5.7    1.7547    0.0130
  257              MH_250           MH_275           CONDUIT           57.5    0.5217    0.0130
  258              MH_251           MH_249           CONDUIT           85.8    0.6644    0.0130
  259              MH_252           MH_276           CONDUIT           81.0    1.8769    0.0130
  26               MH_026           MH_028           CONDUIT           21.0    4.7195    0.0130
  260              MH_253           MH_226           CONDUIT           61.0    1.9512    0.0130
  261              MH_254           MH_255           CONDUIT           10.0    0.5000    0.0130
  262              MH_255           MH_259           CONDUIT           40.0    0.7500    0.0130
  263              MH_256           MH_254           CONDUIT           61.0    0.7049    0.0130
  264              MH_257           MH_256           CONDUIT           35.0    0.4857    0.0130
  265              MH_258           MH_260           CONDUIT          104.0    1.0001    0.0130
  266              MH_259           MH_258           CONDUIT           26.0    3.1939    0.0130
  267              MH_260           MH_264           CONDUIT           91.7    0.8724    0.0130
  268              MH_261           MH_260           CONDUIT           43.0    0.4186    0.0130
  269              MH_262           MH_260           CONDUIT           32.0    2.5008    0.0130
  27               MH_027           MH_028           CONDUIT           68.0    1.1177    0.0130
  270              MH_263           MH_261           CONDUIT           22.0    4.7782    0.0130
  271              MH_264           MH_265           CONDUIT           43.1    1.5315    0.0130
  272              MH_265           MH_266           CONDUIT           43.2    1.5511    0.0130
  273              MH_266           MH_267           CONDUIT           54.0    0.8889    0.0130
  274              MH_267           MH_244           CONDUIT           78.0    0.7436    0.0130
  275              MH_268           MH_271           CONDUIT          110.0    0.4546    0.0130
  276              MH_269           MH_268           CONDUIT            5.0   -0.4000    0.0130
  277              MH_270           MH_248           CONDUIT            5.0   -0.7600    0.0130
  278              MH_271           MH_304           CONDUIT           86.0    0.3837    0.0130
  279              MH_272           MH_273           CONDUIT            5.0    0.2200    0.0130
  28               MH_028           MH_039           CONDUIT           22.0    1.1364    0.0130
  280              MH_273           MH_306           CONDUIT           17.0    0.5882    0.0130
  281              MH_274           MH_273           CONDUIT            5.0    0.2000    0.0130
  282              MH_275           MH_273           CONDUIT           55.1    0.4900    0.0130
  283              MH_276           MH_309           CONDUIT          108.0    4.9970    0.0130
  284              MH_277           MH_282           CONDUIT           63.0    1.0001    0.0130
  285              MH_278           MH_254           CONDUIT           48.0    0.7709    0.0130
  286              MH_279           MH_278           CONDUIT           23.0    2.0004    0.0130
  287              MH_280           MH_284           CONDUIT            7.0    0.7143    0.0130
  288              MH_281           MH_283           CONDUIT           25.0    1.2001    0.0130
  289              MH_282           MH_281           CONDUIT           10.0    0.8000    0.0130
  29               MH_029           MH_041           CONDUIT           95.0    0.8000    0.0130
  290              MH_283           MH_280           CONDUIT           24.0    1.2501    0.0130
  291              MH_284           MH_278           CONDUIT            6.0    1.6669    0.0130
  292              MH_285           MH_286           CONDUIT           13.0    0.8462    0.0130
  293              MH_286           MH_258           CONDUIT           25.0    2.2005    0.0130
  294              MH_287           MH_288           CONDUIT            9.0    3.6691    0.0130
  295              MH_288           MH_294           CONDUIT           23.0    1.2175    0.0130
  296              MH_289           MH_295           CONDUIT            9.0    1.0001    0.0130
  297              MH_290           MH_289           CONDUIT            7.0    1.8575    0.0130
  298              MH_291           MH_290           CONDUIT            9.0    1.3335    0.0130
  299              MH_292           MH_296           CONDUIT           26.0    1.0001    0.0130
  30               MH_030           MH_032           CONDUIT           35.0    1.0001    0.0130
  300              MH_293           MH_292           CONDUIT            9.0    1.1112    0.0130
  301              MH_294           MH_291           CONDUIT           11.0    1.1819    0.0130
  302              MH_295           MH_297           CONDUIT           13.0    7.1722    0.0130
  303              MH_296           MH_301           CONDUIT           25.0    3.4420    0.0130
  304              MH_297           MH_301           CONDUIT           23.0    3.1755    0.0130
  305              MH_298           MH_299           CONDUIT            5.0    0.2000    0.0130
  306              MH_299           MH_297           CONDUIT           13.0    1.3847    0.0130
  307              MH_300           MH_298           CONDUIT           17.0    1.0589    0.0130
  308              MH_301           MH_262           CONDUIT           36.0    0.7500    0.0130
  309              MH_302           MH_300           CONDUIT           11.0    0.8182    0.0130
  31               MH_031           MH_026           CONDUIT           73.0    2.0689    0.0130
  310              MH_303           MH_266           CONDUIT           88.0    0.5796    0.0130
  311              MH_304           MH_338           CONDUIT           81.0    0.3827    0.0130
  312              MH_305           MH_311           CONDUIT           65.0    0.6000    0.0130
  313              MH_305           MH_312           CONDUIT           68.6    0.5977    0.0130
  314              MH_306           MH_305           CONDUIT           16.4    0.8537    0.0130
  315              MH_307           MH_308           CONDUIT           20.0    1.1501    0.0130
  316              MH_308           MH_339           CONDUIT           15.0    0.6000    0.0130
  317              MH_309           MH_307           CONDUIT           85.0    1.1059    0.0130
  318              MH_310           MH_342           CONDUIT           44.4    0.6306    0.0130
  319              MH_311           MH_310           CONDUIT           53.9    0.6123    0.0130
  32               MH_032           MH_029           CONDUIT           35.0    1.0001    0.0130
  320              MH_312           MH_341           CONDUIT           57.8    0.5190    0.0130
  321              MH_313           MH_314           CONDUIT           94.0    2.9055    0.0130
  322              MH_314           MH_315           CONDUIT          108.0    3.4743    0.0130
  323              MH_315           MH_316           CONDUIT           85.0    1.3178    0.0130
  324              MH_316           MH_317           CONDUIT           39.0    0.9488    0.0130
  325              MH_317           MH_318           CONDUIT           48.0    1.3543    0.0130
  326              MH_318           MH_323           CONDUIT          109.0    1.1102    0.0130
  327              MH_319           MH_322           CONDUIT           58.0    0.4310    0.0130
  328              MH_320           MH_319           CONDUIT          108.5    0.6636    0.0130
  329              MH_321           MH_320           CONDUIT           38.0    0.8158    0.0130
  33               MH_033           MH_044           CONDUIT           25.0    2.4007    0.0130
  330              MH_322           MH_318           CONDUIT           42.0    0.8572    0.0130
  331              MH_323           WW-1             CONDUIT            5.9    6.7857    0.0130
  332              MH_325           MH_326           CONDUIT           93.0    0.7850    0.0130
  333              MH_326           MH_282           CONDUIT           62.0    0.8065    0.0130
  334              MH_327           MH_328           CONDUIT           26.0    1.0385    0.0130
  335              MH_328           MH_332           CONDUIT           23.0    1.1740    0.0130
  336              MH_329           MH_330           CONDUIT            6.0    1.3335    0.0130
  337              MH_330           MH_331           CONDUIT           28.0    1.4644    0.0130
  338              MH_331           MH_333           CONDUIT           30.0    0.4333    0.0130
  339              MH_332           MH_302           CONDUIT           11.0    3.2745    0.0130
  34               MH_034           MH_033           CONDUIT           52.0    0.5577    0.0130
  340              MH_333           MH_302           CONDUIT           29.0    1.3105    0.0130
  341              MH_334           MH_335           CONDUIT           49.0    1.4491    0.0130
  342              MH_335           MH_303           CONDUIT          108.0    1.0093    0.0130
  343              MH_336           MH_334           CONDUIT           73.0    0.5480    0.0130
  344              MH_337           MH_336           CONDUIT           56.0    0.8929    0.0130
  345              MH_338           MH_340           CONDUIT           28.0    0.3929    0.0130
  346              MH_339           MH_340           CONDUIT           15.0    1.2001    0.0130
  347              MH_340           MH_364           CONDUIT           26.3    0.2662    0.0130
  348              MH_341           MH_342           CONDUIT           37.7    0.4244    0.0130
  349              MH_342           MH_362           CONDUIT          128.2    0.6630    0.0130
  35               MH_035           MH_034           CONDUIT            6.0    0.1667    0.0130
  350              MH_342           MH_361           CONDUIT           94.4    0.5826    0.0130
  351              MH_343           MH_334           CONDUIT           60.0    1.1834    0.0130
  352              MH_344           MH_337           CONDUIT           69.0    1.3335    0.0130
  353              MH_345           MH_344           CONDUIT           71.0    0.9155    0.0130
  354              MH_345           MH_344           CONDUIT           71.0    0.9155    0.0130
  355              MH_346           MH_347           CONDUIT           38.0    0.5000    0.0130
  356              MH_347           MH_343           CONDUIT          104.0    1.1924    0.0130
  357              MH_348           MH_358           CONDUIT           19.0    1.2106    0.0130
  358              MH_349           MH_348           CONDUIT           54.0    0.7963    0.0130
  359              MH_350           MH_349           CONDUIT           22.0    1.3183    0.0130
  36               MH_036           MH_046           CONDUIT           63.0    0.7302    0.0130
  360              MH_351           MH_352           CONDUIT           32.0    0.7813    0.0130
  361              MH_352           MH_353           CONDUIT           17.0    0.7647    0.0130
  362              MH_353           MH_346           CONDUIT          114.0    0.5526    0.0130
  363              MH_354           MH_357           CONDUIT           42.0    0.6191    0.0130
  364              MH_355           MH_357           CONDUIT           20.0    1.3001    0.0130
  365              MH_356           MH_355           CONDUIT           62.0    0.5323    0.0130
  366              MH_357           MH_346           CONDUIT           25.0    0.6400    0.0130
  367              MH_358           MH_356           CONDUIT           40.0    0.4250    0.0130
  368              MH_359           MH_360           CONDUIT           79.0    0.5823    0.0130
  369              MH_360           MH_354           CONDUIT           39.0    0.6154    0.0130
  37               MH_037           MH_036           CONDUIT           80.0    3.4646    0.0130
  370              MH_361           MH_362           CONDUIT           33.9    0.4720    0.0130
  371              MH_362           MH_370           CONDUIT          152.6    0.4915    0.0130
  372              MH_363           MH_366           CONDUIT           46.4    0.2586    0.0130
  373              MH_364           MH_363           CONDUIT           14.2    0.2113    0.0130
  374              MH_365           MH_364           CONDUIT          558.4    0.0179    0.0130
  375              MH_366           MH_369           CONDUIT            5.0    1.8003    0.0130
  376              MH_368           OF_374           CONDUIT           10.0    1.4013    0.0130
  377              MH_369           MH_367           CONDUIT            8.4    1.2649    0.0130
  378              MH_370           MH_371           CONDUIT           49.1    0.1222    0.0130
  379              MH_371           OF_375           CONDUIT           83.7    0.4540    0.0130
  38               MH_038           MH_036           CONDUIT            7.0    1.0001    0.0130
  380              MH_372           MH_373           CONDUIT            8.0    0.3750    0.0130
  381              MH_373           MH_362           CONDUIT           13.6    0.2941    0.0130
  382              MH_367           MH_368           CONDUIT            9.3    0.5781    0.0130
  39               MH_039           MH_038           CONDUIT           82.0    0.8537    0.0130
  40               MH_040           MH_047           CONDUIT           65.2    0.4295    0.0130
  41               MH_041           MH_048           CONDUIT           30.0    1.1001    0.0130
  42               MH_042           MH_037           CONDUIT           80.0    0.9125    0.0130
  43               MH_043           MH_049           CONDUIT           86.0    0.8024    0.0130
  44               MH_044           MH_043           CONDUIT           95.0    0.6526    0.0130
  45               MH_045           MH_044           CONDUIT            5.0    1.2001    0.0130
  46               MH_046           MH_071           CONDUIT           57.0    0.6491    0.0130
  47               MH_047           MH_075           CONDUIT           74.2    0.6604    0.0130
  48               MH_048           MH_037           CONDUIT           19.0    1.0527    0.0130
  49               MH_049           MH_076           CONDUIT           79.0    0.8102    0.0130
  50               MH_050           MH_025           CONDUIT           40.0    0.3250    0.0130
  51               MH_051           MH_053           CONDUIT           94.0    0.5106    0.0130
  52               MH_052           MH_051           CONDUIT           48.0    0.6458    0.0130
  53               MH_053           MH_088           CONDUIT           88.0    0.6364    0.0130
  54               MH_054           MH_137           CONDUIT           44.0    0.1364    0.0130
  55               MH_055           MH_054           CONDUIT           59.0    0.4746    0.0130
  56               MH_056           MH_055           CONDUIT           51.0    0.4706    0.0130
  57               MH_057           MH_058           CONDUIT          144.0    0.4306    0.0130
  58               MH_058           MH_197           CONDUIT          112.0    0.3571    0.0130
  59               MH_059           MH_226           CONDUIT           42.0    0.7619    0.0130
  6                MH_008           MH_150           CONDUIT           12.4    0.4032    0.0130
  60               MH_060           MH_059           CONDUIT           18.0    4.6160    0.0130
  61               MH_061           MH_062           CONDUIT           15.0    1.3335    0.0130
  62               MH_062           MH_277           CONDUIT           70.0    0.9858    0.0130
  63               MH_063           MH_078           CONDUIT           66.0    0.8334    0.0130
  64               MH_064           MH_063           CONDUIT           70.0    0.8286    0.0130
  65               MH_065           MH_066           CONDUIT           58.0    1.0173    0.0130
  66               MH_066           MH_080           CONDUIT           56.0    1.0536    0.0130
  67               MH_067           MH_068           CONDUIT           62.0    1.3550    0.0130
  68               MH_068           MH_070           CONDUIT           58.0    0.5862    0.0130
  69               MH_069           MH_071           CONDUIT           32.0    0.4688    0.0130
  7                MH_009           MH_010           CONDUIT           22.8    0.3947    0.0130
  70               MH_070           MH_069           CONDUIT           62.0    0.9839    0.0130
  71               MH_071           MH_072           CONDUIT           19.0    0.5263    0.0130
  72               MH_072           MH_074           CONDUIT           62.0    0.7097    0.0130
  73               MH_073           MH_075           CONDUIT            5.0    5.8098    0.0130
  74               MH_074           MH_082           CONDUIT           93.0    0.6344    0.0130
  75               MH_075           MH_084           CONDUIT           83.1    0.6739    0.0130
  76               MH_076           MH_086           CONDUIT          112.0    0.7857    0.0130
  77               MH_077           MH_089           CONDUIT           41.0    0.8293    0.0130
  78               MH_078           MH_077           CONDUIT           66.0    0.9243    0.0130
  79               MH_079           MH_077           CONDUIT           27.0    0.5556    0.0130
  8                MH_010           MH_178           CONDUIT           41.0    0.4146    0.0130
  80               MH_080           MH_079           CONDUIT           41.0    1.1708    0.0130
  81               MH_081           MH_092           CONDUIT           78.0    0.8718    0.0130
  82               MH_082           MH_095           CONDUIT           57.0    0.4386    0.0130
  83               MH_083           MH_085           CONDUIT            5.0    3.0014    0.0130
  84               MH_084           MH_085           CONDUIT           72.7    0.7153    0.0130
  85               MH_085           MH_128           CONDUIT          116.3    0.5589    0.0130
  86               MH_086           MH_096           CONDUIT           90.0    0.7445    0.0130
  87               MH_087           MH_099           CONDUIT           74.0    0.4730    0.0130
  88               MH_088           MH_087           CONDUIT           15.0    0.4000    0.0130
  89               MH_089           MH_087           CONDUIT           64.0    0.9219    0.0130
  9                MH_011           MH_119           CONDUIT           48.3    0.9524    0.0130
  90               MH_090           MH_091           CONDUIT           28.0    1.2144    0.0130
  91               MH_091           MH_094           CONDUIT           56.0    1.2501    0.0130
  92               MH_092           MH_105           CONDUIT           86.0    1.5932    0.0130
  93               MH_093           MH_092           CONDUIT           69.0    0.7102    0.0130
  94               MH_094           MH_093           CONDUIT           14.0    1.0715    0.0130
  95               MH_095           MH_122           CONDUIT           59.0    0.4068    0.0130
  96               MH_096           MH_133           CONDUIT           63.0    0.7461    0.0130
  97               MH_097           MH_098           CONDUIT           72.0    1.9309    0.0130
  98               MH_098           MH_100           CONDUIT           61.0    0.5410    0.0130
  99               MH_099           MH_098           CONDUIT           53.0    0.3774    0.0130
  PUMP-11          WW-1             MH_365           TYPE3 PUMP  
  ORI-1            MH_368           MH_372           ORIFICE     
  
  
  *********************
  Cross Section Summary
  *********************
                                        Full     Full     Hyd.     Max.   No. of     Full
  Conduit          Shape               Depth     Area     Rad.    Width  Barrels     Flow
  ---------------------------------------------------------------------------------------
  1                CIRCULAR             0.20     0.03     0.05     0.20        1    21.27
  10               CIRCULAR             0.25     0.05     0.06     0.25        1    58.98
  100              CIRCULAR             0.20     0.03     0.05     0.20        1    28.25
  101              CIRCULAR             0.20     0.03     0.05     0.20        1    19.94
  102              CIRCULAR             0.20     0.03     0.05     0.20        1    44.01
  103              CIRCULAR             0.20     0.03     0.05     0.20        1    26.78
  104              CIRCULAR             0.31     0.08     0.08     0.31        1    83.69
  105              CIRCULAR             0.20     0.03     0.05     0.20        1    56.82
  106              CIRCULAR             0.20     0.03     0.05     0.20        1    21.34
  107              CIRCULAR             0.15     0.02     0.04     0.15        1    12.44
  108              CIRCULAR             0.31     0.08     0.08     0.31        1    93.03
  109              CIRCULAR             0.31     0.08     0.08     0.31        1    82.02
  110              CIRCULAR             0.20     0.03     0.05     0.20        1    44.42
  111              CIRCULAR             0.20     0.03     0.05     0.20        1    59.49
  112              CIRCULAR             0.15     0.02     0.04     0.15        1    10.39
  113              CIRCULAR             0.15     0.02     0.04     0.15        1    12.34
  114              CIRCULAR             0.31     0.08     0.08     0.31        1   155.73
  115              CIRCULAR             0.31     0.08     0.08     0.31        1   167.71
  116              CIRCULAR             0.31     0.08     0.08     0.31        1   233.96
  117              CIRCULAR             0.31     0.08     0.08     0.31        1   125.68
  118              CIRCULAR             0.31     0.08     0.08     0.31        1   113.26
  119              CIRCULAR             0.31     0.08     0.08     0.31        1   112.83
  120              CIRCULAR             0.31     0.08     0.08     0.31        1   180.77
  121              CIRCULAR             0.31     0.08     0.08     0.31        1   100.26
  122              CIRCULAR             0.31     0.08     0.08     0.31        1   141.61
  123              CIRCULAR             0.20     0.03     0.05     0.20        1    19.78
  124              CIRCULAR             0.20     0.03     0.05     0.20        1     3.31
  125              CIRCULAR             0.31     0.08     0.08     0.31        1   245.44
  126              CIRCULAR             0.20     0.03     0.05     0.20        1    32.80
  127              CIRCULAR             0.31     0.08     0.08     0.31        1   200.19
  128              CIRCULAR             0.31     0.08     0.08     0.31        1   104.55
  129              CIRCULAR             0.53     0.22     0.13     0.53        1   433.25
  13               CIRCULAR             0.15     0.02     0.04     0.15        1     7.54
  130              CIRCULAR             0.38     0.11     0.09     0.38        1   230.40
  131              CIRCULAR             0.53     0.22     0.13     0.53        1   351.66
  132              CIRCULAR             0.31     0.08     0.08     0.31        1   161.71
  133              CIRCULAR             0.20     0.03     0.05     0.20        1    36.67
  134              CIRCULAR             0.20     0.03     0.05     0.20        1    61.04
  135              CIRCULAR             0.20     0.03     0.05     0.20        1    36.67
  136              CIRCULAR             0.15     0.02     0.04     0.15        1    28.36
  137              CIRCULAR             0.20     0.03     0.05     0.20        1    27.02
  138              CIRCULAR             0.20     0.03     0.05     0.20        1    24.22
  139              CIRCULAR             0.20     0.03     0.05     0.20        1    25.84
  14               CIRCULAR             0.15     0.02     0.04     0.15        1    13.28
  140              CIRCULAR             0.20     0.03     0.05     0.20        1    24.56
  141              CIRCULAR             0.20     0.03     0.05     0.20        1    26.58
  142              CIRCULAR             0.15     0.02     0.04     0.15        1    27.61
  143              CIRCULAR             0.15     0.02     0.04     0.15        1    22.53
  144              CIRCULAR             0.15     0.02     0.04     0.15        1    13.90
  145              CIRCULAR             0.15     0.02     0.04     0.15        1    22.59
  146              CIRCULAR             0.15     0.02     0.04     0.15        1    21.54
  147              CIRCULAR             0.15     0.02     0.04     0.15        1    20.62
  148              CIRCULAR             0.15     0.02     0.04     0.15        1    24.56
  149              CIRCULAR             0.20     0.03     0.05     0.20        1    43.78
  15               CIRCULAR             0.15     0.02     0.04     0.15        1    12.81
  150              CIRCULAR             0.20     0.03     0.05     0.20        1    30.20
  151              CIRCULAR             0.20     0.03     0.05     0.20        1    11.42
  152              CIRCULAR             0.31     0.08     0.08     0.31        1    66.42
  153              CIRCULAR             0.15     0.02     0.04     0.15        1    16.68
  154              CIRCULAR             0.15     0.02     0.04     0.15        1    14.45
  155              CIRCULAR             0.15     0.02     0.04     0.15        1    13.78
  156              CIRCULAR             0.20     0.03     0.05     0.20        1    12.14
  157              CIRCULAR             0.20     0.03     0.05     0.20        1    37.05
  158              CIRCULAR             0.15     0.02     0.04     0.15        1     6.89
  159              CIRCULAR             0.20     0.03     0.05     0.20        1    53.71
  16               CIRCULAR             0.15     0.02     0.04     0.15        1    12.81
  160              CIRCULAR             0.15     0.02     0.04     0.15        1    15.65
  161              CIRCULAR             0.15     0.02     0.04     0.15        1     9.62
  162              CIRCULAR             0.15     0.02     0.04     0.15        1    11.82
  163              CIRCULAR             0.31     0.08     0.08     0.31        1   104.55
  164              CIRCULAR             0.31     0.08     0.08     0.31        1    81.75
  165              CIRCULAR             0.31     0.08     0.08     0.31        1    94.40
  166              CIRCULAR             0.31     0.08     0.08     0.31        1   108.70
  167              CIRCULAR             0.53     0.22     0.13     0.53        1   419.93
  168              CIRCULAR             0.53     0.22     0.13     0.53        1   436.60
  169              CIRCULAR             0.20     0.03     0.05     0.20        1    48.40
  17               CIRCULAR             0.15     0.02     0.04     0.15        1    12.81
  170              CIRCULAR             0.15     0.02     0.04     0.15        1    20.16
  171              CIRCULAR             0.20     0.03     0.05     0.20        1    26.09
  172              CIRCULAR             0.15     0.02     0.04     0.15        1    23.83
  173              CIRCULAR             0.10     0.01     0.03     0.10        1     6.62
  174              CIRCULAR             0.15     0.02     0.04     0.15        1    50.96
  175              CIRCULAR             0.20     0.03     0.05     0.20        1    32.80
  176              CIRCULAR             0.20     0.03     0.05     0.20        1    43.52
  177              CIRCULAR             0.20     0.03     0.05     0.20        1    38.38
  178              CIRCULAR             0.20     0.03     0.05     0.20        1    41.49
  179              CIRCULAR             0.31     0.08     0.08     0.31        1    76.32
  18               CIRCULAR             0.20     0.03     0.05     0.20        1    45.63
  180              CIRCULAR             0.31     0.08     0.08     0.31        1    82.26
  181              CIRCULAR             0.31     0.08     0.08     0.31        1   118.14
  182              CIRCULAR             0.31     0.08     0.08     0.31        1   118.87
  183              CIRCULAR             0.20     0.03     0.05     0.20        1    54.37
  184              CIRCULAR             0.31     0.08     0.08     0.31        1   105.55
  185              CIRCULAR             0.20     0.03     0.05     0.20        1    55.63
  186              CIRCULAR             0.20     0.03     0.05     0.20        1    60.98
  187              CIRCULAR             0.20     0.03     0.05     0.20        1    48.60
  188              CIRCULAR             0.31     0.08     0.08     0.31        1   103.23
  189              CIRCULAR             0.20     0.03     0.05     0.20        1    41.12
  19               CIRCULAR             0.15     0.02     0.04     0.15        1    14.47
  190              CIRCULAR             0.20     0.03     0.05     0.20        1    55.18
  191              CIRCULAR             0.31     0.08     0.08     0.31        1    93.91
  192              CIRCULAR             0.31     0.08     0.08     0.31        1   149.28
  193              CIRCULAR             0.53     0.22     0.13     0.53        1   487.67
  194              CIRCULAR             0.20     0.03     0.05     0.20        1    68.21
  195              CIRCULAR             0.20     0.03     0.05     0.20        1     1.28
  196              CIRCULAR             0.20     0.03     0.05     0.20        1   114.44
  197              CIRCULAR             0.20     0.03     0.05     0.20        1    68.00
  198              CIRCULAR             0.20     0.03     0.05     0.20        1    39.80
  199              CIRCULAR             0.20     0.03     0.05     0.20        1    17.34
  20               CIRCULAR             0.15     0.02     0.04     0.15        1    19.69
  200              CIRCULAR             0.10     0.01     0.03     0.10        1     9.60
  201              CIRCULAR             0.20     0.03     0.05     0.20        1    20.74
  202              CIRCULAR             0.20     0.03     0.05     0.20        1    39.93
  203              CIRCULAR             0.15     0.02     0.04     0.15        1    16.84
  204              CIRCULAR             0.20     0.03     0.05     0.20        1    27.36
  205              CIRCULAR             0.20     0.03     0.05     0.20        1    24.55
  206              CIRCULAR             0.20     0.03     0.05     0.20        1    26.38
  207              CIRCULAR             0.20     0.03     0.05     0.20        1    24.63
  208              CIRCULAR             0.15     0.02     0.04     0.15        1    19.48
  209              CIRCULAR             0.20     0.03     0.05     0.20        1    59.00
  21               CIRCULAR             0.15     0.02     0.04     0.15        1    16.72
  210              CIRCULAR             0.20     0.03     0.05     0.20        1    43.98
  211              CIRCULAR             0.20     0.03     0.05     0.20        1    42.20
  212              CIRCULAR             0.20     0.03     0.05     0.20        1    24.56
  213              CIRCULAR             0.20     0.03     0.05     0.20        1    40.00
  214              CIRCULAR             0.31     0.08     0.08     0.31        1   124.71
  215              CIRCULAR             0.20     0.03     0.05     0.20        1    63.33
  216              CIRCULAR             0.10     0.01     0.03     0.10        1     9.53
  217              CIRCULAR             0.31     0.08     0.08     0.31        1   118.70
  218              CIRCULAR             0.20     0.03     0.05     0.20        1    51.40
  219              CIRCULAR             0.10     0.01     0.03     0.10        1     7.31
  22               CIRCULAR             0.20     0.03     0.05     0.20        1    49.44
  220              CIRCULAR             0.20     0.03     0.05     0.20        1    63.38
  221              CIRCULAR             0.20     0.03     0.05     0.20        1    76.55
  222              CIRCULAR             0.38     0.11     0.09     0.38        1   183.06
  223              CIRCULAR             0.31     0.08     0.08     0.31        1    94.40
  224              CIRCULAR             0.38     0.11     0.09     0.38        1    81.23
  225              CIRCULAR             0.31     0.08     0.08     0.31        1   182.85
  226              CIRCULAR             0.31     0.08     0.08     0.31        1   103.41
  227              CIRCULAR             0.31     0.08     0.08     0.31        1   105.55
  228              CIRCULAR             0.61     0.29     0.15     0.61        1   672.67
  229              CIRCULAR             0.20     0.03     0.05     0.20        1    39.05
  23               CIRCULAR             0.15     0.02     0.04     0.15        1    16.20
  230              CIRCULAR             0.20     0.03     0.05     0.20        1    31.05
  231              CIRCULAR             0.20     0.03     0.05     0.20        1    27.79
  232              CIRCULAR             0.20     0.03     0.05     0.20        1    20.14
  233              CIRCULAR             0.20     0.03     0.05     0.20        1    22.11
  234              CIRCULAR             0.20     0.03     0.05     0.20        1    35.59
  235              CIRCULAR             0.31     0.08     0.08     0.31        1   164.50
  236              CIRCULAR             0.31     0.08     0.08     0.31        1   149.28
  237              CIRCULAR             0.31     0.08     0.08     0.31        1    66.02
  238              CIRCULAR             0.20     0.03     0.05     0.20        1    50.34
  239              CIRCULAR             0.31     0.08     0.08     0.31        1   115.05
  24               CIRCULAR             0.15     0.02     0.04     0.15        1    19.96
  240              CIRCULAR             0.31     0.08     0.08     0.31        1    73.49
  241              CIRCULAR             0.31     0.08     0.08     0.31        1    69.93
  242              CIRCULAR             0.20     0.03     0.05     0.20        1    48.43
  243              CIRCULAR             0.20     0.03     0.05     0.20        1    52.73
  244              CIRCULAR             0.20     0.03     0.05     0.20        1    29.63
  245              CIRCULAR             0.31     0.08     0.08     0.31        1    92.57
  246              CIRCULAR             0.20     0.03     0.05     0.20        1    29.67
  247              CIRCULAR             0.20     0.03     0.05     0.20        1    27.76
  248              CIRCULAR             0.20     0.03     0.05     0.20        1    20.13
  249              CIRCULAR             0.20     0.03     0.05     0.20        1    40.84
  25               CIRCULAR             0.20     0.03     0.05     0.20        1    22.23
  250              CIRCULAR             0.46     0.17     0.12     0.46        1   431.55
  251              CIRCULAR             0.38     0.11     0.09     0.38        1    81.23
  252              CIRCULAR             0.38     0.11     0.09     0.38        1   192.92
  253              CIRCULAR             0.46     0.17     0.12     0.46        1   286.82
  254              CIRCULAR             0.61     0.29     0.15     0.61        1   452.51
  255              CIRCULAR             0.61     0.29     0.15     0.61        1   730.66
  256              CIRCULAR             0.61     0.29     0.15     0.61        1   850.04
  257              CIRCULAR             0.61     0.29     0.15     0.61        1   463.53
  258              CIRCULAR             0.61     0.29     0.15     0.61        1   523.05
  259              CIRCULAR             0.20     0.03     0.05     0.20        1    44.94
  26               CIRCULAR             0.15     0.02     0.04     0.15        1    33.09
  260              CIRCULAR             0.20     0.03     0.05     0.20        1    45.82
  261              CIRCULAR             0.31     0.08     0.08     0.31        1    74.63
  262              CIRCULAR             0.31     0.08     0.08     0.31        1    91.40
  263              CIRCULAR             0.20     0.03     0.05     0.20        1    27.54
  264              CIRCULAR             0.20     0.03     0.05     0.20        1    22.86
  265              CIRCULAR             0.38     0.11     0.09     0.38        1   181.65
  266              CIRCULAR             0.31     0.08     0.08     0.31        1   188.62
  267              CIRCULAR             0.38     0.11     0.09     0.38        1   169.66
  268              CIRCULAR             0.31     0.08     0.08     0.31        1    68.29
  269              CIRCULAR             0.20     0.03     0.05     0.20        1    51.87
  27               CIRCULAR             0.20     0.03     0.05     0.20        1    34.68
  270              CIRCULAR             0.15     0.02     0.04     0.15        1    33.29
  271              CIRCULAR             0.38     0.11     0.09     0.38        1   224.79
  272              CIRCULAR             0.46     0.17     0.12     0.46        1   376.54
  273              CIRCULAR             0.46     0.17     0.12     0.46        1   285.05
  274              CIRCULAR             0.46     0.17     0.12     0.46        1   260.71
  275              CIRCULAR             0.38     0.11     0.09     0.38        1   122.47
  276              CIRCULAR             0.38     0.11     0.09     0.38        1   114.88
  277              CIRCULAR             0.45     0.16     0.11     0.45        1   248.57
  278              CIRCULAR             0.38     0.11     0.09     0.38        1   112.52
  279              CIRCULAR             0.31     0.08     0.08     0.31        1    49.50
  28               CIRCULAR             0.20     0.03     0.05     0.20        1    34.97
  280              CIRCULAR             0.91     0.65     0.23     0.91        1  1430.06
  281              CIRCULAR             0.61     0.29     0.15     0.61        1   286.99
  282              CIRCULAR             0.61     0.29     0.15     0.61        1   449.22
  283              CIRCULAR             0.20     0.03     0.05     0.20        1    73.32
  284              CIRCULAR             0.15     0.02     0.04     0.15        1    15.23
  285              CIRCULAR             0.31     0.08     0.08     0.31        1    92.67
  286              CIRCULAR             0.20     0.03     0.05     0.20        1    46.39
  287              CIRCULAR             0.20     0.03     0.05     0.20        1    27.72
  288              CIRCULAR             0.15     0.02     0.04     0.15        1    16.68
  289              CIRCULAR             0.15     0.02     0.04     0.15        1    13.62
  29               CIRCULAR             0.20     0.03     0.05     0.20        1    29.34
  290              CIRCULAR             0.20     0.03     0.05     0.20        1    36.67
  291              CIRCULAR             0.31     0.08     0.08     0.31        1   136.27
  292              CIRCULAR             0.31     0.08     0.08     0.31        1    97.09
  293              CIRCULAR             0.31     0.08     0.08     0.31        1   156.56
  294              CIRCULAR             0.15     0.02     0.04     0.15        1    29.17
  295              CIRCULAR             0.20     0.03     0.05     0.20        1    36.19
  296              CIRCULAR             0.20     0.03     0.05     0.20        1    32.80
  297              CIRCULAR             0.20     0.03     0.05     0.20        1    44.70
  298              CIRCULAR             0.20     0.03     0.05     0.20        1    37.88
  299              CIRCULAR             0.15     0.02     0.04     0.15        1    15.23
  30               CIRCULAR             0.15     0.02     0.04     0.15        1    15.23
  300              CIRCULAR             0.15     0.02     0.04     0.15        1    16.05
  301              CIRCULAR             0.20     0.03     0.05     0.20        1    35.66
  302              CIRCULAR             0.20     0.03     0.05     0.20        1    87.84
  303              CIRCULAR             0.15     0.02     0.04     0.15        1    28.26
  304              CIRCULAR             0.20     0.03     0.05     0.20        1    58.45
  305              CIRCULAR             0.20     0.03     0.05     0.20        1    14.67
  306              CIRCULAR             0.20     0.03     0.05     0.20        1    38.60
  307              CIRCULAR             0.20     0.03     0.05     0.20        1    33.75
  308              CIRCULAR             0.20     0.03     0.05     0.20        1    28.41
  309              CIRCULAR             0.20     0.03     0.05     0.20        1    29.67
  31               CIRCULAR             0.15     0.02     0.04     0.15        1    21.91
  310              CIRCULAR             0.20     0.03     0.05     0.20        1    24.97
  311              CIRCULAR             0.38     0.11     0.09     0.38        1   112.37
  312              CIRCULAR             0.61     0.29     0.15     0.61        1   497.08
  313              CIRCULAR             0.61     0.29     0.15     0.61        1   496.11
  314              CIRCULAR             0.91     0.65     0.23     0.91        1  1722.77
  315              CIRCULAR             0.20     0.03     0.05     0.20        1    35.18
  316              CIRCULAR             0.20     0.03     0.05     0.20        1    25.41
  317              CIRCULAR             0.20     0.03     0.05     0.20        1    34.49
  318              CIRCULAR             0.61     0.29     0.15     0.61        1   509.61
  319              CIRCULAR             0.61     0.29     0.15     0.61        1   502.13
  32               CIRCULAR             0.20     0.03     0.05     0.20        1    32.80
  320              CIRCULAR             0.61     0.29     0.15     0.61        1   462.32
  321              CIRCULAR             0.15     0.02     0.04     0.15        1    25.96
  322              CIRCULAR             0.15     0.02     0.04     0.15        1    28.39
  323              CIRCULAR             0.15     0.02     0.04     0.15        1    17.48
  324              CIRCULAR             0.15     0.02     0.04     0.15        1    14.84
  325              CIRCULAR             0.15     0.02     0.04     0.15        1    17.72
  326              CIRCULAR             0.15     0.02     0.04     0.15        1    16.05
  327              CIRCULAR             0.15     0.02     0.04     0.15        1    10.00
  328              CIRCULAR             0.15     0.02     0.04     0.15        1    12.41
  329              CIRCULAR             0.15     0.02     0.04     0.15        1    13.76
  33               CIRCULAR             0.20     0.03     0.05     0.20        1    50.82
  330              CIRCULAR             0.15     0.02     0.04     0.15        1    14.10
  331              CIRCULAR             0.15     0.02     0.04     0.15        1    39.67
  332              CIRCULAR             0.15     0.02     0.04     0.15        1    13.49
  333              CIRCULAR             0.15     0.02     0.04     0.15        1    13.68
  334              CIRCULAR             0.15     0.02     0.04     0.15        1    15.52
  335              CIRCULAR             0.15     0.02     0.04     0.15        1    16.50
  336              CIRCULAR             0.20     0.03     0.05     0.20        1    37.88
  337              CIRCULAR             0.20     0.03     0.05     0.20        1    39.69
  338              CIRCULAR             0.20     0.03     0.05     0.20        1    21.59
  339              CIRCULAR             0.15     0.02     0.04     0.15        1    27.56
  34               CIRCULAR             0.20     0.03     0.05     0.20        1    24.50
  340              CIRCULAR             0.20     0.03     0.05     0.20        1    37.55
  341              CIRCULAR             0.20     0.03     0.05     0.20        1    39.49
  342              CIRCULAR             0.20     0.03     0.05     0.20        1    32.95
  343              CIRCULAR             0.15     0.02     0.04     0.15        1    11.27
  344              CIRCULAR             0.15     0.02     0.04     0.15        1    14.39
  345              CIRCULAR             0.38     0.11     0.09     0.38        1   113.85
  346              CIRCULAR             0.20     0.03     0.05     0.20        1    35.93
  347              CIRCULAR             0.38     0.11     0.09     0.38        1    93.71
  348              CIRCULAR             0.61     0.29     0.15     0.61        1   418.06
  349              CIRCULAR             0.61     0.29     0.15     0.61        1   522.54
  35               CIRCULAR             0.20     0.03     0.05     0.20        1    13.39
  350              CIRCULAR             0.61     0.29     0.15     0.61        1   489.83
  351              CIRCULAR             0.20     0.03     0.05     0.20        1    35.68
  352              CIRCULAR             0.15     0.02     0.04     0.15        1    17.59
  353              CIRCULAR             0.15     0.02     0.04     0.15        1    14.57
  354              CIRCULAR             0.15     0.02     0.04     0.15        1    14.57
  355              CIRCULAR             0.20     0.03     0.05     0.20        1    23.19
  356              CIRCULAR             0.20     0.03     0.05     0.20        1    35.82
  357              CIRCULAR             0.15     0.02     0.04     0.15        1    16.76
  358              CIRCULAR             0.15     0.02     0.04     0.15        1    13.59
  359              CIRCULAR             0.15     0.02     0.04     0.15        1    17.49
  36               CIRCULAR             0.20     0.03     0.05     0.20        1    28.03
  360              CIRCULAR             0.20     0.03     0.05     0.20        1    28.99
  361              CIRCULAR             0.20     0.03     0.05     0.20        1    28.68
  362              CIRCULAR             0.20     0.03     0.05     0.20        1    24.38
  363              CIRCULAR             0.20     0.03     0.05     0.20        1    25.81
  364              CIRCULAR             0.15     0.02     0.04     0.15        1    17.37
  365              CIRCULAR             0.15     0.02     0.04     0.15        1    11.11
  366              CIRCULAR             0.20     0.03     0.05     0.20        1    26.24
  367              CIRCULAR             0.15     0.02     0.04     0.15        1     9.93
  368              CIRCULAR             0.20     0.03     0.05     0.20        1    25.03
  369              CIRCULAR             0.20     0.03     0.05     0.20        1    25.73
  37               CIRCULAR             0.20     0.03     0.05     0.20        1    61.05
  370              CIRCULAR             0.61     0.29     0.15     0.61        1   440.87
  371              CIRCULAR             1.07     0.90     0.27     1.07        1  2013.32
  372              CIRCULAR             0.65     0.33     0.16     0.65        1   386.58
  373              CIRCULAR             0.65     0.33     0.16     0.65        1   349.40
  374              FORCE_MAIN           0.15     0.02     0.04     0.15        1     2.34
  375              CIRCULAR             0.65     0.33     0.16     0.65        1  1019.94
  376              CIRCULAR             0.65     0.33     0.16     0.65        1   899.84
  377              CIRCULAR             0.65     0.33     0.16     0.65        1   854.92
  378              CIRCULAR             1.07     0.90     0.27     1.07        1  1003.90
  379              CIRCULAR             1.07     0.90     0.27     1.07        1  1934.94
  38               CIRCULAR             0.20     0.03     0.05     0.20        1    32.80
  380              CIRCULAR             0.31     0.08     0.08     0.31        1    64.63
  381              CIRCULAR             0.31     0.08     0.08     0.31        1    57.24
  382              CIRCULAR             0.65     0.33     0.16     0.65        1   577.94
  39               CIRCULAR             0.20     0.03     0.05     0.20        1    30.31
  40               CIRCULAR             0.38     0.11     0.09     0.38        1   119.04
  41               CIRCULAR             0.20     0.03     0.05     0.20        1    34.40
  42               CIRCULAR             0.15     0.02     0.04     0.15        1    14.55
  43               CIRCULAR             0.20     0.03     0.05     0.20        1    29.38
  44               CIRCULAR             0.20     0.03     0.05     0.20        1    26.50
  45               CIRCULAR             0.10     0.01     0.03     0.10        1     5.66
  46               CIRCULAR             0.20     0.03     0.05     0.20        1    26.43
  47               CIRCULAR             0.38     0.11     0.09     0.38        1   147.61
  48               CIRCULAR             0.20     0.03     0.05     0.20        1    33.65
  49               CIRCULAR             0.20     0.03     0.05     0.20        1    29.52
  50               CIRCULAR             0.20     0.03     0.05     0.20        1    18.70
  51               CIRCULAR             0.20     0.03     0.05     0.20        1    23.44
  52               CIRCULAR             0.15     0.02     0.04     0.15        1    12.24
  53               CIRCULAR             0.20     0.03     0.05     0.20        1    26.17
  54               CIRCULAR             0.20     0.03     0.05     0.20        1    12.11
  55               CIRCULAR             0.20     0.03     0.05     0.20        1    22.60
  56               CIRCULAR             0.15     0.02     0.04     0.15        1    10.45
  57               CIRCULAR             0.20     0.03     0.05     0.20        1    21.52
  58               CIRCULAR             0.20     0.03     0.05     0.20        1    19.60
  59               CIRCULAR             0.20     0.03     0.05     0.20        1    28.63
  6                CIRCULAR             0.20     0.03     0.05     0.20        1    20.83
  60               CIRCULAR             0.15     0.02     0.04     0.15        1    32.72
  61               CIRCULAR             0.15     0.02     0.04     0.15        1    17.59
  62               CIRCULAR             0.15     0.02     0.04     0.15        1    15.12
  63               CIRCULAR             0.15     0.02     0.04     0.15        1    13.90
  64               CIRCULAR             0.15     0.02     0.04     0.15        1    13.86
  65               CIRCULAR             0.15     0.02     0.04     0.15        1    15.36
  66               CIRCULAR             0.15     0.02     0.04     0.15        1    15.63
  67               CIRCULAR             0.20     0.03     0.05     0.20        1    38.18
  68               CIRCULAR             0.20     0.03     0.05     0.20        1    25.11
  69               CIRCULAR             0.20     0.03     0.05     0.20        1    22.46
  7                CIRCULAR             0.20     0.03     0.05     0.20        1    20.61
  70               CIRCULAR             0.20     0.03     0.05     0.20        1    32.54
  71               CIRCULAR             0.20     0.03     0.05     0.20        1    23.80
  72               CIRCULAR             0.20     0.03     0.05     0.20        1    27.63
  73               CIRCULAR             0.31     0.08     0.08     0.31        1   254.40
  74               CIRCULAR             0.20     0.03     0.05     0.20        1    26.13
  75               CIRCULAR             0.38     0.11     0.09     0.38        1   149.11
  76               CIRCULAR             0.20     0.03     0.05     0.20        1    29.07
  77               CIRCULAR             0.15     0.02     0.04     0.15        1    13.87
  78               CIRCULAR             0.15     0.02     0.04     0.15        1    14.64
  79               CIRCULAR             0.15     0.02     0.04     0.15        1    11.35
  8                CIRCULAR             0.31     0.08     0.08     0.31        1    67.96
  80               CIRCULAR             0.15     0.02     0.04     0.15        1    16.48
  81               CIRCULAR             0.15     0.02     0.04     0.15        1    14.22
  82               CIRCULAR             0.20     0.03     0.05     0.20        1    21.72
  83               CIRCULAR             0.31     0.08     0.08     0.31        1   182.85
  84               CIRCULAR             0.38     0.11     0.09     0.38        1   153.63
  85               CIRCULAR             0.38     0.11     0.09     0.38        1   135.80
  86               CIRCULAR             0.20     0.03     0.05     0.20        1    28.30
  87               CIRCULAR             0.20     0.03     0.05     0.20        1    22.56
  88               CIRCULAR             0.20     0.03     0.05     0.20        1    20.74
  89               CIRCULAR             0.15     0.02     0.04     0.15        1    14.62
  9                CIRCULAR             0.31     0.08     0.08     0.31        1   103.00
  90               CIRCULAR             0.10     0.01     0.03     0.10        1     5.69
  91               CIRCULAR             0.10     0.01     0.03     0.10        1     5.78
  92               CIRCULAR             0.15     0.02     0.04     0.15        1    19.22
  93               CIRCULAR             0.15     0.02     0.04     0.15        1    12.83
  94               CIRCULAR             0.10     0.01     0.03     0.10        1     5.35
  95               CIRCULAR             0.20     0.03     0.05     0.20        1    20.92
  96               CIRCULAR             0.20     0.03     0.05     0.20        1    28.33
  97               CIRCULAR             0.20     0.03     0.05     0.20        1    45.58
  98               CIRCULAR             0.20     0.03     0.05     0.20        1    24.13
  99               CIRCULAR             0.20     0.03     0.05     0.20        1    20.15
  
  
  ****************
  Analysis Options
  ****************
  Flow Units ............... LPS
  Process Models:
    Rainfall/Runoff ........ YES
    RDII ................... NO
    Snowmelt ............... NO
    Groundwater ............ NO
    Flow Routing ........... YES
    Ponding Allowed ........ YES
    Water Quality .......... NO
  Infiltration Method ...... HORTON
  Flow Routing Method ...... DYNWAVE
  Surcharge Method ......... EXTRAN
  Starting Date ............ 05/18/2011 00:00:00
  Ending Date .............. 05/19/2011 06:00:00
  Antecedent Dry Days ...... 5.0
  Report Time Step ......... 00:01:00
  Wet Time Step ............ 00:15:00
  Dry Time Step ............ 01:00:00
  Routing Time Step ........ 20.00 sec
  Variable Time Step ....... YES
  Maximum Trials ........... 8
  Number of Threads ........ 1
  Head Tolerance ........... 0.001000 m
  
  
  *********************
  Control Actions Taken
  *********************
   05/18/2011: 00:00:00 Link ORI-1 setting changed to   0.00 by Control RULE-1
   05/18/2011: 05:06:11 Link ORI-1 setting changed to   1.00 by Control RULE-1
   05/18/2011: 05:06:17 Link ORI-1 setting changed to   0.00 by Control RULE-1
   05/18/2011: 05:06:40 Link ORI-1 setting changed to   1.00 by Control RULE-1
   05/18/2011: 05:06:46 Link ORI-1 setting changed to   0.00 by Control RULE-1
   05/18/2011: 05:07:03 Link ORI-1 setting changed to   1.00 by Control RULE-1
   05/18/2011: 05:07:08 Link ORI-1 setting changed to   0.00 by Control RULE-1
   05/18/2011: 05:07:20 Link ORI-1 setting changed to   1.00 by Control RULE-1
   05/18/2011: 05:07:31 Link ORI-1 setting changed to   0.00 by Control RULE-1
   05/18/2011: 05:07:42 Link ORI-1 setting changed to   1.00 by Control RULE-1
   05/18/2011: 05:07:54 Link ORI-1 setting changed to   0.00 by Control RULE-1
   05/18/2011: 05:07:59 Link ORI-1 setting changed to   1.00 by Control RULE-1
   05/18/2011: 05:08:16 Link ORI-1 setting changed to   0.00 by Control RULE-1
   05/18/2011: 05:08:22 Link ORI-1 setting changed to   1.00 by Control RULE-1
   05/18/2011: 08:59:23 Link ORI-1 setting changed to   0.00 by Control RULE-1
   05/18/2011: 08:59:28 Link ORI-1 setting changed to   1.00 by Control RULE-1
   05/18/2011: 09:00:09 Link ORI-1 setting changed to   0.00 by Control RULE-1
   05/18/2011: 09:00:15 Link ORI-1 setting changed to   1.00 by Control RULE-1
   05/18/2011: 09:00:38 Link ORI-1 setting changed to   0.00 by Control RULE-1
   05/18/2011: 09:00:43 Link ORI-1 setting changed to   1.00 by Control RULE-1
   05/18/2011: 09:01:01 Link ORI-1 setting changed to   0.00 by Control RULE-1
   05/18/2011: 09:01:06 Link ORI-1 setting changed to   1.00 by Control RULE-1
   05/18/2011: 09:01:24 Link ORI-1 setting changed to   0.00 by Control RULE-1
   05/18/2011: 09:01:30 Link ORI-1 setting changed to   1.00 by Control RULE-1
   05/18/2011: 09:01:47 Link ORI-1 setting changed to   0.00 by Control RULE-1
   05/18/2011: 09:01:53 Link ORI-1 setting changed to   1.00 by Control RULE-1
   05/18/2011: 09:02:04 Link ORI-1 setting changed to   0.00 by Control RULE-1
   05/18/2011: 09:02:10 Link ORI-1 setting changed to   1.00 by Control RULE-1
   05/18/2011: 09:02:21 Link ORI-1 setting changed to   0.00 by Control RULE-1
   05/18/2011: 09:02:27 Link ORI-1 setting changed to   1.00 by Control RULE-1
   05/18/2011: 09:02:39 Link ORI-1 setting changed to   0.00 by Control RULE-1
   05/18/2011: 09:02:45 Link ORI-1 setting changed to   1.00 by Control RULE-1
   05/18/2011: 09:02:56 Link ORI-1 setting changed to   0.00 by Control RULE-1
   05/18/2011: 09:03:02 Link ORI-1 setting changed to   1.00 by Control RULE-1
   05/18/2011: 09:03:13 Link ORI-1 setting changed to   0.00 by Control RULE-1
   05/18/2011: 09:03:25 Link ORI-1 setting changed to   1.00 by Control RULE-1
   05/18/2011: 09:03:37 Link ORI-1 setting changed to   0.00 by Control RULE-1
   05/18/2011: 09:03:48 Link ORI-1 setting changed to   1.00 by Control RULE-1
   05/18/2011: 09:04:00 Link ORI-1 setting changed to   0.00 by Control RULE-1
   05/18/2011: 09:04:11 Link ORI-1 setting changed to   1.00 by Control RULE-1
   05/18/2011: 09:04:23 Link ORI-1 setting changed to   0.00 by Control RULE-1
   05/18/2011: 09:04:34 Link ORI-1 setting changed to   1.00 by Control RULE-1
   05/18/2011: 09:04:46 Link ORI-1 setting changed to   0.00 by Control RULE-1
   05/18/2011: 09:04:57 Link ORI-1 setting changed to   1.00 by Control RULE-1
   05/18/2011: 09:05:03 Link ORI-1 setting changed to   0.00 by Control RULE-1
   05/18/2011: 09:05:15 Link ORI-1 setting changed to   1.00 by Control RULE-1
   05/18/2011: 09:05:21 Link ORI-1 setting changed to   0.00 by Control RULE-1
   05/18/2011: 09:05:32 Link ORI-1 setting changed to   1.00 by Control RULE-1
   05/18/2011: 09:05:38 Link ORI-1 setting changed to   0.00 by Control RULE-1
   05/18/2011: 09:05:50 Link ORI-1 setting changed to   1.00 by Control RULE-1
   05/18/2011: 09:05:55 Link ORI-1 setting changed to   0.00 by Control RULE-1
   05/18/2011: 09:06:13 Link ORI-1 setting changed to   1.00 by Control RULE-1
   05/18/2011: 09:06:19 Link ORI-1 setting changed to   0.00 by Control RULE-1
   05/18/2011: 09:06:47 Link ORI-1 setting changed to   1.00 by Control RULE-1
   05/18/2011: 09:06:53 Link ORI-1 setting changed to   0.00 by Control RULE-1
   05/18/2011: 11:05:10 Link ORI-1 setting changed to   1.00 by Control RULE-1
   05/18/2011: 11:05:16 Link ORI-1 setting changed to   0.00 by Control RULE-1
   05/18/2011: 11:05:46 Link ORI-1 setting changed to   1.00 by Control RULE-1
   05/18/2011: 11:05:52 Link ORI-1 setting changed to   0.00 by Control RULE-1
   05/18/2011: 11:06:10 Link ORI-1 setting changed to   1.00 by Control RULE-1
   05/18/2011: 11:06:15 Link ORI-1 setting changed to   0.00 by Control RULE-1
   05/18/2011: 11:06:27 Link ORI-1 setting changed to   1.00 by Control RULE-1
   05/18/2011: 11:06:39 Link ORI-1 setting changed to   0.00 by Control RULE-1
   05/18/2011: 11:06:51 Link ORI-1 setting changed to   1.00 by Control RULE-1
   05/18/2011: 11:07:02 Link ORI-1 setting changed to   0.00 by Control RULE-1
   05/18/2011: 11:07:08 Link ORI-1 setting changed to   1.00 by Control RULE-1
   05/18/2011: 11:07:26 Link ORI-1 setting changed to   0.00 by Control RULE-1
   05/18/2011: 11:07:32 Link ORI-1 setting changed to   1.00 by Control RULE-1
   05/18/2011: 20:32:52 Link ORI-1 setting changed to   0.00 by Control RULE-1
   05/18/2011: 20:32:58 Link ORI-1 setting changed to   1.00 by Control RULE-1
   05/18/2011: 20:33:16 Link ORI-1 setting changed to   0.00 by Control RULE-1
   05/18/2011: 20:33:28 Link ORI-1 setting changed to   1.00 by Control RULE-1
   05/18/2011: 20:33:40 Link ORI-1 setting changed to   0.00 by Control RULE-1
   05/18/2011: 20:33:52 Link ORI-1 setting changed to   1.00 by Control RULE-1
   05/18/2011: 20:34:04 Link ORI-1 setting changed to   0.00 by Control RULE-1
   05/18/2011: 20:34:16 Link ORI-1 setting changed to   1.00 by Control RULE-1
   05/18/2011: 20:34:22 Link ORI-1 setting changed to   0.00 by Control RULE-1
   05/18/2011: 20:34:34 Link ORI-1 setting changed to   1.00 by Control RULE-1
   05/18/2011: 20:34:40 Link ORI-1 setting changed to   0.00 by Control RULE-1
   05/18/2011: 20:34:58 Link ORI-1 setting changed to   1.00 by Control RULE-1
   05/18/2011: 20:35:04 Link ORI-1 setting changed to   0.00 by Control RULE-1
   05/18/2011: 20:35:28 Link ORI-1 setting changed to   1.00 by Control RULE-1
   05/18/2011: 20:35:34 Link ORI-1 setting changed to   0.00 by Control RULE-1
   05/19/2011: 05:06:38 Link ORI-1 setting changed to   1.00 by Control RULE-1
   05/19/2011: 05:06:44 Link ORI-1 setting changed to   0.00 by Control RULE-1
   05/19/2011: 05:07:06 Link ORI-1 setting changed to   1.00 by Control RULE-1
   05/19/2011: 05:07:12 Link ORI-1 setting changed to   0.00 by Control RULE-1
   05/19/2011: 05:07:24 Link ORI-1 setting changed to   1.00 by Control RULE-1
   05/19/2011: 05:07:29 Link ORI-1 setting changed to   0.00 by Control RULE-1
   05/19/2011: 05:07:41 Link ORI-1 setting changed to   1.00 by Control RULE-1
   05/19/2011: 05:07:52 Link ORI-1 setting changed to   0.00 by Control RULE-1
   05/19/2011: 05:08:03 Link ORI-1 setting changed to   1.00 by Control RULE-1
   05/19/2011: 05:08:14 Link ORI-1 setting changed to   0.00 by Control RULE-1
   05/19/2011: 05:08:20 Link ORI-1 setting changed to   1.00 by Control RULE-1
   05/19/2011: 05:08:37 Link ORI-1 setting changed to   0.00 by Control RULE-1
   05/19/2011: 05:08:42 Link ORI-1 setting changed to   1.00 by Control RULE-1

  
  **************************        Volume         Depth
  Runoff Quantity Continuity     hectare-m            mm
  **************************     ---------       -------
  Total Precipitation ......         0.427        45.784
  Evaporation Loss .........         0.000         0.000
  Infiltration Loss ........         0.324        34.701
  Surface Runoff ...........         0.094        10.117
  Final Storage ............         0.009         1.013
  Continuity Error (%) .....        -0.104
  
  
  **************************        Volume        Volume
  Flow Routing Continuity        hectare-m      10^6 ltr
  **************************     ---------     ---------
  Dry Weather Inflow .......         1.623        16.234
  Wet Weather Inflow .......         0.094         0.943
  Groundwater Inflow .......         0.000         0.000
  RDII Inflow ..............         0.000         0.000
  External Inflow ..........         0.000         0.000
  External Outflow .........         1.659        16.595
  Flooding Loss ............         0.038         0.377
  Evaporation Loss .........         0.000         0.000
  Exfiltration Loss ........         0.000         0.000
  Initial Stored Volume ....         0.021         0.210
  Final Stored Volume ......         0.038         0.381
  Continuity Error (%) .....         0.196
  
  
  *************************
  Highest Continuity Errors
  *************************
  Node MH_019 (3.03%)
  
  
  ***************************
  Time-Step Critical Elements
  ***************************
  Link 124 (42.87%)
  Link 347 (41.03%)
  Link 251 (5.22%)
  Link 6 (2.72%)
  Link 346 (2.68%)
  
  
  ********************************
  Highest Flow Instability Indexes
  ********************************
  Link 276 (20)
  Link 253 (20)
  Link 345 (20)
  Link 251 (19)
  Link 347 (16)
  
  
  *********************************
  Most Frequent Nonconverging Nodes
  *********************************
  Node OF_374 (32.44%)
  Node OF_375 (32.44%)
  Node MH_365 (32.19%)
  Node MH_268 (0.47%)
  Node MH_269 (0.44%)
  
  
  *************************
  Routing Time Step Summary
  *************************
  Minimum Time Step           :     0.32 sec
  Average Time Step           :     5.52 sec
  Maximum Time Step           :    20.00 sec
  % of Time in Steady State   :     0.00
  Average Iterations per Step :     4.07
  % of Steps Not Converging   :    32.44
  Time Step Frequencies       :
     20.000 -  2.759 sec      :    94.49 %
      2.759 -  0.381 sec      :     5.50 %
      0.381 -  0.053 sec      :     0.01 %
      0.053 -  0.007 sec      :     0.00 %
      0.007 -  0.001 sec      :     0.00 %
  
  
  ***************************
  Subcatchment Runoff Summary
  ***************************
  
  ------------------------------------------------------------------------------------------------------------------------------
                            Total      Total      Total      Total     Imperv       Perv      Total       Total     Peak  Runoff
                           Precip      Runon       Evap      Infil     Runoff     Runoff     Runoff      Runoff   Runoff   Coeff
  Subcatchment                 mm         mm         mm         mm         mm         mm         mm    10^6 ltr      LPS
  ------------------------------------------------------------------------------------------------------------------------------
  SUB_040                   45.78       0.00       0.00      34.34      10.52       0.00      10.52        0.08     8.32   0.230
  SUB_047                   45.78       0.00       0.00      13.74      29.41       0.00      29.41        0.05     4.40   0.642
  SUB_075                   45.78       0.00       0.00       6.87      35.15       0.00      35.15        0.31    26.33   0.768
  SUB_085                   45.78       0.00       0.00       9.16      32.88       0.00      32.88        0.08     6.22   0.718
  SUB_127                   45.78       0.00       0.00      37.77       7.45       0.00       7.45        0.01     1.20   0.163
  SUB_128                   45.78       0.00       0.00      44.64       1.06       0.00       1.06        0.06     6.70   0.023
  SUB_165                   45.78       0.00       0.00      22.89      21.07       0.00      21.07        0.07     6.77   0.460
  SUB_166                   45.78       0.00       0.00       4.58      37.76       0.00      37.76        0.05     4.48   0.825
  SUB_189                   45.78       0.00       0.00      11.45      31.42       0.00      31.42        0.08     7.89   0.686
  SUB_223                   45.78       0.00       0.00      25.18      19.00       0.00      19.00        0.04     4.53   0.415
  SUB_249                   45.78       0.00       0.00      29.76      14.77       0.00      14.77        0.04     3.96   0.323
  SUB_251                   45.78       0.00       0.00      25.64      18.55       0.00      18.55        0.03     3.21   0.405
  SUB_273                   45.78       0.00       0.00      40.29       5.07       0.00       5.07        0.01     0.95   0.111
  SUB_305                   45.78       0.00       0.00      14.65      28.66       0.00      28.66        0.02     1.71   0.626
  SUB_306                   45.78       0.00       0.00      32.96      11.80       0.00      11.80        0.01     0.67   0.258
  SUB_348                   45.78       0.00       0.00      32.96      11.83       0.00      11.83        0.02     2.66   0.258
  
  
  ******************
  Node Depth Summary
  ******************
  
  ---------------------------------------------------------------------------------
                                 Average  Maximum  Maximum  Time of Max    Reported
                                   Depth    Depth      HGL   Occurrence   Max Depth
  Node                 Type       Meters   Meters   Meters  days hr:min      Meters
  ---------------------------------------------------------------------------------
  MH_000               JUNCTION     0.16     0.21    13.21     0  06:07        0.21
  MH_008               JUNCTION     0.17     0.22    12.99     0  06:07        0.22
  MH_009               JUNCTION     0.23     0.28    12.92     0  07:00        0.28
  MH_010               JUNCTION     0.14     0.15    12.70     0  07:00        0.15
  MH_011               JUNCTION     0.10     0.12    10.31     0  06:46        0.12
  MH_012               JUNCTION     0.12     0.15    10.40     0  06:45        0.15
  MH_013               JUNCTION     0.03     0.03    21.30     0  07:00        0.03
  MH_014               JUNCTION     0.02     0.02    21.16     0  07:00        0.02
  MH_015               JUNCTION     0.02     0.02    20.93     0  06:12        0.02
  MH_016               JUNCTION     0.02     0.02    20.21     0  06:18        0.02
  MH_017               JUNCTION     0.02     0.02    19.48     0  06:33        0.02
  MH_018               JUNCTION     0.02     0.03    18.95     0  06:43        0.03
  MH_019               JUNCTION     0.29     0.31    18.99     0  06:18        0.31
  MH_020               JUNCTION     0.04     0.05    19.97     0  06:34        0.05
  MH_021               JUNCTION     0.04     0.06    20.51     0  06:01        0.06
  MH_022               JUNCTION     0.03     0.04    17.10     0  06:37        0.04
  MH_023               JUNCTION     0.05     0.06    18.90     0  06:44        0.06
  MH_024               JUNCTION     0.02     0.02    18.35     0  06:44        0.02
  MH_025               JUNCTION     0.01     0.01    19.48     0  06:14        0.01
  MH_026               JUNCTION     0.01     0.02    15.26     0  06:53        0.02
  MH_027               JUNCTION     0.04     0.05    14.98     0  06:38        0.05
  MH_028               JUNCTION     0.04     0.06    14.23     0  06:39        0.06
  MH_029               JUNCTION     0.05     0.07    17.50     0  07:00        0.07
  MH_030               JUNCTION     0.05     0.07    18.20     0  06:48        0.07
  MH_031               JUNCTION     0.02     0.02    16.86     0  06:42        0.02
  MH_032               JUNCTION     0.05     0.06    17.84     0  06:37        0.06
  MH_033               JUNCTION     0.02     0.02    19.00     0  06:24        0.02
  MH_034               JUNCTION     0.03     0.03    19.30     0  06:22        0.03
  MH_035               JUNCTION     0.01     0.01    19.31     0  22:08        0.01
  MH_036               JUNCTION     0.09     0.12    13.22     0  06:42        0.12
  MH_037               JUNCTION     0.05     0.06    16.10     0  07:00        0.06
  MH_038               JUNCTION     0.05     0.06    13.23     0  06:41        0.06
  MH_039               JUNCTION     0.05     0.06    13.96     0  06:41        0.06
  MH_040               JUNCTION     0.02     0.07    12.57     0  12:00        0.07
  MH_041               JUNCTION     0.05     0.06    16.70     0  06:55        0.06
  MH_042               JUNCTION     0.02     0.02    16.94     0  07:00        0.02
  MH_043               JUNCTION     0.04     0.04    17.15     0  06:25        0.04
  MH_044               JUNCTION     0.03     0.04    17.80     0  06:28        0.04
  MH_045               JUNCTION     0.00     0.00    19.10     0  00:00        0.00
  MH_046               JUNCTION     0.10     0.13    12.75     0  06:43        0.13
  MH_047               JUNCTION     0.02     0.07    12.29     0  12:00        0.07
  MH_048               JUNCTION     0.05     0.07    16.33     0  06:57        0.07
  MH_049               JUNCTION     0.04     0.04    16.46     0  06:35        0.04
  MH_050               JUNCTION     0.01     0.01    19.61     0  06:05        0.01
  MH_051               JUNCTION     0.03     0.04    16.37     0  06:49        0.04
  MH_052               JUNCTION     0.02     0.03    16.67     0  07:00        0.03
  MH_053               JUNCTION     0.04     0.06    15.91     0  06:56        0.06
  MH_054               JUNCTION     0.06     0.08    17.33     0  07:00        0.08
  MH_055               JUNCTION     0.03     0.04    17.59     0  06:43        0.04
  MH_056               JUNCTION     0.03     0.03    17.85     0  07:00        0.03
  MH_057               JUNCTION     0.02     0.03    15.74     0  07:00        0.03
  MH_058               JUNCTION     0.03     0.04    15.13     0  07:00        0.04
  MH_059               JUNCTION     0.03     0.04    16.24     0  06:55        0.04
  MH_060               JUNCTION     0.02     0.02    17.16     0  06:12        0.02
  MH_061               JUNCTION     0.01     0.01    17.21     0  06:18        0.01
  MH_062               JUNCTION     0.03     0.04    17.04     0  06:48        0.04
  MH_063               JUNCTION     0.04     0.05    17.56     0  07:00        0.05
  MH_064               JUNCTION     0.03     0.04    18.13     0  06:36        0.04
  MH_065               JUNCTION     0.03     0.03    18.32     0  06:37        0.03
  MH_066               JUNCTION     0.03     0.04    17.71     0  06:39        0.04
  MH_067               JUNCTION     0.02     0.02    14.73     0  06:46        0.02
  MH_068               JUNCTION     0.02     0.03    13.88     0  06:50        0.03
  MH_069               JUNCTION     0.03     0.04    12.70     0  06:58        0.04
  MH_070               JUNCTION     0.03     0.03    13.31     0  06:52        0.03
  MH_071               JUNCTION     0.11     0.15    12.39     0  06:44        0.15
  MH_072               JUNCTION     0.10     0.13    12.25     0  06:44        0.13
  MH_073               JUNCTION     0.00     0.00    12.29     0  00:00        0.00
  MH_074               JUNCTION     0.11     0.28    11.96     0  06:43        0.27
  MH_075               JUNCTION     0.03     0.13    11.86     0  12:00        0.13
  MH_076               JUNCTION     0.04     0.05    15.82     0  06:36        0.05
  MH_077               JUNCTION     0.07     0.10    16.42     0  06:59        0.10
  MH_078               JUNCTION     0.04     0.05    16.99     0  06:56        0.05
  MH_079               JUNCTION     0.06     0.07    16.64     0  06:39        0.07
  MH_080               JUNCTION     0.03     0.04    17.11     0  06:42        0.04
  MH_081               JUNCTION     0.03     0.03    16.12     0  06:52        0.03
  MH_082               JUNCTION     0.15     0.40    11.48     0  06:43        0.39
  MH_083               JUNCTION     0.00     0.00    10.98     0  00:00        0.00
  MH_084               JUNCTION     0.03     0.13    11.29     0  12:01        0.13
  MH_085               JUNCTION     0.04     0.16    10.79     0  12:02        0.16
  MH_086               JUNCTION     0.05     0.06    14.95     0  06:40        0.06
  MH_087               JUNCTION     0.10     0.19    15.41     0  07:00        0.19
  MH_088               JUNCTION     0.06     0.12    15.41     0  07:00        0.12
  MH_089               JUNCTION     0.07     0.09    16.05     0  06:58        0.09
  MH_090               JUNCTION     0.02     0.03    17.12     0  06:57        0.03
  MH_091               JUNCTION     0.03     0.03    16.77     0  06:35        0.03
  MH_092               JUNCTION     0.03     0.04    15.44     0  06:58        0.04
  MH_093               JUNCTION     0.03     0.03    15.92     0  06:37        0.03
  MH_094               JUNCTION     0.03     0.03    16.07     0  06:25        0.03
  MH_095               JUNCTION     0.15     0.34    11.15     0  06:43        0.33
  MH_096               JUNCTION     0.05     0.06    14.28     0  06:45        0.06
  MH_097               JUNCTION     0.04     0.05    16.25     0  07:00        0.05
  MH_098               JUNCTION     0.16     0.42    15.09     0  06:59        0.42
  MH_099               JUNCTION     0.12     0.38    15.25     0  06:58        0.38
  MH_100               JUNCTION     0.13     0.34    14.70     0  07:00        0.34
  MH_101               JUNCTION     0.21     0.26    13.90     0  07:00        0.26
  MH_102               JUNCTION     0.18     0.25    13.95     0  06:53        0.25
  MH_103               JUNCTION     0.04     0.08    13.70     0  07:00        0.08
  MH_104               JUNCTION     0.16     0.17    13.36     0  07:00        0.17
  MH_105               JUNCTION     0.04     0.05    14.06     0  06:59        0.05
  MH_106               JUNCTION     0.05     0.09    13.08     0  07:00        0.09
  MH_107               JUNCTION     0.05     0.10    12.70     0  07:00        0.10
  MH_108               JUNCTION     0.10     0.11    13.41     0  07:00        0.11
  MH_109               JUNCTION     0.00     0.00    14.55     0  07:00        0.00
  MH_110               JUNCTION     0.05     0.06    14.20     0  06:08        0.06
  MH_111               JUNCTION     0.01     0.02    14.37     0  06:26        0.02
  MH_112               JUNCTION     0.04     0.07    11.70     0  07:01        0.07
  MH_113               JUNCTION     0.04     0.07    12.23     0  07:01        0.07
  MH_114               JUNCTION     0.00     0.00    13.08     0  00:00        0.00
  MH_115               JUNCTION     0.00     0.00    13.27     0  00:00        0.00
  MH_116               JUNCTION     0.00     0.00    13.47     0  00:00        0.00
  MH_117               JUNCTION     0.00     0.00    14.08     0  00:00        0.00
  MH_118               JUNCTION     0.00     0.00    12.28     0  00:00        0.00
  MH_119               JUNCTION     0.10     0.13     9.85     0  06:47        0.13
  MH_120               JUNCTION     0.00     0.00     9.82     0  00:00        0.00
  MH_121               JUNCTION     0.15     0.21    10.77     0  06:47        0.21
  MH_122               JUNCTION     0.16     0.23    10.79     0  06:55        0.23
  MH_123               JUNCTION     0.00     0.00    10.57     0  00:00        0.00
  MH_124               JUNCTION     0.06     0.07    10.65     0  07:00        0.07
  MH_125               JUNCTION     0.00     0.00    10.59     0  00:00        0.00
  MH_126               JUNCTION     0.10     0.12    10.58     0  06:44        0.12
  MH_127               JUNCTION     0.05     0.13     9.28     0  12:02        0.13
  MH_128               JUNCTION     0.03     0.12    10.10     0  12:01        0.12
  MH_129               JUNCTION     0.06     0.15     9.75     0  12:01        0.15
  MH_130               JUNCTION     0.04     0.07    10.32     0  07:01        0.07
  MH_131               JUNCTION     0.05     0.07    12.05     0  07:00        0.07
  MH_132               JUNCTION     0.02     0.03    13.01     0  07:00        0.03
  MH_133               JUNCTION     0.05     0.06    13.79     0  07:00        0.06
  MH_134               JUNCTION     0.03     0.03    15.54     0  06:01        0.03
  MH_135               JUNCTION     0.03     0.04    16.05     0  06:57        0.04
  MH_136               JUNCTION     0.05     0.06    16.86     0  07:00        0.06
  MH_137               JUNCTION     0.04     0.05    17.23     0  07:00        0.05
  MH_138               JUNCTION     0.03     0.03    15.11     0  06:45        0.03
  MH_139               JUNCTION     0.05     0.06    16.71     0  07:00        0.06
  MH_140               JUNCTION     0.02     0.02    14.25     0  06:20        0.02
  MH_141               JUNCTION     0.02     0.03    14.61     0  06:00        0.03
  MH_142               JUNCTION     0.00     0.00    14.67     0  00:00        0.00
  MH_143               JUNCTION     0.00     0.00    14.79     0  00:00        0.00
  MH_144               JUNCTION     0.00     0.00    14.92     0  00:00        0.00
  MH_145               JUNCTION     0.00     0.00    15.03     0  00:00        0.00
  MH_146               JUNCTION     0.00     0.00    15.17     0  00:00        0.00
  MH_147               JUNCTION     0.03     0.03    13.99     0  06:42        0.03
  MH_148               JUNCTION     0.04     0.05    13.43     0  06:44        0.05
  MH_149               JUNCTION     0.08     0.10    12.98     0  07:00        0.10
  MH_150               JUNCTION     0.17     0.22    12.94     0  07:00        0.22
  MH_151               JUNCTION     0.04     0.05    13.55     0  06:15        0.05
  MH_152               JUNCTION     0.04     0.05    12.94     0  06:15        0.05
  MH_153               JUNCTION     0.04     0.05    13.73     0  06:06        0.05
  MH_154               JUNCTION     0.00     0.00    14.19     0  00:00        0.00
  MH_155               JUNCTION     0.00     0.00    14.59     0  00:00        0.00
  MH_156               JUNCTION     0.00     0.00    14.70     0  00:00        0.00
  MH_157               JUNCTION     0.03     0.04    11.74     0  06:48        0.04
  MH_158               JUNCTION     0.04     0.05    13.92     0  06:10        0.05
  MH_159               JUNCTION     0.00     0.00    14.76     0  00:00        0.00
  MH_160               JUNCTION     0.00     0.00    14.97     0  00:00        0.00
  MH_161               JUNCTION     0.11     0.14     9.08     0  06:53        0.14
  MH_162               JUNCTION     0.00     0.00     9.00     0  00:00        0.00
  MH_163               JUNCTION     0.12     0.15     9.14     0  06:47        0.15
  MH_164               JUNCTION     0.10     0.13     9.47     0  06:47        0.13
  MH_165               JUNCTION     0.06     0.14     8.47     0  12:01        0.14
  MH_166               JUNCTION     0.05     0.13     8.93     0  12:02        0.13
  MH_167               JUNCTION     0.03     0.03    10.72     0  06:34        0.03
  MH_168               JUNCTION     0.03     0.04    13.07     0  06:02        0.04
  MH_169               JUNCTION     0.04     0.05    15.47     0  07:00        0.05
  MH_170               JUNCTION     0.01     0.01    16.55     0  06:30        0.01
  MH_171               JUNCTION     0.01     0.02    17.03     0  06:25        0.02
  MH_172               JUNCTION     0.01     0.01    15.06     0  06:55        0.01
  MH_173               JUNCTION     0.02     0.02    15.67     0  06:41        0.02
  MH_174               JUNCTION     0.00     0.00    16.35     0  00:00        0.00
  MH_175               JUNCTION     0.05     0.07    13.90     0  07:00        0.07
  MH_176               JUNCTION     0.06     0.07    13.10     0  07:00        0.07
  MH_177               JUNCTION     0.12     0.13    11.96     0  07:00        0.13
  MH_178               JUNCTION     0.11     0.13    12.51     0  07:00        0.13
  MH_179               JUNCTION     0.03     0.03    13.79     0  06:23        0.03
  MH_180               JUNCTION     0.11     0.14     8.54     0  06:53        0.14
  MH_181               JUNCTION     0.03     0.04     9.69     0  06:42        0.04
  MH_182               JUNCTION     0.03     0.04     9.44     0  06:46        0.04
  MH_183               JUNCTION     0.04     0.05     9.05     0  06:33        0.05
  MH_184               JUNCTION     0.14     0.17     7.91     0  06:54        0.17
  MH_185               JUNCTION     0.05     0.06     8.27     0  06:10        0.06
  MH_186               JUNCTION     0.04     0.05    10.44     0  06:09        0.05
  MH_187               JUNCTION     0.13     0.17     8.11     0  06:54        0.17
  MH_188               JUNCTION     0.00     0.00     8.03     0  00:00        0.00
  MH_189               JUNCTION     0.05     0.14     7.59     0  12:02        0.14
  MH_190               JUNCTION     0.02     0.03    12.30     0  06:49        0.03
  MH_191               JUNCTION     0.06     0.07    13.82     0  06:00        0.07
  MH_192               JUNCTION     0.02     0.02    13.77     0  06:31        0.02
  MH_193               JUNCTION     0.03     0.04    11.23     0  06:07        0.04
  MH_194               JUNCTION     0.04     0.05    14.96     0  06:55        0.05
  MH_195               JUNCTION     0.05     0.06    14.50     0  07:00        0.06
  MH_196               JUNCTION     0.01     0.01    16.85     0  07:00        0.01
  MH_197               JUNCTION     0.04     0.05    14.72     0  07:00        0.05
  MH_198               JUNCTION     0.01     0.01    15.94     0  06:20        0.01
  MH_199               JUNCTION     0.00     0.00    16.40     0  00:00        0.00
  MH_200               JUNCTION     0.03     0.03    16.41     0  06:34        0.03
  MH_201               JUNCTION     0.02     0.02    16.55     0  06:51        0.02
  MH_202               JUNCTION     0.02     0.02    16.67     0  06:29        0.02
  MH_203               JUNCTION     0.04     0.05    14.19     0  07:00        0.05
  MH_204               JUNCTION     0.02     0.02    15.82     0  06:57        0.02
  MH_205               JUNCTION     0.01     0.01    15.14     0  06:29        0.01
  MH_206               JUNCTION     0.01     0.02    13.49     0  07:00        0.02
  MH_207               JUNCTION     0.01     0.02    14.83     0  06:59        0.02
  MH_208               JUNCTION     0.06     0.07    11.47     0  07:00        0.07
  MH_209               JUNCTION     0.05     0.06    10.85     0  07:00        0.06
  MH_210               JUNCTION     0.11     0.13    10.87     0  07:00        0.13
  MH_211               JUNCTION     0.02     0.03    13.16     0  06:30        0.03
  MH_212               JUNCTION     0.02     0.02    13.72     0  06:18        0.02
  MH_213               JUNCTION     0.14     0.16     8.24     0  07:00        0.16
  MH_214               JUNCTION     0.00     0.00    12.50     0  00:00        0.00
  MH_215               JUNCTION     0.00     0.00    12.90     0  00:00        0.00
  MH_216               JUNCTION     0.03     0.03    11.67     0  06:55        0.03
  MH_217               JUNCTION     0.00     0.00    11.42     0  00:00        0.00
  MH_218               JUNCTION     0.21     0.33     7.28     0  06:54        0.33
  MH_219               JUNCTION     0.00     0.00     6.83     0  00:00        0.00
  MH_220               JUNCTION     0.26     0.32     7.31     0  06:55        0.32
  MH_221               JUNCTION     0.14     0.17     7.41     0  06:55        0.17
  MH_222               JUNCTION     0.13     0.17     7.67     0  06:55        0.17
  MH_223               JUNCTION     0.06     0.14     6.35     0  12:02        0.14
  MH_224               JUNCTION     0.05     0.06    13.63     0  07:00        0.06
  MH_225               JUNCTION     0.06     0.08    15.64     0  06:55        0.08
  MH_226               JUNCTION     0.05     0.06    15.93     0  06:51        0.06
  MH_227               JUNCTION     0.05     0.06    16.00     0  06:50        0.06
  MH_228               JUNCTION     0.03     0.04    16.10     0  06:37        0.04
  MH_229               JUNCTION     0.02     0.03    15.43     0  06:03        0.03
  MH_230               JUNCTION     0.01     0.02    13.63     0  06:51        0.02
  MH_231               JUNCTION     0.02     0.02    12.41     0  06:59        0.02
  MH_232               JUNCTION     0.03     0.04    12.05     0  07:00        0.04
  MH_233               JUNCTION     0.01     0.02    14.73     0  06:54        0.02
  MH_234               JUNCTION     0.02     0.02    14.29     0  06:15        0.02
  MH_235               JUNCTION     0.03     0.04    11.93     0  06:59        0.04
  MH_236               JUNCTION     0.04     0.05    11.62     0  07:00        0.05
  MH_237               JUNCTION     0.02     0.03    12.92     0  06:24        0.03
  MH_238               JUNCTION     0.02     0.03    12.57     0  06:16        0.03
  MH_239               JUNCTION     0.04     0.05    10.41     0  06:57        0.05
  MH_240               JUNCTION     0.16     0.19     8.99     0  07:00        0.19
  MH_241               JUNCTION     0.08     0.10     9.17     0  07:00        0.10
  MH_242               JUNCTION     0.09     0.12     9.45     0  07:00        0.12
  MH_243               JUNCTION     0.06     0.07     9.72     0  07:00        0.07
  MH_244               JUNCTION     0.10     0.12     7.67     0  06:32        0.12
  MH_245               JUNCTION     0.88     1.45     6.75     0  05:14        1.45
  MH_246               JUNCTION     0.39     1.10     7.39     1  05:15        0.79
  MH_247               JUNCTION     0.46     0.95     6.81     0  05:14        0.92
  MH_248               JUNCTION     0.05     0.13     4.95     0  12:03        0.13
  MH_249               JUNCTION     0.04     0.10     5.02     0  12:02        0.10
  MH_250               JUNCTION     0.05     0.12     4.96     0  12:02        0.12
  MH_251               JUNCTION     0.07     0.18     5.67     0  12:02        0.18
  MH_252               JUNCTION     0.06     0.07    12.32     0  06:59        0.07
  MH_253               JUNCTION     0.03     0.03    17.23     0  06:25        0.03
  MH_254               JUNCTION     0.10     0.12    14.52     0  07:00        0.12
  MH_255               JUNCTION     0.09     0.11    14.45     0  07:00        0.11
  MH_256               JUNCTION     0.07     0.09    15.05     0  06:53        0.09
  MH_257               JUNCTION     0.08     0.10    15.23     0  06:53        0.10
  MH_258               JUNCTION     0.08     0.10    13.29     0  07:00        0.10
  MH_259               JUNCTION     0.06     0.08    14.10     0  07:00        0.08
  MH_260               JUNCTION     0.10     0.12    11.32     0  07:00        0.12
  MH_261               JUNCTION     0.04     0.05    11.44     0  07:00        0.05
  MH_262               JUNCTION     0.03     0.04    12.07     0  06:48        0.04
  MH_263               JUNCTION     0.01     0.02    13.58     0  06:59        0.02
  MH_264               JUNCTION     0.09     0.11    10.15     0  07:00        0.11
  MH_265               JUNCTION     0.08     0.10     9.48     0  07:00        0.10
  MH_266               JUNCTION     0.12     0.15     8.82     0  06:30        0.15
  MH_267               JUNCTION     0.13     0.16     8.31     0  06:32        0.16
  MH_268               JUNCTION     0.96     1.61     6.73     1  05:15        1.56
  MH_269               JUNCTION     0.89     1.48     6.75     0  05:14        1.44
  MH_270               JUNCTION     0.00     0.00     5.46     0  00:00        0.00
  MH_271               JUNCTION     0.80     1.27     5.88     0  05:14        1.23
  MH_272               JUNCTION     0.00     0.00     4.73     0  00:00        0.00
  MH_273               JUNCTION     0.06     0.16     4.41     0  12:04        0.16
  MH_274               JUNCTION     0.06     0.15     4.43     0  12:04        0.15
  MH_275               JUNCTION     0.05     0.12     4.66     0  12:03        0.12
  MH_276               JUNCTION     0.05     0.06    10.79     0  06:59        0.06
  MH_277               JUNCTION     0.05     0.06    16.37     0  07:00        0.06
  MH_278               JUNCTION     0.06     0.07    14.85     0  06:59        0.07
  MH_279               JUNCTION     0.03     0.04    15.44     0  06:10        0.04
  MH_280               JUNCTION     0.06     0.08    15.02     0  07:00        0.08
  MH_281               JUNCTION     0.06     0.07    15.61     0  06:59        0.07
  MH_282               JUNCTION     0.06     0.07    15.73     0  07:00        0.07
  MH_283               JUNCTION     0.05     0.06    15.30     0  06:59        0.06
  MH_284               JUNCTION     0.04     0.05    14.94     0  07:00        0.05
  MH_285               JUNCTION     0.01     0.01    13.96     0  06:41        0.01
  MH_286               JUNCTION     0.01     0.01    13.82     0  06:44        0.01
  MH_287               JUNCTION     0.01     0.01    15.35     0  06:50        0.01
  MH_288               JUNCTION     0.01     0.01    14.94     0  06:50        0.01
  MH_289               JUNCTION     0.01     0.02    14.21     0  06:42        0.02
  MH_290               JUNCTION     0.01     0.01    14.35     0  06:51        0.01
  MH_291               JUNCTION     0.01     0.01    14.49     0  06:51        0.01
  MH_292               JUNCTION     0.00     0.00    14.44     0  00:00        0.00
  MH_293               JUNCTION     0.00     0.00    14.55     0  00:00        0.00
  MH_294               JUNCTION     0.01     0.01    14.65     0  06:57        0.01
  MH_295               JUNCTION     0.01     0.01    14.09     0  06:54        0.01
  MH_296               JUNCTION     0.00     0.00    14.17     0  00:00        0.00
  MH_297               JUNCTION     0.03     0.03    13.14     0  06:51        0.03
  MH_298               JUNCTION     0.05     0.06    13.41     0  06:52        0.06
  MH_299               JUNCTION     0.03     0.04    13.38     0  06:42        0.04
  MH_300               JUNCTION     0.03     0.04    13.58     0  06:50        0.04
  MH_301               JUNCTION     0.04     0.05    12.41     0  06:48        0.05
  MH_302               JUNCTION     0.03     0.04    13.70     0  06:42        0.04
  MH_303               JUNCTION     0.13     0.21    10.72     0  06:29        0.21
  MH_304               JUNCTION     0.63     0.95     5.21     0  05:14        0.91
  MH_305               JUNCTION     0.06     0.13     4.12     0  12:05        0.13
  MH_306               JUNCTION     0.05     0.14     4.29     0  12:05        0.14
  MH_307               JUNCTION     0.07     0.08     4.48     0  07:00        0.08
  MH_308               JUNCTION     0.13     0.22     4.37     0  06:50        0.22
  MH_309               JUNCTION     0.07     0.08     5.42     0  07:00        0.08
  MH_310               JUNCTION     0.06     0.13     3.40     0  12:06        0.13
  MH_311               JUNCTION     0.06     0.13     3.73     0  12:06        0.13
  MH_312               JUNCTION     0.04     0.12     3.72     0  12:06        0.12
  MH_313               JUNCTION     0.01     0.02    13.61     0  06:55        0.02
  MH_314               JUNCTION     0.02     0.02    10.84     0  06:57        0.02
  MH_315               JUNCTION     0.03     0.03     7.04     0  06:59        0.03
  MH_316               JUNCTION     0.03     0.04     5.89     0  06:59        0.04
  MH_317               JUNCTION     0.03     0.03     5.45     0  07:00        0.03
  MH_318               JUNCTION     0.04     0.05     4.69     0  07:00        0.05
  MH_319               JUNCTION     0.04     0.05     5.38     0  07:00        0.05
  MH_320               JUNCTION     0.03     0.03     6.09     0  06:57        0.03
  MH_321               JUNCTION     0.01     0.02     6.39     0  06:20        0.02
  MH_322               JUNCTION     0.04     0.05     5.13     0  07:00        0.05
  MH_323               JUNCTION     0.03     0.76     4.16     0  00:00        0.58
  MH_325               JUNCTION     0.03     0.03    16.98     0  07:00        0.03
  MH_326               JUNCTION     0.04     0.04    16.24     0  06:59        0.04
  MH_327               JUNCTION     0.03     0.04    14.63     0  06:00        0.04
  MH_328               JUNCTION     0.03     0.04    14.36     0  06:27        0.04
  MH_329               JUNCTION     0.01     0.01    14.68     0  06:19        0.01
  MH_330               JUNCTION     0.01     0.02    14.61     0  06:45        0.02
  MH_331               JUNCTION     0.02     0.02    14.19     0  06:58        0.02
  MH_332               JUNCTION     0.02     0.03    14.06     0  06:32        0.03
  MH_333               JUNCTION     0.01     0.02    14.06     0  06:44        0.02
  MH_334               JUNCTION     0.08     0.10    12.42     0  06:23        0.10
  MH_335               JUNCTION     0.10     0.13    11.73     0  06:24        0.13
  MH_336               JUNCTION     0.05     0.06    12.92     0  07:00        0.06
  MH_337               JUNCTION     0.03     0.03    13.39     0  07:00        0.03
  MH_338               JUNCTION     0.47     0.62     4.56     1  05:15        0.61
  MH_339               JUNCTION     0.20     0.29     4.35     0  06:28        0.29
  MH_340               JUNCTION     0.41     0.50     4.33     1  05:15        0.50
  MH_341               JUNCTION     0.04     0.12     3.41     0  12:07        0.12
  MH_342               JUNCTION     0.07     0.17     3.15     0  12:07        0.17
  MH_343               JUNCTION     0.07     0.09    13.13     0  06:21        0.09
  MH_344               JUNCTION     0.01     0.02    14.32     0  07:00        0.02
  MH_345               JUNCTION     0.01     0.01    14.96     0  06:54        0.01
  MH_346               JUNCTION     0.08     0.11    14.63     0  06:19        0.11
  MH_347               JUNCTION     0.07     0.09    14.38     0  06:20        0.09
  MH_348               JUNCTION     0.02     0.04    15.87     0  11:01        0.04
  MH_349               JUNCTION     0.02     0.02    16.29     0  06:49        0.02
  MH_350               JUNCTION     0.01     0.01    16.59     0  06:24        0.01
  MH_351               JUNCTION     0.03     0.04    15.67     0  06:12        0.04
  MH_352               JUNCTION     0.05     0.06    15.44     0  06:55        0.06
  MH_353               JUNCTION     0.06     0.08    15.32     0  07:00        0.08
  MH_354               JUNCTION     0.03     0.04    14.99     0  07:00        0.04
  MH_355               JUNCTION     0.02     0.05    15.08     0  11:05        0.05
  MH_356               JUNCTION     0.03     0.06    15.43     0  11:04        0.06
  MH_357               JUNCTION     0.04     0.06    14.75     0  11:06        0.06
  MH_358               JUNCTION     0.03     0.06    15.60     0  11:01        0.06
  MH_359               JUNCTION     0.02     0.03    15.74     0  07:00        0.03
  MH_360               JUNCTION     0.02     0.03    15.26     0  07:00        0.03
  MH_361               JUNCTION     0.07     0.18     2.61     0  12:08        0.18
  MH_362               JUNCTION     0.08     0.18     2.43     0  12:09        0.18
  MH_363               JUNCTION     0.29     0.32     4.05     0  19:19        0.32
  MH_364               JUNCTION     0.35     0.38     4.08     0  19:20        0.38
  MH_365               JUNCTION     0.90     4.44     8.24     0  19:15        4.22
  MH_366               JUNCTION     0.16     0.18     3.79     0  19:19        0.18
  MH_367               JUNCTION     0.26     0.30     3.71     0  19:26        0.30
  MH_368               JUNCTION     0.16     0.18     3.54     0  10:56        0.18
  MH_369               JUNCTION     0.18     0.20     3.72     0  19:22        0.20
  MH_370               JUNCTION     0.12     0.25     1.75     0  12:11        0.25
  MH_371               JUNCTION     0.09     0.18     1.61     0  12:11        0.18
  MH_372               JUNCTION     0.09     0.18     2.85     0  19:22        0.18
  MH_373               JUNCTION     0.10     0.18     2.82     0  19:22        0.18
  OF_374               OUTFALL      0.00     0.00     3.22     0  00:00        0.00
  OF_375               OUTFALL      0.08     0.18     1.23     0  12:11        0.18
  WW-1                 STORAGE      1.55     3.00     4.00     0  00:00        2.99
  
  
  *******************
  Node Inflow Summary
  *******************
  
  -------------------------------------------------------------------------------------------------
                                  Maximum  Maximum                  Lateral       Total        Flow
                                  Lateral    Total  Time of Max      Inflow      Inflow     Balance
                                   Inflow   Inflow   Occurrence      Volume      Volume       Error
  Node                 Type           LPS      LPS  days hr:min    10^6 ltr    10^6 ltr     Percent
  -------------------------------------------------------------------------------------------------
  MH_000               JUNCTION      0.00    21.71     0  06:03           0        2.08       0.072
  MH_008               JUNCTION      0.00    22.05     0  08:04           0        2.08       0.059
  MH_009               JUNCTION      0.00    31.16     0  07:00           0        2.78       0.050
  MH_010               JUNCTION      0.00    31.16     0  07:00           0        2.78       0.037
  MH_011               JUNCTION      0.00    34.87     0  06:45           0        2.38       0.065
  MH_012               JUNCTION      0.00    34.89     0  06:44           0        2.38       0.036
  MH_013               JUNCTION      0.64     0.64     0  06:00      0.0442      0.0442       0.292
  MH_014               JUNCTION      0.00     0.64     0  07:00           0       0.044       0.087
  MH_015               JUNCTION      0.00     0.64     0  07:00           0       0.044       0.167
  MH_016               JUNCTION      0.00     0.64     0  06:15           0      0.0439       0.357
  MH_017               JUNCTION      0.00     0.64     0  06:22           0      0.0438       0.401
  MH_018               JUNCTION      1.21     1.86     0  06:43      0.0839       0.126       0.173
  MH_019               JUNCTION      0.00     0.64     0  06:33           0      0.0436       3.124
  MH_020               JUNCTION      0.58     5.32     0  06:01      0.0397       0.366       0.123
  MH_021               JUNCTION      4.73     4.73     0  06:00       0.327       0.327       0.035
  MH_022               JUNCTION      1.15     3.77     0  06:45      0.0795       0.258       0.132
  MH_023               JUNCTION      0.32     5.62     0  06:53      0.0221       0.388       0.096
  MH_024               JUNCTION      0.77     0.77     0  06:00       0.053       0.053       0.165
  MH_025               JUNCTION      0.00     0.06     0  06:08           0     0.00441       0.332
  MH_026               JUNCTION      0.00     1.02     0  06:41           0      0.0705       0.049
  MH_027               JUNCTION      1.02     4.79     0  06:37      0.0707       0.329       0.058
  MH_028               JUNCTION      0.00     5.81     0  06:38           0       0.399       0.096
  MH_029               JUNCTION      0.83     6.84     0  06:32      0.0574       0.471       0.194
  MH_030               JUNCTION      0.38     6.01     0  06:35      0.0265       0.414       0.029
  MH_031               JUNCTION      1.02     1.02     0  06:00      0.0707      0.0707       0.155
  MH_032               JUNCTION      0.00     6.01     0  06:50           0       0.414       0.055
  MH_033               JUNCTION      0.00     1.21     0  06:22           0      0.0838       0.116
  MH_034               JUNCTION      1.15     1.21     0  06:21      0.0795      0.0839       0.093
  MH_035               JUNCTION      0.00     0.06     0  06:14           0     0.00439       0.401
  MH_036               JUNCTION      0.00    17.89     0  06:41           0        1.23       0.103
  MH_037               JUNCTION      2.49    11.50     0  06:59       0.172       0.792       0.071
  MH_038               JUNCTION      0.00     6.39     0  06:41           0       0.438       0.022
  MH_039               JUNCTION      0.58     6.39     0  06:39      0.0397       0.438       0.141
  MH_040               JUNCTION      8.32     8.32     0  12:00      0.0846      0.0846      -0.003
  MH_041               JUNCTION      0.70     7.54     0  06:55      0.0486       0.519       0.045
  MH_042               JUNCTION      0.77     0.77     0  06:00       0.053       0.053       0.241
  MH_043               JUNCTION      0.77     3.26     0  06:28       0.053       0.225       0.088
  MH_044               JUNCTION      1.28     2.49     0  06:24      0.0883       0.172       0.236
  MH_045               JUNCTION      0.00     0.00     0  00:00           0           0       0.000 ltr
  MH_046               JUNCTION      1.09    18.98     0  06:42      0.0751         1.3       0.064
  MH_047               JUNCTION      4.40    12.66     0  12:00      0.0453        0.13      -0.009
  MH_048               JUNCTION      0.70     8.24     0  06:56      0.0486       0.567       0.037
  MH_049               JUNCTION      0.00     3.26     0  06:28           0       0.224       0.262
  MH_050               JUNCTION      0.06     0.06     0  06:00     0.00442     0.00442       0.232
  MH_051               JUNCTION      1.53     2.30     0  06:20       0.106       0.159       0.191
  MH_052               JUNCTION      0.77     0.77     0  06:00       0.053       0.053       0.087
  MH_053               JUNCTION      2.04     4.34     0  06:47       0.141         0.3       0.196
  MH_054               JUNCTION      0.70     2.94     0  06:43      0.0486       0.203       0.273
  MH_055               JUNCTION      1.15     2.24     0  06:43      0.0795       0.154       0.127
  MH_056               JUNCTION      1.09     1.09     0  06:00      0.0751      0.0751       0.184
  MH_057               JUNCTION      0.83     0.83     0  06:00      0.0574      0.0574       0.287
  MH_058               JUNCTION      0.51     1.34     0  07:00      0.0353      0.0926       0.732
  MH_059               JUNCTION      0.64     2.30     0  06:12      0.0442       0.159       0.074
  MH_060               JUNCTION      1.66     1.66     0  06:00       0.115       0.115       0.044
  MH_061               JUNCTION      0.19     0.19     0  06:00      0.0132      0.0132       0.088
  MH_062               JUNCTION      1.85     2.04     0  06:13       0.128       0.141       0.105
  MH_063               JUNCTION      1.28     2.94     0  06:23      0.0883       0.203       0.215
  MH_064               JUNCTION      1.66     1.66     0  06:00       0.115       0.115       0.089
  MH_065               JUNCTION      1.79     1.79     0  06:00       0.124       0.124       0.134
  MH_066               JUNCTION      0.70     2.49     0  06:37      0.0486       0.172       0.114
  MH_067               JUNCTION      0.77     0.77     0  06:00       0.053       0.053       0.171
  MH_068               JUNCTION      0.45     1.21     0  06:45      0.0309      0.0838       0.185
  MH_069               JUNCTION      0.06     1.85     0  06:51     0.00442       0.128       0.099
  MH_070               JUNCTION      0.58     1.79     0  06:48      0.0397       0.123       0.146
  MH_071               JUNCTION      0.13    20.96     0  06:43     0.00883        1.44       0.052
  MH_072               JUNCTION      1.02    21.98     0  06:44      0.0707        1.51       0.041
  MH_073               JUNCTION      0.00     0.00     0  00:00           0           0       0.000 ltr
  MH_074               JUNCTION      1.53    23.51     0  06:44       0.106        1.61       0.135
  MH_075               JUNCTION     26.33    38.84     0  12:00       0.306       0.436       0.031
  MH_076               JUNCTION      0.64     3.90     0  06:35      0.0442       0.268       0.117
  MH_077               JUNCTION      0.96    10.03     0  06:56      0.0662       0.692       0.100
  MH_078               JUNCTION      1.15     4.09     0  06:54      0.0795       0.282       0.072
  MH_079               JUNCTION      2.17     4.98     0  06:38        0.15       0.344       0.070
  MH_080               JUNCTION      0.32     2.81     0  06:53      0.0221       0.194       0.065
  MH_081               JUNCTION      1.34     1.34     0  06:00      0.0927      0.0927       0.206
  MH_082               JUNCTION      1.34    24.88     0  06:43      0.0927         1.7       0.124
  MH_083               JUNCTION      0.00     0.00     0  00:00           0           0       0.000 ltr
  MH_084               JUNCTION      0.00    38.54     0  12:01           0       0.435       0.074
  MH_085               JUNCTION      6.22    44.63     0  12:01      0.0762       0.511      -0.080
  MH_086               JUNCTION      1.34     5.24     0  06:36      0.0927        0.36       0.193
  MH_087               JUNCTION      1.60    16.93     0  06:31        0.11        1.17       0.076
  MH_088               JUNCTION      0.96     5.30     0  06:55      0.0662       0.366       0.130
  MH_089               JUNCTION      0.00    10.03     0  06:56           0       0.691       0.094
  MH_090               JUNCTION      0.83     0.83     0  06:00      0.0574      0.0574       0.073
  MH_091               JUNCTION      0.38     1.21     0  06:18      0.0265      0.0839       0.063
  MH_092               JUNCTION      0.19     3.00     0  06:52      0.0132       0.207       0.200
  MH_093               JUNCTION      0.19     1.47     0  06:25      0.0132       0.101       0.112
  MH_094               JUNCTION      0.06     1.28     0  06:19     0.00442      0.0882       0.089
  MH_095               JUNCTION      0.51    25.42     0  06:43      0.0353        1.74       0.063
  MH_096               JUNCTION      0.96     6.20     0  06:40      0.0662       0.426       0.197
  MH_097               JUNCTION      0.70     6.39     0  07:00      0.0486        0.44       0.096
  MH_098               JUNCTION      1.98    26.98     0  06:22       0.137        1.85       0.088
  MH_099               JUNCTION      1.60    18.53     0  06:31        0.11        1.28       0.114
  MH_100               JUNCTION      2.17    30.14     0  06:35        0.15        2.11       0.089
  MH_101               JUNCTION      3.64    33.70     0  06:59       0.252        2.36       0.098
  MH_102               JUNCTION      0.00    30.04     0  07:00           0        2.11       0.091
  MH_103               JUNCTION      0.00    11.89     0  07:00           0       0.348       0.183
  MH_104               JUNCTION      0.00    26.64     0  07:00           0        2.34       0.048
  MH_105               JUNCTION      0.00     3.00     0  06:59           0       0.207       0.045
  MH_106               JUNCTION      0.00    17.58     0  07:00           0       0.605       0.169
  MH_107               JUNCTION      0.00    17.57     0  07:00           0       0.604       0.253
  MH_108               JUNCTION      1.85    26.64     0  07:00       0.128        2.34       0.046
  MH_109               JUNCTION      0.06     0.06     0  06:00     0.00442     0.00442       0.404
  MH_110               JUNCTION      2.62     3.00     0  06:18       0.181       0.208       0.120
  MH_111               JUNCTION      0.38     0.38     0  06:00      0.0265      0.0265       0.086
  MH_112               JUNCTION      0.00    17.54     0  07:01           0       0.602       0.051
  MH_113               JUNCTION      0.00    17.55     0  07:00           0       0.602       0.062
  MH_114               JUNCTION      0.00     0.00     0  00:00           0           0       0.000 ltr
  MH_115               JUNCTION      0.00     0.00     0  00:00           0           0       0.000 ltr
  MH_116               JUNCTION      0.00     0.00     0  00:00           0           0       0.000 ltr
  MH_117               JUNCTION      0.00     0.00     0  00:00           0           0       0.000 ltr
  MH_118               JUNCTION      0.00     0.00     0  00:00           0           0       0.000 ltr
  MH_119               JUNCTION      0.70    35.54     0  06:46      0.0486        2.43       0.043
  MH_120               JUNCTION      0.00     0.00     0  00:00           0           0       0.000 ltr
  MH_121               JUNCTION      0.00    25.52     0  06:43           0        1.74       0.052
  MH_122               JUNCTION      0.00    25.44     0  06:43           0        1.74       0.052
  MH_123               JUNCTION      0.00     0.00     0  00:00           0           0       0.000 ltr
  MH_124               JUNCTION      0.00     8.88     0  07:00           0       0.609       0.107
  MH_125               JUNCTION      0.00     0.00     0  00:00           0           0       0.000 ltr
  MH_126               JUNCTION      0.51    34.96     0  06:43      0.0353        2.38       0.024
  MH_127               JUNCTION      1.20    56.07     0  12:01      0.0101        1.18       0.070
  MH_128               JUNCTION      6.70    49.95     0  12:01      0.0561       0.568      -0.002
  MH_129               JUNCTION      0.00    55.12     0  12:01           0        1.17       0.074
  MH_130               JUNCTION      0.00    17.54     0  07:01           0       0.601       0.116
  MH_131               JUNCTION      1.60     8.88     0  07:00        0.11        0.61       0.172
  MH_132               JUNCTION      0.00     2.95     0  06:02           0       0.203       0.130
  MH_133               JUNCTION      1.09     7.28     0  06:45      0.0751         0.5       0.103
  MH_134               JUNCTION      2.94     2.94     0  06:00       0.203       0.203       0.046
  MH_135               JUNCTION      2.17     2.17     0  06:00        0.15        0.15       0.216
  MH_136               JUNCTION      0.32     4.03     0  07:00      0.0221       0.277       0.051
  MH_137               JUNCTION      0.77     3.71     0  07:00       0.053       0.255       0.131
  MH_138               JUNCTION      1.60     1.60     0  06:00        0.11        0.11       0.360
  MH_139               JUNCTION      1.66     5.69     0  07:00       0.115       0.392       0.131
  MH_140               JUNCTION      0.00     1.47     0  06:01           0       0.102       0.067
  MH_141               JUNCTION      1.47     1.47     0  06:00       0.102       0.102       0.027
  MH_142               JUNCTION      0.00     0.00     0  00:00           0           0       0.000 ltr
  MH_143               JUNCTION      0.00     0.00     0  00:00           0           0       0.000 ltr
  MH_144               JUNCTION      0.00     0.00     0  00:00           0           0       0.000 ltr
  MH_145               JUNCTION      0.00     0.00     0  00:00           0           0       0.000 ltr
  MH_146               JUNCTION      0.00     0.00     0  00:00           0           0       0.000 ltr
  MH_147               JUNCTION      0.00     2.62     0  06:43           0       0.181       0.111
  MH_148               JUNCTION      2.11     4.73     0  06:40       0.146       0.327       0.076
  MH_149               JUNCTION      0.89     5.63     0  06:40      0.0618       0.388       0.320
  MH_150               JUNCTION      0.64    31.40     0  06:05      0.0442        2.78       0.054
  MH_151               JUNCTION      0.51     3.96     0  06:09      0.0353       0.273       0.105
  MH_152               JUNCTION      0.00     3.96     0  06:15           0       0.273       0.035
  MH_153               JUNCTION      0.00     3.45     0  06:10           0       0.238       0.044
  MH_154               JUNCTION      0.00     0.00     0  00:00           0           0       0.000 ltr
  MH_155               JUNCTION      0.00     0.00     0  00:00           0           0       0.000 ltr
  MH_156               JUNCTION      0.00     0.00     0  00:00           0           0       0.000 ltr
  MH_157               JUNCTION      1.79     4.79     0  06:14       0.124       0.331       0.167
  MH_158               JUNCTION      0.45     3.45     0  06:09      0.0309       0.238       0.077
  MH_159               JUNCTION      0.00     0.00     0  00:00           0           0       0.000 ltr
  MH_160               JUNCTION      0.00     0.00     0  00:00           0           0       0.000 ltr
  MH_161               JUNCTION      0.00    44.41     0  06:48           0        3.04       0.052
  MH_162               JUNCTION      0.00     0.00     0  00:00           0           0       0.000 ltr
  MH_163               JUNCTION      0.19    44.41     0  06:47      0.0132        3.04       0.049
  MH_164               JUNCTION      0.77    39.43     0  06:47       0.053         2.7       0.018
  MH_165               JUNCTION      6.77    66.44     0  12:01       0.067        1.29       0.055
  MH_166               JUNCTION      4.48    60.27     0  12:01      0.0464        1.22       0.074
  MH_167               JUNCTION      0.19     3.13     0  06:26      0.0132       0.216       0.077
  MH_168               JUNCTION      3.07     3.07     0  06:00       0.212       0.212       0.082
  MH_169               JUNCTION      1.79     3.96     0  06:57       0.124       0.273       0.169
  MH_170               JUNCTION      0.06     0.45     0  06:23     0.00442      0.0309       0.076
  MH_171               JUNCTION      0.38     0.38     0  06:00      0.0265      0.0265       0.085
  MH_172               JUNCTION      0.06     0.83     0  06:57     0.00442      0.0573       0.039
  MH_173               JUNCTION      2.17     2.17     0  06:00        0.15        0.15       0.154
  MH_174               JUNCTION      0.00     0.00     0  00:00           0           0       0.000 ltr
  MH_175               JUNCTION      3.07     7.54     0  07:00       0.212       0.519       0.201
  MH_176               JUNCTION      3.00    10.54     0  07:00       0.208       0.725       0.232
  MH_177               JUNCTION      2.36    44.89     0  07:00       0.163        3.72       0.034
  MH_178               JUNCTION      0.83    42.53     0  07:00      0.0574        3.56       0.091
  MH_179               JUNCTION      3.00     3.00     0  06:00       0.208       0.208       0.054
  MH_180               JUNCTION      1.34    45.75     0  06:53      0.0927        3.13       0.042
  MH_181               JUNCTION      0.00     4.15     0  06:28           0       0.287       0.040
  MH_182               JUNCTION      0.83     4.98     0  06:58      0.0574       0.344       0.038
  MH_183               JUNCTION      1.15     6.13     0  06:56      0.0795       0.423       0.045
  MH_184               JUNCTION      0.70    61.47     0  06:54      0.0486        4.21       0.029
  MH_185               JUNCTION      0.00     8.43     0  06:09           0       0.582       0.035
  MH_186               JUNCTION      2.68     8.43     0  06:07       0.185       0.582       0.079
  MH_187               JUNCTION      0.45    52.33     0  06:53      0.0309        3.58       0.031
  MH_188               JUNCTION      0.00     0.00     0  00:00           0           0       0.000 ltr
  MH_189               JUNCTION      7.89    74.01     0  12:01      0.0826        1.37       0.143
  MH_190               JUNCTION      0.70     2.68     0  06:27      0.0486       0.185       0.023
  MH_191               JUNCTION      1.98     1.98     0  06:00       0.137       0.137       0.069
  MH_192               JUNCTION      0.00     2.00     0  06:01           0       0.137       0.061
  MH_193               JUNCTION      0.00     5.75     0  06:04           0       0.397       0.101
  MH_194               JUNCTION      2.56     6.52     0  06:55       0.177        0.45       0.065
  MH_195               JUNCTION      0.06     2.56     0  07:00     0.00442       0.176       0.353
  MH_196               JUNCTION      0.19     0.19     0  06:00      0.0132      0.0132       0.088
  MH_197               JUNCTION      1.15     2.49     0  07:00      0.0795       0.171       0.137
  MH_198               JUNCTION      0.38     0.38     0  06:00      0.0265      0.0265       0.089
  MH_199               JUNCTION      0.00     0.00     0  00:00           0           0       0.000 ltr
  MH_200               JUNCTION      1.15     1.73     0  06:29      0.0795       0.119       0.078
  MH_201               JUNCTION      0.13     0.58     0  06:24     0.00883      0.0397       0.066
  MH_202               JUNCTION      0.45     0.45     0  06:00      0.0309      0.0309       0.095
  MH_203               JUNCTION      0.06     3.45     0  07:00     0.00442       0.237       0.077
  MH_204               JUNCTION      0.13     0.77     0  06:22     0.00883      0.0529       0.108
  MH_205               JUNCTION      0.19     0.58     0  06:19      0.0132      0.0397       0.113
  MH_206               JUNCTION      0.51     0.51     0  06:00      0.0353      0.0353       0.219
  MH_207               JUNCTION      0.64     0.64     0  06:00      0.0442      0.0442       0.234
  MH_208               JUNCTION      4.28     6.33     0  06:13       0.296       0.437       0.219
  MH_209               JUNCTION      1.34     7.67     0  07:00      0.0927       0.529       0.086
  MH_210               JUNCTION      1.09    45.98     0  07:00      0.0751        3.79       0.111
  MH_211               JUNCTION      1.28     2.56     0  06:13      0.0883       0.177       0.028
  MH_212               JUNCTION      1.28     1.28     0  06:00      0.0883      0.0883       0.037
  MH_213               JUNCTION      0.96    63.29     0  07:00      0.0662        4.98       0.087
  MH_214               JUNCTION      0.00     0.00     0  00:00           0           0       0.000 ltr
  MH_215               JUNCTION      0.00     0.00     0  00:00           0           0       0.000 ltr
  MH_216               JUNCTION      1.60     4.15     0  06:08        0.11       0.287       0.085
  MH_217               JUNCTION      0.00     0.00     0  00:00           0           0       0.000 ltr
  MH_218               JUNCTION      0.58   112.70     0  06:50      0.0397        9.11       0.057
  MH_219               JUNCTION      0.00     0.00     0  00:00           0           0       0.000 ltr
  MH_220               JUNCTION      0.00   125.14     0  07:00           0        9.21       0.039
  MH_221               JUNCTION      0.32    61.85     0  06:55      0.0221        4.23       0.016
  MH_222               JUNCTION      0.06    61.53     0  06:54     0.00442        4.21       0.028
  MH_223               JUNCTION      4.53    77.80     0  12:01      0.0428        1.55       0.066
  MH_224               JUNCTION      1.85     8.37     0  06:55       0.128       0.577       0.183
  MH_225               JUNCTION      0.89    10.10     0  06:54      0.0618       0.696       0.037
  MH_226               JUNCTION      0.83     6.07     0  06:24      0.0574       0.419       0.095
  MH_227               JUNCTION      1.09     3.13     0  06:50      0.0751       0.216       0.180
  MH_228               JUNCTION      0.32     2.04     0  06:25      0.0221       0.141       0.140
  MH_229               JUNCTION      1.34     1.34     0  06:00      0.0927      0.0927       0.116
  MH_230               JUNCTION      0.26     0.83     0  06:29      0.0177      0.0573       0.148
  MH_231               JUNCTION      0.13     1.60     0  06:59     0.00883        0.11       0.073
  MH_232               JUNCTION      0.13     2.24     0  06:57     0.00883       0.154       0.086
  MH_233               JUNCTION      0.83     0.83     0  06:00      0.0574      0.0574       0.205
  MH_234               JUNCTION      0.00     1.34     0  06:05           0      0.0926       0.320
  MH_235               JUNCTION      0.26     2.49     0  06:57      0.0177       0.172       0.096
  MH_236               JUNCTION      0.00     3.32     0  06:58           0       0.229       0.149
  MH_237               JUNCTION      2.04     2.04     0  06:00       0.141       0.141       0.110
  MH_238               JUNCTION      2.30     2.30     0  06:00       0.159       0.159       0.090
  MH_239               JUNCTION      2.17     4.47     0  06:16        0.15       0.309       0.094
  MH_240               JUNCTION      1.53    62.34     0  07:00       0.106        4.92       0.054
  MH_241               JUNCTION      2.43    14.82     0  07:00       0.168        1.02       0.072
  MH_242               JUNCTION      0.26    12.40     0  07:00      0.0177       0.854       0.086
  MH_243               JUNCTION      0.00    12.14     0  07:00           0       0.837       0.087
  MH_244               JUNCTION      0.00    68.97     0  06:32           0        4.75       0.054
  MH_245               JUNCTION      0.00   181.89     0  06:56           0        13.8       0.091
  MH_246               JUNCTION      0.06   112.79     0  06:49     0.00442        9.11       0.070
  MH_247               JUNCTION      0.00    68.97     0  06:32           0        4.75       0.217
  MH_248               JUNCTION      0.00    45.24     0  12:02           0       0.868       0.131
  MH_249               JUNCTION      3.96    84.16     0  12:02      0.0381        1.61       0.075
  MH_250               JUNCTION      0.00    38.89     0  12:02           0       0.744       0.041
  MH_251               JUNCTION      3.21    80.71     0  12:01      0.0314        1.58       0.060
  MH_252               JUNCTION      2.75    11.12     0  06:58        0.19       0.766       0.047
  MH_253               JUNCTION      2.94     2.94     0  06:00       0.203       0.203       0.101
  MH_254               JUNCTION      0.00    23.32     0  06:59           0        1.61       0.066
  MH_255               JUNCTION      1.02    24.34     0  06:59      0.0707        1.68       0.051
  MH_256               JUNCTION      0.45    11.76     0  06:55      0.0309        0.81       0.123
  MH_257               JUNCTION      1.21    11.31     0  06:50      0.0839        0.78       0.076
  MH_258               JUNCTION      0.58    26.71     0  06:59      0.0397        1.84       0.141
  MH_259               JUNCTION      0.00    24.34     0  06:59           0        1.67       0.017
  MH_260               JUNCTION      2.17    37.89     0  07:00        0.15         2.6       0.122
  MH_261               JUNCTION      0.00     4.15     0  07:00           0       0.286       0.113
  MH_262               JUNCTION      0.51     4.86     0  06:48      0.0353       0.334       0.031
  MH_263               JUNCTION      0.83     0.83     0  06:00      0.0574      0.0574       0.054
  MH_264               JUNCTION      4.47    42.36     0  07:00       0.309        2.91       0.018
  MH_265               JUNCTION      0.00    42.36     0  07:00           0        2.91       0.053
  MH_266               JUNCTION      0.26    68.97     0  06:29      0.0177        4.76       0.053
  MH_267               JUNCTION      0.00    68.97     0  06:31           0        4.76       0.077
  MH_268               JUNCTION      3.71   159.44     0  08:06       0.256        13.7       0.079
  MH_269               JUNCTION      0.00   157.19     0  08:00           0        13.5       0.030
  MH_270               JUNCTION      0.00     0.00     0  00:00           0           0       0.000 ltr
  MH_271               JUNCTION      0.45   159.54     0  08:06      0.0309        13.7       0.074
  MH_272               JUNCTION      0.00     0.00     0  00:00           0           0       0.000 ltr
  MH_273               JUNCTION      0.95    84.70     0  12:04     0.00887        1.62       0.026
  MH_274               JUNCTION      0.00    45.17     0  12:03           0       0.866       0.177
  MH_275               JUNCTION      0.00    38.88     0  12:03           0       0.744       0.169
  MH_276               JUNCTION      1.53    12.65     0  06:59       0.106       0.872       0.074
  MH_277               JUNCTION      1.21     3.26     0  06:25      0.0839       0.225       0.211
  MH_278               JUNCTION      0.32    11.56     0  06:59      0.0221       0.797       0.068
  MH_279               JUNCTION      4.03     4.03     0  06:00       0.278       0.278       0.044
  MH_280               JUNCTION      0.00     7.22     0  06:59           0       0.497       0.048
  MH_281               JUNCTION      1.21     7.22     0  06:59      0.0839       0.498       0.019
  MH_282               JUNCTION      0.26     6.01     0  06:59      0.0177       0.414       0.035
  MH_283               JUNCTION      0.00     7.22     0  06:59           0       0.498       0.035
  MH_284               JUNCTION      0.00     7.22     0  07:00           0       0.497       0.040
  MH_285               JUNCTION      0.32     0.32     0  06:00      0.0221      0.0221       0.124
  MH_286               JUNCTION      0.13     0.45     0  06:41     0.00883      0.0309       0.099
  MH_287               JUNCTION      0.38     0.38     0  06:00      0.0265      0.0265       0.068
  MH_288               JUNCTION      0.00     0.38     0  06:14           0      0.0265       0.091
  MH_289               JUNCTION      0.00     0.38     0  06:46           0      0.0264       0.093
  MH_290               JUNCTION      0.00     0.38     0  06:47           0      0.0264       0.087
  MH_291               JUNCTION      0.00     0.38     0  06:40           0      0.0264       0.090
  MH_292               JUNCTION      0.00     0.00     0  00:00           0           0       0.000 ltr
  MH_293               JUNCTION      0.00     0.00     0  00:00           0           0       0.000 ltr
  MH_294               JUNCTION      0.00     0.38     0  06:25           0      0.0265       0.091
  MH_295               JUNCTION      0.00     0.38     0  06:34           0      0.0264       0.077
  MH_296               JUNCTION      0.00     0.00     0  00:00           0           0       0.000 ltr
  MH_297               JUNCTION      0.00     3.07     0  06:48           0       0.211       0.043
  MH_298               JUNCTION      0.00     2.68     0  06:39           0       0.185       0.050
  MH_299               JUNCTION      0.00     2.68     0  06:58           0       0.185       0.069
  MH_300               JUNCTION      0.00     2.68     0  06:51           0       0.185       0.038
  MH_301               JUNCTION      1.28     4.34     0  06:35      0.0883       0.299       0.074
  MH_302               JUNCTION      0.00     2.68     0  06:37           0       0.185       0.081
  MH_303               JUNCTION      1.02    26.36     0  06:24      0.0707        1.84       0.208
  MH_304               JUNCTION      0.89   160.27     0  06:00      0.0618        13.8       0.058
  MH_305               JUNCTION      1.71    86.62     0  12:05      0.0169        1.64       0.047
  MH_306               JUNCTION      0.67    85.27     0  12:04     0.00661        1.62       0.094
  MH_307               JUNCTION      0.00    12.65     0  07:00           0        0.87       0.087
  MH_308               JUNCTION      0.00    12.65     0  07:00           0       0.869       0.069
  MH_309               JUNCTION      0.00    12.65     0  06:59           0       0.871       0.123
  MH_310               JUNCTION      0.00    50.48     0  12:06           0        1.08       0.109
  MH_311               JUNCTION      0.00    50.49     0  12:05           0        1.08       0.088
  MH_312               JUNCTION      0.00    36.12     0  12:05           0       0.555       0.163
  MH_313               JUNCTION      0.64     0.64     0  06:00      0.0442      0.0442       0.202
  MH_314               JUNCTION      0.38     1.02     0  06:53      0.0265      0.0706       0.186
  MH_315               JUNCTION      0.58     1.60     0  06:56      0.0397        0.11       0.182
  MH_316               JUNCTION      0.19     1.79     0  06:56      0.0132       0.123       0.090
  MH_317               JUNCTION      0.26     2.04     0  06:59      0.0177       0.141       0.094
  MH_318               JUNCTION      0.13     4.22     0  07:00     0.00883        0.29       0.158
  MH_319               JUNCTION      0.70     2.04     0  06:55      0.0486       0.141       0.105
  MH_320               JUNCTION      1.02     1.34     0  06:20      0.0707      0.0927       0.330
  MH_321               JUNCTION      0.32     0.32     0  06:00      0.0221      0.0221       0.090
  MH_322               JUNCTION      0.00     2.04     0  07:00           0       0.141       0.195
  MH_323               JUNCTION      0.00     4.22     0  07:00           0        0.29      -0.426
  MH_325               JUNCTION      1.53     1.53     0  06:00       0.106       0.106       0.244
  MH_326               JUNCTION      0.96     2.49     0  06:58      0.0662       0.172       0.140
  MH_327               JUNCTION      2.11     2.11     0  06:00       0.146       0.146       0.029
  MH_328               JUNCTION      0.00     2.12     0  06:01           0       0.146       0.077
  MH_329               JUNCTION      0.19     0.19     0  06:00      0.0132      0.0132       0.081
  MH_330               JUNCTION      0.32     0.51     0  06:16      0.0221      0.0353       0.120
  MH_331               JUNCTION      0.00     0.51     0  06:50           0      0.0353       0.081
  MH_332               JUNCTION      0.00     2.11     0  06:32           0       0.146       0.046
  MH_333               JUNCTION      0.06     0.58     0  06:46     0.00442      0.0397       0.101
  MH_334               JUNCTION      0.70    18.63     0  06:22      0.0486         1.3       0.026
  MH_335               JUNCTION      6.71    25.34     0  06:23       0.464        1.77       0.076
  MH_336               JUNCTION      1.60     3.26     0  07:00        0.11       0.225       0.246
  MH_337               JUNCTION      1.15     1.66     0  07:00      0.0795       0.115       0.071
  MH_338               JUNCTION      0.00   160.29     0  06:00           0        13.8       0.022
  MH_339               JUNCTION      0.00    12.77     0  06:41           0       0.869       0.097
  MH_340               JUNCTION      0.00   172.87     0  06:56           0        14.6       0.027
  MH_341               JUNCTION      0.00    36.04     0  12:06           0       0.554       0.066
  MH_342               JUNCTION      0.00    86.49     0  12:06           0        1.63       0.051
  MH_343               JUNCTION      0.58    14.67     0  06:20      0.0397        1.03       0.071
  MH_344               JUNCTION      0.00     0.51     0  06:37           0      0.0353       0.416
  MH_345               JUNCTION      0.51     0.51     0  06:00      0.0353      0.0353       0.147
  MH_346               JUNCTION      1.47    12.17     0  06:17       0.102       0.861       0.085
  MH_347               JUNCTION      1.92    14.09     0  06:19       0.132       0.993       0.124
  MH_348               JUNCTION      2.71     3.17     0  11:00      0.0291       0.082       0.047
  MH_349               JUNCTION      0.64     0.77     0  06:22      0.0442       0.053       0.164
  MH_350               JUNCTION      0.13     0.13     0  06:00     0.00883     0.00883       0.118
  MH_351               JUNCTION      2.88     2.88     0  06:00       0.199       0.199       0.038
  MH_352               JUNCTION      1.98     4.86     0  06:08       0.137       0.336       0.068
  MH_353               JUNCTION      2.81     7.67     0  06:14       0.194        0.53       0.230
  MH_354               JUNCTION      0.64     1.73     0  07:00      0.0442       0.119       0.060
  MH_355               JUNCTION      0.06     3.43     0  11:04     0.00442       0.113       0.041
  MH_356               JUNCTION      0.32     3.43     0  11:02      0.0221       0.108       0.207
  MH_357               JUNCTION      0.00     4.56     0  11:05           0       0.231       0.074
  MH_358               JUNCTION      0.06     3.21     0  11:01     0.00442      0.0864       0.055
  MH_359               JUNCTION      0.96     0.96     0  06:00      0.0662      0.0662       0.273
  MH_360               JUNCTION      0.13     1.09     0  07:00     0.00883      0.0749       0.125
  MH_361               JUNCTION      0.00    83.81     0  12:07           0        1.63       0.130
  MH_362               JUNCTION      0.00   120.50     0  12:08           0        3.47       0.169
  MH_363               JUNCTION      0.00   174.41     0  19:16           0          15       0.043
  MH_364               JUNCTION      0.00   174.24     0  19:16           0          15       0.084
  MH_365               JUNCTION      0.00    19.00     0  00:00           0       0.393       0.071
  MH_366               JUNCTION      0.00   174.03     0  19:19           0          15       0.027
  MH_367               JUNCTION      0.00   174.01     0  19:22           0          15       0.044
  MH_368               JUNCTION      0.00   174.02     0  19:20           0          15       0.031
  MH_369               JUNCTION      0.00   174.01     0  19:19           0          15       0.031
  MH_370               JUNCTION      0.00   120.36     0  12:09           0        3.47       0.318
  MH_371               JUNCTION      0.00   120.06     0  12:11           0        3.46       0.070
  MH_372               JUNCTION      0.00    44.52     0  11:05           0        1.85       0.040
  MH_373               JUNCTION      0.00    38.51     0  19:21           0        1.84       0.100
  OF_374               OUTFALL       0.00   149.80     0  11:05           0        13.1       0.000
  OF_375               OUTFALL       0.00   120.05     0  12:11           0        3.45       0.000
  WW-1                 STORAGE       0.00     4.22     0  07:00           0       0.501      -0.281
  
  
  **********************
  Node Surcharge Summary
  **********************
  
  Surcharging occurs when water rises above the top of the highest conduit.
  ---------------------------------------------------------------------
                                               Max. Height   Min. Depth
                                   Hours       Above Crown    Below Rim
  Node                 Type      Surcharged         Meters       Meters
  ---------------------------------------------------------------------
  MH_000               JUNCTION        3.75          0.012        2.351
  MH_008               JUNCTION        6.50          0.016        2.580
  MH_019               JUNCTION       27.95          0.159        1.257
  MH_074               JUNCTION        0.33          0.084        1.281
  MH_082               JUNCTION        1.72          0.191        1.265
  MH_095               JUNCTION        1.68          0.121        1.595
  MH_098               JUNCTION        0.64          0.081        2.182
  MH_099               JUNCTION        1.02          0.183        2.639
  MH_100               JUNCTION        0.17          0.018        1.552
  MH_102               JUNCTION       10.75          0.054        1.260
  MH_121               JUNCTION        0.95          0.015        1.851
  MH_122               JUNCTION        0.97          0.024        1.611
  MH_245               JUNCTION       17.02          0.965        0.000
  MH_246               JUNCTION       10.21          0.706        0.365
  MH_247               JUNCTION       10.94          0.448        0.934
  MH_268               JUNCTION       19.52          1.057        0.018
  MH_269               JUNCTION       19.59          1.075        0.000
  MH_271               JUNCTION       19.88          0.875        0.377
  MH_303               JUNCTION        0.63          0.014        1.493
  MH_304               JUNCTION       19.81          0.552        0.537
  MH_308               JUNCTION        0.83          0.002        0.892
  MH_323               JUNCTION        0.86          0.576        1.095
  MH_338               JUNCTION       19.69          0.234        0.700
  MH_339               JUNCTION       15.04          0.095        1.399
  MH_340               JUNCTION       19.58          0.122        0.937
  MH_365               JUNCTION       29.98          4.294        0.000
  
  
  *********************
  Node Flooding Summary
  *********************
  
  Flooding refers to all water that overflows a node, whether it ponds or not.
  --------------------------------------------------------------------------
                                                             Total   Maximum
                                 Maximum   Time of Max       Flood    Ponded
                        Hours       Rate    Occurrence      Volume     Depth
  Node                 Flooded       LPS   days hr:min    10^6 ltr    Meters
  --------------------------------------------------------------------------
  MH_245                  6.71     26.79      0  06:55       0.377     0.000
  MH_269                  0.01      2.61      0  05:14       0.000     0.000
  
  
  **********************
  Storage Volume Summary
  **********************
  
  ------------------------------------------------------------------------------------------------
                         Average    Avg   Evap  Exfil     Maximum    Max    Time of Max    Maximum
                          Volume   Pcnt   Pcnt   Pcnt      Volume   Pcnt     Occurrence    Outflow
  Storage Unit           1000 m³   Full   Loss   Loss     1000 m³   Full    days hr:min        LPS
  ------------------------------------------------------------------------------------------------
  WW-1                     0.084   17.4    0.0    0.0       0.210   43.4       0  00:00      19.00
  
  
  ***********************
  Outfall Loading Summary
  ***********************
  
  -----------------------------------------------------------
                         Flow       Avg       Max       Total
                         Freq      Flow      Flow      Volume
  Outfall Node           Pcnt       LPS       LPS    10^6 ltr
  -----------------------------------------------------------
  OF_374                99.80    125.73    149.80      13.140
  OF_375                96.40     37.60    120.05       3.454
  -----------------------------------------------------------
  System                98.10    163.33    248.64      16.595
  
  
  ********************
  Link Flow Summary
  ********************
  
  -----------------------------------------------------------------------------
                                 Maximum  Time of Max   Maximum    Max/    Max/
                                  |Flow|   Occurrence   |Veloc|    Full    Full
  Link                 Type          LPS  days hr:min     m/sec    Flow   Depth
  -----------------------------------------------------------------------------
  1                    CONDUIT     22.05     0  08:04      0.77    1.04    1.00
  10                   CONDUIT     34.87     0  06:45      1.26    0.59    0.55
  100                  CONDUIT     30.04     0  07:00      0.96    1.06    1.00
  101                  CONDUIT     21.78     0  07:00      0.83    1.09    0.78
  102                  CONDUIT     11.89     0  07:00      1.19    0.27    0.36
  103                  CONDUIT     30.06     0  06:59      0.96    1.12    1.00
  104                  CONDUIT     11.88     0  07:00      0.71    0.14    0.27
  105                  CONDUIT      5.70     0  07:00      1.16    0.10    0.21
  106                  CONDUIT     21.71     0  06:03      0.77    1.02    0.93
  107                  CONDUIT      3.00     0  06:59      0.59    0.24    0.33
  108                  CONDUIT     17.57     0  07:00      0.90    0.19    0.30
  109                  CONDUIT     17.55     0  07:00      0.86    0.21    0.31
  110                  CONDUIT     26.64     0  07:00      1.12    0.60    0.71
  111                  CONDUIT      0.06     0  07:00      0.31    0.00    0.02
  112                  CONDUIT      3.00     0  06:09      0.54    0.29    0.35
  113                  CONDUIT      0.38     0  06:18      0.11    0.03    0.25
  114                  CONDUIT     17.54     0  07:01      1.38    0.11    0.23
  115                  CONDUIT     17.54     0  07:01      1.44    0.10    0.22
  116                  CONDUIT      0.00     0  00:00      0.00    0.00    0.00
  117                  CONDUIT      0.00     0  00:00      0.00    0.00    0.00
  118                  CONDUIT      0.00     0  00:00      0.00    0.00    0.00
  119                  CONDUIT      0.00     0  00:00      0.00    0.00    0.00
  120                  CONDUIT      0.00     0  00:00      0.00    0.00    0.00
  121                  CONDUIT     35.53     0  06:47      1.21    0.35    0.41
  122                  CONDUIT      0.00     0  00:00      0.00    0.00    0.00
  123                  CONDUIT     25.50     0  06:43      0.90    1.29    0.84
  124                  CONDUIT     25.52     0  06:43      0.81    7.72    1.00
  125                  CONDUIT      0.00     0  00:00      0.00    0.00    0.00
  126                  CONDUIT      8.88     0  07:00      0.63    0.27    0.46
  127                  CONDUIT      0.00     0  00:00      0.00    0.00    0.00
  128                  CONDUIT     34.89     0  06:44      1.09    0.33    0.44
  129                  CONDUIT     56.05     0  12:02      1.32    0.13    0.25
  13                   CONDUIT      0.64     0  07:00      0.28    0.08    0.19
  130                  CONDUIT     49.92     0  12:01      1.49    0.22    0.34
  131                  CONDUIT     55.11     0  12:02      1.22    0.16    0.26
  132                  CONDUIT     17.54     0  07:01      1.40    0.11    0.22
  133                  CONDUIT      8.88     0  07:00      0.92    0.24    0.35
  134                  CONDUIT      2.94     0  06:26      1.00    0.05    0.15
  135                  CONDUIT      7.28     0  07:00      0.85    0.20    0.32
  136                  CONDUIT      2.95     0  06:02      1.25    0.10    0.21
  137                  CONDUIT      2.17     0  06:57      0.52    0.08    0.19
  138                  CONDUIT      4.03     0  07:00      0.58    0.17    0.27
  139                  CONDUIT      3.71     0  07:00      0.59    0.14    0.25
  14                   CONDUIT      0.64     0  07:00      0.39    0.05    0.15
  140                  CONDUIT      1.60     0  06:43      0.43    0.07    0.59
  141                  CONDUIT      5.69     0  07:00      0.67    0.21    0.31
  142                  CONDUIT      1.47     0  06:39      0.83    0.05    0.16
  143                  CONDUIT      1.47     0  06:01      1.41    0.07    0.17
  144                  CONDUIT      0.00     0  00:00      0.00    0.00    0.00
  145                  CONDUIT      0.00     0  00:00      0.00    0.00    0.00
  146                  CONDUIT      0.00     0  00:00      0.00    0.00    0.00
  147                  CONDUIT      0.00     0  00:00      0.00    0.00    0.00
  148                  CONDUIT      0.00     0  00:00      0.00    0.00    0.00
  149                  CONDUIT      2.62     0  06:40      0.63    0.06    0.19
  15                   CONDUIT      0.64     0  06:15      0.38    0.05    0.15
  150                  CONDUIT      4.73     0  06:40      0.46    0.16    0.38
  151                  CONDUIT      5.63     0  06:59      0.34    0.49    0.59
  152                  CONDUIT     31.16     0  07:00      0.62    0.47    0.80
  153                  CONDUIT      3.96     0  06:15      0.77    0.24    0.33
  154                  CONDUIT      3.96     0  06:15      0.56    0.27    0.63
  155                  CONDUIT      3.45     0  06:09      0.66    0.25    0.34
  156                  CONDUIT      0.00     0  00:00      0.00    0.00    0.00
  157                  CONDUIT      0.00     0  00:00      0.00    0.00    0.00
  158                  CONDUIT      0.00     0  00:00      0.00    0.00    0.00
  159                  CONDUIT      4.79     0  06:48      1.06    0.09    0.20
  16                   CONDUIT      0.64     0  06:22      0.38    0.05    0.15
  160                  CONDUIT      3.45     0  06:10      0.67    0.22    0.33
  161                  CONDUIT      0.00     0  00:00      0.00    0.00    0.00
  162                  CONDUIT      0.00     0  00:00      0.00    0.00    0.00
  163                  CONDUIT     44.41     0  06:53      1.33    0.42    0.46
  164                  CONDUIT      0.00     0  00:00      0.00    0.00    0.00
  165                  CONDUIT     44.41     0  06:48      1.23    0.47    0.48
  166                  CONDUIT     39.43     0  06:47      1.20    0.36    0.45
  167                  CONDUIT     66.44     0  12:02      1.41    0.16    0.27
  168                  CONDUIT     60.24     0  12:02      1.39    0.14    0.25
  169                  CONDUIT      3.13     0  06:31      0.87    0.06    0.17
  17                   CONDUIT      0.64     0  06:33      0.26    0.05    0.58
  170                  CONDUIT      3.07     0  06:03      1.28    0.15    0.26
  171                  CONDUIT      3.96     0  06:55      0.60    0.15    0.26
  172                  CONDUIT      0.45     0  06:22      0.53    0.02    0.09
  173                  CONDUIT      0.38     0  06:23      0.46    0.06    0.16
  174                  CONDUIT      0.83     0  06:28      0.76    0.02    0.15
  175                  CONDUIT      0.00     0  00:00      0.00    0.00    0.00
  176                  CONDUIT      1.15     0  06:41      0.44    0.03    0.14
  177                  CONDUIT      1.02     0  06:47      0.53    0.03    0.11
  178                  CONDUIT      0.00     0  00:00      0.00    0.00    0.00
  179                  CONDUIT      7.54     0  07:00      0.59    0.10    0.23
  18                   CONDUIT      1.85     0  06:45      0.71    0.04    0.14
  180                  CONDUIT     10.54     0  07:00      0.49    0.13    0.33
  181                  CONDUIT     44.89     0  07:00      1.47    0.38    0.42
  182                  CONDUIT     42.53     0  07:00      1.44    0.36    0.41
  183                  CONDUIT      3.00     0  06:14      0.81    0.06    0.18
  184                  CONDUIT     45.75     0  06:53      1.33    0.43    0.46
  185                  CONDUIT      4.15     0  06:58      1.04    0.07    0.18
  186                  CONDUIT      4.98     0  06:56      1.17    0.08    0.19
  187                  CONDUIT      6.13     0  06:36      1.06    0.13    0.24
  188                  CONDUIT     61.47     0  06:54      1.43    0.60    0.56
  189                  CONDUIT      8.43     0  06:10      1.03    0.21    0.31
  19                   CONDUIT      0.66     0  07:03      0.06    0.05    0.57
  190                  CONDUIT      8.43     0  06:09      1.27    0.15    0.26
  191                  CONDUIT     52.33     0  06:54      1.28    0.56    0.53
  192                  CONDUIT      0.00     0  00:00      0.00    0.00    0.00
  193                  CONDUIT     73.84     0  12:02      1.59    0.15    0.26
  194                  CONDUIT      2.68     0  06:17      0.80    0.04    0.17
  195                  CONDUIT      2.00     0  06:01      0.37    1.56    0.23
  196                  CONDUIT      1.98     0  06:27      1.38    0.02    0.09
  197                  CONDUIT      5.75     0  06:07      1.32    0.08    0.20
  198                  CONDUIT      6.52     0  06:55      0.85    0.16    0.29
  199                  CONDUIT      2.56     0  07:00      0.42    0.15    0.25
  20                   CONDUIT      5.30     0  06:53      0.95    0.27    0.35
  200                  CONDUIT      0.19     0  06:18      0.49    0.02    0.10
  201                  CONDUIT      2.49     0  07:00      0.44    0.12    0.23
  202                  CONDUIT      0.38     0  06:19      0.40    0.01    0.07
  203                  CONDUIT      0.00     0  00:00      0.00    0.00    0.00
  204                  CONDUIT      1.73     0  06:25      0.42    0.06    0.19
  205                  CONDUIT      0.58     0  06:29      0.30    0.02    0.11
  206                  CONDUIT      0.45     0  06:24      0.33    0.02    0.09
  207                  CONDUIT      3.45     0  07:00      0.46    0.14    0.29
  208                  CONDUIT      0.77     0  06:57      0.53    0.04    0.14
  209                  CONDUIT      0.58     0  06:29      0.55    0.01    0.07
  21                   CONDUIT      4.74     0  06:01      0.84    0.28    0.36
  210                  CONDUIT      0.51     0  06:54      0.47    0.01    0.08
  211                  CONDUIT      0.64     0  07:00      0.49    0.02    0.09
  212                  CONDUIT      6.33     0  07:00      0.67    0.26    0.34
  213                  CONDUIT      7.67     0  07:00      0.92    0.19    0.31
  214                  CONDUIT     45.98     0  07:00      1.53    0.37    0.42
  215                  CONDUIT      2.56     0  06:08      0.84    0.04    0.16
  216                  CONDUIT      1.28     0  06:50      0.84    0.13    0.25
  217                  CONDUIT     63.29     0  07:00      1.60    0.53    0.52
  218                  CONDUIT      0.00     0  00:00      0.00    0.00    0.00
  219                  CONDUIT      0.00     0  00:00      0.00    0.00    0.00
  22                   CONDUIT      3.77     0  06:37      0.93    0.08    0.19
  220                  CONDUIT      4.15     0  06:28      1.14    0.07    0.17
  221                  CONDUIT      0.00     0  00:00      0.00    0.00    0.00
  222                  CONDUIT    112.72     0  06:49      1.66    0.62    0.94
  223                  CONDUIT      0.00     0  00:00      0.00    0.00    0.00
  224                  CONDUIT    112.13     0  06:50      1.29    1.38    0.81
  225                  CONDUIT     13.06     0  06:55      1.40    0.07    0.18
  226                  CONDUIT     61.85     0  06:55      0.99    0.60    0.77
  227                  CONDUIT     61.53     0  06:55      1.45    0.58    0.55
  228                  CONDUIT     77.80     0  12:02      1.43    0.12    0.24
  229                  CONDUIT      8.37     0  06:58      0.99    0.21    0.31
  23                   CONDUIT      5.62     0  06:35      0.83    0.35    0.41
  230                  CONDUIT     10.10     0  06:50      0.74    0.33    0.45
  231                  CONDUIT      6.07     0  06:29      0.71    0.22    0.32
  232                  CONDUIT      3.13     0  06:54      0.49    0.16    0.26
  233                  CONDUIT      2.04     0  06:50      0.46    0.09    0.20
  234                  CONDUIT      1.34     0  06:05      0.59    0.04    0.13
  235                  CONDUIT      0.83     0  06:50      0.56    0.01    0.05
  236                  CONDUIT      1.60     0  06:57      0.65    0.01    0.07
  237                  CONDUIT      2.24     0  06:57      0.43    0.03    0.12
  238                  CONDUIT      0.83     0  06:51      0.60    0.02    0.09
  239                  CONDUIT      1.34     0  06:15      0.50    0.01    0.08
  24                   CONDUIT      0.77     0  06:42      0.54    0.04    0.13
  240                  CONDUIT      2.49     0  06:58      0.40    0.03    0.14
  241                  CONDUIT      3.32     0  07:00      0.44    0.05    0.16
  242                  CONDUIT      2.04     0  06:13      0.67    0.04    0.17
  243                  CONDUIT      2.30     0  06:16      0.63    0.04    0.18
  244                  CONDUIT      4.47     0  06:41      0.53    0.15    0.32
  245                  CONDUIT     62.34     0  07:00      1.40    0.67    0.57
  246                  CONDUIT     14.82     0  07:00      0.62    0.50    0.73
  247                  CONDUIT      0.00     0  00:00      0.00    0.00    0.00
  248                  CONDUIT     12.40     0  07:00      0.71    0.62    0.55
  249                  CONDUIT     12.14     0  07:00      0.87    0.30    0.46
  25                   CONDUIT      0.06     0  06:14      0.13    0.00    0.04
  250                  CONDUIT     68.97     0  06:32      1.71    0.16    0.64
  251                  CONDUIT    157.19     0  08:00      1.39    1.94    1.00
  252                  CONDUIT    112.77     0  06:50      1.08    0.58    1.00
  253                  CONDUIT     69.15     0  06:56      0.56    0.24    1.00
  254                  CONDUIT     45.17     0  12:03      0.88    0.10    0.23
  255                  CONDUIT     38.89     0  12:02      1.20    0.05    0.17
  256                  CONDUIT     45.24     0  12:02      1.22    0.05    0.18
  257                  CONDUIT     38.88     0  12:03      0.95    0.08    0.20
  258                  CONDUIT     80.65     0  12:02      1.59    0.15    0.23
  259                  CONDUIT     11.12     0  06:59      1.29    0.25    0.32
  26                   CONDUIT      1.02     0  06:43      0.85    0.03    0.12
  260                  CONDUIT      2.94     0  06:24      0.82    0.06    0.17
  261                  CONDUIT     23.32     0  06:59      0.89    0.31    0.38
  262                  CONDUIT     24.34     0  06:59      1.02    0.27    0.35
  263                  CONDUIT     11.76     0  06:55      0.84    0.43    0.46
  264                  CONDUIT     11.31     0  06:55      0.75    0.49    0.48
  265                  CONDUIT     26.71     0  06:59      1.15    0.15    0.26
  266                  CONDUIT     24.34     0  06:59      1.41    0.13    0.28
  267                  CONDUIT     37.89     0  07:00      1.20    0.22    0.32
  268                  CONDUIT      4.15     0  07:00      0.26    0.06    0.26
  269                  CONDUIT      4.86     0  06:46      0.72    0.09    0.33
  27                   CONDUIT      4.79     0  06:38      0.72    0.14    0.26
  270                  CONDUIT      0.83     0  06:32      0.80    0.02    0.11
  271                  CONDUIT     42.36     0  07:00      1.57    0.19    0.29
  272                  CONDUIT     42.36     0  07:00      1.41    0.11    0.24
  273                  CONDUIT     68.97     0  06:31      1.41    0.24    0.33
  274                  CONDUIT     68.97     0  06:32      1.32    0.26    0.35
  275                  CONDUIT    159.24     0  08:06      1.40    1.30    1.00
  276                  CONDUIT    156.97     0  08:06      1.38    1.37    1.00
  277                  CONDUIT      0.00     0  00:00      0.00    0.00    0.00
  278                  CONDUIT    159.58     0  08:06      1.41    1.42    1.00
  279                  CONDUIT      0.00     0  00:00      0.00    0.00    0.00
  28                   CONDUIT      5.81     0  06:39      0.82    0.17    0.28
  280                  CONDUIT     84.72     0  12:04      1.24    0.06    0.16
  281                  CONDUIT     45.12     0  12:04      0.85    0.16    0.24
  282                  CONDUIT     38.84     0  12:03      0.86    0.09    0.21
  283                  CONDUIT     12.65     0  06:59      1.29    0.17    0.35
  284                  CONDUIT      3.26     0  06:49      0.69    0.21    0.31
  285                  CONDUIT     11.56     0  06:59      0.62    0.12    0.30
  286                  CONDUIT      4.03     0  06:12      0.91    0.09    0.20
  287                  CONDUIT      7.22     0  07:00      0.85    0.26    0.32
  288                  CONDUIT      7.22     0  06:59      1.21    0.43    0.44
  289                  CONDUIT      6.01     0  06:59      0.75    0.44    0.46
  29                   CONDUIT      6.84     0  06:55      0.76    0.23    0.33
  290                  CONDUIT      7.22     0  06:59      0.75    0.20    0.34
  291                  CONDUIT      7.22     0  06:58      0.78    0.05    0.18
  292                  CONDUIT      0.32     0  06:41      0.30    0.00    0.04
  293                  CONDUIT      0.45     0  06:37      0.42    0.00    0.07
  294                  CONDUIT      0.38     0  06:14      0.58    0.01    0.08
  295                  CONDUIT      0.38     0  06:25      0.38    0.01    0.07
  296                  CONDUIT      0.38     0  06:34      0.35    0.01    0.08
  297                  CONDUIT      0.38     0  06:46      0.43    0.01    0.07
  298                  CONDUIT      0.38     0  06:47      0.39    0.01    0.07
  299                  CONDUIT      0.00     0  00:00      0.00    0.00    0.00
  30                   CONDUIT      6.01     0  06:50      0.86    0.39    0.42
  300                  CONDUIT      0.00     0  00:00      0.00    0.00    0.00
  301                  CONDUIT      0.38     0  06:40      0.37    0.01    0.07
  302                  CONDUIT      0.38     0  06:57      0.69    0.00    0.05
  303                  CONDUIT      0.00     0  00:00      0.00    0.00    0.00
  304                  CONDUIT      3.07     0  06:35      0.96    0.05    0.16
  305                  CONDUIT      2.68     0  06:58      0.50    0.18    0.23
  306                  CONDUIT      2.68     0  06:55      0.71    0.07    0.18
  307                  CONDUIT      2.68     0  06:39      0.56    0.08    0.21
  308                  CONDUIT      4.34     0  06:48      0.65    0.15    0.26
  309                  CONDUIT      2.68     0  06:51      0.59    0.09    0.20
  31                   CONDUIT      1.02     0  06:41      0.63    0.05    0.15
  310                  CONDUIT     26.36     0  06:29      0.95    1.06    0.85
  311                  CONDUIT    160.29     0  06:00      1.41    1.43    1.00
  312                  CONDUIT     50.49     0  12:05      1.09    0.10    0.21
  313                  CONDUIT     36.12     0  12:05      0.97    0.07    0.19
  314                  CONDUIT     85.23     0  12:05      1.38    0.05    0.15
  315                  CONDUIT     12.65     0  07:00      0.92    0.36    0.71
  316                  CONDUIT     12.77     0  06:41      0.72    0.50    1.00
  317                  CONDUIT     12.65     0  07:00      1.02    0.37    0.42
  318                  CONDUIT     50.46     0  12:06      0.95    0.10    0.24
  319                  CONDUIT     50.48     0  12:06      1.10    0.10    0.21
  32                   CONDUIT      6.01     0  06:32      0.73    0.18    0.31
  320                  CONDUIT     36.04     0  12:06      0.94    0.08    0.19
  321                  CONDUIT      0.64     0  06:53      0.62    0.02    0.11
  322                  CONDUIT      1.02     0  06:56      0.76    0.04    0.13
  323                  CONDUIT      1.60     0  06:56      0.62    0.09    0.20
  324                  CONDUIT      1.79     0  06:59      0.57    0.12    0.23
  325                  CONDUIT      2.04     0  06:57      0.67    0.12    0.23
  326                  CONDUIT      4.22     0  07:00      0.77    0.26    0.60
  327                  CONDUIT      2.04     0  07:00      0.43    0.20    0.32
  328                  CONDUIT      1.34     0  06:55      0.44    0.11    0.23
  329                  CONDUIT      0.32     0  06:20      0.22    0.02    0.16
  33                   CONDUIT      1.21     0  06:24      0.68    0.02    0.11
  330                  CONDUIT      2.04     0  07:00      0.57    0.14    0.26
  331                  CONDUIT      4.22     0  07:00      1.46    0.11    1.00
  332                  CONDUIT      1.53     0  06:58      0.51    0.11    0.23
  333                  CONDUIT      2.49     0  06:59      0.59    0.18    0.29
  334                  CONDUIT      2.12     0  06:01      0.63    0.14    0.25
  335                  CONDUIT      2.11     0  06:32      0.64    0.13    0.24
  336                  CONDUIT      0.19     0  06:16      0.22    0.01    0.07
  337                  CONDUIT      0.51     0  06:50      0.44    0.01    0.08
  338                  CONDUIT      0.51     0  06:46      0.31    0.02    0.10
  339                  CONDUIT      2.11     0  06:22      0.89    0.08    0.20
  34                   CONDUIT      1.21     0  06:22      0.48    0.05    0.13
  340                  CONDUIT      0.58     0  06:44      0.20    0.02    0.14
  341                  CONDUIT     18.63     0  06:23      1.07    0.47    0.55
  342                  CONDUIT     25.34     0  06:24      0.97    0.77    0.83
  343                  CONDUIT      3.26     0  07:00      0.57    0.29    0.36
  344                  CONDUIT      1.66     0  07:00      0.37    0.12    0.30
  345                  CONDUIT    160.36     0  06:02      1.41    1.41    1.00
  346                  CONDUIT     12.72     0  07:00      0.75    0.35    1.00
  347                  CONDUIT    172.83     0  06:41      1.58    1.84    0.92
  348                  CONDUIT     36.03     0  12:07      0.89    0.09    0.20
  349                  CONDUIT      2.58     0  12:07      0.09    0.00    0.15
  35                   CONDUIT      0.06     0  06:21      0.11    0.00    0.06
  350                  CONDUIT     83.81     0  12:07      1.21    0.17    0.29
  351                  CONDUIT     14.67     0  06:21      1.08    0.41    0.45
  352                  CONDUIT      0.51     0  07:00      0.44    0.03    0.12
  353                  CONDUIT      0.26     0  06:37      0.28    0.02    0.10
  354                  CONDUIT      0.26     0  06:37      0.28    0.02    0.10
  355                  CONDUIT     12.17     0  06:19      0.78    0.52    0.50
  356                  CONDUIT     14.09     0  06:20      1.07    0.39    0.44
  357                  CONDUIT      3.17     0  11:01      0.73    0.19    0.29
  358                  CONDUIT      0.77     0  06:44      0.42    0.06    0.18
  359                  CONDUIT      0.13     0  06:22      0.29    0.01    0.06
  36                   CONDUIT     17.89     0  06:42      0.95    0.64    0.58
  360                  CONDUIT      2.88     0  06:08      0.49    0.10    0.25
  361                  CONDUIT      4.86     0  06:14      0.61    0.17    0.31
  362                  CONDUIT      7.67     0  07:00      0.70    0.31    0.38
  363                  CONDUIT      1.73     0  07:00      0.38    0.07    0.21
  364                  CONDUIT      3.43     0  11:05      0.76    0.20    0.30
  365                  CONDUIT      3.39     0  11:04      0.57    0.31    0.37
  366                  CONDUIT      4.56     0  11:06      0.45    0.17    0.36
  367                  CONDUIT      3.21     0  11:02      0.51    0.32    0.39
  368                  CONDUIT      0.96     0  07:00      0.39    0.04    0.13
  369                  CONDUIT      1.09     0  07:00      0.42    0.04    0.14
  37                   CONDUIT     11.50     0  06:56      1.49    0.19    0.29
  370                  CONDUIT     83.73     0  12:08      1.16    0.19    0.30
  371                  CONDUIT    120.36     0  12:09      0.95    0.06    0.20
  372                  CONDUIT    174.03     0  19:19      1.47    0.45    0.39
  373                  CONDUIT    174.41     0  19:16      1.08    0.50    0.49
  374                  CONDUIT     14.16     0  00:11      1.30    6.04    1.00
  375                  CONDUIT    174.01     0  19:19      2.15    0.17    0.29
  376                  CONDUIT    149.80     0  11:05      2.03    0.17    0.28
  377                  CONDUIT    174.01     0  19:22      1.51    0.20    0.38
  378                  CONDUIT    120.06     0  12:11      0.92    0.12    0.20
  379                  CONDUIT    120.05     0  12:11      1.20    0.06    0.17
  38                   CONDUIT      6.39     0  06:41      0.48    0.19    0.44
  380                  CONDUIT     38.51     0  19:21      1.32    0.60    0.58
  381                  CONDUIT     38.49     0  19:22      0.94    0.67    0.53
  382                  CONDUIT    174.02     0  19:20      1.63    0.30    0.36
  39                   CONDUIT      6.39     0  06:41      0.76    0.21    0.31
  40                   CONDUIT      8.27     0  12:00      0.56    0.07    0.19
  41                   CONDUIT      7.54     0  06:56      0.88    0.22    0.32
  42                   CONDUIT      0.77     0  06:57      0.44    0.05    0.16
  43                   CONDUIT      3.26     0  06:28      0.62    0.11    0.22
  44                   CONDUIT      2.49     0  06:28      0.53    0.09    0.21
  45                   CONDUIT      0.00     0  00:00      0.00    0.00    0.00
  46                   CONDUIT     18.98     0  06:43      0.86    0.72    0.66
  47                   CONDUIT     12.57     0  12:00      0.55    0.09    0.27
  48                   CONDUIT      8.24     0  06:56      0.89    0.24    0.34
  49                   CONDUIT      3.26     0  06:35      0.62    0.11    0.22
  50                   CONDUIT      0.06     0  06:08      0.14    0.00    0.04
  51                   CONDUIT      2.30     0  06:47      0.39    0.10    0.24
  52                   CONDUIT      0.77     0  06:20      0.26    0.06    0.23
  53                   CONDUIT      4.34     0  06:55      0.52    0.17    0.44
  54                   CONDUIT      2.94     0  07:00      0.37    0.24    0.30
  55                   CONDUIT      2.24     0  06:43      0.38    0.10    0.25
  56                   CONDUIT      1.09     0  06:43      0.40    0.10    0.21
  57                   CONDUIT      0.83     0  07:00      0.26    0.04    0.16
  58                   CONDUIT      1.34     0  07:00      0.38    0.07    0.17
  59                   CONDUIT      2.30     0  06:13      0.43    0.08    0.23
  6                    CONDUIT     22.23     0  08:05      0.81    1.07    1.00
  60                   CONDUIT      1.66     0  06:12      0.97    0.05    0.15
  61                   CONDUIT      0.19     0  06:13      0.11    0.01    0.16
  62                   CONDUIT      2.04     0  06:25      0.43    0.14    0.31
  63                   CONDUIT      2.94     0  06:54      0.62    0.21    0.31
  64                   CONDUIT      1.66     0  06:23      0.43    0.12    0.27
  65                   CONDUIT      1.79     0  06:37      0.58    0.12    0.23
  66                   CONDUIT      2.49     0  06:53      0.65    0.16    0.27
  67                   CONDUIT      0.77     0  06:59      0.48    0.02    0.10
  68                   CONDUIT      1.21     0  06:48      0.42    0.05    0.15
  69                   CONDUIT      1.85     0  06:58      0.45    0.08    0.19
  7                    CONDUIT     31.16     0  07:00      1.06    1.51    0.88
  70                   CONDUIT      1.79     0  06:51      0.56    0.05    0.16
  71                   CONDUIT     20.96     0  06:44      0.92    0.88    0.68
  72                   CONDUIT     21.98     0  06:44      0.93    0.80    0.84
  73                   CONDUIT      0.00     0  00:00      0.00    0.00    0.00
  74                   CONDUIT     23.54     0  06:43      0.85    0.90    1.00
  75                   CONDUIT     38.54     0  12:01      1.10    0.26    0.35
  76                   CONDUIT      3.90     0  06:36      0.57    0.13    0.27
  77                   CONDUIT     10.03     0  06:56      0.86    0.72    0.63
  78                   CONDUIT      4.09     0  06:55      0.51    0.28    0.46
  79                   CONDUIT      4.98     0  06:41      0.65    0.44    0.45
  8                    CONDUIT     31.16     0  07:00      0.94    0.46    0.45
  80                   CONDUIT      2.81     0  06:38      0.60    0.17    0.31
  81                   CONDUIT      1.34     0  06:52      0.51    0.09    0.21
  82                   CONDUIT     24.91     0  06:43      0.81    1.15    1.00
  83                   CONDUIT      0.00     0  00:00      0.00    0.00    0.00
  84                   CONDUIT     38.52     0  12:01      1.03    0.25    0.36
  85                   CONDUIT     44.46     0  12:02      1.19    0.33    0.36
  86                   CONDUIT      5.24     0  06:40      0.65    0.19    0.30
  87                   CONDUIT     16.97     0  07:03      0.72    0.75    0.97
  88                   CONDUIT      5.77     0  07:05      0.37    0.28    0.74
  89                   CONDUIT     10.03     0  06:57      0.89    0.69    0.61
  9                    CONDUIT     34.84     0  06:46      1.23    0.34    0.40
  90                   CONDUIT      0.83     0  06:18      0.52    0.15    0.26
  91                   CONDUIT      1.21     0  06:19      0.56    0.21    0.32
  92                   CONDUIT      3.00     0  06:59      0.79    0.16    0.27
  93                   CONDUIT      1.47     0  06:31      0.43    0.11    0.25
  94                   CONDUIT      1.28     0  06:25      0.55    0.24    0.34
  95                   CONDUIT     25.44     0  06:43      0.81    1.22    1.00
  96                   CONDUIT      6.20     0  06:45      0.72    0.22    0.32
  97                   CONDUIT      6.39     0  07:00      1.00    0.14    0.63
  98                   CONDUIT     26.37     0  06:35      0.88    1.09    1.00
  99                   CONDUIT     18.61     0  06:22      0.63    0.92    1.00
  PUMP-11              PUMP        19.00     0  00:00              1.00
  ORI-1                ORIFICE     44.52     0  11:05                      0.08
  
  
  ***************************
  Flow Classification Summary
  ***************************
  
  -------------------------------------------------------------------------------------
                      Adjusted    ---------- Fraction of Time in Flow Class ---------- 
                       /Actual         Up    Down  Sub   Sup   Up    Down  Norm  Inlet 
  Conduit               Length    Dry  Dry   Dry   Crit  Crit  Crit  Crit  Ltd   Ctrl  
  -------------------------------------------------------------------------------------
  1                       1.00   0.00  0.00  0.00  1.00  0.00  0.00  0.00  0.70  0.00
  10                      4.54   0.00  0.00  0.00  0.00  1.00  0.00  0.00  0.00  0.00
  100                     1.00   0.00  0.00  0.00  0.82  0.18  0.00  0.00  0.93  0.00
  101                     1.00   0.00  0.00  0.00  1.00  0.00  0.00  0.00  0.00  0.00
  102                     5.60   0.34  0.00  0.00  0.00  0.00  0.00  0.66  0.00  0.00
  103                     3.76   0.00  0.00  0.00  1.00  0.00  0.00  0.00  0.17  0.00
  104                     1.00   0.14  0.15  0.00  0.71  0.00  0.00  0.00  0.86  0.00
  105                     6.42   0.17  0.00  0.00  0.00  0.00  0.00  0.83  0.00  0.00
  106                     1.00   0.00  0.00  0.00  1.00  0.00  0.00  0.00  0.80  0.00
  107                     2.13   0.00  0.00  0.00  0.00  0.00  0.00  1.00  0.00  0.00
  108                     1.00   0.07  0.07  0.00  0.15  0.70  0.00  0.00  0.88  0.00
  109                     1.00   0.07  0.00  0.00  0.00  0.00  0.00  0.93  0.00  0.00
  110                     4.69   0.00  0.00  0.00  0.13  0.87  0.00  0.00  1.00  0.00
  111                     1.00   0.00  0.00  0.00  0.00  0.00  0.00  1.00  0.00  0.00
  112                     1.00   0.00  0.00  0.00  1.00  0.00  0.00  0.00  0.00  0.00
  113                     1.00   0.00  0.00  0.00  1.00  0.00  0.00  0.00  1.00  0.00
  114                     1.00   0.08  0.00  0.00  0.10  0.83  0.00  0.00  0.13  0.00
  115                     1.93   0.07  0.00  0.00  0.00  0.00  0.00  0.93  0.00  0.00
  116                     2.97   1.00  0.00  0.00  0.00  0.00  0.00  0.00  0.00  0.00
  117                     2.54   1.00  0.00  0.00  0.00  0.00  0.00  0.00  0.00  0.00
  118                     1.97   1.00  0.00  0.00  0.00  0.00  0.00  0.00  0.00  0.00
  119                     1.00   1.00  0.00  0.00  0.00  0.00  0.00  0.00  0.00  0.00
  120                     3.11   1.00  0.00  0.00  0.00  0.00  0.00  0.00  0.00  0.00
  121                     1.00   0.00  0.00  0.00  0.00  0.00  0.00  1.00  0.00  0.00
  122                     7.24   1.00  0.00  0.00  0.00  0.00  0.00  0.00  0.00  0.00
  123                     1.00   0.00  0.00  0.00  0.00  0.00  0.00  1.00  0.00  0.00
  124                     5.02   0.00  0.00  0.00  1.00  0.00  0.00  0.00  0.00  0.00
  125                     9.99   1.00  0.00  0.00  0.00  0.00  0.00  0.00  0.00  0.00
  126                     2.22   0.00  0.00  0.00  0.99  0.00  0.00  0.01  0.99  0.00
  127                     4.94   1.00  0.00  0.00  0.00  0.00  0.00  0.00  0.00  0.00
  128                     1.46   0.00  0.00  0.00  0.00  1.00  0.00  0.00  1.00  0.00
  129                     1.15   0.00  0.00  0.00  0.10  0.90  0.00  0.00  0.82  0.00
  13                      1.00   0.00  0.00  0.00  0.00  0.00  0.00  1.00  0.00  0.00
  130                     1.72   0.00  0.00  0.00  0.38  0.37  0.00  0.25  0.73  0.00
  131                     1.00   0.00  0.00  0.00  0.12  0.88  0.00  0.00  0.00  0.00
  132                     3.97   0.08  0.00  0.00  0.00  0.00  0.00  0.92  0.00  0.00
  133                     1.00   0.00  0.00  0.00  0.00  1.00  0.00  0.00  0.99  0.00
  134                     1.00   0.00  0.00  0.00  0.00  0.00  0.00  1.00  0.00  0.00
  135                     1.00   0.00  0.00  0.00  0.00  1.00  0.00  0.00  1.00  0.00
  136                     1.00   0.00  0.00  0.00  0.00  1.00  0.00  0.00  0.00  0.00
  137                     1.00   0.00  0.00  0.00  0.00  0.00  0.00  1.00  0.00  0.00
  138                     1.00   0.00  0.00  0.00  0.00  0.00  0.00  1.00  0.00  0.00
  139                     1.00   0.00  0.00  0.00  0.00  0.00  0.00  1.00  0.00  0.00
  14                      1.00   0.00  0.00  0.00  0.00  0.00  0.00  1.00  0.00  0.00
  140                     1.00   0.00  0.00  0.00  0.22  0.00  0.00  0.78  0.22  0.00
  141                     1.00   0.00  0.00  0.00  0.00  0.00  0.00  1.00  0.00  0.00
  142                     3.97   0.00  0.00  0.00  0.00  0.00  0.00  1.00  0.00  0.00
  143                     1.56   0.00  0.00  0.00  0.00  1.00  0.00  0.00  0.00  0.00
  144                     3.33   1.00  0.00  0.00  0.00  0.00  0.00  0.00  0.00  0.00
  145                     4.98   1.00  0.00  0.00  0.00  0.00  0.00  0.00  0.00  0.00
  146                     4.86   1.00  0.00  0.00  0.00  0.00  0.00  0.00  0.00  0.00
  147                     3.97   1.00  0.00  0.00  0.00  0.00  0.00  0.00  0.00  0.00
  148                     5.21   1.00  0.00  0.00  0.00  0.00  0.00  0.00  0.00  0.00
  149                     1.00   0.00  0.00  0.00  0.00  1.00  0.00  0.00  1.00  0.00
  15                      1.00   0.00  0.00  0.00  0.99  0.01  0.00  0.00  0.45  0.00
  150                     1.00   0.00  0.00  0.00  1.00  0.00  0.00  0.00  1.00  0.00
  151                     1.00   0.00  0.00  0.00  0.82  0.00  0.00  0.18  0.66  0.00
  152                     1.30   0.00  0.00  0.00  1.00  0.00  0.00  0.00  0.26  0.00
  153                     1.00   0.00  0.00  0.00  0.00  0.00  0.00  1.00  0.00  0.00
  154                     2.03   0.00  0.00  0.00  0.83  0.03  0.00  0.14  0.86  0.00
  155                     1.00   0.00  0.00  0.00  0.00  1.00  0.00  0.00  0.00  0.00
  156                     1.00   1.00  0.00  0.00  0.00  0.00  0.00  0.00  0.00  0.00
  157                     1.00   1.00  0.00  0.00  0.00  0.00  0.00  0.00  0.00  0.00
  158                     1.00   1.00  0.00  0.00  0.00  0.00  0.00  0.00  0.00  0.00
  159                     1.00   0.00  0.00  0.00  0.00  0.00  0.00  1.00  0.00  0.00
  16                      1.00   0.00  0.00  0.00  0.99  0.01  0.00  0.00  0.35  0.00
  160                     1.17   0.00  0.00  0.00  0.00  1.00  0.00  0.00  1.00  0.00
  161                     1.00   1.00  0.00  0.00  0.00  0.00  0.00  0.00  0.00  0.00
  162                     1.00   1.00  0.00  0.00  0.00  0.00  0.00  0.00  0.00  0.00
  163                     1.00   0.00  0.00  0.00  0.00  0.00  0.00  1.00  0.00  0.00
  164                     5.65   1.00  0.00  0.00  0.00  0.00  0.00  0.00  0.00  0.00
  165                     5.99   0.00  0.00  0.00  0.00  0.00  0.00  1.00  0.00  0.00
  166                     1.00   0.00  0.00  0.00  0.01  0.99  0.00  0.00  1.00  0.00
  167                     1.00   0.00  0.00  0.00  0.09  0.91  0.00  0.00  0.07  0.00
  168                     1.08   0.00  0.00  0.00  0.00  0.00  0.00  1.00  0.00  0.00
  169                     1.00   0.00  0.00  0.00  0.00  0.00  0.00  1.00  0.00  0.00
  17                      1.00   0.00  0.00  0.00  0.99  0.01  0.00  0.00  0.99  0.00
  170                     1.00   0.00  0.00  0.00  0.00  1.00  0.00  0.00  0.46  0.00
  171                     1.00   0.00  0.00  0.00  0.00  0.00  0.00  1.00  0.00  0.00
  172                     1.00   0.00  0.00  0.00  0.00  0.00  0.00  1.00  0.00  0.00
  173                     1.00   0.00  0.00  0.00  0.00  0.00  0.00  1.00  0.00  0.00
  174                     5.12   0.00  0.00  0.00  0.00  0.98  0.00  0.02  0.98  0.00
  175                     1.00   1.00  0.00  0.00  0.00  0.00  0.00  0.00  0.00  0.00
  176                     1.00   0.00  0.00  0.00  0.92  0.08  0.00  0.00  1.00  0.00
  177                     1.00   0.00  0.00  0.00  0.00  0.00  0.00  1.00  0.00  0.00
  178                     5.44   1.00  0.00  0.00  0.00  0.00  0.00  0.00  0.00  0.00
  179                     1.00   0.00  0.00  0.00  1.00  0.00  0.00  0.00  1.00  0.00
  18                      1.00   0.00  0.00  0.00  0.00  0.00  0.00  1.00  0.00  0.00
  180                     1.00   0.00  0.00  0.00  1.00  0.00  0.00  0.00  0.99  0.00
  181                     1.00   0.00  0.00  0.00  0.00  1.00  0.00  0.00  0.00  0.00
  182                     1.00   0.00  0.00  0.00  0.00  0.00  0.00  1.00  0.00  0.00
  183                     1.00   0.00  0.00  0.00  0.00  1.00  0.00  0.00  1.00  0.00
  184                     1.00   0.00  0.00  0.00  0.00  0.20  0.00  0.80  0.20  0.00
  185                     3.96   0.00  0.00  0.00  0.00  0.00  0.00  1.00  0.00  0.00
  186                     3.04   0.00  0.00  0.00  0.00  0.00  0.00  1.00  0.00  0.00
  187                     1.00   0.00  0.00  0.00  0.00  0.00  0.00  1.00  0.00  0.00
  188                     1.35   0.00  0.00  0.00  0.00  0.00  0.00  1.00  0.00  0.00
  189                     1.94   0.00  0.00  0.00  0.00  0.00  0.00  1.00  0.00  0.00
  19                      1.00   0.01  0.06  0.00  0.00  0.00  0.93  0.00  0.00  0.00
  190                     1.00   0.00  0.00  0.00  0.00  0.00  0.00  1.00  0.00  0.00
  191                     1.25   0.00  0.00  0.00  0.00  0.00  0.00  1.00  0.00  0.00
  192                     7.44   1.00  0.00  0.00  0.00  0.00  0.00  0.00  0.00  0.00
  193                     1.00   0.00  0.00  0.00  0.00  0.00  0.00  1.00  0.00  0.00
  194                     1.43   0.00  0.00  0.00  0.00  1.00  0.00  0.00  1.00  0.00
  195                     1.00   0.00  0.00  0.00  1.00  0.00  0.00  0.00  0.00  0.00
  196                     4.20   0.00  0.00  0.00  0.00  0.00  0.00  1.00  0.00  0.00
  197                     2.10   0.00  0.00  0.00  0.00  0.00  0.00  1.00  0.00  0.00
  198                     1.00   0.00  0.00  0.00  0.00  1.00  0.00  0.00  1.00  0.00
  199                     1.00   0.00  0.00  0.00  0.00  0.00  0.00  1.00  0.00  0.00
  20                      1.00   0.00  0.00  0.00  0.00  0.00  0.00  1.00  0.00  0.00
  200                     1.00   0.00  0.00  0.00  0.00  0.00  0.00  1.00  0.00  0.00
  201                     1.00   0.00  0.00  0.00  0.97  0.00  0.00  0.03  0.04  0.00
  202                     1.00   0.00  0.00  0.00  0.00  1.00  0.00  0.00  0.98  0.00
  203                     1.00   1.00  0.00  0.00  0.00  0.00  0.00  0.00  0.00  0.00
  204                     1.00   0.00  0.00  0.00  1.00  0.00  0.00  0.00  1.00  0.00
  205                     1.00   0.00  0.00  0.00  0.87  0.00  0.00  0.13  0.54  0.00
  206                     1.32   0.00  0.00  0.00  0.00  0.00  0.00  1.00  0.00  0.00
  207                     1.00   0.00  0.00  0.00  1.00  0.00  0.00  0.00  1.00  0.00
  208                     1.00   0.00  0.00  0.00  0.00  0.00  0.00  1.00  0.00  0.00
  209                     1.00   0.00  0.00  0.00  0.00  1.00  0.00  0.00  1.00  0.00
  21                      1.00   0.00  0.00  0.00  0.00  1.00  0.00  0.00  0.01  0.00
  210                     1.00   0.00  0.00  0.00  0.00  0.00  0.00  1.00  0.00  0.00
  211                     1.00   0.00  0.00  0.00  0.00  0.00  0.00  1.00  0.00  0.00
  212                     1.00   0.00  0.00  0.00  0.00  0.00  0.00  1.00  0.00  0.00
  213                     1.00   0.00  0.00  0.00  0.00  0.74  0.00  0.26  0.74  0.00
  214                     1.00   0.00  0.00  0.00  0.00  0.00  0.00  1.00  0.00  0.00
  215                     1.00   0.00  0.00  0.00  0.00  1.00  0.00  0.00  1.00  0.00
  216                     4.41   0.00  0.00  0.00  0.00  0.00  0.00  1.00  0.00  0.00
  217                     1.00   0.00  0.00  0.00  0.00  0.00  0.00  1.00  0.00  0.00
  218                     1.00   1.00  0.00  0.00  0.00  0.00  0.00  0.00  0.00  0.00
  219                     3.84   1.00  0.00  0.00  0.00  0.00  0.00  0.00  0.00  0.00
  22                      1.00   0.00  0.00  0.00  0.00  0.00  0.00  1.00  0.00  0.00
  220                     1.00   0.00  0.00  0.00  0.00  0.00  0.00  1.00  0.00  0.00
  221                     1.00   1.00  0.00  0.00  0.00  0.00  0.00  0.00  0.00  0.00
  222                     1.00   0.00  0.00  0.00  0.36  0.04  0.00  0.60  0.17  0.00
  223                     5.99   1.00  0.00  0.00  0.00  0.00  0.00  0.00  0.00  0.00
  224                     5.29   0.00  0.00  0.00  0.21  0.00  0.00  0.79  0.00  0.00
  225                     8.33   0.59  0.00  0.00  0.00  0.00  0.00  0.41  0.00  0.00
  226                     1.25   0.00  0.00  0.00  1.00  0.00  0.00  0.00  1.00  0.00
  227                     1.26   0.00  0.00  0.00  0.00  0.00  0.00  1.00  0.00  0.00
  228                     1.00   0.00  0.00  0.00  0.00  0.06  0.00  0.94  0.06  0.00
  229                     1.00   0.00  0.00  0.00  0.00  0.00  0.00  1.00  0.00  0.00
  23                      1.00   0.00  0.00  0.00  0.00  0.00  0.00  1.00  0.00  0.00
  230                     1.00   0.00  0.00  0.00  1.00  0.00  0.00  0.00  1.00  0.00
  231                     1.00   0.00  0.00  0.00  0.00  0.00  0.00  1.00  0.00  0.00
  232                     1.00   0.00  0.00  0.00  0.00  0.00  0.00  1.00  0.00  0.00
  233                     1.00   0.00  0.00  0.00  0.00  0.00  0.00  1.00  0.00  0.00
  234                     1.00   0.00  0.00  0.00  0.00  1.00  0.00  0.00  0.00  0.00
  235                     1.00   0.00  0.00  0.00  0.00  0.00  0.00  1.00  0.00  0.00
  236                     2.07   0.00  0.00  0.00  0.00  0.00  0.00  1.00  0.00  0.00
  237                     1.14   0.00  0.00  0.00  0.00  0.00  0.00  1.00  0.00  0.00
  238                     1.00   0.00  0.00  0.00  0.00  0.00  0.00  1.00  0.00  0.00
  239                     1.00   0.00  0.00  0.00  0.00  0.08  0.00  0.92  0.08  0.00
  24                      1.00   0.00  0.00  0.00  0.00  0.00  0.00  1.00  0.00  0.00
  240                     1.00   0.00  0.00  0.00  1.00  0.00  0.00  0.00  1.00  0.00
  241                     1.00   0.00  0.00  0.00  1.00  0.00  0.00  0.00  1.00  0.00
  242                     1.00   0.00  0.00  0.00  0.00  0.67  0.00  0.33  0.67  0.00
  243                     1.00   0.00  0.00  0.00  0.00  1.00  0.00  0.00  1.00  0.00
  244                     1.00   0.00  0.00  0.00  1.00  0.00  0.00  0.00  1.00  0.00
  245                     1.00   0.00  0.00  0.00  0.00  1.00  0.00  0.00  0.00  0.00
  246                     1.00   0.00  0.00  0.00  1.00  0.00  0.00  0.00  1.00  0.00
  247                     1.00   1.00  0.00  0.00  0.00  0.00  0.00  0.00  0.00  0.00
  248                     1.00   0.00  0.00  0.00  1.00  0.00  0.00  0.00  0.00  0.00
  249                     1.35   0.00  0.00  0.00  0.00  1.00  0.00  0.00  1.00  0.00
  25                      1.00   0.00  0.00  0.00  1.00  0.00  0.00  0.00  0.99  0.00
  250                     1.00   0.00  0.00  0.00  0.49  0.03  0.00  0.47  0.53  0.00
  251                     5.29   0.00  0.00  0.00  0.99  0.00  0.00  0.01  0.00  0.00
  252                     1.00   0.00  0.00  0.00  0.99  0.00  0.00  0.01  0.58  0.00
  253                     1.00   0.00  0.00  0.00  1.00  0.00  0.00  0.00  0.46  0.00
  254                     1.00   0.00  0.00  0.00  1.00  0.00  0.00  0.00  0.99  0.00
  255                     9.16   0.00  0.00  0.00  0.00  0.42  0.00  0.58  0.41  0.00
  256                     9.40   0.00  0.00  0.00  0.09  0.91  0.00  0.00  1.00  0.00
  257                     1.00   0.00  0.00  0.00  0.89  0.11  0.00  0.00  0.94  0.00
  258                     1.00   0.00  0.00  0.00  0.09  0.91  0.00  0.00  0.00  0.00
  259                     1.00   0.00  0.00  0.00  0.00  1.00  0.00  0.00  0.00  0.00
  26                      1.47   0.00  0.00  0.00  0.00  0.00  0.00  1.00  0.00  0.00
  260                     1.00   0.00  0.00  0.00  0.00  0.00  0.00  1.00  0.00  0.00
  261                     2.73   0.00  0.00  0.00  0.00  0.00  0.00  1.00  0.00  0.00
  262                     1.00   0.00  0.00  0.00  0.00  0.00  0.00  1.00  0.00  0.00
  263                     1.00   0.00  0.00  0.00  0.00  0.00  0.00  1.00  0.00  0.00
  264                     1.00   0.00  0.00  0.00  1.00  0.00  0.00  0.00  0.00  0.00
  265                     1.00   0.00  0.00  0.00  0.00  0.00  0.00  1.00  0.00  0.00
  266                     1.63   0.00  0.00  0.00  0.00  1.00  0.00  0.00  1.00  0.00
  267                     1.00   0.00  0.00  0.00  0.00  0.00  0.00  1.00  0.00  0.00
  268                     1.00   0.00  0.00  0.00  1.00  0.00  0.00  0.00  1.00  0.00
  269                     1.00   0.00  0.00  0.00  0.86  0.13  0.00  0.01  0.99  0.00
  27                      1.00   0.00  0.00  0.00  0.00  1.00  0.00  0.00  1.00  0.00
  270                     1.41   0.00  0.00  0.00  0.00  0.00  0.00  1.00  0.00  0.00
  271                     1.00   0.00  0.00  0.00  0.00  1.00  0.00  0.00  0.00  0.00
  272                     1.02   0.00  0.00  0.00  0.00  0.49  0.00  0.51  0.47  0.00
  273                     1.00   0.00  0.00  0.00  0.00  0.00  0.00  1.00  0.00  0.00
  274                     1.00   0.00  0.00  0.00  0.00  0.00  0.00  1.00  0.00  0.00
  275                     1.00   0.00  0.00  0.00  0.99  0.00  0.00  0.01  0.32  0.00
  276                     5.89   0.00  0.00  0.00  0.66  0.00  0.34  0.00  0.00  0.00
  277                     7.33   1.00  0.00  0.00  0.00  0.00  0.00  0.00  0.00  0.00
  278                     1.00   0.00  0.00  0.00  0.99  0.00  0.00  0.01  0.00  0.00
  279                     4.80   1.00  0.00  0.00  0.00  0.00  0.00  0.00  0.00  0.00
  28                      1.14   0.00  0.00  0.00  0.00  0.00  0.00  1.00  0.00  0.00
  280                     3.05   0.00  0.00  0.00  0.27  0.72  0.00  0.00  0.18  0.00
  281                     6.86   0.00  0.00  0.00  0.05  0.00  0.00  0.95  0.00  0.00
  282                     1.00   0.00  0.00  0.00  0.17  0.00  0.00  0.83  0.11  0.00
  283                     1.00   0.00  0.00  0.00  0.00  1.00  0.00  0.00  1.00  0.00
  284                     1.00   0.00  0.00  0.00  0.00  0.00  0.00  1.00  0.00  0.00
  285                     1.00   0.00  0.00  0.00  1.00  0.00  0.00  0.00  1.00  0.00
  286                     1.25   0.00  0.00  0.00  0.00  0.00  0.00  1.00  0.00  0.00
  287                     3.26   0.00  0.00  0.00  0.00  1.00  0.00  0.00  0.00  0.00
  288                     1.00   0.00  0.00  0.00  0.00  1.00  0.00  0.00  0.00  0.00
  289                     1.98   0.00  0.00  0.00  0.00  0.00  0.00  1.00  0.00  0.00
  29                      1.00   0.00  0.00  0.00  0.00  0.00  0.00  1.00  0.00  0.00
  290                     1.07   0.00  0.00  0.00  0.00  1.00  0.00  0.00  1.00  0.00
  291                     5.92   0.00  0.00  0.00  0.00  1.00  0.00  0.00  1.00  0.00
  292                     2.33   0.00  0.00  0.00  0.00  0.00  0.00  1.00  0.00  0.00
  293                     1.53   0.00  0.00  0.00  0.26  0.26  0.00  0.48  0.52  0.00
  294                     3.18   0.00  0.00  0.00  0.00  0.00  0.00  1.00  0.00  0.00
  295                     1.11   0.00  0.00  0.00  0.00  0.00  0.00  1.00  0.00  0.00
  296                     2.72   0.00  0.00  0.00  0.00  0.00  0.00  1.00  0.00  0.00
  297                     4.03   0.00  0.00  0.00  0.00  0.00  0.00  1.00  0.00  0.00
  298                     2.90   0.00  0.00  0.00  0.00  0.00  0.00  1.00  0.00  0.00
  299                     1.00   1.00  0.00  0.00  0.00  0.00  0.00  0.00  0.00  0.00
  30                      1.00   0.00  0.00  0.00  0.00  1.00  0.00  0.00  0.00  0.00
  300                     2.36   1.00  0.00  0.00  0.00  0.00  0.00  0.00  0.00  0.00
  301                     2.31   0.00  0.00  0.00  0.00  0.00  0.00  1.00  0.00  0.00
  302                     3.23   0.00  0.00  0.00  0.00  0.00  0.00  1.00  0.00  0.00
  303                     1.12   1.00  0.00  0.00  0.00  0.00  0.00  0.00  0.00  0.00
  304                     1.42   0.00  0.00  0.00  0.00  0.22  0.00  0.78  0.22  0.00
  305                     3.74   0.00  0.00  0.00  1.00  0.00  0.00  0.00  0.00  0.00
  306                     2.02   0.00  0.00  0.00  0.00  0.00  0.00  1.00  0.00  0.00
  307                     1.46   0.00  0.00  0.00  0.00  1.00  0.00  0.00  1.00  0.00
  308                     1.00   0.00  0.00  0.00  0.00  0.00  0.00  1.00  0.00  0.00
  309                     2.13   0.00  0.00  0.00  0.00  0.00  0.00  1.00  0.00  0.00
  31                      1.00   0.00  0.00  0.00  0.00  0.00  0.00  1.00  0.00  0.00
  310                     1.00   0.00  0.00  0.00  0.00  0.00  0.00  1.00  0.00  0.00
  311                     1.00   0.00  0.00  0.00  0.99  0.00  0.00  0.01  0.06  0.00
  312                     1.00   0.00  0.00  0.00  0.34  0.66  0.00  0.00  0.11  0.00
  313                     1.00   0.12  0.00  0.00  0.62  0.26  0.00  0.00  0.82  0.00
  314                     3.44   0.00  0.00  0.00  0.00  0.00  0.00  1.00  0.00  0.00
  315                     1.26   0.00  0.00  0.00  0.53  0.02  0.00  0.45  0.55  0.00
  316                     1.47   0.00  0.00  0.00  0.84  0.16  0.00  0.00  0.18  0.00
  317                     1.00   0.00  0.00  0.00  0.00  1.00  0.00  0.00  0.00  0.00
  318                     1.00   0.01  0.00  0.00  0.16  0.36  0.00  0.48  0.50  0.00
  319                     1.00   0.01  0.00  0.00  0.34  0.66  0.00  0.00  0.30  0.00
  32                      1.00   0.00  0.00  0.00  0.00  1.00  0.00  0.00  1.00  0.00
  320                     1.00   0.12  0.00  0.00  0.00  0.04  0.00  0.84  0.00  0.00
  321                     1.00   0.00  0.00  0.00  0.00  0.00  0.00  1.00  0.00  0.00
  322                     1.00   0.00  0.00  0.00  0.00  0.00  0.00  1.00  0.00  0.00
  323                     1.00   0.00  0.00  0.00  0.00  0.00  0.00  1.00  0.00  0.00
  324                     1.00   0.00  0.00  0.00  0.00  0.00  0.00  1.00  0.00  0.00
  325                     1.00   0.00  0.00  0.00  0.00  0.00  0.00  1.00  0.00  0.00
  326                     1.00   0.00  0.00  0.00  0.04  0.00  0.00  0.96  0.04  0.00
  327                     1.00   0.00  0.00  0.00  1.00  0.00  0.00  0.00  1.00  0.00
  328                     1.00   0.00  0.00  0.00  0.67  0.00  0.00  0.33  0.53  0.00
  329                     1.00   0.00  0.00  0.00  1.00  0.00  0.00  0.00  1.00  0.00
  33                      1.21   0.00  0.00  0.00  0.00  0.00  0.00  1.00  0.00  0.00
  330                     1.00   0.00  0.00  0.00  0.00  0.00  0.00  1.00  0.00  0.00
  331                     5.85   0.00  0.00  0.00  0.07  0.00  0.00  0.93  0.03  0.00
  332                     1.00   0.00  0.00  0.00  0.00  0.00  0.00  1.00  0.00  0.00
  333                     1.00   0.00  0.00  0.00  0.00  0.00  0.00  1.00  0.00  0.00
  334                     1.00   0.00  0.00  0.00  0.00  1.00  0.00  0.00  0.00  0.00
  335                     1.00   0.00  0.00  0.00  0.00  0.00  0.00  1.00  0.00  0.00
  336                     4.34   0.00  0.00  0.00  1.00  0.00  0.00  0.00  1.00  0.00
  337                     1.00   0.00  0.00  0.00  0.00  0.00  0.00  1.00  0.00  0.00
  338                     1.00   0.00  0.00  0.00  1.00  0.00  0.00  0.00  0.00  0.00
  339                     2.52   0.00  0.00  0.00  0.00  0.53  0.00  0.47  0.53  0.00
  34                      1.00   0.00  0.00  0.00  0.00  1.00  0.00  0.00  0.00  0.00
  340                     1.00   0.00  0.00  0.00  1.00  0.00  0.00  0.00  1.00  0.00
  341                     1.00   0.00  0.00  0.00  0.00  1.00  0.00  0.00  1.00  0.00
  342                     1.00   0.00  0.00  0.00  0.72  0.28  0.00  0.00  1.00  0.00
  343                     1.00   0.00  0.00  0.00  0.00  0.00  0.00  1.00  0.00  0.00
  344                     1.00   0.00  0.00  0.00  1.00  0.00  0.00  0.00  1.00  0.00
  345                     1.05   0.00  0.00  0.00  1.00  0.00  0.00  0.00  0.12  0.00
  346                     1.70   0.00  0.00  0.00  0.99  0.00  0.00  0.01  0.13  0.00
  347                     1.05   0.00  0.00  0.00  1.00  0.00  0.00  0.00  0.01  0.00
  348                     1.03   0.12  0.00  0.00  0.00  0.00  0.00  0.88  0.00  0.00
  349                     1.00   0.17  0.78  0.00  0.05  0.00  0.00  0.00  0.63  0.00
  35                      3.05   0.00  0.00  0.00  0.75  0.00  0.00  0.25  0.23  0.00
  350                     1.00   0.01  0.00  0.00  0.48  0.51  0.00  0.00  0.98  0.00
  351                     1.00   0.00  0.00  0.00  0.00  0.00  0.00  1.00  0.00  0.00
  352                     1.00   0.00  0.00  0.00  0.00  0.00  0.00  1.00  0.00  0.00
  353                     1.00   0.00  0.00  0.00  1.00  0.00  0.00  0.00  0.99  0.00
  354                     1.00   0.00  0.00  0.00  1.00  0.00  0.00  0.00  0.99  0.00
  355                     1.00   0.00  0.00  0.00  0.00  0.00  0.00  1.00  0.00  0.00
  356                     1.00   0.00  0.00  0.00  0.00  0.00  0.00  1.00  0.00  0.00
  357                     1.14   0.00  0.00  0.00  0.00  0.00  0.00  1.00  0.00  0.00
  358                     1.00   0.00  0.00  0.00  0.07  0.00  0.00  0.93  0.07  0.00
  359                     1.00   0.00  0.00  0.00  0.00  0.00  0.00  1.00  0.00  0.00
  36                      1.00   0.00  0.00  0.00  0.00  0.00  0.00  1.00  0.00  0.00
  360                     1.00   0.00  0.00  0.00  1.00  0.00  0.00  0.00  1.00  0.00
  361                     1.36   0.00  0.00  0.00  0.99  0.01  0.00  0.01  0.99  0.00
  362                     1.00   0.00  0.00  0.00  0.00  0.00  0.00  1.00  0.00  0.00
  363                     1.00   0.00  0.00  0.00  1.00  0.00  0.00  0.00  1.00  0.00
  364                     1.10   0.00  0.00  0.00  0.00  0.00  0.00  1.00  0.00  0.00
  365                     1.00   0.00  0.00  0.00  0.00  0.00  0.00  1.00  0.00  0.00
  366                     1.00   0.00  0.00  0.00  1.00  0.00  0.00  0.00  1.00  0.00
  367                     1.00   0.00  0.00  0.00  1.00  0.00  0.00  0.00  0.97  0.00
  368                     1.00   0.00  0.00  0.00  0.00  0.00  0.00  1.00  0.00  0.00
  369                     1.00   0.00  0.00  0.00  0.00  0.00  0.00  1.00  0.00  0.00
  37                      1.00   0.00  0.00  0.00  0.00  0.00  0.00  1.00  0.00  0.00
  370                     1.17   0.01  0.00  0.00  0.42  0.00  0.00  0.57  0.42  0.00
  371                     1.00   0.01  0.00  0.00  0.99  0.00  0.00  0.00  0.98  0.00
  372                     1.00   0.00  0.00  0.00  0.00  0.99  0.00  0.00  0.00  0.00
  373                     2.52   0.00  0.00  0.00  1.00  0.00  0.00  0.00  0.00  0.00
  374                     1.00   0.00  0.00  0.00  1.00  0.00  0.00  0.00  0.00  0.00
  375                    11.20   0.00  0.00  0.00  0.00  1.00  0.00  0.00  0.99  0.00
  376                     5.24   0.00  0.00  0.00  0.00  0.00  0.00  1.00  0.00  0.00
  377                     6.07   0.00  0.00  0.00  0.00  1.00  0.00  0.00  0.99  0.00
  378                     1.00   0.01  0.00  0.00  0.23  0.00  0.00  0.76  0.00  0.00
  379                     1.00   0.02  0.00  0.00  0.21  0.77  0.00  0.00  0.02  0.00
  38                      3.49   0.00  0.00  0.00  1.00  0.00  0.00  0.00  1.00  0.00
  380                     3.25   0.17  0.28  0.00  0.54  0.00  0.00  0.00  0.35  0.00
  381                     1.84   0.17  0.00  0.00  0.00  0.00  0.00  0.83  0.00  0.00
  382                     4.58   0.00  0.00  0.00  0.00  0.99  0.00  0.00  0.00  0.00
  39                      1.00   0.00  0.00  0.00  0.00  0.00  0.00  1.00  0.00  0.00
  40                      1.00   0.00  0.00  0.00  1.00  0.00  0.00  0.00  0.95  0.00
  41                      1.00   0.00  0.00  0.00  0.00  0.00  0.00  1.00  0.00  0.00
  42                      1.00   0.00  0.00  0.00  0.00  0.00  0.00  1.00  0.00  0.00
  43                      1.00   0.00  0.00  0.00  0.00  1.00  0.00  0.00  0.08  0.00
  44                      1.00   0.00  0.00  0.00  0.00  0.00  0.00  1.00  0.00  0.00
  45                      3.42   1.00  0.00  0.00  0.00  0.00  0.00  0.00  0.00  0.00
  46                      1.00   0.00  0.00  0.00  0.84  0.00  0.00  0.16  0.83  0.00
  47                      1.00   0.00  0.00  0.00  1.00  0.00  0.00  0.00  1.00  0.00
  48                      1.30   0.00  0.00  0.00  0.00  0.00  0.00  1.00  0.00  0.00
  49                      1.00   0.00  0.00  0.00  0.00  0.00  0.00  1.00  0.00  0.00
  50                      1.00   0.00  0.00  0.00  1.00  0.00  0.00  0.00  0.00  0.00
  51                      1.00   0.00  0.00  0.00  1.00  0.00  0.00  0.00  1.00  0.00
  52                      1.00   0.00  0.00  0.00  1.00  0.00  0.00  0.00  1.00  0.00
  53                      1.00   0.00  0.00  0.00  1.00  0.00  0.00  0.00  1.00  0.00
  54                      1.00   0.00  0.00  0.00  0.00  0.00  0.00  1.00  0.00  0.00
  55                      1.00   0.00  0.00  0.00  0.99  0.00  0.00  0.01  0.99  0.00
  56                      1.00   0.00  0.00  0.00  0.00  0.00  0.00  1.00  0.00  0.00
  57                      1.00   0.00  0.00  0.00  1.00  0.00  0.00  0.00  0.99  0.00
  58                      1.00   0.00  0.00  0.00  0.00  0.00  0.00  1.00  0.00  0.00
  59                      1.00   0.00  0.00  0.00  1.00  0.00  0.00  0.00  1.00  0.00
  6                       1.66   0.00  0.00  0.00  1.00  0.00  0.00  0.00  0.01  0.00
  60                      1.70   0.00  0.00  0.00  0.00  0.00  0.00  1.00  0.00  0.00
  61                      1.47   0.00  0.00  0.00  1.00  0.00  0.00  0.00  1.00  0.00
  62                      1.00   0.00  0.00  0.00  1.00  0.00  0.00  0.00  1.00  0.00
  63                      1.00   0.00  0.00  0.00  0.00  0.00  0.00  1.00  0.00  0.00
  64                      1.00   0.00  0.00  0.00  1.00  0.00  0.00  0.00  1.00  0.00
  65                      1.00   0.00  0.00  0.00  0.00  0.00  0.00  1.00  0.00  0.00
  66                      1.00   0.00  0.00  0.00  0.00  0.00  0.00  1.00  0.00  0.00
  67                      1.00   0.00  0.00  0.00  0.00  0.00  0.00  1.00  0.00  0.00
  68                      1.00   0.00  0.00  0.00  0.00  0.00  0.00  1.00  0.00  0.00
  69                      1.00   0.00  0.00  0.00  0.00  0.00  0.00  1.00  0.00  0.00
  7                       1.00   0.00  0.00  0.00  1.00  0.00  0.00  0.00  0.00  0.00
  70                      1.00   0.00  0.00  0.00  0.00  0.00  0.00  1.00  0.00  0.00
  71                      1.14   0.00  0.00  0.00  0.00  0.00  0.00  1.00  0.00  0.00
  72                      1.00   0.00  0.00  0.00  0.99  0.01  0.00  0.00  0.99  0.00
  73                     10.23   1.00  0.00  0.00  0.00  0.00  0.00  0.00  0.00  0.00
  74                      1.00   0.00  0.00  0.00  0.99  0.00  0.00  0.01  0.96  0.00
  75                      1.00   0.00  0.00  0.00  0.00  0.00  0.00  1.00  0.00  0.00
  76                      1.00   0.00  0.00  0.00  1.00  0.00  0.00  0.00  1.00  0.00
  77                      1.00   0.00  0.00  0.00  0.00  0.00  0.00  1.00  0.00  0.00
  78                      1.00   0.00  0.00  0.00  1.00  0.00  0.00  0.00  1.00  0.00
  79                      1.00   0.00  0.00  0.00  0.00  0.00  0.00  1.00  0.00  0.00
  8                       1.00   0.00  0.00  0.00  1.00  0.00  0.00  0.00  0.00  0.00
  80                      1.00   0.00  0.00  0.00  0.00  0.67  0.00  0.33  0.67  0.00
  81                      1.00   0.00  0.00  0.00  0.00  0.00  0.00  1.00  0.00  0.00
  82                      1.00   0.00  0.00  0.00  0.67  0.00  0.00  0.33  0.01  0.00
  83                      8.33   1.00  0.00  0.00  0.00  0.00  0.00  0.00  0.00  0.00
  84                      1.00   0.00  0.00  0.00  0.00  0.16  0.00  0.83  0.16  0.00
  85                      1.00   0.00  0.00  0.00  0.21  0.79  0.00  0.00  0.09  0.00
  86                      1.00   0.00  0.00  0.00  1.00  0.00  0.00  0.00  1.00  0.00
  87                      1.00   0.00  0.00  0.00  1.00  0.00  0.00  0.00  0.97  0.00
  88                      1.37   0.00  0.00  0.00  1.00  0.00  0.00  0.00  0.96  0.00
  89                      1.00   0.00  0.00  0.00  0.00  0.00  0.00  1.00  0.00  0.00
  9                       1.00   0.00  0.00  0.00  0.00  0.00  0.00  1.00  0.00  0.00
  90                      1.00   0.00  0.00  0.00  0.00  0.00  0.00  1.00  0.00  0.00
  91                      1.00   0.00  0.00  0.00  0.00  1.00  0.00  0.00  1.00  0.00
  92                      1.00   0.00  0.00  0.00  0.00  0.00  0.00  1.00  0.00  0.00
  93                      1.00   0.00  0.00  0.00  1.00  0.00  0.00  0.00  1.00  0.00
  94                      1.19   0.00  0.00  0.00  0.00  1.00  0.00  0.00  1.00  0.00
  95                      1.00   0.00  0.00  0.00  1.00  0.00  0.00  0.00  0.79  0.00
  96                      1.00   0.00  0.00  0.00  0.00  0.00  0.00  1.00  0.00  0.00
  97                      1.00   0.00  0.00  0.00  0.05  0.04  0.00  0.91  0.09  0.00
  98                      1.00   0.00  0.00  0.00  1.00  0.00  0.00  0.00  0.01  0.00
  99                      1.00   0.00  0.00  0.00  1.00  0.00  0.00  0.00  0.95  0.00
  
  
  *************************
  Conduit Surcharge Summary
  *************************
  
  ----------------------------------------------------------------------------
                                                           Hours        Hours 
                         --------- Hours Full --------   Above Full   Capacity
  Conduit                Both Ends  Upstream  Dnstream   Normal Flow   Limited
  ----------------------------------------------------------------------------
  1                           3.75      3.75      6.50      4.03         0.01
  100                         1.63      1.63     10.74      2.08         0.98
  101                         0.01     19.78      0.01     19.77         0.01
  103                        10.74     10.74     15.38      3.19         3.19
  106                         0.01      0.01      3.75      3.11         0.01
  123                         0.01      0.95      0.01      6.91         0.01
  124                         0.95      2.27      0.95     29.77         0.95
  140                         0.01      0.01      0.17      0.01         0.01
  17                          0.01      0.01     27.95      0.01         0.01
  19                          0.01      0.01     27.90      0.01         0.01
  195                         0.01      0.01      0.01     15.98         0.01
  222                         0.01      0.01     10.21      0.01         0.01
  224                         0.01      0.01      0.01     19.82         0.01
  250                         0.01      0.01     10.94      0.01         0.01
  251                        19.59     19.63     19.59     25.81        19.58
  252                        10.28     10.28     19.57      0.01         0.01
  253                        11.61     11.61     17.02      0.01         0.01
  275                        19.82     19.82     19.88     19.90        19.76
  276                        19.52     19.52     19.65     20.06         0.01
  278                        19.81     19.90     19.81     21.60        19.81
  310                         0.01      0.63      0.01      0.98         0.01
  311                        19.69     19.91     19.69     21.65        19.69
  315                         0.01      0.01      0.83      0.01         0.01
  316                         6.48      6.48     15.03      0.01         0.01
  326                         0.01      0.01      0.86      0.01         0.01
  331                         0.93      0.93      1.82      0.01         0.01
  342                         0.01      0.01      0.63      0.01         0.01
  345                        19.59     19.82     19.59     21.46        19.59
  346                        15.03     15.03     29.39      0.01         0.01
  347                         0.01     19.59      0.01     24.90         0.01
  374                        29.78     29.96     29.81      9.06         8.91
  6                           6.28      6.50      6.28     15.53         6.27
  7                           0.01     21.55      0.01     24.83         0.01
  72                          0.01      0.01      0.32      0.01         0.01
  74                          0.32      0.32      1.72      0.01         0.01
  82                          1.68      1.85      1.68      2.60         1.68
  87                          0.01      0.01      1.02      0.01         0.01
  95                          0.97      2.33      0.97      6.60         0.97
  97                          0.01      0.01      0.64      0.01         0.01
  98                          1.49      1.52      1.63      2.68         1.34
  99                          1.02      1.02      1.71      0.01         0.01
  
  
  ***************
  Pumping Summary
  ***************
  
  ---------------------------------------------------------------------------------------------------------
                                                  Min       Avg       Max     Total     Power    % Time Off
                        Percent   Number of      Flow      Flow      Flow    Volume     Usage    Pump Curve
  Pump                 Utilized   Start-Ups       LPS       LPS       LPS  10^6 ltr     Kw-hr    Low   High
  ---------------------------------------------------------------------------------------------------------
  PUMP-11                 30.15           3      0.00     11.94     19.00     0.392      3.98    0.0    0.0
  

  Analysis begun on:  Tue Aug  5 13:01:36 2025
  Analysis ended on:  Tue Aug  5 13:01:56 2025
  Total elapsed time: 00:00:20